timestamp,temperature_2m,relative_humidity_2m,apparent_temperature,precipitation,rain,weather_code,wind_speed_10m,wind_direction_10m,wind_gusts_10m,surface_pressure
2026-07-06T00:00,18.4,84,18.7,0.0,0.0,2,11.0,255,23.0,1020.5
2026-07-06T01:00,17.6,86,17.8,0.0,0.0,2,10.7,240,20.9,1020.0
2026-07-06T02:00,16.8,88,16.8,0.0,0.0,2,11.1,224,21.6,1019.8
2026-07-06T03:00,16.6,88,16.4,0.0,0.0,2,11.5,220,21.6,1019.1
2026-07-06T04:00,16.4,89,16.1,0.0,0.0,3,11.8,227,22.0,1018.7
2026-07-06T05:00,16.3,90,16.1,0.0,0.0,2,11.9,236,22.7,1018.4
2026-07-06T06:00,16.4,91,16.2,0.0,0.0,3,11.9,239,22.3,1018.2
2026-07-06T07:00,17.1,89,17.1,0.0,0.0,3,12.0,240,24.1,1018.0
2026-07-06T08:00,17.9,85,18.3,0.0,0.0,2,10.1,241,24.5,1018.2
2026-07-06T09:00,19.3,81,19.9,0.0,0.0,1,10.1,239,24.1,1017.9
2026-07-06T10:00,21.2,74,21.8,0.0,0.0,1,10.9,239,26.6,1017.9
2026-07-06T11:00,23.4,63,24.2,0.0,0.0,1,11.5,241,28.8,1017.9
2026-07-06T12:00,25.4,53,26.3,0.0,0.0,1,13.2,250,32.0,1017.6
2026-07-06T13:00,26.9,47,27.7,0.0,0.0,1,14.6,254,34.6,1017.4
2026-07-06T14:00,28.9,35,28.9,0.0,0.0,2,16.1,257,37.8,1017.1
2026-07-06T15:00,29.2,35,28.9,0.0,0.0,2,17.2,257,41.0,1016.6
2026-07-06T16:00,29.2,35,28.4,0.0,0.0,3,18.3,257,42.5,1016.5
2026-07-06T17:00,28.8,34,27.2,0.0,0.0,3,18.4,256,42.8,1016.2
2026-07-06T18:00,28.3,33,25.7,0.0,0.0,3,18.4,255,42.5,1015.8
2026-07-06T19:00,27.7,34,25.2,0.0,0.0,1,18.1,251,40.7,1015.2
2026-07-06T20:00,27.2,32,24.2,0.0,0.0,0,18.6,252,40.3,1014.9
2026-07-06T21:00,25.4,36,22.7,0.0,0.0,0,17.2,247,38.2,1014.5
2026-07-06T22:00,23.6,39,20.9,0.0,0.0,2,16.0,247,33.8,1014.4
2026-07-06T23:00,22.5,38,19.6,0.0,0.0,2,15.6,251,30.6,1014.3
2026-07-07T00:00,21.7,38,18.6,0.0,0.0,3,15.5,250,29.5,1014.4
2026-07-07T01:00,21.2,39,18.2,0.0,0.0,2,14.6,249,29.5,1014.0
2026-07-07T02:00,19.6,46,16.9,0.0,0.0,2,14.2,250,27.4,1013.9
2026-07-07T03:00,18.9,48,16.3,0.0,0.0,3,13.8,250,25.9,1013.7
2026-07-07T04:00,18.7,50,16.2,0.0,0.0,3,13.6,248,25.9,1013.2
2026-07-07T05:00,19.0,51,16.6,0.0,0.0,3,13.9,249,26.3,1013.1
2026-07-07T06:00,18.8,53,16.6,0.0,0.0,3,13.7,251,26.3,1013.1
2026-07-07T07:00,18.7,57,16.6,0.0,0.0,3,14.1,247,26.3,1013.1
2026-07-07T08:00,19.6,59,18.5,0.0,0.0,3,10.3,245,26.6,1013.4
2026-07-07T09:00,21.3,58,20.4,0.0,0.0,3,11.5,253,26.3,1013.5
2026-07-07T10:00,22.8,55,22.0,0.0,0.0,3,12.5,258,29.9,1013.8
2026-07-07T11:00,24.5,48,23.4,0.0,0.0,3,14.3,256,33.5,1013.6
2026-07-07T12:00,26.0,44,25.3,0.0,0.0,3,15.9,260,37.4,1013.6
2026-07-07T13:00,27.2,40,26.8,0.0,0.0,3,17.2,265,40.7,1013.7
2026-07-07T14:00,28.7,33,27.8,0.0,0.0,2,18.1,265,42.8,1013.7
2026-07-07T15:00,28.8,32,27.5,0.0,0.0,2,20.0,269,45.7,1013.6
2026-07-07T16:00,28.9,32,27.5,0.0,0.0,1,19.2,276,46.1,1013.7
2026-07-07T17:00,28.7,33,27.2,0.0,0.0,2,17.7,282,44.3,1013.8
2026-07-07T18:00,28.3,35,26.7,0.0,0.0,2,15.4,281,40.7,1013.7
2026-07-07T19:00,27.7,38,26.3,0.0,0.0,3,14.5,276,36.0,1013.5
2026-07-07T20:00,27.0,41,25.8,0.0,0.0,2,13.2,276,33.1,1013.8
2026-07-07T21:00,25.5,47,24.7,0.0,0.0,2,12.6,273,29.5,1014.0
2026-07-07T22:00,23.9,53,23.4,0.0,0.0,1,11.5,256,26.6,1014.2
2026-07-07T23:00,22.8,57,22.3,0.0,0.0,0,11.8,245,22.0,1014.5
2026-07-08T00:00,21.8,61,21.7,0.0,0.0,0,8.8,259,22.7,1014.6
2026-07-08T01:00,20.8,66,21.1,0.0,0.0,1,6.8,307,15.8,1014.9
2026-07-08T02:00,19.2,74,20.1,0.0,0.0,1,3.8,281,11.9,1015.2
2026-07-08T03:00,18.5,79,19.6,0.0,0.0,1,3.8,273,7.2,1015.2
2026-07-08T04:00,18.1,84,19.5,0.0,0.0,1,2.0,260,6.8,1015.1
2026-07-08T05:00,17.7,87,19.2,0.0,0.0,2,1.6,297,3.6,1015.4
2026-07-08T06:00,17.3,88,18.9,0.0,0.0,0,1.1,270,2.9,1015.6
2026-07-08T07:00,17.9,86,19.3,0.0,0.0,0,2.3,274,6.5,1016.0
2026-07-08T08:00,19.7,78,21.4,0.0,0.0,0,1.1,351,8.6,1016.5
2026-07-08T09:00,22.1,66,23.4,0.0,0.0,0,3.3,61,12.6,1016.8
2026-07-08T10:00,23.8,56,24.4,0.0,0.0,0,5.4,82,18.0,1017.1
2026-07-08T11:00,25.1,52,26.3,0.0,0.0,0,4.0,82,18.4,1017.1
2026-07-08T12:00,26.3,48,28.6,0.0,0.0,0,2.8,50,17.3,1017.1
2026-07-08T13:00,27.8,45,30.4,0.0,0.0,0,4.2,342,18.0,1017.1
2026-07-08T14:00,29.4,42,31.1,0.0,0.0,2,11.0,325,29.9,1016.9
2026-07-08T15:00,28.6,45,29.3,0.0,0.0,1,13.5,317,35.3,1016.8
2026-07-08T16:00,29.6,42,30.7,0.0,0.0,0,9.9,305,34.2,1016.6
2026-07-08T17:00,30.4,39,30.9,0.0,0.0,1,12.0,338,30.6,1016.3
2026-07-08T18:00,28.7,48,28.8,0.0,0.0,0,15.7,351,37.4,1016.7
2026-07-08T19:00,27.8,49,27.8,0.0,0.0,0,14.3,350,37.1,1016.6
2026-07-08T20:00,27.0,51,27.0,0.0,0.0,0,13.2,358,33.5,1016.8
2026-07-08T21:00,25.9,53,26.2,0.0,0.0,0,10.8,11,28.8,1016.6
2026-07-08T22:00,24.6,57,24.7,0.0,0.0,0,11.1,32,23.4,1017.0
2026-07-08T23:00,23.4,61,23.7,0.0,0.0,0,10.1,47,22.3,1017.4
2026-07-09T00:00,22.5,65,23.1,0.0,0.0,0,8.8,49,19.4,1017.4
2026-07-09T01:00,21.7,69,22.5,0.0,0.0,0,7.6,52,16.2,1017.2
2026-07-09T02:00,20.1,75,21.3,0.0,0.0,0,4.4,63,14.0,1017.0
2026-07-09T03:00,19.5,78,20.6,0.0,0.0,0,4.8,48,9.0,1016.9
2026-07-09T04:00,19.0,80,20.0,0.0,0.0,0,5.8,51,10.8,1016.8
2026-07-09T05:00,18.4,82,19.3,0.0,0.0,0,6.1,60,11.5,1016.7
2026-07-09T06:00,17.9,83,18.7,0.0,0.0,0,5.6,68,11.5,1016.7
2026-07-09T07:00,18.2,80,18.9,0.0,0.0,0,5.7,77,13.3,1016.9
2026-07-09T08:00,19.7,75,20.6,0.0,0.0,0,5.6,88,15.5,1017.0
2026-07-09T09:00,21.7,65,22.4,0.0,0.0,0,5.8,97,17.6,1016.9
2026-07-09T10:00,23.4,58,24.1,0.0,0.0,0,5.6,92,19.1,1017.0
2026-07-09T11:00,25.0,52,26.1,0.0,0.0,0,5.2,76,19.8,1016.8
2026-07-09T12:00,26.5,48,28.2,0.0,0.0,0,5.9,55,21.6,1016.6
2026-07-09T13:00,27.7,44,29.7,0.0,0.0,0,7.4,43,24.5,1016.4
2026-07-09T14:00,28.9,40,30.7,0.0,0.0,0,9.2,50,26.6,1016.0
2026-07-09T15:00,29.5,39,31.1,0.0,0.0,0,9.8,47,28.4,1015.4
2026-07-09T16:00,29.8,38,31.1,0.0,0.0,0,9.8,44,28.8,1015.2
2026-07-09T17:00,30.0,37,30.9,0.0,0.0,1,9.3,44,28.1,1014.9
2026-07-09T18:00,29.9,38,30.0,0.0,0.0,0,9.8,47,27.0,1014.6
2026-07-09T19:00,29.5,39,29.3,0.0,0.0,0,10.3,52,26.6,1014.3
2026-07-09T20:00,28.7,42,28.5,0.0,0.0,0,11.5,60,26.3,1014.1
2026-07-09T21:00,27.3,47,27.3,0.0,0.0,0,12.0,66,27.0,1013.9
2026-07-09T22:00,26.2,52,26.5,0.0,0.0,0,10.5,70,25.9,1014.1
2026-07-09T23:00,25.2,56,25.6,0.0,0.0,0,10.2,62,20.5,1014.4
2026-07-10T00:00,24.2,57,24.3,0.0,0.0,1,10.9,57,20.9,1014.5
2026-07-10T01:00,23.2,58,23.1,0.0,0.0,2,11.0,65,20.9,1014.4
2026-07-10T02:00,21.3,66,21.3,0.0,0.0,3,10.1,78,20.9,1014.5
2026-07-10T03:00,20.5,68,20.4,0.0,0.0,3,10.4,73,19.4,1014.4
2026-07-10T04:00,19.8,70,19.6,0.0,0.0,3,10.7,70,19.8,1014.2
2026-07-10T05:00,19.2,72,18.9,0.0,0.0,3,10.9,68,20.5,1014.2
2026-07-10T06:00,18.8,73,18.5,0.0,0.0,3,10.8,66,20.5,1014.2
2026-07-10T07:00,19.1,72,18.9,0.0,0.0,3,10.2,66,20.9,1014.4
2026-07-10T08:00,20.1,69,20.2,0.0,0.0,3,8.9,63,19.8,1014.8
2026-07-10T09:00,21.7,63,21.4,0.0,0.0,3,11.3,70,25.9,1014.8
2026-07-10T10:00,23.2,58,22.8,0.0,0.0,3,12.0,66,28.4,1014.8
2026-07-10T11:00,24.6,53,24.2,0.0,0.0,3,12.6,62,30.2,1014.8
2026-07-10T12:00,26.0,48,25.6,0.0,0.0,3,13.2,61,32.4,1014.8
2026-07-10T13:00,27.2,45,26.9,0.0,0.0,3,13.0,63,32.4,1014.7
2026-07-10T14:00,27.9,43,27.6,0.0,0.0,3,12.7,67,32.4,1014.6
2026-07-10T15:00,28.7,40,27.8,0.0,0.0,3,13.8,64,33.1,1014.1
2026-07-10T16:00,29.1,38,28.1,0.0,0.0,3,14.2,64,33.5,1014.1
2026-07-10T17:00,29.4,36,28.1,0.0,0.0,3,15.0,64,34.2,1013.9
2026-07-10T18:00,29.7,34,28.1,0.0,0.0,3,15.5,63,34.6,1013.7
2026-07-10T19:00,29.2,34,27.4,0.0,0.0,3,15.8,63,34.6,1013.4
2026-07-10T20:00,28.6,35,26.9,0.0,0.0,3,15.2,59,33.5,1013.5
2026-07-10T21:00,27.9,38,26.5,0.0,0.0,3,14.3,55,31.3,1013.6
2026-07-10T22:00,26.8,42,25.7,0.0,0.0,3,14.2,51,28.1,1014.0
2026-07-10T23:00,25.7,47,24.6,0.0,0.0,3,14.6,51,28.4,1014.6
2026-07-11T00:00,24.6,52,23.7,0.0,0.0,3,14.7,57,28.8,1015.2
2026-07-11T01:00,23.7,56,23.2,0.0,0.0,3,13.6,61,28.8,1015.6
2026-07-11T02:00,22.0,66,21.8,0.0,0.0,3,13.0,55,26.3,1015.6
2026-07-11T03:00,21.3,69,21.2,0.0,0.0,3,12.5,54,24.8,1015.8
2026-07-11T04:00,20.6,71,20.5,0.0,0.0,3,12.6,54,24.1,1015.9
2026-07-11T05:00,20.0,75,19.9,0.0,0.0,3,12.3,52,24.1,1015.9
2026-07-11T06:00,19.3,79,19.3,0.0,0.0,0,12.5,50,23.8,1016.0
2026-07-11T07:00,19.4,79,19.5,0.0,0.0,0,12.2,52,24.1,1016.1
2026-07-11T08:00,20.8,74,21.2,0.0,0.0,0,11.1,51,24.8,1016.4
2026-07-11T09:00,22.4,67,22.7,0.0,0.0,0,12.1,62,28.1,1016.6
2026-07-11T10:00,24.4,59,24.5,0.0,0.0,0,13.0,59,31.3,1016.8
2026-07-11T11:00,26.3,49,26.1,0.0,0.0,0,15.5,59,36.4,1016.7
2026-07-11T12:00,27.8,43,27.8,0.0,0.0,1,16.0,61,38.9,1016.7
2026-07-11T13:00,29.0,38,29.4,0.0,0.0,0,14.6,61,38.5,1016.8
2026-07-11T14:00,30.1,37,31.1,0.0,0.0,1,13.6,56,36.4,1016.9
2026-07-11T15:00,30.7,34,31.4,0.0,0.0,1,13.7,55,35.3,1016.6
2026-07-11T16:00,31.0,33,31.3,0.0,0.0,0,14.1,52,35.3,1016.4
2026-07-11T17:00,31.2,33,31.0,0.0,0.0,0,14.4,53,35.6,1016.2
2026-07-11T18:00,31.1,34,30.2,0.0,0.0,0,15.0,44,35.6,1015.9
2026-07-11T19:00,29.9,41,29.3,0.0,0.0,0,16.2,29,36.7,1015.8
2026-07-11T20:00,27.7,53,27.7,0.0,0.0,0,17.9,15,37.4,1016.4
2026-07-11T21:00,25.1,63,25.3,0.0,0.0,0,16.8,6,38.5,1016.6
2026-07-11T22:00,23.5,69,24.0,0.0,0.0,0,14.8,5,34.9,1017.1
2026-07-11T23:00,23.0,71,23.5,0.0,0.0,0,14.8,16,29.9,1017.6
2026-07-12T00:00,22.8,72,23.3,0.0,0.0,0,15.2,26,30.2,1017.8
2026-07-12T01:00,22.6,73,23.1,0.0,0.0,0,14.6,32,29.5,1018.0
2026-07-12T02:00,21.4,80,22.0,0.0,0.0,0,14.9,34,28.1,1018.2
2026-07-12T03:00,21.2,80,21.7,0.0,0.0,0,14.9,38,29.2,1018.1
2026-07-12T04:00,20.7,81,21.3,0.0,0.0,0,14.0,41,28.4,1018.2
2026-07-12T05:00,20.2,82,20.7,0.0,0.0,0,13.5,42,26.6,1018.3
2026-07-12T06:00,19.8,84,20.3,0.0,0.0,0,13.0,44,25.6,1018.4
2026-07-12T07:00,20.2,80,20.6,0.0,0.0,0,12.9,48,24.5,1018.7
2026-07-12T08:00,21.5,75,22.2,0.0,0.0,0,11.1,44,24.8,1019.3
2026-07-12T09:00,23.2,63,23.3,0.0,0.0,0,13.0,53,29.5,1019.4
2026-07-12T10:00,25.1,54,24.9,0.0,0.0,0,13.0,59,31.3,1019.6
2026-07-12T11:00,27.1,45,26.9,0.0,0.0,0,13.4,63,32.8,1019.6
2026-07-12T12:00,28.9,39,28.9,0.0,0.0,0,14.6,63,35.3,1019.5
2026-07-12T13:00,30.2,33,29.8,0.0,0.0,0,16.7,68,39.6,1019.5
2026-07-12T14:00,31.2,31,31.0,0.0,0.0,0,16.9,65,41.4,1019.4
2026-07-12T15:00,31.3,31,31.0,0.0,0.0,0,17.5,61,41.8,1019.2
2026-07-12T16:00,31.5,31,31.0,0.0,0.0,1,17.3,59,41.8,1018.9
2026-07-12T17:00,31.7,30,30.6,0.0,0.0,1,17.6,61,41.0,1018.5
2026-07-12T18:00,31.5,31,29.8,0.0,0.0,0,18.1,59,41.0,1018.2
2026-07-12T19:00,30.9,34,29.2,0.0,0.0,0,19.0,53,41.8,1017.9
2026-07-12T20:00,29.5,38,27.7,0.0,0.0,0,20.2,41,42.8,1018.0
2026-07-12T21:00,27.3,47,26.1,0.0,0.0,0,20.0,30,43.9,1018.1
2026-07-12T22:00,25.4,52,24.1,0.0,0.0,0,20.5,29,41.8,1018.5
2026-07-12T23:00,24.1,52,22.1,0.0,0.0,0,21.6,36,43.6,1018.9
2026-07-13T00:00,23.1,50,20.6,0.0,0.0,0,21.3,42,44.3,1019.1
2026-07-13T01:00,22.1,51,19.7,0.0,0.0,0,19.1,46,42.5,1019.4
2026-07-13T02:00,20.6,55,18.3,0.0,0.0,0,18.3,43,37.8,1019.4
2026-07-13T03:00,19.8,56,17.5,0.0,0.0,1,17.3,47,36.7,1019.1
2026-07-13T04:00,18.8,61,16.6,0.0,0.0,0,17.1,43,35.3,1018.8
2026-07-13T05:00,17.9,66,15.9,0.0,0.0,0,17.1,43,35.3,1018.6
2026-07-13T06:00,17.2,70,15.4,0.0,0.0,1,15.8,46,34.6,1018.7
2026-07-13T07:00,17.2,71,15.6,0.0,0.0,3,14.8,43,31.3,1018.7
2026-07-13T08:00,18.0,70,16.6,0.0,0.0,3,15.0,47,33.1,1018.6
2026-07-13T09:00,19.4,65,17.9,0.0,0.0,3,15.2,44,33.8,1018.4
2026-07-13T10:00,20.8,60,19.4,0.0,0.0,3,15.6,40,35.6,1018.1
2026-07-13T11:00,22.4,56,21.1,0.0,0.0,3,15.3,42,36.0,1017.8
2026-07-13T12:00,24.4,50,23.4,0.0,0.0,3,14.8,43,35.6,1017.7
2026-07-13T13:00,26.2,46,25.7,0.0,0.0,3,14.7,41,35.6,1017.2
2026-07-13T14:00,28.2,43,28.1,0.0,0.0,3,15.6,39,37.4,1016.6
2026-07-13T15:00,29.0,41,29.0,0.0,0.0,3,17.4,37,41.0,1015.7
2026-07-13T16:00,29.5,40,29.3,0.0,0.0,3,16.4,36,41.0,1015.6
2026-07-13T17:00,29.4,42,28.6,0.0,0.0,3,16.8,29,38.9,1015.4
2026-07-13T18:00,28.5,47,27.7,0.0,0.0,3,19.5,24,43.2,1015.1
2026-07-13T19:00,27.3,52,26.7,0.0,0.0,3,19.7,21,43.6,1014.8
2026-07-13T20:00,25.7,56,25.3,0.0,0.0,3,17.8,23,42.5,1015.1
2026-07-13T21:00,24.4,58,24.0,0.0,0.0,3,15.3,12,37.1,1015.1
2026-07-13T22:00,22.9,62,22.5,0.0,0.0,2,14.0,7,31.7,1015.7
2026-07-13T23:00,21.4,66,20.6,0.0,0.0,1,16.0,8,32.4,1016.0
2026-07-14T00:00,20.0,72,19.3,0.0,0.0,0,16.1,6,33.5,1016.1
2026-07-14T01:00,19.4,76,19.0,0.0,0.0,1,14.1,10,31.7,1016.1
2026-07-14T02:00,18.4,87,18.8,0.0,0.0,0,12.0,9,27.0,1016.3
2026-07-14T03:00,18.3,89,18.8,0.0,0.0,0,11.3,10,23.0,1016.0
2026-07-14T04:00,17.9,92,18.6,0.0,0.0,0,11.2,5,21.6,1015.8
2026-07-14T05:00,17.6,95,18.3,0.0,0.0,0,11.4,5,22.0,1015.6
2026-07-14T06:00,17.4,96,18.2,0.0,0.0,0,10.3,5,22.0,1015.5
2026-07-14T07:00,18.1,92,18.8,0.0,0.0,0,11.3,7,23.0,1015.5
2026-07-14T08:00,19.6,86,20.5,0.0,0.0,1,11.0,15,23.4,1015.9
2026-07-14T09:00,21.5,77,22.8,0.0,0.0,1,9.0,6,24.1,1016.0
2026-07-14T10:00,23.4,70,24.7,0.0,0.0,0,10.1,359,25.9,1016.2
2026-07-14T11:00,25.3,64,26.6,0.0,0.0,0,12.5,6,31.3,1015.9
2026-07-14T12:00,27.4,56,29.3,0.0,0.0,0,12.5,4,32.4,1015.7
2026-07-14T13:00,29.3,47,31.4,0.0,0.0,1,11.9,6,32.4,1015.5
2026-07-14T14:00,30.5,40,32.3,0.0,0.0,1,10.9,17,31.7,1015.4
2026-07-14T15:00,31.4,35,32.7,0.0,0.0,0,9.9,25,29.5,1014.9
2026-07-14T16:00,31.6,33,32.2,0.0,0.0,0,10.5,27,28.8,1014.9
2026-07-14T17:00,31.7,31,31.5,0.0,0.0,0,11.5,27,30.2,1014.8
2026-07-14T18:00,31.8,30,31.0,0.0,0.0,0,10.2,34,29.9,1014.7
2026-07-14T19:00,31.4,30,30.1,0.0,0.0,1,11.8,46,28.1,1014.7
2026-07-14T20:00,30.5,32,28.8,0.0,0.0,0,15.0,52,33.1,1014.9
2026-07-14T21:00,29.4,32,27.5,0.0,0.0,0,15.2,47,32.4,1015.1
2026-07-14T22:00,27.9,34,25.7,0.0,0.0,0,15.7,40,31.0,1015.8
2026-07-14T23:00,26.7,36,24.4,0.0,0.0,0,16.7,44,32.8,1016.6
2026-07-15T00:00,25.6,40,23.5,0.0,0.0,0,16.8,48,33.1,1017.0
2026-07-15T01:00,24.5,45,22.8,0.0,0.0,0,15.7,46,32.8,1017.2
2026-07-15T02:00,23.0,54,21.9,0.0,0.0,0,14.3,48,30.6,1017.6
2026-07-15T03:00,22.2,58,21.4,0.0,0.0,0,13.0,47,27.4,1017.6
2026-07-15T04:00,21.3,62,20.7,0.0,0.0,0,12.5,43,24.5,1017.5
2026-07-15T05:00,20.6,67,20.1,0.0,0.0,0,12.4,40,23.8,1017.4
2026-07-15T06:00,19.9,71,19.5,0.0,0.0,0,12.0,39,23.4,1017.6
2026-07-15T07:00,20.1,71,19.8,0.0,0.0,0,12.4,39,23.8,1017.9
2026-07-15T08:00,21.1,70,21.2,0.0,0.0,1,12.2,33,26.6,1018.3
2026-07-15T09:00,22.5,65,22.5,0.0,0.0,0,12.2,44,28.8,1018.3
2026-07-15T10:00,24.3,56,24.4,0.0,0.0,0,11.2,44,28.4,1018.6
2026-07-15T11:00,26.1,48,25.8,0.0,0.0,0,14.3,41,33.8,1018.5
2026-07-15T12:00,27.6,38,26.7,0.0,0.0,0,17.3,51,40.3,1018.3
2026-07-15T13:00,28.4,35,27.4,0.0,0.0,0,17.5,54,41.8,1017.9
2026-07-15T14:00,29.1,34,28.4,0.0,0.0,1,16.2,51,41.4,1017.7
2026-07-15T15:00,29.6,32,29.0,0.0,0.0,1,15.5,51,39.2,1017.1
2026-07-15T16:00,29.8,30,28.7,0.0,0.0,0,14.9,53,38.2,1016.9
2026-07-15T17:00,30.2,29,28.7,0.0,0.0,0,14.5,52,36.4,1016.6
2026-07-15T18:00,30.0,30,28.2,0.0,0.0,0,14.2,41,35.3,1016.5
2026-07-15T19:00,29.2,31,27.0,0.0,0.0,0,15.5,29,34.9,1016.1
2026-07-15T20:00,28.4,31,25.9,0.0,0.0,0,16.6,32,35.6,1016.3
2026-07-15T21:00,27.3,32,25.0,0.0,0.0,0,13.3,27,35.3,1016.5
2026-07-15T22:00,25.2,42,24.0,0.0,0.0,0,11.5,9,27.0,1017.3
2026-07-15T23:00,23.8,50,22.8,0.0,0.0,0,12.1,11,23.0,1017.8
2026-07-16T00:00,23.1,49,21.8,0.0,0.0,0,12.4,24,23.4,1017.7
2026-07-16T01:00,22.7,45,21.0,0.0,0.0,0,11.6,32,23.0,1017.7
2026-07-16T02:00,21.2,54,19.7,0.0,0.0,0,13.6,39,23.4,1017.6
2026-07-16T03:00,21.0,52,19.3,0.0,0.0,0,13.1,48,25.6,1017.5
2026-07-16T04:00,20.4,55,18.7,0.0,0.0,0,13.0,44,24.5,1017.2
2026-07-16T05:00,19.8,58,18.3,0.0,0.0,0,12.6,44,24.5,1016.9
2026-07-16T06:00,19.2,61,18.0,0.0,0.0,0,11.6,43,23.4,1016.8
2026-07-16T07:00,19.4,62,18.3,0.0,0.0,0,11.8,40,22.3,1016.8
2026-07-16T08:00,20.5,62,19.9,0.0,0.0,0,9.8,38,22.3,1016.9
2026-07-16T09:00,22.2,56,21.6,0.0,0.0,0,10.1,44,24.1,1017.0
2026-07-16T10:00,24.1,50,23.6,0.0,0.0,0,10.1,44,25.9,1017.1
2026-07-16T11:00,26.1,44,25.6,0.0,0.0,0,12.0,40,29.9,1017.0
2026-07-16T12:00,27.5,38,27.0,0.0,0.0,1,14.3,37,35.6,1016.4
2026-07-16T13:00,28.5,34,28.4,0.0,0.0,2,13.0,33,35.6,1015.8
2026-07-16T14:00,29.0,32,28.8,0.0,0.0,3,14.5,17,33.5,1015.3
2026-07-16T15:00,28.8,33,28.4,0.0,0.0,3,15.1,8,37.8,1014.7
2026-07-16T16:00,28.2,35,27.3,0.0,0.0,1,16.9,2,40.7,1014.4
2026-07-16T17:00,27.6,35,26.1,0.0,0.0,1,17.9,357,42.1,1014.1
2026-07-16T18:00,26.5,40,24.8,0.0,0.0,1,17.3,355,42.1,1013.9
2026-07-16T19:00,25.3,44,23.9,0.0,0.0,0,14.7,354,40.3,1013.6
2026-07-16T20:00,24.2,50,22.8,0.0,0.0,0,16.0,359,33.8,1013.4
2026-07-16T21:00,22.6,58,21.7,0.0,0.0,0,14.5,354,34.6,1013.4
2026-07-16T22:00,21.1,69,20.8,0.0,0.0,0,13.8,346,31.0,1013.7
2026-07-16T23:00,19.9,79,20.1,0.0,0.0,0,13.0,346,27.4,1013.4
2026-07-17T00:00,18.8,86,19.4,0.0,0.0,0,10.9,347,26.6,1013.3
2026-07-17T01:00,18.3,90,19.4,0.0,0.0,0,7.9,340,21.2,1013.3
2026-07-17T02:00,17.4,93,18.5,0.0,0.0,1,7.4,1,14.0,1012.9
2026-07-17T03:00,17.7,90,18.3,0.0,0.0,0,10.1,10,18.4,1012.4
2026-07-17T04:00,17.8,83,18.0,0.0,0.0,1,9.6,12,18.7,1012.2
2026-07-17T05:00,17.1,84,17.5,0.0,0.0,0,7.0,360,17.6,1012.5
2026-07-17T06:00,16.6,87,16.9,0.0,0.0,3,7.9,4,14.0,1012.6
2026-07-17T07:00,17.1,87,17.4,0.0,0.0,1,9.4,2,18.7,1012.5
2026-07-17T08:00,18.8,85,19.2,0.0,0.0,3,11.6,8,19.4,1012.7
2026-07-17T09:00,20.1,77,20.5,0.0,0.0,1,11.2,6,26.6,1012.8
2026-07-17T10:00,21.4,69,21.7,0.0,0.0,1,10.1,356,26.6,1013.0
2026-07-17T11:00,22.7,61,22.9,0.0,0.0,1,10.5,353,28.1,1013.0
2026-07-17T12:00,24.1,52,24.8,0.0,0.0,0,10.6,357,29.2,1013.1
2026-07-17T13:00,25.2,47,25.8,0.0,0.0,0,11.8,354,31.3,1012.8
2026-07-17T14:00,25.5,45,25.6,0.0,0.0,1,13.7,343,33.5,1013.4
2026-07-17T15:00,25.4,45,25.4,0.0,0.0,1,14.6,341,36.7,1013.1
2026-07-17T16:00,25.1,47,24.8,0.0,0.0,1,15.1,343,38.2,1013.0
2026-07-17T17:00,25.1,45,24.5,0.0,0.0,0,14.0,344,37.4,1013.2
2026-07-17T18:00,24.7,43,23.4,0.0,0.0,0,12.6,343,34.9,1013.2
2026-07-17T19:00,23.8,46,22.3,0.0,0.0,0,12.9,342,31.7,1013.2
2026-07-17T20:00,22.6,49,21.1,0.0,0.0,0,12.8,343,31.0,1013.3
2026-07-17T21:00,21.2,55,20.2,0.0,0.0,0,10.7,343,28.8,1013.7
2026-07-17T22:00,19.9,63,19.2,0.0,0.0,0,10.3,344,23.8,1014.8
2026-07-17T23:00,18.7,70,18.2,0.0,0.0,0,10.7,337,22.0,1015.4
2026-07-18T00:00,17.8,76,17.6,0.0,0.0,0,8.9,339,22.0,1015.6
2026-07-18T01:00,17.0,81,17.1,0.0,0.0,0,7.7,344,18.0,1015.6
2026-07-18T02:00,16.0,87,16.2,0.0,0.0,0,6.3,342,14.4,1015.5
2026-07-18T03:00,15.7,88,16.1,0.0,0.0,0,5.9,348,11.9,1015.2
2026-07-18T04:00,15.5,90,16.0,0.0,0.0,0,5.1,343,10.8,1015.0
2026-07-18T05:00,15.3,91,15.7,0.0,0.0,0,5.4,345,9.7,1015.0
2026-07-18T06:00,14.9,93,15.7,0.0,0.0,0,2.7,318,9.7,1015.3
2026-07-18T07:00,15.5,91,16.3,0.0,0.0,0,3.5,255,8.3,1015.4
2026-07-18T08:00,16.7,85,17.6,0.0,0.0,2,2.9,281,11.9,1015.6
2026-07-18T09:00,18.4,75,18.6,0.0,0.0,3,6.9,330,18.4,1015.7
2026-07-18T10:00,19.0,71,18.8,0.0,0.0,3,8.7,323,22.0,1015.7
2026-07-18T11:00,19.1,71,19.0,0.0,0.0,3,8.9,318,22.3,1015.9
2026-07-18T12:00,19.9,67,19.7,0.0,0.0,3,9.2,318,23.4,1015.8
2026-07-18T13:00,20.4,64,19.9,0.0,0.0,3,10.7,318,26.6,1015.8
2026-07-18T14:00,20.5,59,19.2,0.1,0.1,51,12.6,324,31.3,1015.9
2026-07-18T15:00,20.4,58,18.8,0.0,0.0,3,14.3,333,33.5,1015.9
2026-07-18T16:00,19.9,57,18.0,0.0,0.0,3,15.4,339,35.3,1016.0
2026-07-18T17:00,20.7,52,18.6,0.0,0.0,2,15.7,342,37.4,1016.2
2026-07-18T18:00,20.2,53,17.6,0.0,0.0,3,18.3,345,41.0,1016.1
2026-07-18T19:00,19.1,54,16.3,0.0,0.0,3,18.8,353,41.4,1015.8
2026-07-18T20:00,18.1,64,15.6,0.0,0.0,3,19.4,350,43.9,1016.4
2026-07-18T21:00,17.5,66,15.3,0.0,0.0,1,17.3,350,40.3,1016.5
2026-07-18T22:00,16.6,70,14.8,0.0,0.0,0,14.0,352,36.7,1017.0
2026-07-18T23:00,16.1,71,14.6,0.0,0.0,0,11.4,349,27.4,1017.4
2026-07-19T00:00,15.5,73,14.2,0.0,0.0,0,10.2,346,22.3,1017.5
2026-07-19T01:00,15.1,75,13.7,0.0,0.0,1,11.1,347,21.6,1017.9
2026-07-19T02:00,14.2,83,13.2,0.0,0.0,0,9.5,341,21.6,1017.8
2026-07-19T03:00,14.0,85,13.3,0.0,0.0,1,7.9,343,17.6,1018.0
2026-07-19T04:00,13.7,87,13.1,0.0,0.0,1,7.3,335,14.4,1018.1
2026-07-19T05:00,13.5,88,12.9,0.0,0.0,0,6.5,321,13.3,1018.3
2026-07-19T06:00,13.3,89,12.8,0.0,0.0,0,6.4,308,11.9,1018.4
2026-07-19T07:00,13.8,87,13.2,0.0,0.0,2,7.7,295,13.3,1018.7
2026-07-19T08:00,15.1,81,14.8,0.0,0.0,1,6.6,286,17.6,1019.0
2026-07-19T09:00,16.8,68,15.2,0.0,0.0,1,12.2,327,28.1,1019.1
2026-07-19T10:00,17.7,62,15.9,0.0,0.0,1,12.6,331,30.2,1019.5
2026-07-19T11:00,18.8,54,16.8,0.0,0.0,3,12.6,336,31.0,1019.8
2026-07-19T12:00,18.6,52,16.2,0.0,0.0,3,12.9,337,31.3,1020.2
2026-07-19T13:00,19.7,46,17.4,0.0,0.0,1,11.6,332,30.6,1020.2
2026-07-19T14:00,20.8,46,19.1,0.0,0.0,1,13.4,332,32.0,1020.4
2026-07-19T15:00,20.9,44,19.1,0.0,0.0,3,15.1,332,36.4,1020.3
2026-07-19T16:00,20.2,49,17.4,0.0,0.0,1,17.2,335,39.2,1020.6
2026-07-19T17:00,20.4,47,17.7,0.0,0.0,2,17.8,342,41.0,1020.8
2026-07-19T18:00,19.9,47,16.6,0.0,0.0,3,19.6,347,43.2,1021.0
2026-07-19T19:00,18.6,50,15.3,0.0,0.0,0,18.8,351,43.9,1021.1
2026-07-19T20:00,18.3,48,15.0,0.0,0.0,0,17.0,355,40.7,1021.2
2026-07-19T21:00,17.3,51,14.4,0.0,0.0,0,15.1,357,36.0,1021.4
2026-07-19T22:00,16.3,58,14.0,0.0,0.0,0,11.7,357,31.3,1021.9
2026-07-19T23:00,15.4,65,13.7,0.0,0.0,0,9.5,360,22.7,1022.3
2026-07-20T00:00,14.7,71,13.2,0.0,0.0,0,9.1,353,18.4,1022.4
2026-07-20T01:00,14.2,75,12.9,0.0,0.0,0,8.3,349,17.6,1022.5
2026-07-20T02:00,13.2,78,12.0,0.0,0.0,1,6.7,346,15.1,1022.6
2026-07-20T03:00,13.2,80,12.3,0.0,0.0,1,5.5,333,11.9,1022.3
2026-07-20T04:00,13.1,82,12.2,0.0,0.0,1,5.9,325,10.4,1022.2
2026-07-20T05:00,12.9,84,12.0,0.0,0.0,1,6.3,329,10.8,1022.1
2026-07-20T06:00,12.9,84,11.9,0.0,0.0,2,7.4,334,13.0,1022.3
2026-07-20T07:00,13.8,81,12.8,0.0,0.0,3,8.3,340,14.8,1022.5
2026-07-20T08:00,15.0,78,14.5,0.0,0.0,1,5.6,327,15.5,1022.6
2026-07-20T09:00,16.9,66,15.5,0.0,0.0,2,10.6,360,23.4,1022.8
2026-07-20T10:00,18.2,56,16.3,0.0,0.0,2,11.5,359,27.4,1022.8
2026-07-20T11:00,19.4,48,17.1,0.0,0.0,3,12.6,358,30.6,1022.8
2026-07-20T12:00,20.0,44,17.4,0.0,0.0,3,13.4,353,31.7,1022.8
2026-07-20T13:00,21.0,39,18.4,0.0,0.0,2,15.7,357,37.1,1022.8
2026-07-20T14:00,21.0,41,17.7,0.0,0.0,3,17.8,2,43.9,1022.9
2026-07-20T15:00,20.6,46,17.5,0.0,0.0,2,18.0,7,42.5,1022.9
2026-07-20T16:00,21.2,44,18.3,0.0,0.0,3,18.3,7,41.4,1022.8
2026-07-20T17:00,20.9,44,18.0,0.0,0.0,1,17.1,11,41.8,1023.0
2026-07-20T18:00,20.9,43,17.8,0.0,0.0,1,17.1,7,38.9,1022.9
2026-07-20T19:00,20.2,44,17.2,0.0,0.0,2,16.0,11,38.9,1022.6
2026-07-20T20:00,19.4,47,16.7,0.0,0.0,3,14.5,14,35.3,1022.8
2026-07-20T21:00,18.3,51,15.6,0.0,0.0,3,14.5,12,31.3,1022.9
2026-07-20T22:00,17.2,56,14.9,0.0,0.0,0,12.2,13,29.5,1023.4
2026-07-20T23:00,16.2,62,14.1,0.0,0.0,0,11.8,17,24.1,1023.9
2026-07-21T00:00,15.4,67,13.7,0.0,0.0,0,10.3,19,22.7,1024.0
2026-07-21T01:00,14.8,71,13.2,0.0,0.0,0,9.6,26,19.4,1023.9
2026-07-21T02:00,13.2,76,11.8,0.0,0.0,0,8.1,13,18.0,1023.9
2026-07-21T03:00,12.8,79,11.5,0.0,0.0,0,7.7,18,14.8,1023.9
2026-07-21T04:00,12.5,81,11.2,0.0,0.0,0,7.3,17,14.0,1023.8
2026-07-21T05:00,12.1,83,10.9,0.0,0.0,0,7.3,16,13.0,1023.9
2026-07-21T06:00,11.9,85,10.6,0.0,0.0,0,7.3,20,13.0,1024.1
2026-07-21T07:00,12.5,83,11.3,0.0,0.0,0,7.5,15,13.3,1024.3
2026-07-21T08:00,14.1,78,13.5,0.0,0.0,0,4.6,11,13.3,1024.8
2026-07-21T09:00,16.3,68,15.5,0.0,0.0,0,5.5,46,15.5,1024.9
2026-07-21T10:00,17.8,59,16.1,0.0,0.0,3,11.1,23,27.0,1024.9
2026-07-21T11:00,18.7,54,16.8,0.0,0.0,2,11.4,15,28.4,1024.9
2026-07-21T12:00,19.9,50,18.1,0.0,0.0,3,10.5,8,28.1,1024.7
2026-07-21T13:00,20.4,49,18.6,0.0,0.0,3,10.8,356,27.7,1024.6
2026-07-21T14:00,22.2,43,20.4,0.0,0.0,2,10.8,355,28.8,1024.3
2026-07-21T15:00,22.3,43,20.5,0.0,0.0,2,11.8,347,30.6,1024.1
2026-07-21T16:00,23.4,39,22.2,0.0,0.0,2,11.9,342,31.3,1023.8
2026-07-21T17:00,23.3,40,21.4,0.0,0.0,2,13.9,346,34.2,1023.7
2026-07-21T18:00,22.1,46,19.5,0.0,0.0,3,17.0,343,37.8,1024.0
2026-07-21T19:00,20.3,57,18.1,0.0,0.0,1,17.6,345,42.1,1024.2
2026-07-21T20:00,19.6,59,17.8,0.0,0.0,1,15.4,344,38.9,1024.3
2026-07-21T21:00,18.4,63,16.7,0.0,0.0,0,13.8,347,34.6,1024.2
2026-07-21T22:00,17.6,67,16.2,0.0,0.0,0,12.6,343,29.2,1024.4
2026-07-21T23:00,16.7,73,15.7,0.0,0.0,0,10.8,345,25.6,1024.7
2026-07-22T00:00,16.1,77,15.4,0.0,0.0,0,9.5,346,20.9,1024.5
2026-07-22T01:00,15.6,81,15.2,0.0,0.0,0,7.8,337,17.6,1024.4
2026-07-22T02:00,15.6,78,15.2,0.0,0.0,3,6.8,331,14.4,1024.3
2026-07-22T03:00,15.5,80,15.0,0.0,0.0,2,7.2,323,14.0,1024.0
2026-07-22T04:00,14.7,85,14.2,0.0,0.0,0,8.0,324,14.4,1023.7
2026-07-22T05:00,13.9,90,13.5,0.0,0.0,0,7.9,325,14.8,1023.5
2026-07-22T06:00,13.7,91,13.3,0.0,0.0,3,7.5,323,14.0,1023.3
2026-07-22T07:00,14.8,84,14.3,0.0,0.0,3,8.0,318,14.4,1023.2
2026-07-22T08:00,16.0,80,15.8,0.0,0.0,3,6.8,318,18.4,1023.0
2026-07-22T09:00,17.5,70,16.5,0.1,0.1,51,11.0,350,25.6,1022.8
2026-07-22T10:00,18.8,61,17.5,0.0,0.0,3,11.1,353,27.0,1023.0
2026-07-22T11:00,19.3,57,17.7,0.0,0.0,3,12.1,358,28.8,1023.0
2026-07-22T12:00,20.1,55,18.3,0.0,0.0,3,13.7,351,32.0,1023.0
2026-07-22T13:00,20.6,54,18.9,0.0,0.0,3,13.7,350,32.4,1022.9
2026-07-22T14:00,21.3,54,19.6,0.0,0.0,3,15.0,354,37.1,1022.9
2026-07-22T15:00,21.6,52,19.6,0.0,0.0,3,16.0,358,37.4,1022.6
2026-07-22T16:00,21.7,51,19.9,0.0,0.0,3,14.6,356,37.1,1022.6
2026-07-22T17:00,21.8,50,19.9,0.0,0.0,3,15.2,350,35.3,1022.4
2026-07-22T18:00,21.8,50,19.9,0.0,0.0,2,14.8,354,35.6,1021.9
2026-07-22T19:00,21.4,51,19.6,0.0,0.0,2,14.0,359,34.6,1021.4
2026-07-22T20:00,20.5,54,18.5,0.0,0.0,0,15.5,359,32.8,1021.8
2026-07-22T21:00,19.1,62,17.9,0.0,0.0,0,11.7,5,33.5,1021.7
2026-07-22T22:00,18.0,68,17.0,0.0,0.0,0,11.0,358,25.2,1021.9
2026-07-22T23:00,17.1,74,16.4,0.0,0.0,1,10.3,356,21.6,1022.0
2026-07-23T00:00,16.5,79,16.2,0.0,0.0,2,8.4,349,20.2,1021.8
2026-07-23T01:00,15.6,85,15.5,0.0,0.0,0,7.2,341,16.9,1021.8
2026-07-23T02:00,14.5,86,14.2,0.0,0.0,0,7.2,335,13.0,1021.6
2026-07-23T03:00,14.1,89,13.9,0.0,0.0,0,6.5,337,13.0,1021.3
2026-07-23T04:00,13.6,91,13.3,0.0,0.0,0,6.1,328,11.5,1021.1
2026-07-23T05:00,13.3,90,13.0,0.0,0.0,0,5.8,300,10.8,1021.0
2026-07-23T06:00,12.9,91,12.4,0.0,0.0,2,6.2,292,10.8,1020.9
2026-07-23T07:00,14.1,84,13.5,0.0,0.0,3,6.9,298,13.0,1021.1
2026-07-23T08:00,15.4,79,15.1,0.0,0.0,1,6.0,273,13.3,1021.1
2026-07-23T09:00,17.7,68,17.0,0.0,0.0,3,8.4,325,20.5,1021.1
2026-07-23T10:00,19.1,62,17.7,0.1,0.1,51,13.1,344,31.0,1020.9
2026-07-23T11:00,19.3,65,17.9,0.2,0.2,51,15.0,342,34.2,1020.9
2026-07-23T12:00,20.1,62,18.7,0.2,0.2,51,15.4,349,35.6,1020.9
2026-07-23T13:00,21.0,57,19.5,0.1,0.1,51,15.0,350,35.6,1020.9
2026-07-23T14:00,21.9,54,20.2,0.1,0.1,51,16.2,358,35.6,1021.0
2026-07-23T15:00,22.1,51,20.2,0.1,0.1,51,16.6,357,38.5,1020.8
2026-07-23T16:00,22.7,48,21.0,0.0,0.0,3,16.2,360,39.2,1020.6
2026-07-23T17:00,22.6,49,20.7,0.0,0.0,3,15.3,1,38.2,1020.5
2026-07-23T18:00,22.4,48,20.5,0.0,0.0,3,15.1,359,36.0,1020.1
2026-07-23T19:00,22.0,50,20.3,0.0,0.0,2,13.9,2,34.9,1019.6
2026-07-23T20:00,21.2,53,20.1,0.0,0.0,1,10.7,22,31.7,1019.5
2026-07-23T21:00,20.3,57,19.5,0.0,0.0,0,9.1,30,23.8,1019.5
2026-07-23T22:00,18.9,64,18.6,0.0,0.0,0,6.5,30,18.7,1019.6
2026-07-23T23:00,18.1,68,17.8,0.0,0.0,0,6.9,47,12.2,1019.8
2026-07-24T00:00,17.4,72,17.2,0.0,0.0,0,6.2,52,13.0,1020.0
2026-07-24T01:00,16.7,77,16.9,0.0,0.0,0,4.2,70,11.2,1020.0
2026-07-24T02:00,15.3,83,15.6,0.0,0.0,0,2.7,94,7.2,1019.7
2026-07-24T03:00,15.1,83,15.1,0.0,0.0,0,4.5,106,7.9,1019.4
2026-07-24T04:00,14.5,86,14.3,0.0,0.0,0,5.1,126,9.0,1019.0
2026-07-24T05:00,13.9,88,13.7,0.0,0.0,0,5.3,152,9.4,1018.8
2026-07-24T06:00,13.5,90,13.2,0.0,0.0,0,5.9,157,10.4,1018.6
2026-07-24T07:00,13.9,87,13.5,0.0,0.0,1,6.7,160,11.5,1018.5
2026-07-24T08:00,15.6,81,15.4,0.0,0.0,3,5.9,153,14.0,1018.5
2026-07-24T09:00,17.9,70,17.6,0.0,0.0,3,7.2,155,18.4,1018.2
2026-07-24T10:00,19.8,60,19.3,0.0,0.0,3,7.3,169,20.2,1017.9
2026-07-24T11:00,21.7,54,21.3,0.0,0.0,3,6.9,194,21.2,1017.3
2026-07-24T12:00,23.1,50,23.4,0.0,0.0,3,6.2,216,21.2,1017.0
2026-07-24T13:00,24.5,46,25.5,0.0,0.0,3,5.8,240,20.9,1016.5
2026-07-24T14:00,26.2,40,26.6,0.0,0.0,3,6.3,307,21.6,1015.3
2026-07-24T15:00,26.1,39,25.3,0.0,0.0,3,7.2,321,21.6,1014.4
2026-07-24T16:00,26.8,37,26.3,0.0,0.0,3,6.9,317,22.7,1013.7
2026-07-24T17:00,26.6,38,26.1,0.0,0.0,3,6.0,303,21.6,1013.3
2026-07-24T18:00,25.9,41,25.2,0.0,0.0,3,8.2,302,21.2,1012.7
2026-07-24T19:00,25.3,45,24.7,0.0,0.0,3,10.0,309,23.8,1012.3
2026-07-24T20:00,25.1,48,24.4,0.0,0.0,3,11.8,321,25.2,1011.7
2026-07-24T21:00,23.9,54,23.3,0.0,0.0,3,12.6,327,26.6,1011.4
2026-07-24T22:00,22.7,59,22.4,0.0,0.0,3,10.8,345,25.9,1011.3
2026-07-24T23:00,22.1,60,22.2,0.0,0.0,3,7.6,15,19.8,1011.3
2026-07-25T00:00,21.1,64,21.9,0.0,0.0,3,3.3,13,13.7,1010.9
2026-07-25T01:00,20.1,70,20.4,0.0,0.0,3,7.5,325,13.0,1010.9
2026-07-25T02:00,17.4,83,18.4,0.0,0.0,1,3.5,321,15.8,1010.6
2026-07-25T03:00,16.9,86,18.0,0.0,0.0,0,2.6,282,6.1,1010.2
2026-07-25T04:00,16.3,89,17.4,0.0,0.0,0,2.5,240,5.4,1009.7
2026-07-25T05:00,15.9,91,16.6,0.0,0.0,0,5.0,229,9.0,1009.2
2026-07-25T06:00,15.5,91,16.0,0.0,0.0,0,5.5,221,9.4,1008.8
2026-07-25T07:00,16.3,85,16.4,0.0,0.0,0,7.1,221,11.5,1008.3
2026-07-25T08:00,17.8,75,17.8,0.0,0.0,0,6.8,243,14.0,1008.2
2026-07-25T09:00,20.6,60,20.5,0.0,0.0,0,6.5,238,17.6,1008.1
2026-07-25T10:00,22.9,51,22.2,0.0,0.0,0,9.7,254,24.8,1007.9
2026-07-25T11:00,24.6,48,24.2,0.0,0.0,1,10.3,255,27.4,1007.6
2026-07-25T12:00,26.0,45,26.4,0.0,0.0,2,9.8,263,28.1,1007.3
2026-07-25T13:00,27.2,40,27.7,0.0,0.0,0,8.8,274,27.4,1006.9
2026-07-25T14:00,28.2,37,28.4,0.0,0.0,3,11.3,283,32.0,1006.5
2026-07-25T15:00,27.8,37,26.5,0.0,0.0,3,12.3,273,31.0,1006.0
2026-07-25T16:00,27.6,38,26.2,0.0,0.0,2,13.6,258,32.4,1005.8
2026-07-25T17:00,28.0,38,26.5,0.0,0.0,2,15.1,253,35.3,1005.6
2026-07-25T18:00,27.6,38,25.7,0.0,0.0,0,16.5,263,37.4,1005.2
2026-07-25T19:00,26.6,39,24.3,0.0,0.0,0,18.8,264,41.8,1005.1
2026-07-25T20:00,25.0,43,22.7,0.0,0.0,2,18.8,253,42.1,1005.3
2026-07-25T21:00,23.5,46,21.4,0.0,0.0,2,16.7,245,39.2,1005.3
2026-07-25T22:00,21.6,51,19.2,0.0,0.0,2,18.4,251,37.1,1005.4
2026-07-25T23:00,19.8,65,18.4,0.0,0.0,1,15.7,243,37.1,1005.6
2026-07-26T00:00,19.0,73,18.0,0.0,0.0,0,15.6,241,31.3,1005.4
2026-07-26T01:00,18.8,76,18.0,0.0,0.0,1,15.1,239,30.6,1004.9
2026-07-26T02:00,18.0,80,17.3,0.0,0.0,0,14.4,244,29.5,1004.8
2026-07-26T03:00,17.8,79,17.0,0.0,0.0,0,14.8,246,28.4,1004.7
2026-07-26T04:00,17.5,81,16.8,0.0,0.0,0,14.4,241,28.4,1004.3
2026-07-26T05:00,17.2,84,16.5,0.0,0.0,0,14.2,232,27.7,1003.9
2026-07-26T06:00,17.0,87,16.4,0.0,0.0,0,15.3,232,29.5,1003.8
2026-07-26T07:00,17.7,85,17.1,0.0,0.0,3,15.6,235,31.0,1003.9
2026-07-26T08:00,18.3,82,17.6,0.0,0.0,3,16.7,241,33.5,1004.0
2026-07-26T09:00,18.9,79,17.6,0.3,0.3,51,20.7,251,42.1,1004.1
2026-07-26T10:00,20.1,71,18.5,0.0,0.0,2,21.5,247,44.3,1004.0
2026-07-26T11:00,21.6,64,19.6,0.1,0.1,51,23.5,250,50.4,1003.9
2026-07-26T12:00,21.7,64,19.8,0.3,0.3,51,23.8,243,51.5,1003.9
2026-07-26T13:00,23.0,63,21.0,0.3,0.3,51,26.7,242,54.0,1003.3
2026-07-26T14:00,21.1,78,20.3,0.8,0.8,53,22.3,238,61.2,1003.8
2026-07-26T15:00,22.9,70,21.6,0.3,0.3,51,25.6,244,57.2,1003.5
2026-07-26T16:00,24.0,61,22.2,0.1,0.1,51,26.9,247,56.5,1003.4
2026-07-26T17:00,24.1,58,21.9,0.1,0.1,51,29.0,251,61.6,1003.7
2026-07-26T18:00,23.7,60,21.4,0.0,0.0,1,27.5,251,60.8,1003.8
2026-07-26T19:00,22.8,62,20.6,0.0,0.0,1,26.4,256,57.6,1004.4
2026-07-26T20:00,21.5,65,19.6,0.0,0.0,0,23.1,256,54.7,1005.2
2026-07-26T21:00,20.4,67,18.5,0.0,0.0,2,21.3,254,46.8,1005.6
2026-07-26T22:00,19.5,70,18.1,0.0,0.0,2,18.4,252,42.1,1006.1
2026-07-26T23:00,19.1,71,18.0,0.0,0.0,0,16.3,257,36.4,1006.7
2026-07-27T00:00,18.5,76,17.8,0.0,0.0,2,13.7,265,32.0,1007.4
2026-07-27T01:00,18.3,79,18.3,0.0,0.0,3,9.7,267,25.9,1007.9
2026-07-27T02:00,18.2,81,18.3,0.0,0.0,3,9.9,267,18.4,1008.7
2026-07-27T03:00,18.5,78,18.9,0.0,0.0,3,7.8,293,18.4,1009.4
2026-07-27T04:00,18.8,70,18.3,0.0,0.0,3,9.6,304,17.6,1010.1
2026-07-27T05:00,18.6,67,17.9,0.0,0.0,3,9.6,304,19.4,1010.6
2026-07-27T06:00,17.8,70,17.1,0.0,0.0,1,9.4,296,18.7,1011.2
2026-07-27T07:00,17.1,74,16.3,0.0,0.0,1,9.9,285,18.4,1012.1
2026-07-27T08:00,18.0,72,17.4,0.0,0.0,1,10.1,299,20.2,1013.1
2026-07-27T09:00,18.8,67,17.6,0.1,0.1,51,13.7,300,29.9,1013.7
2026-07-27T10:00,19.4,64,18.1,0.1,0.1,51,14.3,295,32.8,1014.4
2026-07-27T11:00,21.0,54,19.3,0.0,0.0,3,14.5,284,33.1,1014.8
2026-07-27T12:00,20.9,52,18.8,0.0,0.0,3,15.3,283,34.6,1015.5
2026-07-27T13:00,21.8,48,19.7,0.0,0.0,3,14.8,280,34.6,1016.0
2026-07-27T14:00,22.9,45,20.8,0.0,0.0,3,14.8,275,34.2,1016.4
2026-07-27T15:00,23.5,42,21.3,0.0,0.0,3,15.2,280,35.6,1016.4
2026-07-27T16:00,24.1,40,22.0,0.0,0.0,2,14.3,284,35.3,1016.4
2026-07-27T17:00,24.4,39,22.4,0.0,0.0,1,13.8,284,34.2,1016.6
2026-07-27T18:00,24.3,39,22.3,0.0,0.0,1,12.3,284,32.8,1016.7
2026-07-27T19:00,24.1,39,22.1,0.0,0.0,0,11.4,286,29.2,1016.7
2026-07-27T20:00,23.5,40,21.8,0.0,0.0,0,9.9,295,26.3,1017.1
2026-07-27T21:00,22.1,48,20.6,0.0,0.0,0,11.2,298,22.7,1017.3
2026-07-27T22:00,20.1,58,19.0,0.0,0.0,0,10.4,270,22.7,1018.0
2026-07-27T23:00,18.8,65,18.1,0.0,0.0,0,9.2,259,19.8,1018.4
2026-07-28T00:00,18.0,69,17.6,0.0,0.0,0,7.6,266,16.9,1018.7
2026-07-28T01:00,17.3,74,17.2,0.0,0.0,0,6.1,251,13.3,1018.8
2026-07-28T02:00,16.0,80,15.8,0.0,0.0,0,6.7,239,14.4,1019.3
2026-07-28T03:00,15.8,82,15.5,0.0,0.0,0,7.9,221,14.4,1019.1
2026-07-28T04:00,15.5,84,15.2,0.0,0.0,0,7.4,212,14.8,1019.2
2026-07-28T05:00,15.2,86,15.0,0.0,0.0,0,7.0,184,13.3,1018.9
2026-07-28T06:00,14.9,87,14.6,0.0,0.0,0,7.6,180,13.7,1018.5
2026-07-28T07:00,15.0,87,14.7,0.0,0.0,0,8.3,179,15.5,1018.5
2026-07-28T08:00,16.5,82,16.5,0.0,0.0,0,7.2,176,15.5,1018.8
2026-07-28T09:00,19.1,70,19.2,0.0,0.0,0,6.8,182,17.3,1018.9
2026-07-28T10:00,21.7,55,20.9,0.0,0.0,0,9.4,185,23.8,1019.0
2026-07-28T11:00,23.5,48,22.9,0.0,0.0,0,9.1,187,24.8,1019.1
2026-07-28T12:00,25.1,42,25.2,0.0,0.0,1,8.5,185,24.8,1018.9
2026-07-28T13:00,26.4,39,27.0,0.0,0.0,2,8.3,182,24.8,1018.6
2026-07-28T14:00,28.0,36,29.2,0.0,0.0,0,6.7,180,25.2,1018.2
2026-07-28T15:00,28.9,34,30.0,0.0,0.0,0,6.7,172,22.7,1017.6
2026-07-28T16:00,29.6,33,30.5,0.0,0.0,0,6.3,180,22.7,1017.3
2026-07-28T17:00,30.0,32,30.5,0.0,0.0,1,5.4,201,21.6,1016.8
2026-07-28T18:00,30.0,32,30.0,0.0,0.0,0,3.5,201,19.4,1016.3
2026-07-28T19:00,29.8,33,29.8,0.0,0.0,0,3.3,171,15.5,1015.7
2026-07-28T20:00,29.6,30,29.0,0.0,0.0,0,4.5,173,14.8,1015.3
2026-07-28T21:00,28.6,35,28.4,0.0,0.0,2,4.7,157,12.6,1015.1
2026-07-28T22:00,26.8,42,27.2,0.0,0.0,2,3.2,161,8.6,1015.4
2026-07-28T23:00,25.4,46,26.2,0.0,0.0,0,0.7,256,5.4,1015.6
2026-07-29T00:00,21.7,60,21.6,0.0,0.0,0,8.3,349,14.8,1015.7
2026-07-29T00:15,21.3,61,21.3,0.0,0.0,,7.9,355,14.0,
2026-07-29T00:30,21.2,63,21.3,0.0,0.0,,7.9,1,14.0,
2026-07-29T00:45,21.1,64,21.2,0.0,0.0,,8.3,7,14.0,
2026-07-29T01:00,21.0,65,21.1,0.0,0.0,0,8.3,13,13.7,1015.7
2026-07-29T01:15,20.8,65,20.9,0.0,0.0,,7.9,17,13.3,
2026-07-29T01:30,20.6,65,20.6,0.0,0.0,,7.9,21,13.0,
2026-07-29T01:45,20.4,65,20.4,0.0,0.0,,7.6,24,12.6,
2026-07-29T02:00,20.2,64,20.2,0.0,0.0,0,7.2,28,12.2,1015.3
2026-07-29T02:15,20.1,63,20.0,0.0,0.0,,6.8,40,11.5,
2026-07-29T02:30,20.0,61,19.8,0.0,0.0,,6.5,52,10.8,
2026-07-29T02:45,20.0,59,19.6,0.0,0.0,,6.1,64,9.7,
2026-07-29T03:00,19.9,58,19.5,0.0,0.0,0,6.1,76,9.4,1014.8
2026-07-29T03:15,19.9,59,19.5,0.0,0.0,,6.1,79,9.4,
2026-07-29T03:30,19.8,61,19.5,0.0,0.0,,6.5,83,9.4,
2026-07-29T03:45,19.8,63,19.6,0.0,0.0,,6.8,86,9.7,
2026-07-29T04:00,19.7,65,19.5,0.0,0.0,0,7.2,89,10.1,1014.4
2026-07-29T04:15,19.5,67,19.5,0.0,0.0,,7.2,93,10.1,
2026-07-29T04:30,19.4,70,19.5,0.0,0.0,,7.2,98,10.1,
2026-07-29T04:45,19.2,73,19.5,0.0,0.0,,6.8,102,10.1,
2026-07-29T05:00,19.0,74,19.4,0.0,0.0,0,6.8,106,10.1,1014.2
2026-07-29T05:15,18.8,74,19.2,0.0,0.0,,6.8,108,10.1,
2026-07-29T05:30,18.6,73,18.8,0.0,0.0,,6.8,110,9.7,
2026-07-29T05:45,18.5,72,18.5,0.0,0.0,,7.2,111,9.7,
2026-07-29T06:00,18.4,71,18.3,0.0,0.0,0,7.2,113,9.7,1013.7
2026-07-29T06:15,18.4,71,18.2,0.0,0.0,,7.6,115,10.1,
2026-07-29T06:30,18.4,72,18.2,0.0,0.0,,7.9,116,10.8,
2026-07-29T06:45,18.5,72,18.4,0.0,0.0,,7.9,118,11.5,
2026-07-29T07:00,18.8,71,18.8,0.0,0.0,2,7.9,119,11.9,1013.6
2026-07-29T07:15,19.3,69,19.4,0.0,0.0,,7.2,127,11.5,
2026-07-29T07:30,20.0,65,20.1,0.0,0.0,,6.5,136,10.8,
2026-07-29T07:45,20.8,61,20.9,0.0,0.0,,5.4,144,10.1,
2026-07-29T08:00,21.5,58,21.7,0.0,0.0,0,5.0,152,9.7,1013.8
2026-07-29T08:15,22.3,55,22.4,0.0,0.0,,5.4,144,10.4,
2026-07-29T08:30,23.1,52,23.1,0.0,0.0,,5.8,136,11.5,
2026-07-29T08:45,23.9,49,23.7,0.0,0.0,,6.8,128,13.0,
2026-07-29T09:00,24.6,47,24.4,0.0,0.0,0,7.2,120,14.0,1013.7
2026-07-29T09:15,25.3,45,24.9,0.0,0.0,,7.6,124,14.8,
2026-07-29T09:30,25.8,43,25.4,0.0,0.0,,7.6,128,15.5,
2026-07-29T09:45,26.4,41,26.0,0.0,0.0,,7.6,131,16.2,
2026-07-29T10:00,27.1,39,26.6,0.0,0.0,0,7.6,135,16.6,1013.7
2026-07-29T10:15,27.9,37,27.4,0.0,0.0,,7.2,142,16.9,
2026-07-29T10:30,28.7,35,28.4,0.0,0.0,,6.8,150,16.9,
2026-07-29T10:45,29.5,34,29.6,0.0,0.0,,6.1,157,16.9,
2026-07-29T11:00,30.3,32,30.2,0.0,0.0,0,5.8,164,16.9,1013.5
2026-07-29T11:15,30.9,31,31.4,0.0,0.0,,5.4,169,16.9,
2026-07-29T11:30,31.4,30,32.1,0.0,0.0,,4.7,174,16.6,
2026-07-29T11:45,31.9,29,32.8,0.0,0.0,,4.3,179,16.6,
2026-07-29T12:00,32.3,28,33.2,0.0,0.0,0,4.0,184,16.6,1013.1
2026-07-29T12:15,32.6,27,33.8,0.0,0.0,,4.0,178,16.9,
2026-07-29T12:30,33.0,26,34.3,0.0,0.0,,3.6,171,17.3,
2026-07-29T12:45,33.3,25,34.5,0.0,0.0,,4.0,165,18.0,
2026-07-29T13:00,33.6,24,34.6,0.0,0.0,0,4.3,158,19.1,1013.1
2026-07-29T13:15,33.9,24,35.1,0.0,0.0,,5.0,160,20.5,
2026-07-29T13:30,34.3,23,35.2,0.0,0.0,,6.5,162,22.0,
2026-07-29T13:45,34.6,23,35.4,0.0,0.0,,7.6,163,23.8,
2026-07-29T14:00,35.0,23,35.7,0.0,0.0,0,8.6,165,24.8,1012.5
2026-07-29T14:15,35.3,23,36.0,0.0,0.0,,9.0,175,25.6,
2026-07-29T14:30,35.6,22,36.1,0.0,0.0,,9.4,185,25.9,
2026-07-29T14:45,35.9,21,36.1,0.0,0.0,,9.7,194,25.9,
2026-07-29T15:00,36.1,21,36.5,0.0,0.0,0,9.7,204,26.3,1012.0
2026-07-29T15:15,36.3,21,36.4,0.0,0.0,,10.1,206,26.6,
2026-07-29T15:30,36.4,20,36.3,0.0,0.0,,10.1,207,27.0,
2026-07-29T15:45,36.4,20,36.2,0.0,0.0,,10.4,209,27.0,
2026-07-29T16:00,36.5,20,36.3,0.0,0.0,0,10.4,210,27.4,1011.9
2026-07-29T16:15,36.6,20,36.0,0.0,0.0,,10.8,212,27.7,
2026-07-29T16:30,36.6,20,35.9,0.0,0.0,,11.2,214,28.1,
2026-07-29T16:45,36.7,19,35.6,0.0,0.0,,11.2,215,28.4,
2026-07-29T17:00,36.8,19,35.8,0.0,0.0,0,11.2,217,28.4,1011.9
2026-07-29T17:15,36.8,19,35.4,0.0,0.0,,10.8,220,27.7,
2026-07-29T17:30,36.9,18,35.3,0.0,0.0,,10.1,224,26.6,
2026-07-29T17:45,36.9,17,35.0,0.0,0.0,,9.4,227,25.6,
2026-07-29T18:00,36.9,17,35.1,0.0,0.0,0,9.0,230,24.8,1011.5
2026-07-29T18:15,36.8,17,34.9,0.0,0.0,,9.0,228,24.5,
2026-07-29T18:30,36.7,16,34.5,0.0,0.0,,9.4,225,24.5,
2026-07-29T18:45,36.5,16,34.2,0.0,0.0,,9.7,223,24.5,
2026-07-29T19:00,36.3,16,33.9,0.0,0.0,0,9.7,220,23.8,1011.0
2026-07-29T19:15,36.1,16,33.9,0.0,0.0,,9.0,220,22.3,
2026-07-29T19:30,36.0,16,33.8,0.0,0.0,,8.3,221,20.2,
2026-07-29T19:45,35.8,17,33.9,0.0,0.0,,7.2,221,18.0,
2026-07-29T20:00,35.6,17,33.7,0.0,0.0,0,7.2,221,17.3,1010.6
2026-07-29T20:15,35.3,17,33.3,0.0,0.0,,7.9,235,18.0,
2026-07-29T20:30,35.1,17,32.8,0.0,0.0,,9.7,248,19.8,
2026-07-29T20:45,34.8,18,32.3,0.0,0.0,,11.5,262,22.0,
2026-07-29T21:00,34.3,19,31.7,0.0,0.0,0,13.0,275,23.8,1010.6
2026-07-29T21:15,33.5,22,31.1,0.0,0.0,,14.4,279,25.6,
2026-07-29T21:30,32.5,26,30.4,0.0,0.0,,15.5,284,27.7,
2026-07-29T21:45,31.4,30,29.5,0.0,0.0,,16.6,288,29.5,
2026-07-29T22:00,30.5,33,28.8,0.0,0.0,0,17.3,292,30.6,1012.0
2026-07-29T22:15,29.9,34,28.1,0.0,0.0,,17.3,291,30.6,
2026-07-29T22:30,29.4,35,27.6,0.0,0.0,,17.3,290,29.5,
2026-07-29T22:45,28.9,35,27.1,0.0,0.0,,16.6,289,28.1,
2026-07-29T23:00,28.4,36,26.7,0.0,0.0,0,15.5,288,25.9,1012.5
2026-07-29T23:15,27.8,39,26.6,0.0,0.0,,13.3,297,22.7,
2026-07-29T23:30,27.1,43,26.6,0.0,0.0,,10.8,306,18.0,
2026-07-29T23:45,26.4,47,26.6,0.0,0.0,,7.9,314,14.0,
2026-07-30T00:00,25.8,50,26.4,0.0,0.0,0,6.1,323,11.2,1012.4
2026-07-30T00:15,25.4,52,26.2,0.0,0.0,,5.8,306,10.4,
2026-07-30T00:30,25.1,52,25.7,0.0,0.0,,6.1,288,10.8,
2026-07-30T00:45,24.9,53,25.5,0.0,0.0,,6.5,271,11.9,
2026-07-30T01:00,24.6,53,25.0,0.0,0.0,0,7.2,253,12.6,1012.4
2026-07-30T01:15,24.3,54,24.7,0.0,0.0,,7.6,256,13.3,
2026-07-30T01:30,24.1,54,24.2,0.0,0.0,,8.3,259,14.4,
2026-07-30T01:45,23.8,55,23.9,0.0,0.0,,8.6,261,15.5,
2026-07-30T02:00,23.5,56,23.6,0.0,0.0,0,9.0,264,16.2,1012.4
2026-07-30T02:15,23.3,57,23.4,0.0,0.0,,9.0,256,16.2,
2026-07-30T02:30,23.1,59,23.3,0.0,0.0,,9.0,248,15.8,
2026-07-30T02:45,22.8,60,23.1,0.0,0.0,,8.6,240,15.1,
2026-07-30T03:00,22.6,61,22.9,0.0,0.0,0,8.6,232,15.1,1012.2
2026-07-30T03:15,22.4,62,22.7,0.0,0.0,,9.0,237,15.8,
2026-07-30T03:30,22.3,62,22.4,0.0,0.0,,9.7,242,16.9,
2026-07-30T03:45,22.1,63,22.2,0.0,0.0,,10.1,246,18.0,
2026-07-30T04:00,21.9,64,22.0,0.0,0.0,0,10.4,251,18.7,1012.0
2026-07-30T04:15,21.7,65,21.9,0.0,0.0,,10.1,248,18.4,
2026-07-30T04:30,21.6,67,21.9,0.0,0.0,,9.7,245,17.3,
2026-07-30T04:45,21.4,69,21.9,0.0,0.0,,9.0,241,16.2,
2026-07-30T05:00,21.1,71,21.8,0.0,0.0,0,8.6,238,15.8,1011.9
2026-07-30T05:15,20.8,73,21.5,0.0,0.0,,8.6,240,16.2,
2026-07-30T05:30,20.5,76,21.3,0.0,0.0,,9.0,243,16.9,
2026-07-30T05:45,20.2,79,21.0,0.0,0.0,,9.4,245,18.0,
2026-07-30T06:00,19.9,81,20.8,0.0,0.0,3,9.7,247,18.7,1011.6
2026-07-30T06:15,19.8,82,20.7,0.0,0.0,,9.7,246,19.1,
2026-07-30T06:30,19.6,83,20.5,0.0,0.0,,9.7,244,19.4,
2026-07-30T06:45,19.6,84,20.5,0.0,0.0,,9.7,243,19.8,
2026-07-30T07:00,19.6,84,20.6,0.0,0.0,3,9.7,241,19.8,1011.7
2026-07-30T07:15,19.7,84,20.8,0.0,0.0,,9.7,243,19.8,
2026-07-30T07:30,20.0,83,21.0,0.0,0.0,,9.7,246,19.8,
2026-07-30T07:45,20.2,82,21.4,0.0,0.0,,9.4,248,19.8,
2026-07-30T08:00,20.5,80,21.6,0.0,0.0,0,9.4,250,19.8,1011.6
2026-07-30T08:15,20.9,78,21.9,0.0,0.0,,9.4,256,19.8,
2026-07-30T08:30,21.3,75,22.2,0.0,0.0,,9.4,263,20.2,
2026-07-30T08:45,21.7,73,22.6,0.0,0.0,,9.4,269,20.5,
2026-07-30T09:00,22.1,70,23.0,0.0,0.0,0,9.4,275,20.5,1011.7
2026-07-30T09:15,22.6,68,23.5,0.0,0.0,,9.0,278,20.5,
2026-07-30T09:30,23.1,65,23.9,0.0,0.0,,9.0,280,20.2,
2026-07-30T09:45,23.5,63,24.3,0.0,0.0,,8.6,283,20.2,
2026-07-30T10:00,24.0,61,24.8,0.0,0.0,3,8.6,285,20.5,1012.2
2026-07-30T10:15,24.4,59,25.1,0.0,0.0,,9.0,287,21.2,
2026-07-30T10:30,24.8,58,25.4,0.0,0.0,,9.4,289,22.3,
2026-07-30T10:45,25.1,57,25.7,0.0,0.0,,9.7,290,23.8,
2026-07-30T11:00,25.3,56,25.8,0.0,0.0,3,10.4,292,24.8,1012.9
2026-07-30T11:15,25.3,56,25.6,0.0,0.0,,11.2,280,25.9,
2026-07-30T11:30,25.1,57,25.4,0.0,0.0,,12.2,267,27.0,
2026-07-30T11:45,24.9,58,25.1,0.0,0.0,,13.3,255,27.7,
2026-07-30T12:00,24.8,59,24.9,0.0,0.0,3,14.0,242,28.4,1013.2
2026-07-30T12:15,24.6,59,24.6,0.0,0.0,,14.4,240,28.4,
2026-07-30T12:30,24.5,59,24.5,0.0,0.0,,14.0,238,28.4,
2026-07-30T12:45,24.4,59,24.4,0.0,0.0,,14.0,235,28.1,
2026-07-30T13:00,24.3,59,24.3,0.0,0.0,3,13.7,233,27.7,1014.2
2026-07-30T13:15,24.3,59,24.3,0.0,0.0,,13.3,234,27.4,
2026-07-30T13:30,24.3,59,24.3,0.0,0.0,,13.3,235,27.0,
2026-07-30T13:45,24.3,59,24.5,0.0,0.0,,12.6,235,26.6,
2026-07-30T14:00,24.3,59,24.5,0.0,0.0,3,12.2,236,25.9,1014.7
2026-07-30T14:15,24.3,59,24.6,0.0,0.0,,11.5,235,24.8,
2026-07-30T14:30,24.3,58,24.7,0.0,0.0,,10.4,234,23.0,
2026-07-30T14:45,24.4,58,24.8,0.0,0.0,,9.7,232,21.6,
2026-07-30T15:00,24.5,57,25.0,0.0,0.0,3,9.0,231,20.5,1014.1
2026-07-30T15:15,24.7,56,25.2,0.0,0.0,,8.6,230,20.2,
2026-07-30T15:30,24.9,56,25.5,0.0,0.0,,9.0,230,20.5,
2026-07-30T15:45,25.3,55,25.8,0.0,0.0,,9.0,229,21.2,
2026-07-30T16:00,25.6,54,26.2,0.0,0.0,3,9.4,228,22.0,1014.1
2026-07-30T16:15,26.0,52,26.8,0.0,0.0,,9.7,232,23.0,
2026-07-30T16:30,26.5,51,27.4,0.0,0.0,,10.4,236,24.5,
2026-07-30T16:45,27.0,49,27.8,0.0,0.0,,11.2,239,25.9,
2026-07-30T17:00,27.4,47,28.0,0.0,0.0,0,11.5,243,26.6,1013.8
2026-07-30T17:15,27.8,46,28.2,0.0,0.0,,11.2,246,26.6,
2026-07-30T17:30,28.1,45,28.3,0.0,0.0,,10.8,250,25.9,
2026-07-30T17:45,28.3,44,28.4,0.0,0.0,,10.4,253,25.2,
2026-07-30T18:00,28.4,43,28.5,0.0,0.0,0,10.1,256,24.8,1013.7
2026-07-30T18:15,28.4,42,28.3,0.0,0.0,,10.4,257,25.2,
2026-07-30T18:30,28.3,41,28.0,0.0,0.0,,10.8,259,25.9,
2026-07-30T18:45,28.2,40,27.5,0.0,0.0,,11.5,260,26.6,
2026-07-30T19:00,28.0,40,27.2,0.0,0.0,0,11.9,261,27.0,1013.6
2026-07-30T19:15,27.8,40,26.9,0.0,0.0,,12.6,260,27.4,
2026-07-30T19:30,27.5,42,26.6,0.0,0.0,,13.3,259,28.1,
2026-07-30T19:45,27.2,43,26.3,0.0,0.0,,13.7,258,28.1,
2026-07-30T20:00,26.8,44,26.0,0.0,0.0,0,13.7,257,27.7,1014.1
2026-07-30T20:15,26.4,45,25.7,0.0,0.0,,13.0,260,25.9,
2026-07-30T20:30,26.0,46,25.4,0.0,0.0,,11.2,263,23.4,
2026-07-30T20:45,25.5,48,25.3,0.0,0.0,,9.7,266,20.9,
2026-07-30T21:00,25.1,49,25.0,0.0,0.0,0,8.6,269,18.7,1014.1
2026-07-30T21:15,24.7,50,24.6,0.0,0.0,,8.3,266,17.3,
2026-07-30T21:30,24.3,51,24.2,0.0,0.0,,7.9,263,15.8,
2026-07-30T21:45,23.9,53,24.0,0.0,0.0,,7.9,259,15.1,
2026-07-30T22:00,23.5,54,23.5,0.0,0.0,0,7.9,256,14.4,1014.2
2026-07-30T22:15,23.1,56,23.2,0.0,0.0,,7.9,257,14.0,
2026-07-30T22:30,22.7,57,22.8,0.0,0.0,,7.6,258,14.4,
2026-07-30T22:45,22.4,59,22.6,0.0,0.0,,7.6,259,14.8,
2026-07-30T23:00,22.0,61,22.3,0.0,0.0,1,7.6,260,14.8,1014.2
2026-07-30T23:15,21.7,63,22.0,0.0,0.0,,7.6,259,14.8,
2026-07-30T23:30,21.5,64,21.8,0.0,0.0,,7.9,257,14.8,
2026-07-30T23:45,21.3,66,21.6,0.0,0.0,,8.3,256,14.4,
2026-07-31T00:00,21.0,67,21.4,0.0,0.0,2,8.3,254,14.4,1014.5
2026-07-31T00:15,20.7,68,21.1,0.0,0.0,,7.9,247,14.0,
2026-07-31T00:30,20.5,69,20.9,0.0,0.0,,7.6,239,13.7,
2026-07-31T00:45,20.2,71,20.7,0.0,0.0,,7.2,232,13.7,
2026-07-31T01:00,19.9,72,20.4,0.0,0.0,3,7.2,224,13.7,1014.6
2026-07-31T01:15,19.7,74,20.2,0.0,0.0,,7.6,223,14.4,
2026-07-31T01:30,19.5,77,20.1,0.0,0.0,,8.3,223,15.1,
2026-07-31T01:45,19.3,79,19.8,0.0,0.0,,9.0,222,16.2,
2026-07-31T02:00,19.2,80,19.7,0.0,0.0,3,9.4,221,16.9,1014.7
2026-07-31T02:15,19.2,80,19.7,0.0,0.0,,9.4,221,16.9,
2026-07-31T02:30,19.2,78,19.6,0.0,0.0,,9.4,222,16.9,
2026-07-31T02:45,19.3,77,19.7,0.0,0.0,,9.4,222,16.6,
2026-07-31T03:00,19.4,76,19.7,0.0,0.0,3,9.4,222,16.6,1014.2
2026-07-31T03:15,19.4,76,19.7,0.0,0.0,,9.7,222,17.3,
2026-07-31T03:30,19.5,77,19.9,0.0,0.0,,10.1,222,18.0,
2026-07-31T03:45,19.6,77,19.9,0.0,0.0,,10.4,222,19.1,
2026-07-31T04:00,19.6,78,20.0,0.0,0.0,3,10.4,222,19.4,1013.8
2026-07-31T04:15,19.5,79,20.0,0.0,0.0,,10.1,230,19.1,
2026-07-31T04:30,19.4,80,20.0,0.0,0.0,,9.4,239,18.4,
2026-07-31T04:45,19.2,81,19.9,0.0,0.0,,9.0,247,18.0,
2026-07-31T05:00,19.1,82,19.8,0.0,0.0,3,8.6,255,17.6,1013.7
2026-07-31T05:15,18.9,83,19.7,0.0,0.0,,9.0,248,18.4,
2026-07-31T05:30,18.8,85,19.5,0.0,0.0,,9.7,240,19.1,
2026-07-31T05:45,18.7,86,19.3,0.0,0.0,,10.4,233,20.2,
2026-07-31T06:00,18.6,87,19.3,0.0,0.0,3,10.8,225,20.9,1013.6
2026-07-31T06:15,18.7,88,19.4,0.0,0.0,,10.8,224,20.9,
2026-07-31T06:30,18.8,89,19.7,0.0,0.0,,10.8,223,20.5,
2026-07-31T06:45,19.0,89,20.0,0.0,0.0,,10.8,221,20.2,
2026-07-31T07:00,19.1,89,20.2,0.0,0.0,3,10.4,220,19.8,1013.7
2026-07-31T07:15,19.2,88,20.2,0.0,0.0,,10.1,228,19.4,
2026-07-31T07:30,19.2,87,20.2,0.0,0.0,,10.1,236,19.4,
2026-07-31T07:45,19.2,85,20.1,0.0,0.0,,9.7,244,19.4,
2026-07-31T08:00,19.3,84,20.2,0.0,0.0,3,9.4,252,19.1,1014.2
2026-07-31T08:15,19.4,83,20.4,0.0,0.0,,8.6,256,18.7,
2026-07-31T08:30,19.7,83,20.9,0.0,0.0,,7.9,260,18.4,
2026-07-31T08:45,19.9,82,21.2,0.0,0.0,,7.2,263,17.6,
2026-07-31T09:00,20.2,82,21.6,0.0,0.0,3,6.8,267,17.6,1014.2
2026-07-31T09:15,20.3,82,21.9,0.0,0.0,,6.8,271,18.0,
2026-07-31T09:30,20.5,83,22.1,0.0,0.0,,7.2,275,18.4,
2026-07-31T09:45,20.6,83,22.3,0.0,0.0,,7.6,278,19.1,
2026-07-31T10:00,21.0,82,22.6,0.0,0.0,3,7.9,282,19.4,1014.2
2026-07-31T10:15,21.6,79,23.2,0.0,0.0,,8.3,282,19.8,
2026-07-31T10:30,22.3,74,23.8,0.0,0.0,,8.3,281,20.2,
2026-07-31T10:45,23.1,70,24.5,0.0,0.0,,8.6,281,20.2,
2026-07-31T11:00,23.7,66,24.9,0.0,0.0,3,8.6,280,20.5,1014.3
2026-07-31T11:15,24.2,64,25.4,0.0,0.0,,8.6,284,20.5,
2026-07-31T11:30,24.5,62,25.7,0.0,0.0,,8.3,288,20.5,
2026-07-31T11:45,24.8,61,26.0,0.0,0.0,,7.9,291,20.9,
2026-07-31T12:00,24.9,60,26.0,0.0,0.0,3,8.3,295,21.2,1014.2
2026-07-31T12:15,24.7,60,25.6,0.0,0.0,,9.0,299,22.0,
2026-07-31T12:30,24.4,61,25.1,0.0,0.0,,10.1,302,23.4,
2026-07-31T12:45,24.0,62,24.5,0.0,0.0,,11.5,306,24.5,
2026-07-31T13:00,23.9,62,24.3,0.0,0.0,3,12.2,309,25.6,1014.1
2026-07-31T13:15,24.2,60,24.4,0.0,0.0,,12.6,315,26.3,
2026-07-31T13:30,24.7,58,24.9,0.0,0.0,,12.6,321,27.0,
2026-07-31T13:45,25.2,55,25.2,0.0,0.0,,12.2,327,27.7,
2026-07-31T14:00,25.3,54,25.3,0.0,0.0,1,12.6,333,28.4,1014.5
2026-07-31T14:15,24.9,55,24.7,0.0,0.0,,13.3,334,29.2,
2026-07-31T14:30,24.2,57,23.8,0.0,0.0,,14.4,335,30.2,
2026-07-31T14:45,23.5,60,23.0,0.0,0.0,,15.5,335,31.0,
2026-07-31T15:00,23.0,62,22.5,0.0,0.0,0,15.8,336,31.3,1014.3
2026-07-31T15:15,23.0,63,23.1,0.0,0.0,,15.5,336,31.0,
2026-07-31T15:30,23.1,64,23.7,0.0,0.0,,14.8,337,29.9,
2026-07-31T15:45,23.4,64,24.3,0.0,0.0,,13.7,337,29.2,
2026-07-31T16:00,23.6,63,24.6,0.0,0.0,1,13.0,337,28.4,1014.4
2026-07-31T16:15,24.0,60,24.6,0.0,0.0,,13.0,341,28.4,
2026-07-31T16:30,24.4,57,24.6,0.0,0.0,,13.0,344,29.2,
2026-07-31T16:45,24.8,53,24.5,0.0,0.0,,13.0,348,29.5,
2026-07-31T17:00,25.0,50,24.6,0.0,0.0,3,13.0,351,29.5,1014.3
2026-07-31T17:15,25.1,49,24.5,0.0,0.0,,12.6,348,29.2,
2026-07-31T17:30,25.2,49,24.6,0.0,0.0,,11.9,346,28.1,
2026-07-31T17:45,25.1,50,24.8,0.0,0.0,,11.2,343,27.0,
2026-07-31T18:00,25.0,50,24.7,0.0,0.0,1,10.4,340,26.3,1014.4
2026-07-31T18:15,24.9,50,24.6,0.0,0.0,,10.1,348,25.2,
2026-07-31T18:30,24.7,49,24.4,0.0,0.0,,9.4,357,24.1,
2026-07-31T18:45,24.5,48,24.0,0.0,0.0,,9.4,5,23.4,
2026-07-31T19:00,24.2,48,23.5,0.0,0.0,2,9.7,13,23.4,1014.4
2026-07-31T19:15,23.8,48,22.8,0.0,0.0,,11.2,12,25.2,
2026-07-31T19:30,23.2,49,21.9,0.0,0.0,,13.0,11,28.1,
2026-07-31T19:45,22.7,49,21.0,0.0,0.0,,15.1,9,30.6,
2026-07-31T20:00,22.4,50,20.4,0.0,0.0,3,16.2,8,32.0,1014.8
2026-07-31T20:15,22.2,51,20.3,0.0,0.0,,16.2,10,31.3,
2026-07-31T20:30,22.1,53,20.5,0.0,0.0,,15.5,12,29.5,
2026-07-31T20:45,22.1,54,20.6,0.0,0.0,,14.8,13,27.4,
2026-07-31T21:00,22.0,55,20.7,0.0,0.0,0,14.0,15,25.6,1015.0
2026-07-31T21:15,21.8,55,20.4,0.0,0.0,,14.0,14,24.8,
2026-07-31T21:30,21.5,55,20.1,0.0,0.0,,14.0,13,24.5,
2026-07-31T21:45,21.2,55,19.7,0.0,0.0,,14.0,12,24.1,
2026-07-31T22:00,20.8,55,19.2,0.0,0.0,0,13.7,11,23.4,1015.6
2026-07-31T22:15,20.3,55,18.7,0.0,0.0,,12.6,12,21.6,
2026-07-31T22:30,19.7,56,18.3,0.0,0.0,,11.2,13,19.4,
2026-07-31T22:45,19.2,57,17.8,0.0,0.0,,10.1,13,16.9,
2026-07-31T23:00,18.8,58,17.6,0.0,0.0,1,9.0,14,15.5,1016.1
2026-07-31T23:15,18.5,60,17.5,0.0,0.0,,8.6,16,15.1,
2026-07-31T23:30,18.4,63,17.4,0.0,0.0,,9.0,18,15.8,
2026-07-31T23:45,18.3,66,17.5,0.0,0.0,,9.4,19,16.2,
2026-08-01T00:00,18.1,68,17.4,0.0,0.0,0,9.4,21,16.2,1016.3
2026-08-01T00:15,17.9,69,17.3,0.0,0.0,,9.0,24,15.1,
2026-08-01T00:30,17.8,70,17.3,0.0,0.0,,8.3,28,13.7,
2026-08-01T00:45,17.6,70,17.1,0.0,0.0,,7.6,31,12.2,
2026-08-01T01:00,17.3,71,16.9,0.0,0.0,0,6.8,34,10.8,1016.6
2026-08-01T01:15,17.0,72,16.7,0.0,0.0,,6.1,31,9.7,
2026-08-01T01:30,16.6,73,16.4,0.0,0.0,,5.4,28,8.6,
2026-08-01T01:45,16.2,73,16.0,0.0,0.0,,4.7,25,7.9,
2026-08-01T02:00,16.0,74,15.8,0.0,0.0,0,4.3,22,7.2,1016.7
2026-08-01T02:15,15.9,75,15.7,0.0,0.0,,4.0,27,6.8,
2026-08-01T02:30,15.8,75,15.7,0.0,0.0,,4.0,32,6.8,
2026-08-01T02:45,15.8,75,15.7,0.0,0.0,,4.0,36,6.8,
2026-08-01T03:00,15.9,76,15.8,0.0,0.0,0,4.0,41,7.2,1016.6
2026-08-01T03:15,16.0,77,15.9,0.0,0.0,,4.7,49,8.3,
2026-08-01T03:30,16.1,78,16.0,0.0,0.0,,5.4,57,9.7,
2026-08-01T03:45,16.2,79,16.1,0.0,0.0,,6.1,64,10.8,
2026-08-01T04:00,16.1,80,15.9,0.0,0.0,2,6.5,72,11.2,1016.4
2026-08-01T04:15,15.7,81,15.7,0.0,0.0,,5.8,64,10.1,
2026-08-01T04:30,15.1,81,15.0,0.0,0.0,,4.7,55,7.6,
2026-08-01T04:45,14.6,82,14.6,0.0,0.0,,3.2,47,5.4,
2026-08-01T05:00,14.1,82,14.0,0.0,0.0,1,2.5,38,4.0,1016.2
2026-08-01T05:15,13.7,83,13.6,0.0,0.0,,2.5,17,4.0,
2026-08-01T05:30,13.4,83,13.1,0.0,0.0,,3.2,355,4.3,
2026-08-01T05:45,13.2,84,12.9,0.0,0.0,,3.6,334,5.0,
2026-08-01T06:00,13.1,84,12.7,0.0,0.0,0,4.0,312,5.4,1016.0
2026-08-01T06:15,13.2,84,12.9,0.0,0.0,,3.6,313,4.7,
2026-08-01T06:30,13.5,85,13.4,0.0,0.0,,2.5,314,3.6,
2026-08-01T06:45,13.7,85,13.8,0.0,0.0,,1.8,314,2.5,
2026-08-01T07:00,13.9,85,14.2,0.0,0.0,0,1.4,315,2.5,1016.2
2026-08-01T07:15,13.9,85,14.0,0.0,0.0,,2.2,322,4.3,
2026-08-01T07:30,13.9,85,13.8,0.0,0.0,,3.6,329,7.2,
2026-08-01T07:45,13.9,85,13.5,0.0,0.0,,5.4,335,10.4,
2026-08-01T08:00,14.1,84,13.7,0.0,0.0,0,6.1,342,12.2,1016.7
2026-08-01T08:15,14.7,82,14.3,0.0,0.0,,6.1,355,12.6,
2026-08-01T08:30,15.5,80,15.3,0.0,0.0,,5.4,8,11.5,
2026-08-01T08:45,16.4,77,16.4,0.0,0.0,,4.7,21,10.8,
2026-08-01T09:00,17.2,73,17.3,0.0,0.0,0,4.3,34,10.4,1017.0
2026-08-01T09:15,18.1,68,18.0,0.0,0.0,,4.7,48,11.5,
2026-08-01T09:30,19.0,62,18.8,0.0,0.0,,5.0,63,13.0,
2026-08-01T09:45,19.9,56,19.4,0.0,0.0,,5.8,77,14.8,
2026-08-01T10:00,20.7,51,19.8,0.0,0.0,0,6.1,91,16.2,1017.2
2026-08-01T10:15,21.3,47,20.3,0.0,0.0,,6.1,86,16.9,
2026-08-01T10:30,21.7,44,20.7,0.0,0.0,,6.1,80,17.3,
2026-08-01T10:45,22.2,41,21.3,0.0,0.0,,5.8,75,17.6,
2026-08-01T11:00,22.6,39,21.5,0.0,0.0,0,5.8,69,18.0,1017.4
2026-08-01T11:15,23.1,37,22.5,0.0,0.0,,5.4,67,18.0,
2026-08-01T11:30,23.6,36,23.2,0.0,0.0,,5.4,64,18.4,
2026-08-01T11:45,24.0,34,23.7,0.0,0.0,,5.0,62,18.4,
2026-08-01T12:00,24.5,33,24.1,0.0,0.0,0,5.0,59,18.7,1017.3
2026-08-01T12:15,24.9,31,24.7,0.0,0.0,,5.4,64,19.8,
2026-08-01T12:30,25.3,29,25.0,0.0,0.0,,6.1,70,20.9,
2026-08-01T12:45,25.7,27,25.2,0.0,0.0,,6.8,75,22.0,
2026-08-01T13:00,26.1,26,25.3,0.0,0.0,0,7.6,80,23.0,1017.3
2026-08-01T13:15,26.4,25,25.7,0.0,0.0,,7.9,78,23.8,
2026-08-01T13:30,26.6,25,25.9,0.0,0.0,,8.3,76,24.1,
2026-08-01T13:45,26.8,25,26.2,0.0,0.0,,8.3,74,24.1,
2026-08-01T14:00,27.0,25,26.4,0.0,0.0,0,8.3,72,24.1,1017.0
2026-08-01T14:15,27.2,25,26.7,0.0,0.0,,7.9,68,23.8,
2026-08-01T14:30,27.4,24,27.0,0.0,0.0,,6.8,65,23.0,
2026-08-01T14:45,27.5,24,27.3,0.0,0.0,,6.1,61,22.3,
2026-08-01T15:00,27.7,23,27.5,0.0,0.0,0,5.4,57,21.6,1016.6
2026-08-01T15:15,27.8,22,27.4,0.0,0.0,,5.0,47,21.2,
2026-08-01T15:30,28.0,22,27.5,0.0,0.0,,5.0,36,20.9,
2026-08-01T15:45,28.1,21,27.4,0.0,0.0,,4.7,26,20.9,
2026-08-01T16:00,28.1,21,27.5,0.0,0.0,0,4.7,15,20.5,1016.5
2026-08-01T16:15,28.1,21,27.2,0.0,0.0,,4.3,24,20.2,
2026-08-01T16:30,28.0,21,26.9,0.0,0.0,,4.3,34,19.8,
2026-08-01T16:45,27.8,22,26.6,0.0,0.0,,4.3,43,19.4,
2026-08-01T17:00,27.8,22,26.7,0.0,0.0,3,4.3,52,19.4,1016.4
2026-08-01T17:15,27.8,22,25.9,0.0,0.0,,5.0,48,19.8,
2026-08-01T17:30,27.9,22,25.6,0.0,0.0,,5.8,45,20.2,
2026-08-01T17:45,27.9,21,25.5,0.0,0.0,,6.5,41,20.9,
2026-08-01T18:00,27.9,21,25.4,0.0,0.0,3,7.2,37,20.9,1016.3
2026-08-01T18:15,27.8,21,25.2,0.0,0.0,,7.2,35,20.5,
2026-08-01T18:30,27.7,21,25.2,0.0,0.0,,6.8,33,19.4,
2026-08-01T18:45,27.5,22,25.1,0.0,0.0,,6.5,30,18.7,
2026-08-01T19:00,27.3,22,24.9,0.0,0.0,3,6.5,28,18.0,1015.8
2026-08-01T19:15,27.1,22,24.7,0.0,0.0,,6.5,38,17.3,
2026-08-01T19:30,26.9,22,24.4,0.0,0.0,,6.5,48,16.6,
2026-08-01T19:45,26.6,23,24.1,0.0,0.0,,6.8,58,16.6,
2026-08-01T20:00,26.1,25,23.7,0.0,0.0,3,7.9,68,18.0,1015.7
2026-08-01T20:15,25.4,30,22.9,0.0,0.0,,10.8,49,22.7,
2026-08-01T20:30,24.4,37,21.9,0.0,0.0,,14.8,30,29.5,
2026-08-01T20:45,23.5,43,20.8,0.0,0.0,,18.7,10,35.6,
2026-08-01T21:00,22.8,48,20.1,0.0,0.0,3,20.9,351,39.2,1015.8
2026-08-01T21:15,22.4,49,19.7,0.0,0.0,,20.5,356,38.5,
2026-08-01T21:30,22.2,49,19.7,0.0,0.0,,18.7,1,35.3,
2026-08-01T21:45,22.1,48,19.8,0.0,0.0,,16.6,5,31.0,
2026-08-01T22:00,21.9,47,19.8,0.0,0.0,3,14.8,10,27.7,1016.1
2026-08-01T22:15,21.7,46,19.6,0.0,0.0,,13.7,14,25.9,
2026-08-01T22:30,21.5,45,19.4,0.0,0.0,,12.6,19,24.1,
2026-08-01T22:45,21.3,44,19.1,0.0,0.0,,11.9,23,23.0,
2026-08-01T23:00,21.1,44,19.0,0.0,0.0,3,11.2,27,22.0,1016.5
2026-08-01T23:15,20.8,45,18.8,0.0,0.0,,10.8,29,21.2,
2026-08-01T23:30,20.6,47,18.7,0.0,0.0,,10.8,31,20.9,
2026-08-01T23:45,20.3,49,18.4,0.0,0.0,,11.2,33,20.9,
2026-08-02T00:00,20.1,51,18.3,0.0,0.0,3,11.2,35,20.5,1016.6
2026-08-02T00:15,19.9,52,18.2,0.0,0.0,,11.2,36,20.2,
2026-08-02T00:30,19.7,54,18.2,0.0,0.0,,10.8,37,19.4,
2026-08-02T00:45,19.6,54,18.1,0.0,0.0,,10.4,38,18.7,
2026-08-02T01:00,19.5,54,18.0,0.0,0.0,2,10.4,39,18.7,1016.8
2026-08-02T01:15,19.6,52,18.0,0.0,0.0,,10.4,46,19.1,
2026-08-02T01:30,19.8,49,17.9,0.0,0.0,,10.8,54,19.8,
2026-08-02T01:45,20.0,47,18.0,0.0,0.0,,10.8,61,20.5,
2026-08-02T02:00,20.0,45,17.8,0.0,0.0,3,11.2,68,21.2,1016.6
2026-08-02T02:15,20.0,45,17.7,0.0,0.0,,11.5,69,22.0,
2026-08-02T02:30,19.9,46,17.6,0.0,0.0,,11.9,71,22.7,
2026-08-02T02:45,19.7,48,17.5,0.0,0.0,,11.9,72,23.0,
2026-08-02T03:00,19.4,49,17.3,0.0,0.0,3,11.9,73,22.7,1016.2
2026-08-02T03:15,19.0,50,17.0,0.0,0.0,,11.2,69,21.2,
2026-08-02T03:30,18.5,52,16.6,0.0,0.0,,10.1,65,19.1,
2026-08-02T03:45,18.0,53,16.3,0.0,0.0,,9.0,61,16.6,
2026-08-02T04:00,17.7,54,16.0,0.0,0.0,2,8.3,57,14.8,1016.1
2026-08-02T04:15,17.5,54,15.9,0.0,0.0,,7.9,56,13.7,
2026-08-02T04:30,17.5,55,16.0,0.0,0.0,,7.6,56,13.0,
2026-08-02T04:45,17.6,55,16.1,0.0,0.0,,7.2,55,12.6,
2026-08-02T05:00,17.5,55,16.0,0.0,0.0,0,7.2,54,12.2,1015.8
2026-08-02T05:15,17.4,56,16.0,0.0,0.0,,7.2,55,12.2,
2026-08-02T05:30,17.3,57,15.9,0.0,0.0,,7.6,55,12.6,
2026-08-02T05:45,17.2,58,15.7,0.0,0.0,,7.9,56,13.3,
2026-08-02T06:00,17.0,59,15.5,0.0,0.0,0,8.3,56,13.7,1015.5
2026-08-02T06:15,16.7,59,15.0,0.0,0.0,,8.6,59,14.0,
2026-08-02T06:30,16.3,59,14.5,0.0,0.0,,8.6,62,14.8,
2026-08-02T06:45,16.0,59,14.1,0.0,0.0,,9.0,64,15.5,
2026-08-02T07:00,15.9,58,14.0,0.0,0.0,0,9.0,67,15.8,1015.4
2026-08-02T07:15,16.2,56,14.2,0.0,0.0,,9.0,70,16.2,
2026-08-02T07:30,16.7,54,14.7,0.0,0.0,,8.6,72,16.2,
2026-08-02T07:45,17.3,51,15.2,0.0,0.0,,8.6,75,16.6,
2026-08-02T08:00,17.9,49,15.8,0.0,0.0,0,8.6,77,17.3,1015.5
2026-08-02T08:15,18.5,47,16.4,0.0,0.0,,9.0,79,18.4,
2026-08-02T08:30,19.1,45,16.9,0.0,0.0,,9.7,80,20.2,
2026-08-02T08:45,19.8,43,17.4,0.0,0.0,,10.8,82,22.0,
2026-08-02T09:00,20.5,41,18.0,0.0,0.0,3,11.5,83,23.4,1015.4
2026-08-02T09:15,21.2,39,18.5,0.0,0.0,,12.2,81,24.8,
2026-08-02T09:30,21.9,36,19.0,0.0,0.0,,13.0,78,25.9,
2026-08-02T09:45,22.6,34,19.6,0.0,0.0,,13.7,76,27.4,
2026-08-02T10:00,23.3,32,20.1,0.0,0.0,0,14.4,73,28.4,1015.1
2026-08-02T10:15,24.0,30,20.6,0.0,0.0,,15.1,71,29.9,
2026-08-02T10:30,24.7,29,21.4,0.0,0.0,,15.5,69,31.3,
2026-08-02T10:45,25.3,27,22.1,0.0,0.0,,16.2,67,32.8,
2026-08-02T11:00,25.9,26,22.4,0.0,0.0,0,16.6,65,33.8,1014.9
2026-08-02T11:15,26.2,25,23.1,0.0,0.0,,16.9,65,34.9,
2026-08-02T11:30,26.5,24,23.4,0.0,0.0,,17.3,66,35.6,
2026-08-02T11:45,26.7,23,23.6,0.0,0.0,,17.6,66,36.4,
2026-08-02T12:00,26.9,23,23.7,0.0,0.0,0,18.0,66,37.1,1014.6
2026-08-02T12:15,27.1,23,24.3,0.0,0.0,,18.4,66,37.4,
2026-08-02T12:30,27.4,23,24.6,0.0,0.0,,18.7,66,38.2,
2026-08-02T12:45,27.6,24,25.1,0.0,0.0,,18.7,66,38.2,
2026-08-02T13:00,27.9,24,25.4,0.0,0.0,0,18.4,66,37.8,1014.3
2026-08-02T13:15,28.2,24,26.2,0.0,0.0,,17.3,65,36.7,
2026-08-02T13:30,28.6,23,26.8,0.0,0.0,,15.5,64,34.9,
2026-08-02T13:45,29.0,22,27.5,0.0,0.0,,13.7,63,33.1,
2026-08-02T14:00,29.2,22,27.9,0.0,0.0,0,12.6,62,31.7,1013.5
2026-08-02T14:15,29.4,22,28.2,0.0,0.0,,12.2,59,31.0,
2026-08-02T14:30,29.4,22,28.3,0.0,0.0,,11.9,56,31.0,
2026-08-02T14:45,29.5,22,28.3,0.0,0.0,,11.9,53,31.0,
2026-08-02T15:00,29.5,23,28.4,0.0,0.0,0,12.2,50,31.0,1012.9
2026-08-02T15:15,29.6,24,28.5,0.0,0.0,,12.6,52,31.0,
2026-08-02T15:30,29.8,25,28.6,0.0,0.0,,13.0,54,31.3,
2026-08-02T15:45,29.9,26,28.7,0.0,0.0,,13.7,55,31.7,
2026-08-02T16:00,30.1,27,29.1,0.0,0.0,0,14.0,57,32.0,1012.4
2026-08-02T16:15,30.2,27,28.8,0.0,0.0,,14.4,56,32.4,
2026-08-02T16:30,30.3,27,28.8,0.0,0.0,,14.8,55,33.1,
2026-08-02T16:45,30.4,27,28.6,0.0,0.0,,15.1,54,33.5,
2026-08-02T17:00,30.4,27,28.8,0.0,0.0,2,15.1,53,33.5,1011.9
2026-08-02T17:15,30.4,27,28.4,0.0,0.0,,14.8,50,32.8,
2026-08-02T17:30,30.4,27,28.2,0.0,0.0,,14.4,47,31.7,
2026-08-02T17:45,30.3,27,28.0,0.0,0.0,,14.0,44,30.6,
2026-08-02T18:00,30.2,27,27.9,0.0,0.0,1,13.7,41,29.9,1011.3
2026-08-02T18:15,30.0,28,27.9,0.0,0.0,,13.7,41,29.5,
2026-08-02T18:30,29.9,29,27.8,0.0,0.0,,14.4,42,29.9,
2026-08-02T18:45,29.7,30,27.7,0.0,0.0,,14.8,42,29.9,
2026-08-02T19:00,29.5,31,27.5,0.0,0.0,1,15.1,42,30.2,1010.6
2026-08-02T19:15,29.4,31,27.3,0.0,0.0,,15.5,37,30.2,
2026-08-02T19:30,29.3,30,26.9,0.0,0.0,,15.8,33,30.6,
2026-08-02T19:45,29.1,30,26.6,0.0,0.0,,16.2,28,31.0,
2026-08-02T20:00,28.7,30,26.1,0.0,0.0,3,16.6,23,31.3,1010.5
2026-08-02T20:15,27.9,32,25.3,0.0,0.0,,17.3,19,32.0,
2026-08-02T20:30,26.9,35,24.4,0.0,0.0,,18.0,16,33.5,
2026-08-02T20:45,25.9,39,23.5,0.0,0.0,,18.4,12,34.6,
2026-08-02T21:00,25.1,41,22.7,0.0,0.0,3,18.4,8,34.6,1010.2
2026-08-02T21:15,24.6,42,22.2,0.0,0.0,,17.6,7,33.5,
2026-08-02T21:30,24.2,43,22.0,0.0,0.0,,16.6,7,31.7,
2026-08-02T21:45,23.8,43,21.8,0.0,0.0,,15.1,6,29.5,
2026-08-02T22:00,23.5,43,21.5,0.0,0.0,3,14.0,5,27.7,1010.7
2026-08-02T22:15,23.3,43,21.3,0.0,0.0,,13.7,3,26.6,
2026-08-02T22:30,23.0,43,21.0,0.0,0.0,,13.3,2,26.3,
2026-08-02T22:45,22.9,43,20.8,0.0,0.0,,13.3,360,25.6,
2026-08-02T23:00,22.7,44,20.7,0.0,0.0,3,13.0,358,25.2,1010.7
2026-08-02T23:15,22.5,45,20.6,0.0,0.0,,12.6,1,24.5,
2026-08-02T23:30,22.3,47,20.6,0.0,0.0,,12.6,5,24.1,
2026-08-02T23:45,22.1,49,20.5,0.0,0.0,,12.2,8,23.4,
2026-08-03T00:00,21.9,50,20.5,0.0,0.0,3,11.9,11,22.7,1010.5
2026-08-03T00:15,21.8,51,20.5,0.0,0.0,,11.5,12,22.0,
2026-08-03T00:30,21.7,51,20.4,0.0,0.0,,11.2,13,20.9,
2026-08-03T00:45,21.5,52,20.4,0.0,0.0,,10.4,13,20.2,
2026-08-03T01:00,21.4,52,20.3,0.0,0.0,2,10.1,14,19.1,1010.4
2026-08-03T01:15,21.3,53,20.3,0.0,0.0,,9.7,17,18.0,
2026-08-03T01:30,21.2,54,20.3,0.0,0.0,,9.4,21,16.9,
2026-08-03T01:45,21.0,54,20.1,0.0,0.0,,9.0,24,16.2,
2026-08-03T02:00,20.9,55,20.1,0.0,0.0,0,8.6,27,15.1,1009.9
2026-08-03T02:15,20.8,55,20.1,0.0,0.0,,8.3,28,14.4,
2026-08-03T02:30,20.7,56,20.1,0.0,0.0,,7.9,29,13.3,
2026-08-03T02:45,20.6,56,20.0,0.0,0.0,,7.2,29,12.6,
2026-08-03T03:00,20.4,56,19.8,0.0,0.0,1,6.8,30,11.9,1009.2
2026-08-03T03:15,20.2,56,19.7,0.0,0.0,,6.1,25,10.8,
2026-08-03T03:30,20.0,57,19.5,0.0,0.0,,5.8,19,9.7,
2026-08-03T03:45,19.7,57,19.2,0.0,0.0,,5.0,14,8.6,
2026-08-03T04:00,19.4,58,19.0,0.0,0.0,3,4.7,8,7.9,1008.9
2026-08-03T04:15,19.2,59,18.8,0.0,0.0,,4.3,357,7.2,
2026-08-03T04:30,18.9,60,18.6,0.0,0.0,,4.3,345,6.8,
2026-08-03T04:45,18.7,61,18.5,0.0,0.0,,4.0,334,6.5,
2026-08-03T05:00,18.5,62,18.3,0.0,0.0,3,4.0,322,6.1,1008.8
2026-08-03T05:15,18.4,62,18.1,0.0,0.0,,4.0,326,6.1,
2026-08-03T05:30,18.3,62,18.0,0.0,0.0,,3.6,330,6.1,
2026-08-03T05:45,18.2,62,17.9,0.0,0.0,,3.6,334,6.5,
2026-08-03T06:00,18.0,62,17.6,0.0,0.0,0,3.6,338,6.8,1008.6
2026-08-03T06:15,17.7,63,17.3,0.0,0.0,,4.0,335,7.2,
2026-08-03T06:30,17.2,65,16.7,0.0,0.0,,4.7,332,7.6,
2026-08-03T06:45,16.9,67,16.4,0.0,0.0,,5.0,328,8.3,
2026-08-03T07:00,16.8,68,16.2,0.0,0.0,0,5.4,325,8.3,1008.7
2026-08-03T07:15,17.0,67,16.5,0.0,0.0,,5.0,324,7.9,
2026-08-03T07:30,17.4,66,17.0,0.0,0.0,,4.3,323,7.6,
2026-08-03T07:45,17.9,63,17.7,0.0,0.0,,3.2,322,7.2,
2026-08-03T08:00,18.5,61,18.3,0.0,0.0,2,2.9,321,6.8,1009.0
2026-08-03T08:15,19.1,58,18.9,0.0,0.0,,2.9,337,7.2,
2026-08-03T08:30,19.9,55,19.6,0.0,0.0,,3.2,353,7.6,
2026-08-03T08:45,20.6,52,20.1,0.0,0.0,,4.0,9,8.3,
2026-08-03T09:00,21.3,49,20.7,0.0,0.0,3,4.0,25,8.6,1009.1
2026-08-03T09:15,21.8,47,21.3,0.0,0.0,,3.6,21,9.0,
2026-08-03T09:30,22.3,45,21.8,0.0,0.0,,2.9,17,9.0,
2026-08-03T09:45,22.8,43,22.3,0.0,0.0,,2.2,12,9.0,
2026-08-03T10:00,23.4,41,22.9,0.0,0.0,3,2.2,8,9.7,1009.1
2026-08-03T10:15,24.1,39,23.5,0.0,0.0,,2.9,3,11.2,
2026-08-03T10:30,25.0,38,24.3,0.0,0.0,,4.3,358,13.0,
2026-08-03T10:45,25.9,36,25.0,0.0,0.0,,5.8,352,14.8,
2026-08-03T11:00,26.6,35,25.6,0.0,0.0,2,6.8,347,16.2,1008.9
2026-08-03T11:15,27.2,34,26.4,0.0,0.0,,7.6,350,17.6,
2026-08-03T11:30,27.7,33,26.8,0.0,0.0,,8.3,352,18.7,
2026-08-03T11:45,28.1,33,27.5,0.0,0.0,,8.3,355,19.4,
2026-08-03T12:00,28.6,32,27.8,0.0,0.0,3,8.3,357,19.8,1008.9
2026-08-03T12:15,29.1,31,29.0,0.0,0.0,,7.6,3,19.4,
2026-08-03T12:30,29.5,30,29.7,0.0,0.0,,6.5,9,18.4,
2026-08-03T12:45,30.0,28,30.3,0.0,0.0,,5.4,15,16.9,
2026-08-03T13:00,30.5,27,30.8,0.0,0.0,3,4.3,21,16.2,1008.9
2026-08-03T13:15,30.9,26,31.0,0.0,0.0,,3.6,11,15.8,
2026-08-03T13:30,31.3,25,31.3,0.0,0.0,,2.9,1,15.5,
2026-08-03T13:45,31.7,25,31.9,0.0,0.0,,2.2,350,15.1,
2026-08-03T14:00,32.1,24,32.2,0.0,0.0,1,2.2,340,15.5,1008.6
2026-08-03T14:15,32.4,24,33.2,0.0,0.0,,2.5,336,16.2,
2026-08-03T14:30,32.8,23,33.7,0.0,0.0,,3.2,332,17.6,
2026-08-03T14:45,33.1,23,33.9,0.0,0.0,,4.3,328,18.7,
2026-08-03T15:00,33.4,23,34.1,0.0,0.0,2,5.0,324,19.8,1007.9
2026-08-03T15:15,33.7,23,34.3,0.0,0.0,,5.8,336,20.5,
2026-08-03T15:30,33.9,23,34.3,0.0,0.0,,6.1,347,20.9,
2026-08-03T15:45,34.0,22,34.1,0.0,0.0,,6.8,359,21.2,
2026-08-03T16:00,34.2,22,34.3,0.0,0.0,0,7.2,10,21.6,1008.0
2026-08-03T16:15,34.5,21,34.1,0.0,0.0,,7.6,14,22.3,
2026-08-03T16:30,34.8,21,34.2,0.0,0.0,,8.3,18,23.0,
2026-08-03T16:45,35.0,20,34.0,0.0,0.0,,8.6,21,23.8,
2026-08-03T17:00,35.1,20,34.2,0.0,0.0,0,9.0,25,24.5,1007.4
2026-08-03T17:15,34.9,20,33.5,0.0,0.0,,9.4,20,24.8,
2026-08-03T17:30,34.6,21,33.1,0.0,0.0,,9.4,14,24.8,
2026-08-03T17:45,34.2,22,32.7,0.0,0.0,,9.7,9,24.8,
2026-08-03T18:00,34.0,23,32.5,0.0,0.0,3,10.1,3,25.2,1007.2
2026-08-03T18:15,33.9,23,32.3,0.0,0.0,,10.8,3,25.6,
2026-08-03T18:30,33.8,23,32.1,0.0,0.0,,11.5,3,26.3,
2026-08-03T18:45,33.8,23,31.9,0.0,0.0,,12.6,2,27.0,
2026-08-03T19:00,33.7,23,31.6,0.0,0.0,3,13.7,2,28.1,1007.1
2026-08-03T19:15,33.5,23,31.1,0.0,0.0,,15.1,10,29.5,
2026-08-03T19:30,33.2,24,30.7,0.0,0.0,,17.3,18,31.3,
2026-08-03T19:45,32.9,24,30.1,0.0,0.0,,18.7,26,33.1,
2026-08-03T20:00,32.5,25,29.6,0.0,0.0,3,19.8,34,33.8,1007.0
2026-08-03T20:15,32.1,27,29.4,0.0,0.0,,19.8,35,33.8,
2026-08-03T20:30,31.6,29,29.2,0.0,0.0,,19.1,35,33.1,
2026-08-03T20:45,31.0,31,28.9,0.0,0.0,,18.0,36,31.7,
2026-08-03T21:00,30.4,32,28.5,0.0,0.0,3,16.9,36,30.2,1007.5
2026-08-03T21:15,29.6,33,27.8,0.0,0.0,,15.5,37,28.1,
2026-08-03T21:30,28.7,33,27.0,0.0,0.0,,13.7,38,25.6,
2026-08-03T21:45,27.9,33,26.2,0.0,0.0,,11.9,38,22.7,
2026-08-03T22:00,27.3,33,25.7,0.0,0.0,3,10.4,39,20.5,1007.9
2026-08-03T22:15,27.2,32,25.6,0.0,0.0,,9.7,58,18.4,
2026-08-03T22:30,27.4,30,25.5,0.0,0.0,,9.4,76,16.6,
2026-08-03T22:45,27.6,29,25.7,0.0,0.0,,9.4,95,15.1,
2026-08-03T23:00,27.6,31,25.9,0.0,0.0,3,9.4,113,14.8,1008.2
2026-08-03T23:15,27.2,39,26.4,0.0,0.0,,9.7,120,15.8,
2026-08-03T23:30,26.5,51,26.9,0.0,0.0,,10.4,126,17.6,
2026-08-03T23:45,25.9,62,27.2,0.0,0.0,,11.2,133,19.8,
2026-08-04T00:00,25.5,69,27.3,0.0,0.0,3,11.5,139,20.5,1008.5
2026-08-04T00:15,25.4,69,27.2,0.0,0.0,,11.2,124,19.4,
2026-08-04T00:30,25.5,66,27.2,0.0,0.0,,10.1,109,17.6,
2026-08-04T00:45,25.6,61,27.0,0.0,0.0,,9.0,94,15.5,
2026-08-04T01:00,25.7,58,26.8,0.0,0.0,3,8.3,79,14.4,1008.6
2026-08-04T01:15,25.6,58,26.7,0.0,0.0,,8.3,101,14.4,
2026-08-04T01:30,25.4,59,26.6,0.0,0.0,,8.3,124,15.5,
2026-08-04T01:45,25.2,61,26.4,0.0,0.0,,9.0,146,16.6,
2026-08-04T02:00,24.9,63,26.2,0.0,0.0,2,9.4,168,17.6,1007.8
2026-08-04T02:15,24.5,66,25.8,0.0,0.0,,10.1,161,18.7,
2026-08-04T02:30,24.0,69,25.3,0.0,0.0,,11.2,155,20.2,
2026-08-04T02:45,23.6,72,24.8,0.0,0.0,,12.2,148,21.2,
2026-08-04T03:00,23.3,73,24.4,0.0,0.0,0,12.6,141,21.6,1008.0
2026-08-04T03:15,23.2,72,24.3,0.0,0.0,,12.2,147,20.9,
2026-08-04T03:30,23.3,70,24.2,0.0,0.0,,11.9,152,19.1,
2026-08-04T03:45,23.4,67,24.2,0.0,0.0,,11.2,158,17.6,
2026-08-04T04:00,23.4,66,24.1,0.0,0.0,0,10.8,163,17.3,1008.0
2026-08-04T04:15,23.2,67,24.0,0.0,0.0,,11.2,167,18.7,
2026-08-04T04:30,23.0,68,23.6,0.0,0.0,,12.2,170,21.2,
2026-08-04T04:45,22.7,71,23.3,0.0,0.0,,13.0,174,23.8,
2026-08-04T05:00,22.4,73,23.0,0.0,0.0,0,13.7,177,25.6,1008.1
2026-08-04T05:15,22.2,76,22.9,0.0,0.0,,14.0,176,26.3,
2026-08-04T05:30,21.9,79,22.8,0.0,0.0,,14.0,174,26.3,
2026-08-04T05:45,21.7,82,22.8,0.0,0.0,,14.0,173,26.3,
2026-08-04T06:00,21.6,84,22.8,0.0,0.0,0,14.0,171,26.3,1008.1
2026-08-04T06:15,21.5,84,22.6,0.0,0.0,,14.4,171,26.6,
2026-08-04T06:30,21.4,83,22.3,0.0,0.0,,14.4,171,27.4,
2026-08-04T06:45,21.4,81,22.1,0.0,0.0,,14.8,170,27.7,
2026-08-04T07:00,21.5,79,22.2,0.0,0.0,0,14.4,170,27.7,1008.3
2026-08-04T07:15,21.9,77,22.6,0.0,0.0,,13.7,174,26.6,
2026-08-04T07:30,22.4,75,23.3,0.0,0.0,,12.6,177,24.8,
2026-08-04T07:45,22.9,72,24.0,0.0,0.0,,11.5,181,23.0,
2026-08-04T08:00,23.5,70,24.7,0.0,0.0,0,10.8,184,22.0,1008.3
2026-08-04T08:15,24.0,68,25.3,0.0,0.0,,10.4,188,21.6,
2026-08-04T08:30,24.6,66,25.9,0.0,0.0,,10.4,191,21.6,
2026-08-04T08:45,25.1,65,26.6,0.0,0.0,,10.1,195,21.6,
2026-08-04T09:00,25.6,63,27.1,0.0,0.0,0,10.1,198,21.6,1008.0
2026-08-04T09:15,26.1,61,27.5,0.0,0.0,,9.7,202,21.6,
2026-08-04T09:30,26.4,60,28.0,0.0,0.0,,9.4,206,21.2,
2026-08-04T09:45,26.8,58,28.3,0.0,0.0,,9.4,210,21.2,
2026-08-04T10:00,27.3,56,28.7,0.0,0.0,0,9.0,214,21.2,1008.1
2026-08-04T10:15,27.8,53,29.2,0.0,0.0,,8.6,208,21.2,
2026-08-04T10:30,28.5,51,29.8,0.0,0.0,,8.6,201,20.9,
2026-08-04T10:45,29.1,48,30.5,0.0,0.0,,8.6,195,21.2,
2026-08-04T11:00,29.7,45,30.8,0.0,0.0,0,9.0,188,22.3,1008.7
2026-08-04T11:15,30.4,42,31.6,0.0,0.0,,10.1,191,24.5,
2026-08-04T11:30,31.1,40,32.0,0.0,0.0,,12.2,194,28.1,
2026-08-04T11:45,31.7,37,32.1,0.0,0.0,,14.0,197,31.3,
2026-08-04T12:00,32.0,36,32.1,0.0,0.0,2,15.5,200,33.8,1009.0
2026-08-04T12:15,31.9,36,31.8,0.0,0.0,,16.6,199,35.3,
2026-08-04T12:30,31.5,38,31.2,0.0,0.0,,17.3,198,36.4,
2026-08-04T12:45,31.0,40,30.5,0.0,0.0,,17.6,197,37.1,
2026-08-04T13:00,30.7,41,30.4,0.0,0.0,3,18.0,196,37.1,1009.1
2026-08-04T13:15,30.8,41,30.2,0.0,0.0,,18.0,195,36.4,
2026-08-04T13:30,31.0,39,30.2,0.0,0.0,,17.6,195,35.3,
2026-08-04T13:45,31.2,38,30.4,0.0,0.0,,16.9,194,33.5,
2026-08-04T14:00,31.4,37,30.7,0.0,0.0,3,15.8,193,32.0,1010.3
2026-08-04T14:15,31.5,37,31.0,0.0,0.0,,14.4,195,30.2,
2026-08-04T14:30,31.6,36,31.3,0.0,0.0,,12.6,196,28.4,
2026-08-04T14:45,31.6,36,31.6,0.0,0.0,,10.8,198,27.0,
2026-08-04T15:00,31.7,36,31.9,0.0,0.0,3,9.7,199,26.3,1009.3
2026-08-04T15:15,31.9,35,31.9,0.0,0.0,,10.1,205,27.0,
2026-08-04T15:30,32.2,35,32.2,0.0,0.0,,10.8,210,28.8,
2026-08-04T15:45,32.4,34,32.1,0.0,0.0,,11.9,216,30.2,
2026-08-04T16:00,32.2,34,31.8,0.0,0.0,3,12.6,221,31.0,1009.2
2026-08-04T16:15,31.5,35,31.1,0.0,0.0,,12.2,230,29.9,
2026-08-04T16:30,30.5,37,30.1,0.0,0.0,,11.5,239,27.7,
2026-08-04T16:45,29.4,38,29.0,0.0,0.0,,10.4,248,25.2,
2026-08-04T17:00,28.6,39,28.1,0.0,0.0,0,10.4,257,24.5,1009.3
2026-08-04T17:15,28.3,38,27.5,0.0,0.0,,11.2,257,25.6,
2026-08-04T17:30,28.3,36,27.0,0.0,0.0,,12.6,256,27.7,
2026-08-04T17:45,28.4,34,26.7,0.0,0.0,,14.0,256,30.2,
2026-08-04T18:00,28.5,33,26.5,0.0,0.0,0,15.1,255,32.0,1009.5
2026-08-04T18:15,28.7,33,26.7,0.0,0.0,,15.5,257,33.1,
2026-08-04T18:30,28.9,33,26.9,0.0,0.0,,15.5,259,33.8,
2026-08-04T18:45,29.0,34,27.3,0.0,0.0,,15.1,260,33.8,
2026-08-04T19:00,29.1,36,27.7,0.0,0.0,0,14.4,262,32.8,1009.6
2026-08-04T19:15,28.9,39,28.1,0.0,0.0,,13.3,258,29.9,
2026-08-04T19:30,28.7,44,28.7,0.0,0.0,,11.9,254,25.6,
2026-08-04T19:45,28.4,48,29.1,0.0,0.0,,10.1,249,21.2,
2026-08-04T20:00,28.1,51,29.2,0.0,0.0,0,9.4,245,18.4,1009.6
2026-08-04T20:15,27.8,52,29.0,0.0,0.0,,9.4,252,18.0,
2026-08-04T20:30,27.5,52,28.4,0.0,0.0,,10.1,260,19.1,
2026-08-04T20:45,27.3,52,28.0,0.0,0.0,,10.8,267,20.5,
2026-08-04T21:00,27.0,52,27.5,0.0,0.0,0,11.2,274,21.2,1009.8
2026-08-04T21:15,26.7,53,27.3,0.0,0.0,,10.8,279,20.5,
2026-08-04T21:30,26.4,53,27.0,0.0,0.0,,9.7,283,19.4,
2026-08-04T21:45,26.1,54,26.9,0.0,0.0,,8.6,288,18.4,
2026-08-04T22:00,25.8,55,26.8,0.0,0.0,3,7.9,292,17.3,1010.7
2026-08-04T22:15,25.6,55,26.5,0.0,0.0,,7.2,297,16.6,
2026-08-04T22:30,25.4,56,26.5,0.0,0.0,,6.5,302,16.2,
2026-08-04T22:45,25.2,56,26.3,0.0,0.0,,6.1,306,15.8,
2026-08-04T23:00,25.0,57,26.1,0.0,0.0,0,6.1,311,16.2,1011.1
2026-08-04T23:15,24.7,59,25.8,0.0,0.0,,6.8,292,16.9,
2026-08-04T23:30,24.3,61,25.4,0.0,0.0,,7.9,273,18.4,
2026-08-04T23:45,24.0,63,24.9,0.0,0.0,,9.4,253,19.8,
2026-08-05T00:00,23.8,64,24.6,0.0,0.0,3,10.1,234,20.9,1011.3
2026-08-05T00:15,23.7,64,24.4,0.0,0.0,,10.4,238,20.9,
2026-08-05T00:30,23.7,64,24.4,0.0,0.0,,10.4,243,20.9,
2026-08-05T00:45,23.7,64,24.4,0.0,0.0,,10.1,247,20.2,
2026-08-05T01:00,23.6,64,24.4,0.0,0.0,0,10.1,251,20.2,1011.6
2026-08-05T01:15,23.5,65,24.2,0.0,0.0,,10.4,253,20.5,
2026-08-05T01:30,23.3,68,24.2,0.0,0.0,,10.4,255,21.2,
2026-08-05T01:45,23.0,70,24.0,0.0,0.0,,10.8,256,22.0,
2026-08-05T02:00,22.8,71,23.8,0.0,0.0,3,10.8,258,22.0,1011.8
2026-08-05T02:15,22.6,71,23.6,0.0,0.0,,10.4,259,21.2,
2026-08-05T02:30,22.5,71,23.5,0.0,0.0,,10.1,261,20.5,
2026-08-05T02:45,22.3,70,23.1,0.0,0.0,,9.7,262,19.4,
2026-08-05T03:00,22.1,70,22.9,0.0,0.0,3,9.4,263,18.4,1011.6
2026-08-05T03:15,21.8,71,22.6,0.0,0.0,,9.0,261,17.6,
2026-08-05T03:30,21.4,72,22.3,0.0,0.0,,8.6,260,16.9,
2026-08-05T03:45,21.1,73,22.0,0.0,0.0,,8.6,258,16.2,
2026-08-05T04:00,20.9,74,21.8,0.0,0.0,0,8.3,256,15.8,1011.6
2026-08-05T04:15,20.9,74,21.7,0.0,0.0,,8.3,252,15.5,
2026-08-05T04:30,21.0,74,21.9,0.0,0.0,,7.9,247,15.5,
2026-08-05T04:45,21.1,74,22.1,0.0,0.0,,7.9,243,15.5,
2026-08-05T05:00,21.1,74,22.1,0.0,0.0,0,7.9,238,15.8,1011.7
2026-08-05T05:15,21.0,75,22.1,0.0,0.0,,7.9,235,16.6,
2026-08-05T05:30,20.9,77,22.1,0.0,0.0,,8.3,232,17.6,
2026-08-05T05:45,20.8,79,22.0,0.0,0.0,,8.6,229,19.1,
2026-08-05T06:00,20.6,80,21.8,0.0,0.0,3,9.0,226,19.8,1011.6
2026-08-05T06:15,20.5,81,21.7,0.0,0.0,,9.4,226,20.2,
2026-08-05T06:30,20.4,81,21.4,0.0,0.0,,9.7,225,20.5,
2026-08-05T06:45,20.3,81,21.2,0.0,0.0,,10.1,225,20.5,
2026-08-05T07:00,20.3,81,21.2,0.0,0.0,3,10.1,224,20.5,1011.7
2026-08-05T07:15,20.4,81,21.4,0.0,0.0,,10.1,221,20.5,
2026-08-05T07:30,20.6,80,21.6,0.0,0.0,,9.7,218,20.2,
2026-08-05T07:45,20.8,79,21.8,0.0,0.0,,9.7,215,19.8,
2026-08-05T08:00,21.0,78,22.1,0.0,0.0,3,9.7,212,20.2,1012.3
2026-08-05T08:15,21.3,77,22.3,0.0,0.0,,10.4,215,21.2,
2026-08-05T08:30,21.6,77,22.6,0.0,0.0,,11.2,218,23.4,
2026-08-05T08:45,21.8,77,22.8,0.0,0.0,,11.9,220,25.2,
2026-08-05T09:00,22.0,76,23.0,0.0,0.0,0,12.2,223,25.9,1012.4
2026-08-05T09:15,22.0,75,23.0,0.0,0.0,,11.5,224,25.2,
2026-08-05T09:30,21.9,75,23.0,0.0,0.0,,10.4,224,23.8,
2026-08-05T09:45,21.8,74,23.0,0.0,0.0,,9.0,225,22.3,
2026-08-05T10:00,21.9,72,23.0,0.0,0.0,2,8.6,225,22.0,1012.7
2026-08-05T10:15,22.3,69,23.1,0.0,0.0,,9.4,224,23.8,
2026-08-05T10:30,22.8,65,23.3,0.0,0.0,,10.8,224,26.6,
2026-08-05T10:45,23.4,61,23.4,0.0,0.0,,12.2,223,29.5,
2026-08-05T11:00,23.7,59,23.5,0.0,0.0,3,13.3,222,31.3,1013.0
2026-08-05T11:15,23.6,59,23.3,0.0,0.0,,13.3,226,31.0,
2026-08-05T11:30,23.7,58,22.8,0.0,0.0,3,16.9,227,34.9,1012.4
2026-08-05T11:45,22.8,63,22.8,0.0,0.0,,13.0,234,28.1,
2026-08-05T12:00,22.9,63,22.7,0.0,0.0,3,14.0,235,30.2,1012.4
2026-08-05T12:15,23.5,59,23.2,0.0,0.0,,13.7,236,29.2,
2026-08-05T12:30,24.5,52,23.7,0.0,0.0,,14.4,234,31.3,
2026-08-05T12:45,25.5,46,24.3,0.0,0.0,,15.8,231,34.2,
2026-08-05T13:00,26.2,42,24.3,0.0,0.0,2,17.6,231,37.4,1012.5
2026-08-05T13:15,26.0,42,24.4,0.0,0.0,,18.4,234,39.2,
2026-08-05T13:30,25.6,44,23.8,0.0,0.0,,19.8,240,42.1,
2026-08-05T13:45,25.0,47,23.0,0.0,0.0,,21.6,245,44.3,
2026-08-05T14:00,24.9,48,22.3,0.0,0.0,3,24.1,255,47.5,1012.9
2026-08-05T14:15,25.0,47,22.6,0.0,0.0,,22.3,248,45.7,
2026-08-05T14:30,25.4,46,23.2,0.0,0.0,,21.6,246,44.6,
2026-08-05T14:45,26.1,44,24.0,0.0,0.0,0,21.2,248,49.3,1013.4
2026-08-05T15:00,26.2,43,24.1,0.0,0.0,0,20.5,243,49.3,1013.4
2026-08-05T15:15,25.8,45,23.7,0.0,0.0,0,20.5,245,49.7,1013.4
2026-08-05T15:30,26.6,41,24.3,0.0,0.0,,20.5,241,42.5,
2026-08-05T15:45,26.3,42,24.0,0.0,0.0,3,21.2,248,46.1,1013.5
2026-08-05T16:00,26.7,41,24.4,0.0,0.0,3,21.2,247,44.3,1013.5
2026-08-05T16:15,26.6,41,24.1,0.0,0.0,3,22.0,248,45.0,1013.5
2026-08-05T16:30,26.3,42,23.6,0.0,0.0,3,23.0,250,47.2,1013.6
2026-08-05T16:45,25.5,44,22.8,0.0,0.0,1,23.0,253,47.9,1013.7
2026-08-05T17:00,25.0,45,22.1,0.0,0.0,3,24.1,247,49.7,1013.7
2026-08-05T17:15,25.8,42,23.0,0.0,0.0,1,23.0,253,47.9,1013.7
2026-08-05T17:30,24.2,49,21.8,0.0,0.0,,22.7,247,49.3,
2026-08-05T17:45,24.0,51,21.8,0.0,0.0,,21.6,247,49.0,
2026-08-05T18:00,23.8,52,21.8,0.0,0.0,0,20.9,247,48.2,1013.7
2026-08-05T18:15,23.8,51,21.7,0.0,0.0,,21.2,248,47.9,
2026-08-05T18:30,24.0,49,21.6,0.0,0.0,,22.0,249,47.2,
2026-08-05T18:45,24.2,46,21.4,0.0,0.0,,22.7,250,46.4,
2026-08-05T19:00,24.2,44,21.1,0.0,0.0,0,23.4,251,46.4,1014.2
2026-08-05T19:15,24.0,42,20.6,0.0,0.0,,23.8,252,46.8,
2026-08-05T19:30,23.7,41,20.1,0.0,0.0,,23.8,253,47.5,
2026-08-05T19:45,23.3,40,19.5,0.0,0.0,,23.8,253,48.2,
2026-08-05T20:00,22.9,40,19.1,0.0,0.0,0,23.4,254,48.6,1014.6
2026-08-05T20:15,22.5,43,19.2,0.0,0.0,,21.6,251,45.7,
2026-08-05T20:30,22.2,40,18.5,0.0,0.0,0,21.6,253,45.4,1014.9
2026-08-05T20:45,21.7,44,18.4,0.0,0.0,,20.5,254,43.6,
2026-08-05T21:00,21.3,46,18.2,0.0,0.0,0,20.2,255,42.5,1015.5
2026-08-05T21:15,20.9,48,17.9,0.0,0.0,,19.8,255,41.8,
2026-08-05T21:30,20.5,51,17.7,0.0,0.0,0,19.8,254,41.0,1015.9
2026-08-05T21:45,20.0,54,17.2,0.0,0.0,0,20.2,253,40.7,1016.0
2026-08-05T22:00,19.7,57,17.1,0.0,0.0,0,19.8,253,39.6,1016.2
2026-08-05T22:15,19.4,59,16.9,0.0,0.0,0,19.1,251,38.9,1016.3
2026-08-05T22:30,19.2,61,16.9,0.0,0.0,0,18.4,249,38.5,1016.4
2026-08-05T22:45,19.0,61,16.9,0.0,0.0,0,16.9,246,35.6,1016.5
2026-08-05T23:00,18.8,62,16.8,0.0,0.0,0,16.6,245,34.9,1016.6
2026-08-05T23:15,18.5,65,16.8,0.0,0.0,,15.5,245,29.9,
2026-08-05T23:30,18.3,68,16.8,0.0,0.0,,15.1,245,29.2,
2026-08-05T23:45,18.2,70,16.8,0.0,0.0,,15.1,246,28.4,
2026-08-06T00:00,18.1,72,16.8,0.0,0.0,,14.8,246,28.1,
2026-08-06T00:15,17.9,73,16.7,0.0,0.0,,14.8,244,27.7,
2026-08-06T00:30,17.8,74,16.6,0.0,0.0,,14.4,243,27.7,
2026-08-06T00:45,17.7,74,16.5,0.0,0.0,,14.4,241,27.7,
2026-08-06T01:00,17.5,74,16.3,0.0,0.0,,14.4,239,27.7,
2026-08-06T01:15,17.4,74,16.1,0.0,0.0,,14.4,238,27.7,
2026-08-06T01:30,17.3,74,16.0,0.0,0.0,,14.4,237,28.1,
2026-08-06T01:45,17.1,75,15.8,0.0,0.0,,14.8,236,28.1,
2026-08-06T02:00,17.0,75,15.7,0.0,0.0,,14.8,235,28.1,
2026-08-06T02:15,16.9,76,15.6,0.0,0.0,,14.8,236,28.1,
2026-08-06T02:30,16.9,76,15.5,0.0,0.0,,15.1,237,28.1,
2026-08-06T02:45,16.8,77,15.4,0.0,0.0,,15.1,237,28.1,
2026-08-06T03:00,16.7,78,15.4,0.0,0.0,,15.1,238,27.7,
2026-08-06T03:15,16.5,79,15.3,0.0,0.0,,14.8,239,27.4,
2026-08-06T03:30,16.4,80,15.3,0.0,0.0,,14.4,240,26.6,
2026-08-06T03:45,16.3,80,15.1,0.0,0.0,,14.0,240,25.9,
2026-08-06T04:00,16.1,81,15.0,0.0,0.0,,13.7,241,25.2,
2026-08-06T04:15,16.0,82,15.0,0.0,0.0,,13.3,242,24.1,
2026-08-06T04:30,15.9,82,15.0,0.0,0.0,,12.6,244,23.4,
2026-08-06T04:45,15.8,83,15.0,0.0,0.0,,11.9,245,22.3,
2026-08-06T05:00,15.7,83,14.9,0.0,0.0,,11.5,246,21.2,
2026-08-06T05:15,15.6,83,14.8,0.0,0.0,,11.2,247,20.5,
2026-08-06T05:30,15.5,82,14.6,0.0,0.0,,10.8,248,19.8,
2026-08-06T05:45,15.3,82,14.5,0.0,0.0,,10.4,249,19.1,
2026-08-06T06:00,15.2,81,14.4,0.0,0.0,,10.1,250,18.7,
2026-08-06T06:15,15.2,80,14.3,0.0,0.0,,9.7,249,18.4,
2026-08-06T06:30,15.1,79,14.2,0.0,0.0,,9.7,247,18.4,
2026-08-06T06:45,15.1,78,14.1,0.0,0.0,,9.7,246,18.4,
2026-08-06T07:00,15.2,77,14.2,0.0,0.0,,9.7,244,18.7,
2026-08-06T07:15,15.4,75,14.3,0.0,0.0,,9.7,244,19.1,
2026-08-06T07:30,15.7,74,14.6,0.0,0.0,,10.1,244,19.8,
2026-08-06T07:45,16.0,72,14.8,0.0,0.0,,10.4,243,20.5,
2026-08-06T08:00,16.4,70,15.1,0.0,0.0,,10.8,243,21.2,
2026-08-06T08:15,16.7,68,15.3,0.0,0.0,,11.2,248,22.3,
2026-08-06T08:30,17.0,67,15.6,0.0,0.0,,11.5,253,23.4,
2026-08-06T08:45,17.4,65,15.9,0.0,0.0,,11.9,258,24.1,
2026-08-06T09:00,17.8,63,16.2,0.0,0.0,,12.2,263,25.2,
2026-08-06T09:15,18.2,61,16.5,0.0,0.0,,12.6,264,25.9,
2026-08-06T09:30,18.6,59,16.9,0.0,0.0,,12.6,266,26.6,
2026-08-06T09:45,19.0,57,17.2,0.0,0.0,,12.6,267,27.4,
2026-08-06T10:00,19.4,55,17.6,0.0,0.0,0,12.6,268,27.7,1019.1
2026-08-06T10:15,19.8,53,18.0,0.0,0.0,0,12.2,270,27.7,1019.2
2026-08-06T10:30,20.3,49,18.4,0.0,0.0,,12.2,274,28.1,
2026-08-06T10:45,20.7,47,19.0,0.0,0.0,,11.9,275,27.7,
2026-08-06T11:00,21.1,45,19.4,0.0,0.0,,11.5,276,27.7,
2026-08-06T11:15,21.4,43,19.8,0.0,0.0,0,11.5,277,27.7,1019.5
2026-08-06T11:30,22.0,42,20.4,0.0,0.0,1,10.4,281,25.2,1019.5
2026-08-06T11:45,22.2,40,20.6,0.0,0.0,1,10.8,281,26.3,1019.6
2026-08-06T12:00,22.4,41,21.2,0.0,0.0,,11.2,282,26.6,
2026-08-06T12:15,22.7,39,21.3,0.0,0.0,,11.5,282,27.4,
2026-08-06T12:30,23.0,37,21.5,0.0,0.0,,11.5,283,27.7,
2026-08-06T12:45,23.2,35,21.5,0.0,0.0,,11.9,283,28.4,
2026-08-06T13:00,23.4,34,21.8,0.0,0.0,,11.9,283,28.8,
2026-08-06T13:15,23.7,33,22.0,0.0,0.0,,11.9,284,29.2,
2026-08-06T13:30,23.9,33,22.3,0.0,0.0,2,11.5,286,29.2,1019.8
2026-08-06T13:45,23.9,32,22.2,0.0,0.0,,12.6,283,30.2,
2026-08-06T14:00,24.1,31,22.4,0.0,0.0,,12.6,285,30.2,
2026-08-06T14:15,24.3,30,22.5,0.0,0.0,2,12.6,290,30.2,1020.2
2026-08-06T14:30,24.5,30,22.9,0.0,0.0,0,13.3,295,31.7,1020.1
2026-08-06T14:45,24.7,29,22.9,0.0,0.0,0,13.7,299,32.0,1020.1
2026-08-06T15:00,24.8,29,23.0,0.0,0.0,0,13.7,302,32.0,1020.1
2026-08-06T15:15,24.9,29,23.1,0.0,0.0,0,13.7,304,32.0,1020.1
2026-08-06T15:30,25.0,28,23.2,0.0,0.0,0,13.3,305,31.7,1020.1
2026-08-06T15:45,24.4,31,22.3,0.0,0.0,0,12.6,314,31.7,1020.1
2026-08-06T16:00,24.4,31,22.4,0.0,0.0,0,12.6,316,32.0,1020.1
2026-08-06T16:15,24.5,30,22.4,0.0,0.0,0,12.6,318,32.0,1020.1
2026-08-06T16:30,24.7,28,22.3,0.0,0.0,0,13.0,320,31.7,1020.2
2026-08-06T16:45,24.7,28,22.2,0.0,0.0,0,12.6,320,31.3,1020.2
2026-08-06T17:00,24.4,28,21.7,0.0,0.0,,13.3,326,30.2,
2026-08-06T17:15,24.3,29,21.4,0.0,0.0,,13.7,332,31.0,
2026-08-06T17:30,24.0,31,21.0,0.0,0.0,,14.4,337,31.7,
2026-08-06T17:45,23.9,32,20.8,0.0,0.0,0,15.1,336,32.4,1020.1
2026-08-06T18:00,23.4,34,20.3,0.0,0.0,,15.8,348,33.5,
2026-08-06T18:15,23.3,35,20.2,0.0,0.0,0,15.8,342,33.5,1020.1
2026-08-06T18:30,22.7,36,19.4,0.0,0.0,,16.9,351,33.8,
2026-08-06T18:45,22.3,36,18.9,0.0,0.0,,17.3,353,33.8,
2026-08-06T19:00,21.9,37,18.5,0.0,0.0,,17.3,354,33.5,
2026-08-06T19:15,21.7,38,18.4,0.0,0.0,,16.9,354,32.8,
2026-08-06T19:30,21.5,38,18.2,0.0,0.0,,16.6,355,32.0,
2026-08-06T19:45,21.3,38,18.0,0.0,0.0,,15.8,355,31.3,
2026-08-06T20:00,21.0,39,17.9,0.0,0.0,,15.1,355,29.9,
2026-08-06T20:15,20.8,40,17.8,0.0,0.0,,14.4,354,28.1,
2026-08-06T20:30,20.5,41,17.6,0.0,0.0,,14.0,354,26.3,
2026-08-06T20:45,20.2,42,17.4,0.0,0.0,,13.3,353,24.1,
2026-08-06T21:00,19.9,42,17.2,0.0,0.0,,12.6,352,22.0,
2026-08-06T21:15,19.6,42,17.0,0.0,0.0,,11.5,352,19.4,
2026-08-06T21:30,19.2,40,16.5,0.0,0.0,,10.4,351,16.9,
2026-08-06T21:45,18.9,39,16.3,0.0,0.0,,9.0,351,14.4,
2026-08-06T22:00,18.6,39,16.1,0.0,0.0,,7.9,350,12.6,
2026-08-06T22:15,18.3,39,15.9,0.0,0.0,,7.2,356,11.2,
2026-08-06T22:30,18.1,40,15.8,0.0,0.0,,6.5,2,10.4,
2026-08-06T22:45,17.8,41,15.6,0.0,0.0,,6.1,7,9.7,
2026-08-06T23:00,17.6,43,15.5,0.0,0.0,,5.4,13,9.0,
2026-08-06T23:15,17.3,45,15.5,0.0,0.0,,4.7,16,7.9,
2026-08-06T23:30,17.1,48,15.5,0.0,0.0,,4.0,20,6.5,
2026-08-06T23:45,16.9,50,15.5,0.0,0.0,,3.2,23,5.8,
2026-08-07T00:00,16.6,52,15.4,0.0,0.0,,2.9,26,5.0,
2026-08-07T00:15,16.3,53,15.0,0.0,0.0,,3.2,4,5.4,
2026-08-07T00:30,15.9,54,14.5,0.0,0.0,,4.0,341,6.5,
2026-08-07T00:45,15.6,54,14.0,0.0,0.0,,4.7,319,7.2,
2026-08-07T01:00,15.3,55,13.7,0.0,0.0,,5.0,296,7.6,
2026-08-07T01:15,15.2,57,13.7,0.0,0.0,,4.7,323,6.8,
2026-08-07T01:30,15.2,59,14.0,0.0,0.0,,3.6,350,5.4,
2026-08-07T01:45,15.2,60,14.2,0.0,0.0,,2.5,17,4.0,
2026-08-07T02:00,15.1,62,14.3,0.0,0.0,,1.8,44,2.9,
2026-08-07T02:15,14.9,63,14.1,0.0,0.0,,1.8,39,2.9,
2026-08-07T02:30,14.6,64,13.6,0.0,0.0,,2.5,34,2.9,
2026-08-07T02:45,14.3,65,13.3,0.0,0.0,,2.9,28,3.6,
2026-08-07T03:00,14.1,65,13.0,0.0,0.0,,3.2,23,3.6,
2026-08-07T03:15,14.1,64,13.0,0.0,0.0,,2.9,48,3.2,
2026-08-07T03:30,14.2,63,13.2,0.0,0.0,,2.2,73,2.9,
2026-08-07T03:45,14.3,62,13.3,0.0,0.0,,1.8,98,2.2,
2026-08-07T04:00,14.4,62,13.4,0.0,0.0,,1.4,123,2.2,
2026-08-07T04:15,14.4,63,13.4,0.0,0.0,,1.8,135,2.5,
2026-08-07T04:30,14.3,65,13.4,0.0,0.0,,2.5,146,3.6,
2026-08-07T04:45,14.2,67,13.3,0.0,0.0,,3.2,158,4.3,
2026-08-07T05:00,14.1,68,13.1,0.0,0.0,,3.6,169,5.0,
2026-08-07T05:15,14.0,69,13.1,0.0,0.0,,3.2,156,5.4,
2026-08-07T05:30,13.8,70,13.0,0.0,0.0,,2.5,143,5.4,
2026-08-07T05:45,13.7,71,13.0,0.0,0.0,,1.8,130,5.4,
2026-08-07T06:00,13.6,71,12.9,0.0,0.0,,1.4,117,5.0,
2026-08-07T06:15,13.5,71,12.8,0.0,0.0,,1.4,125,4.7,
2026-08-07T06:30,13.4,72,12.7,0.0,0.0,,1.8,134,3.6,
2026-08-07T06:45,13.3,68,12.0,0.0,0.0,,4.3,179,5.4,
2026-08-07T07:00,13.8,64,12.4,0.0,0.0,,4.7,144,7.6,
2026-08-07T07:15,14.1,63,12.7,0.0,0.0,,5.0,145,8.6,
2026-08-07T07:30,14.5,62,13.0,0.0,0.0,,5.8,145,9.7,
2026-08-07T07:45,15.0,61,13.5,0.0,0.0,,6.1,146,10.8,
2026-08-07T08:00,15.5,60,14.0,0.0,0.0,,6.5,146,11.9,
2026-08-07T08:15,16.1,59,14.9,0.0,0.0,,4.3,178,9.7,
2026-08-07T08:30,16.5,57,15.0,0.0,0.0,2,6.1,173,13.0,1022.1
2026-08-07T08:45,16.9,52,15.2,0.0,0.0,3,6.1,174,13.7,1022.2
2026-08-07T09:00,17.5,56,16.3,0.0,0.0,,5.8,176,13.0,
2026-08-07T09:15,18.0,55,16.8,0.0,0.0,,6.1,176,14.0,
2026-08-07T09:30,18.2,48,16.8,0.0,0.0,,4.7,164,13.3,
2026-08-07T09:45,18.6,47,17.0,0.0,0.0,,5.8,162,14.8,
2026-08-07T10:00,19.4,46,17.4,0.0,0.0,2,8.6,170,19.8,1022.3
2026-08-07T10:15,19.6,44,17.8,0.0,0.0,,6.8,161,16.9,
2026-08-07T10:30,20.2,43,18.5,0.0,0.0,,6.8,174,18.7,
2026-08-07T10:45,20.7,41,19.0,0.0,0.0,,6.8,171,19.1,
2026-08-07T11:00,21.1,39,19.7,0.0,0.0,,6.5,169,19.1,
2026-08-07T11:15,21.0,43,19.4,0.0,0.0,3,7.2,174,20.2,1021.9
2026-08-07T11:30,21.4,42,20.1,0.0,0.0,,6.8,164,19.8,
2026-08-07T11:45,21.8,40,20.6,0.0,0.0,,6.1,167,19.4,
2026-08-07T12:00,22.1,38,21.1,0.0,0.0,,5.4,169,19.4,
2026-08-07T12:15,22.8,32,21.9,0.0,0.0,3,5.8,172,20.9,1021.8
2026-08-07T12:30,23.1,31,22.4,0.0,0.0,,4.3,146,18.4,
2026-08-07T12:45,23.4,30,22.9,0.0,0.0,,4.0,140,18.0,
2026-08-07T13:00,23.7,30,23.5,0.0,0.0,,3.2,134,17.6,
2026-08-07T13:15,24.0,29,24.1,0.0,0.0,2,2.5,197,17.6,1021.5
2026-08-07T13:30,24.0,30,24.1,0.0,0.0,,2.5,148,17.6,
2026-08-07T13:45,24.2,30,24.4,0.0,0.0,,2.5,154,18.0,
2026-08-07T14:00,24.4,29,24.8,0.0,0.0,1,2.2,146,17.3,1021.2
2026-08-07T14:15,24.5,30,25.1,0.0,0.0,,1.8,121,18.0,
2026-08-07T14:30,24.9,28,24.9,0.0,0.0,,4.0,138,19.8,
2026-08-07T14:45,25.0,27,25.0,0.0,0.0,,3.6,133,19.4,
2026-08-07T15:00,25.2,26,25.1,0.0,0.0,,3.6,133,19.1,
2026-08-07T15:15,25.2,26,25.1,0.0,0.0,,3.2,128,19.1,
2026-08-07T15:30,25.6,27,25.8,0.0,0.0,0,1.4,4,17.3,1020.7
2026-08-07T15:45,25.2,25,24.9,0.0,0.0,,2.5,117,19.1,
2026-08-07T16:00,26.0,26,25.7,0.0,0.0,0,2.5,7,17.6,1020.5
2026-08-07T16:15,26.1,26,25.6,0.0,0.0,0,2.9,6,17.6,1020.4
2026-08-07T16:30,25.9,26,25.2,0.0,0.0,0,2.5,74,17.6,1020.2
2026-08-07T16:45,26.0,25,25.0,0.0,0.0,0,2.9,70,17.6,1020.1
2026-08-07T17:00,25.7,25,24.8,0.0,0.0,,1.1,16,15.1,
2026-08-07T17:15,25.7,25,24.4,0.0,0.0,,1.4,15,15.1,
2026-08-07T17:30,25.6,25,24.0,0.0,0.0,,1.8,14,15.5,
2026-08-07T17:45,25.8,24,23.8,0.0,0.0,0,3.6,65,17.3,1019.8
2026-08-07T18:00,25.8,24,23.5,0.0,0.0,,5.4,59,18.0,
2026-08-07T18:15,25.7,24,23.4,0.0,0.0,,5.8,64,18.4,
2026-08-07T18:30,25.6,24,23.3,0.0,0.0,,5.8,69,18.4,
2026-08-07T18:45,25.7,25,23.7,0.0,0.0,0,4.3,10,16.9,1019.5
2026-08-07T19:00,25.4,26,23.3,0.0,0.0,,5.8,12,16.9,
2026-08-07T19:15,24.9,29,22.6,0.0,0.0,,8.6,9,21.2,
2026-08-07T19:30,24.3,32,21.5,0.0,0.0,,12.6,6,27.7,
2026-08-07T19:45,24.3,33,21.4,0.0,0.0,0,14.0,2,29.2,1019.5
2026-08-07T20:00,23.8,35,20.6,0.0,0.0,,17.3,357,33.8,
2026-08-07T20:15,23.3,37,20.1,0.0,0.0,,17.6,1,36.0,
2026-08-07T20:30,22.8,38,19.7,0.0,0.0,,16.9,4,37.4,
2026-08-07T20:45,22.4,35,19.1,0.0,0.0,0,15.5,29,34.2,1019.7
2026-08-07T21:00,21.8,41,19.1,0.0,0.0,,14.8,11,37.4,
2026-08-07T21:15,21.5,42,18.9,0.0,0.0,,14.0,15,36.0,
2026-08-07T21:30,20.8,41,17.3,0.0,0.0,,18.4,1,41.0,
2026-08-07T21:45,20.7,42,18.2,0.0,0.0,0,12.2,26,30.2,1020.0
2026-08-07T22:00,20.1,42,17.6,0.0,0.0,,11.9,16,41.0,
2026-08-07T22:15,20.1,43,17.9,0.0,0.0,,10.4,5,20.2,
2026-08-07T22:30,20.0,46,18.0,0.0,0.0,0,10.4,34,24.1,1020.2
2026-08-07T22:45,19.5,46,17.6,0.0,0.0,,8.6,27,21.2,
2026-08-07T23:00,19.3,47,17.5,0.0,0.0,,8.3,38,21.2,
2026-08-07T23:15,19.2,48,17.4,0.0,0.0,0,8.6,45,19.8,1020.3
2026-08-07T23:30,19.2,48,17.5,0.0,0.0,,7.6,59,17.3,
2026-08-07T23:45,18.5,50,16.9,0.0,0.0,,7.2,56,16.2,
2026-08-08T00:00,18.7,46,16.4,0.0,0.0,0,10.4,70,18.0,1020.3
2026-08-08T00:15,18.3,47,15.9,0.0,0.0,,11.2,74,18.0,
2026-08-08T00:30,18.2,48,15.8,0.0,0.0,,11.2,79,17.6,
2026-08-08T00:45,18.4,50,16.5,0.0,0.0,3,9.0,94,15.1,1020.5
2026-08-08T01:00,17.9,51,15.7,0.0,0.0,,10.4,87,16.6,
2026-08-08T01:15,17.6,52,15.5,0.0,0.0,,10.1,90,16.6,
2026-08-08T01:30,17.6,52,15.6,0.0,0.0,1,9.7,104,16.9,1020.5
2026-08-08T01:45,17.1,52,15.0,0.0,0.0,,9.7,97,16.9,
2026-08-08T02:00,17.1,52,15.3,0.0,0.0,0,7.6,86,12.2,1020.5
2026-08-08T02:15,16.7,54,14.7,0.0,0.0,,9.0,102,16.9,
2026-08-08T02:30,16.4,53,14.5,0.0,0.0,,7.2,85,11.5,
2026-08-08T02:45,16.1,53,14.1,0.0,0.0,,7.2,85,11.9,
2026-08-08T03:00,15.8,53,13.8,0.0,0.0,,7.2,86,11.9,
2026-08-08T03:15,15.6,54,13.6,0.0,0.0,,7.2,89,11.9,
2026-08-08T03:30,15.4,54,13.5,0.0,0.0,,6.8,93,11.9,
2026-08-08T03:45,15.2,55,13.3,0.0,0.0,,6.8,96,11.9,
2026-08-08T04:00,15.4,60,13.6,0.0,0.0,,8.3,120,14.0,
2026-08-08T04:15,15.4,59,13.4,0.0,0.0,0,9.0,117,14.8,1019.7
2026-08-08T04:30,15.1,61,13.4,0.0,0.0,,7.9,115,14.4,
2026-08-08T04:45,15.0,62,13.3,0.0,0.0,,7.6,113,14.4,
2026-08-08T05:00,14.6,61,12.9,0.0,0.0,,6.1,103,9.0,
2026-08-08T05:15,14.4,62,12.8,0.0,0.0,,6.1,102,8.6,
2026-08-08T05:30,14.3,62,12.6,0.0,0.0,,6.1,101,9.0,
2026-08-08T05:45,14.0,60,12.5,0.0,0.0,0,3.6,101,9.4,1019.5
2026-08-08T06:00,14.0,64,12.3,0.0,0.0,,6.5,99,9.4,
2026-08-08T06:15,13.8,65,12.2,0.0,0.0,,6.5,100,9.4,
2026-08-08T06:30,13.3,64,12.0,0.0,0.0,,3.2,99,4.7,
2026-08-08T06:45,13.9,66,12.5,0.0,0.0,0,5.8,107,10.8,1019.4
2026-08-08T07:00,13.3,65,11.9,0.0,0.0,,4.0,89,5.8,
2026-08-08T07:15,13.5,65,12.1,0.0,0.0,,4.3,95,6.8,
2026-08-08T07:30,14.1,65,12.6,0.0,0.0,0,5.8,110,10.4,1019.4
2026-08-08T07:45,14.9,64,13.6,0.0,0.0,,5.4,116,10.1,
2026-08-08T08:00,15.3,62,14.0,0.0,0.0,,5.4,114,10.4,
2026-08-08T08:15,15.7,60,14.2,0.0,0.0,0,6.5,117,12.6,1019.5
2026-08-08T08:30,16.6,57,15.1,0.0,0.0,,6.5,123,13.3,
2026-08-08T08:45,17.3,55,15.8,0.0,0.0,,6.5,120,14.4,
2026-08-08T09:00,17.8,51,16.0,0.0,0.0,,7.9,123,15.8,
2026-08-08T09:15,18.6,49,17.0,0.0,0.0,1,7.2,112,15.5,1019.3
2026-08-08T09:30,19.3,47,17.5,0.0,0.0,,8.6,116,17.6,
2026-08-08T09:45,20.1,45,18.3,0.0,0.0,,8.6,112,18.7,
2026-08-08T10:00,20.8,46,19.5,0.0,0.0,1,6.1,110,15.1,1019.2
2026-08-08T10:15,21.5,40,19.4,0.0,0.0,,9.4,106,20.9,
2026-08-08T10:30,22.2,40,20.4,0.0,0.0,,8.6,100,20.2,
2026-08-08T10:45,22.7,36,21.0,0.0,0.0,0,8.6,91,21.2,1019.0
2026-08-08T11:00,23.3,34,21.3,0.0,0.0,,10.4,91,24.1,
2026-08-08T11:15,23.6,32,21.6,0.0,0.0,,11.2,93,25.2,
2026-08-08T11:30,24.0,31,22.1,0.0,0.0,,11.5,97,26.6,
2026-08-08T11:45,24.3,26,22.0,0.0,0.0,0,11.9,101,27.0,1018.7
2026-08-08T12:00,24.7,29,22.9,0.0,0.0,,12.2,104,28.4,
2026-08-08T12:15,25.1,24,23.0,0.0,0.0,0,11.5,100,27.7,1018.6
2026-08-08T12:30,25.1,24,23.1,0.0,0.0,,12.2,98,29.2,
2026-08-08T12:45,25.4,24,23.6,0.0,0.0,,11.5,97,29.2,
2026-08-08T13:00,26.0,26,24.8,0.0,0.0,0,10.4,91,27.4,1018.2
2026-08-08T13:15,26.0,26,24.8,0.0,0.0,,10.8,96,28.8,
2026-08-08T13:30,26.8,24,25.7,0.0,0.0,0,10.1,104,27.7,1017.9
2026-08-08T13:45,26.6,25,25.5,0.0,0.0,,10.4,93,28.1,
2026-08-08T14:00,27.4,23,26.4,0.0,0.0,0,9.4,106,26.6,1017.6
2026-08-08T14:15,27.1,25,26.5,0.0,0.0,,8.6,85,25.6,
2026-08-08T14:30,27.4,24,26.6,0.0,0.0,,8.6,86,25.6,
2026-08-08T14:45,27.8,21,27.1,0.0,0.0,,6.5,99,23.0,
2026-08-08T15:00,27.8,21,26.4,0.0,0.0,2,10.1,87,26.6,1017.3
2026-08-08T15:15,27.9,21,26.3,0.0,0.0,,11.2,76,27.4,
2026-08-08T15:30,28.0,21,26.3,0.0,0.0,,11.2,75,27.4,
2026-08-08T15:45,28.3,22,26.7,0.0,0.0,3,10.4,82,27.0,1016.9
2026-08-08T16:00,28.2,21,26.3,0.0,0.0,,10.4,71,27.0,
2026-08-08T16:15,28.2,21,26.2,0.0,0.0,,10.1,72,26.6,
2026-08-08T16:30,28.7,21,26.8,0.0,0.0,3,8.6,92,24.1,1016.3
2026-08-08T16:45,29.0,20,27.0,0.0,0.0,,7.6,74,21.6,
2026-08-08T17:00,28.8,19,26.1,0.0,0.0,3,8.3,105,22.3,1016.0
2026-08-08T17:15,28.9,19,26.6,0.0,0.0,,5.4,95,18.7,
2026-08-08T17:30,29.0,19,26.6,0.0,0.0,,5.4,98,18.7,
2026-08-08T17:45,28.3,23,25.7,0.0,0.0,3,9.4,73,24.1,1015.6
2026-08-08T18:00,29.1,19,26.6,0.0,0.0,,6.1,103,19.1,
2026-08-08T18:15,28.2,23,25.5,0.0,0.0,3,10.1,73,23.8,1015.4
2026-08-08T18:30,29.0,20,26.6,0.0,0.0,,6.8,102,19.1,
2026-08-08T18:45,28.3,24,25.7,0.0,0.0,,10.1,73,22.7,
2026-08-08T19:00,28.4,23,25.6,0.0,0.0,3,11.2,81,23.8,1015.3
2026-08-08T19:15,28.0,24,25.4,0.0,0.0,,10.4,76,22.7,
2026-08-08T19:30,28.1,24,25.4,0.0,0.0,,11.2,77,24.1,
2026-08-08T19:45,27.9,24,25.0,0.0,0.0,0,12.2,88,24.1,1015.2
2026-08-08T20:00,27.5,25,24.8,0.0,0.0,,11.5,78,24.5,
2026-08-08T20:15,27.2,26,24.5,0.0,0.0,,11.5,77,24.1,
2026-08-08T20:30,27.0,26,24.1,0.0,0.0,0,12.2,85,25.9,1015.2
2026-08-08T20:45,26.7,26,24.1,0.0,0.0,,10.8,82,24.1,
2026-08-08T21:00,26.4,28,23.9,0.0,0.0,,10.4,71,23.8,
2026-08-08T21:15,25.5,29,23.1,0.0,0.0,0,9.7,69,20.9,1014.9
2026-08-08T21:30,25.5,30,23.2,0.0,0.0,,10.1,72,21.2,
2026-08-08T21:45,24.7,31,22.2,0.0,0.0,0,10.8,72,20.2,1015.1
2026-08-08T22:00,24.2,31,22.0,0.0,0.0,,8.3,72,16.6,
2026-08-08T22:15,23.9,33,21.4,0.0,0.0,0,10.8,71,19.4,1015.1
2026-08-08T22:30,23.3,34,21.0,0.0,0.0,,9.4,71,17.6,
2026-08-08T22:45,23.5,31,21.0,0.0,0.0,0,9.7,70,16.2,1015.2
2026-08-08T23:00,22.7,35,20.5,0.0,0.0,,9.4,70,17.6,
2026-08-08T23:15,22.4,36,20.1,0.0,0.0,,9.7,71,17.6,
2026-08-08T23:30,22.5,34,20.0,0.0,0.0,0,10.4,70,17.6,1015.1
2026-08-08T23:45,22.0,36,19.6,0.0,0.0,,9.7,75,16.6,
2026-08-09T00:00,22.3,36,19.9,0.0,0.0,,10.4,70,18.4,
2026-08-09T00:15,21.9,37,19.5,0.0,0.0,,10.4,72,18.0,
2026-08-09T00:30,21.5,39,19.3,0.0,0.0,,9.7,74,17.3,
2026-08-09T00:45,21.0,41,18.9,0.0,0.0,,9.4,76,16.2,
2026-08-09T01:00,20.6,42,18.6,0.0,0.0,,9.0,78,15.5,
2026-08-09T01:15,20.3,43,18.3,0.0,0.0,,9.0,80,15.1,
2026-08-09T01:30,20.0,43,17.9,0.0,0.0,,8.6,82,15.1,
2026-08-09T01:45,19.7,43,17.6,0.0,0.0,,8.6,84,15.1,
2026-08-09T02:00,19.5,44,17.4,0.0,0.0,,8.6,86,14.8,
2026-08-09T02:15,19.3,45,17.4,0.0,0.0,,8.3,88,14.4,
2026-08-09T02:30,19.2,46,17.3,0.0,0.0,,7.9,90,14.0,
2026-08-09T02:45,19.1,47,17.3,0.0,0.0,,7.9,92,13.3,
2026-08-09T03:00,18.9,48,17.2,0.0,0.0,,7.6,94,13.0,
2026-08-09T03:15,18.7,49,17.0,0.0,0.0,,7.6,98,12.6,
2026-08-09T03:30,18.4,50,16.7,0.0,0.0,,7.6,101,12.6,
2026-08-09T03:45,18.1,51,16.4,0.0,0.0,,7.6,105,12.6,
2026-08-09T04:00,17.9,52,16.2,0.0,0.0,,7.6,108,12.2,
2026-08-09T04:15,17.7,52,16.0,0.0,0.0,,7.6,113,11.9,
2026-08-09T04:30,17.5,52,15.7,0.0,0.0,,7.6,117,11.9,
2026-08-09T04:45,17.3,52,15.5,0.0,0.0,,7.6,122,11.5,
2026-08-09T05:00,17.1,52,15.3,0.0,0.0,,7.6,126,11.2,
2026-08-09T05:15,17.0,52,15.2,0.0,0.0,,7.2,127,10.8,
2026-08-09T05:30,16.8,53,15.0,0.0,0.0,,7.2,129,10.1,
2026-08-09T05:45,16.6,53,14.9,0.0,0.0,,6.8,130,9.4,
2026-08-09T06:00,16.5,54,14.8,0.0,0.0,,6.5,131,9.0,
2026-08-09T06:15,16.4,55,14.8,0.0,0.0,,6.1,131,8.3,
2026-08-09T06:30,16.4,57,14.9,0.0,0.0,,6.1,131,7.9,
2026-08-09T06:45,16.4,58,15.0,0.0,0.0,,6.1,131,7.6,
2026-08-09T07:00,16.5,58,15.2,0.0,0.0,,5.8,131,7.2,
2026-08-09T07:15,16.7,57,15.4,0.0,0.0,,5.4,138,7.2,
2026-08-09T07:30,17.1,55,15.9,0.0,0.0,,5.0,144,7.2,
2026-08-09T07:45,17.6,52,16.3,0.0,0.0,,4.7,151,7.6,
2026-08-09T08:00,18.2,50,16.9,0.0,0.0,,4.7,157,8.3,
2026-08-09T08:15,18.9,47,17.4,0.0,0.0,,5.0,155,9.7,
2026-08-09T08:30,19.6,44,18.0,0.0,0.0,,5.8,152,11.2,
2026-08-09T08:45,20.5,41,18.7,0.0,0.0,,6.5,150,13.0,
2026-08-09T09:00,21.3,39,19.4,0.0,0.0,,6.8,147,14.0,
2026-08-09T09:15,22.0,38,20.3,0.0,0.0,,6.5,157,14.4,
2026-08-09T09:30,22.7,37,21.2,0.0,0.0,,5.8,167,14.0,
2026-08-09T09:45,23.4,36,22.0,0.0,0.0,,5.0,177,13.3,
2026-08-09T10:00,24.2,35,23.0,0.0,0.0,,4.7,187,13.3,
2026-08-09T10:15,25.1,33,23.8,0.0,0.0,,4.7,178,13.7,
2026-08-09T10:30,26.1,31,24.8,0.0,0.0,,4.7,169,14.0,
2026-08-09T10:45,27.1,29,25.9,0.0,0.0,,5.0,159,14.8,
2026-08-09T11:00,27.9,27,26.8,0.0,0.0,,5.4,150,15.8,
2026-08-09T11:15,28.5,25,27.3,0.0,0.0,,6.1,159,16.9,
2026-08-09T11:30,29.0,24,27.7,0.0,0.0,,6.8,168,18.4,
2026-08-09T11:45,29.4,23,27.9,0.0,0.0,,7.6,176,20.2,
2026-08-09T12:00,29.7,22,27.8,0.0,0.0,,8.3,185,21.2,
2026-08-09T12:15,30.0,21,27.7,0.0,0.0,,8.3,185,21.6,
2026-08-09T12:30,30.3,20,28.0,0.0,0.0,,7.6,186,22.0,
2026-08-09T12:45,30.5,19,28.1,0.0,0.0,,7.2,186,22.3,
2026-08-09T13:00,30.7,19,28.2,0.0,0.0,,7.9,186,24.1,
2026-08-09T13:15,30.9,19,28.1,0.0,0.0,,10.4,188,28.4,
2026-08-09T13:30,31.2,19,27.8,0.0,0.0,,14.4,189,34.6,
2026-08-09T13:45,31.3,19,27.4,0.0,0.0,,18.0,191,40.3,
2026-08-09T14:00,31.2,19,27.0,0.0,0.0,,19.8,192,42.8,
2026-08-09T14:15,30.8,19,26.7,0.0,0.0,,19.1,192,41.0,
2026-08-09T14:30,30.1,20,26.4,0.0,0.0,,16.9,192,36.4,
2026-08-09T14:45,29.4,21,26.0,0.0,0.0,,14.4,192,31.0,
2026-08-09T15:00,28.8,22,25.7,0.0,0.0,,12.6,192,27.0,
2026-08-09T15:15,28.2,24,25.4,0.0,0.0,,11.9,218,25.2,
2026-08-09T15:30,27.7,26,25.1,0.0,0.0,,11.5,244,24.5,
2026-08-09T15:45,27.3,28,24.9,0.0,0.0,,11.5,270,23.8,
2026-08-09T16:00,27.1,29,24.8,0.0,0.0,,11.2,296,23.0,
2026-08-09T16:15,27.1,30,25.0,0.0,0.0,,10.4,265,22.0,
2026-08-09T16:30,27.2,30,25.3,0.0,0.0,,9.7,235,20.9,
2026-08-09T16:45,27.4,30,25.6,0.0,0.0,,9.4,204,19.4,
2026-08-09T17:00,27.6,30,25.8,0.0,0.0,,9.0,173,18.7,
2026-08-09T17:15,27.6,30,25.9,0.0,0.0,,9.4,172,18.4,
2026-08-09T17:30,27.6,29,25.6,0.0,0.0,,9.7,171,18.0,
2026-08-09T17:45,27.6,28,25.4,0.0,0.0,,10.4,170,17.6,
2026-08-09T18:00,27.6,28,25.3,0.0,0.0,,10.8,169,17.6,
2026-08-09T18:15,27.6,28,25.3,0.0,0.0,,10.8,165,17.6,
2026-08-09T18:30,27.6,28,25.4,0.0,0.0,,10.4,161,17.6,
2026-08-09T18:45,27.7,28,25.6,0.0,0.0,,10.1,157,17.6,
2026-08-09T19:00,27.7,29,25.8,0.0,0.0,,9.7,153,17.6,
2026-08-09T19:15,27.9,30,26.2,0.0,0.0,,9.7,155,18.0,
2026-08-09T19:30,28.2,32,26.7,0.0,0.0,,9.7,157,18.0,
2026-08-09T19:45,28.3,33,27.1,0.0,0.0,,9.7,159,18.4,
2026-08-09T20:00,28.3,34,27.1,0.0,0.0,,9.7,161,18.4,
2026-08-09T20:15,27.9,34,26.6,0.0,0.0,,9.7,153,18.0,
2026-08-09T20:30,27.2,34,25.8,0.0,0.0,,9.7,144,17.3,
2026-08-09T20:45,26.5,33,24.9,0.0,0.0,,9.4,136,16.6,
2026-08-09T21:00,25.9,34,24.2,0.0,0.0,,9.4,127,15.8,
2026-08-09T21:15,25.3,36,23.7,0.0,0.0,,9.4,127,15.5,
2026-08-09T21:30,24.8,39,23.4,0.0,0.0,,9.4,127,14.8,
2026-08-09T21:45,24.3,43,23.3,0.0,0.0,,9.0,126,14.4,
2026-08-09T22:00,24.0,45,23.1,0.0,0.0,,8.6,126,13.7,
2026-08-09T22:15,23.9,46,23.2,0.0,0.0,,7.9,151,12.6,
2026-08-09T22:30,23.9,47,23.5,0.0,0.0,,6.8,177,11.2,
2026-08-09T22:45,24.0,48,23.8,0.0,0.0,,6.1,202,10.1,
2026-08-09T23:00,23.9,48,23.8,0.0,0.0,,5.4,227,9.4,
2026-08-09T23:15,23.7,48,23.5,0.0,0.0,,5.4,231,9.7,
2026-08-09T23:30,23.3,48,23.0,0.0,0.0,,5.8,235,10.8,
2026-08-09T23:45,22.9,48,22.4,0.0,0.0,,6.1,239,12.2,
2026-08-10T00:00,22.6,48,21.9,0.0,0.0,,6.8,243,13.3,
2026-08-10T00:15,22.3,49,21.5,0.0,0.0,,7.6,242,14.4,
2026-08-10T00:30,22.0,50,21.1,0.0,0.0,,8.3,241,15.5,
2026-08-10T00:45,21.7,52,20.8,0.0,0.0,,9.0,239,16.6,
2026-08-10T01:00,21.4,54,20.5,0.0,0.0,,9.7,238,18.0,
2026-08-10T01:15,21.0,57,20.1,0.0,0.0,,10.8,236,19.8,
2026-08-10T01:30,20.6,61,19.8,0.0,0.0,,11.9,235,22.0,
2026-08-10T01:45,20.2,65,19.5,0.0,0.0,,12.6,233,24.1,
2026-08-10T02:00,19.9,69,19.3,0.0,0.0,,13.3,231,25.2,
2026-08-10T02:15,19.7,72,19.2,0.0,0.0,,13.3,231,25.2,
2026-08-10T02:30,19.5,75,19.3,0.0,0.0,,13.0,231,24.5,
2026-08-10T02:45,19.3,77,19.2,0.0,0.0,,12.6,231,23.4,
2026-08-10T03:00,19.2,79,19.2,0.0,0.0,,12.2,231,22.3,
2026-08-10T03:15,19.0,80,19.1,0.0,0.0,,11.9,232,21.2,
2026-08-10T03:30,18.7,79,18.7,0.0,0.0,,11.5,232,20.5,
2026-08-10T03:45,18.5,79,18.5,0.0,0.0,,10.8,233,19.4,
2026-08-10T04:00,18.4,78,18.3,0.0,0.0,,10.8,233,19.1,
2026-08-10T04:15,18.3,78,18.1,0.0,0.0,,11.2,235,19.4,
2026-08-10T04:30,18.3,77,18.0,0.0,0.0,,11.5,237,20.2,
2026-08-10T04:45,18.2,77,17.8,0.0,0.0,,12.2,239,20.9,
2026-08-10T05:00,18.2,77,17.7,0.0,0.0,,12.6,241,21.2,
2026-08-10T05:15,18.0,79,17.6,0.0,0.0,,12.6,242,21.2,
2026-08-10T05:30,17.9,81,17.5,0.0,0.0,,12.6,243,21.2,
2026-08-10T05:45,17.7,84,17.5,0.0,0.0,,12.2,243,21.2,
2026-08-10T06:00,17.5,86,17.5,0.0,0.0,,11.9,244,20.5,
2026-08-10T06:15,17.3,87,17.5,0.0,0.0,,10.8,246,19.4,
2026-08-10T06:30,17.1,88,17.4,0.0,0.0,,9.7,247,17.6,
2026-08-10T06:45,17.0,89,17.5,0.0,0.0,,8.6,249,16.2,
2026-08-10T07:00,17.0,89,17.6,0.0,0.0,,7.9,250,15.5,
2026-08-10T07:15,17.2,89,17.8,0.0,0.0,,8.3,251,15.8,
2026-08-10T07:30,17.6,88,18.1,0.0,0.0,,9.0,252,17.3,
2026-08-10T07:45,18.0,87,18.6,0.0,0.0,,9.7,252,18.4,
2026-08-10T08:00,18.4,85,19.0,0.0,0.0,,10.1,253,19.4,
2026-08-10T08:15,18.8,83,19.4,0.0,0.0,,9.7,262,19.8,
2026-08-10T08:30,19.2,81,19.9,0.0,0.0,,9.4,271,19.4,
2026-08-10T08:45,19.7,78,20.4,0.0,0.0,,8.6,279,19.4,
2026-08-10T09:00,20.2,75,20.9,0.0,0.0,,8.3,288,19.4,
2026-08-10T09:15,20.9,71,21.4,0.0,0.0,,8.6,295,20.2,
2026-08-10T09:30,21.6,67,22.1,0.0,0.0,,9.0,302,21.2,
2026-08-10T09:45,22.4,62,22.6,0.0,0.0,,9.4,309,22.0,
2026-08-10T10:00,23.1,59,23.2,0.0,0.0,,9.7,316,22.7,
2026-08-10T10:15,23.6,57,23.8,0.0,0.0,,9.4,323,22.7,
2026-08-10T10:30,24.1,56,24.3,0.0,0.0,,9.0,331,22.3,
2026-08-10T10:45,24.5,55,24.9,0.0,0.0,,8.6,338,21.6,
2026-08-10T11:00,24.9,54,25.6,0.0,0.0,,8.3,345,21.6,
2026-08-10T11:15,25.3,52,26.0,0.0,0.0,,8.3,344,22.0,
2026-08-10T11:30,25.7,50,26.3,0.0,0.0,,8.6,343,22.7,
2026-08-10T11:45,26.1,48,26.6,0.0,0.0,,9.0,341,23.4,
2026-08-10T12:00,26.3,46,26.8,0.0,0.0,,9.4,340,23.8,
2026-08-10T12:15,26.5,46,27.0,0.0,0.0,,9.4,343,23.8,
2026-08-10T12:30,26.6,46,27.2,0.0,0.0,,9.4,345,23.8,
2026-08-10T12:45,26.6,46,27.1,0.0,0.0,,9.0,348,23.8,
2026-08-10T13:00,26.7,46,26.8,0.0,0.0,,9.0,350,23.8,
2026-08-10T13:15,26.9,45,26.9,0.0,0.0,,8.6,349,24.1,
2026-08-10T13:30,27.2,44,27.2,0.0,0.0,,8.6,349,24.1,
2026-08-10T13:45,27.5,42,27.4,0.0,0.0,,8.6,348,24.5,
2026-08-10T14:00,27.7,41,27.4,0.0,0.0,,9.0,347,25.6,
2026-08-10T14:15,27.7,41,27.5,0.0,0.0,,10.4,350,27.4,
2026-08-10T14:30,27.7,41,27.6,0.0,0.0,,12.6,354,29.9,
2026-08-10T14:45,27.6,41,27.3,0.0,0.0,,14.4,357,32.0,
2026-08-10T15:00,27.5,41,26.9,0.0,0.0,,15.8,0,33.5,
2026-08-10T15:15,27.5,41,26.6,0.0,0.0,,16.2,358,33.5,
2026-08-10T15:30,27.4,41,26.3,0.0,0.0,,15.8,356,33.1,
2026-08-10T15:45,27.3,41,26.1,0.0,0.0,,15.1,354,32.0,
2026-08-10T16:00,27.2,41,25.9,0.0,0.0,,15.1,352,32.0,
2026-08-10T16:15,27.1,42,25.8,0.0,0.0,,15.8,357,32.8,
2026-08-10T16:30,27.0,42,25.5,0.0,0.0,,16.9,3,34.2,
2026-08-10T16:45,26.9,43,25.3,0.0,0.0,,17.6,8,35.6,
2026-08-10T17:00,26.7,44,25.1,0.0,0.0,,18.4,13,36.4,
2026-08-10T17:15,26.5,45,25.0,0.0,0.0,,18.4,13,36.0,
2026-08-10T17:30,26.3,46,24.9,0.0,0.0,,17.6,13,35.3,
2026-08-10T17:45,26.0,46,24.6,0.0,0.0,,16.9,13,34.2,
2026-08-10T18:00,25.8,47,24.5,0.0,0.0,,16.6,13,33.8,
2026-08-10T18:15,25.6,47,24.3,0.0,0.0,,16.6,13,34.2,
2026-08-10T18:30,25.5,48,24.2,0.0,0.0,,17.3,13,34.6,
2026-08-10T18:45,25.4,48,23.9,0.0,0.0,,17.6,12,35.3,
2026-08-10T19:00,25.2,49,23.8,0.0,0.0,,17.6,12,35.3,
2026-08-10T19:15,24.8,50,23.5,0.0,0.0,,17.3,14,34.6,
2026-08-10T19:30,24.4,52,23.2,0.0,0.0,,16.6,15,33.1,
2026-08-10T19:45,23.9,53,22.8,0.0,0.0,,15.8,17,31.7,
2026-08-10T20:00,23.4,55,22.5,0.0,0.0,,15.1,18,30.2,
2026-08-10T20:15,22.9,56,22.0,0.0,0.0,,14.8,19,29.2,
2026-08-10T20:30,22.4,58,21.5,0.0,0.0,,14.4,21,28.4,
2026-08-10T20:45,21.9,59,21.0,0.0,0.0,,14.4,22,27.7,
2026-08-10T21:00,21.5,60,20.5,0.0,0.0,,14.0,23,27.0,
2026-08-10T21:15,21.1,61,20.1,0.0,0.0,,14.0,23,26.6,
2026-08-10T21:30,20.7,63,19.8,0.0,0.0,,14.0,23,26.3,
2026-08-10T21:45,20.4,64,19.5,0.0,0.0,,13.7,23,25.9,
2026-08-10T22:00,20.1,65,19.2,0.0,0.0,,13.7,23,25.6,
2026-08-10T22:15,19.9,65,19.0,0.0,0.0,,13.3,23,24.8,
2026-08-10T22:30,19.8,66,18.9,0.0,0.0,,13.0,24,23.8,
2026-08-10T22:45,19.6,66,18.8,0.0,0.0,,12.2,24,23.0,
2026-08-10T23:00,19.4,66,18.5,0.0,0.0,,11.9,24,22.0,
2026-08-10T23:15,19.0,67,18.3,0.0,0.0,,11.2,23,20.9,
2026-08-10T23:30,18.6,69,17.9,0.0,0.0,,10.8,22,20.2,
2026-08-10T23:45,18.2,70,17.5,0.0,0.0,,10.1,21,19.4,
2026-08-11T00:00,17.9,71,17.2,0.0,0.0,,9.7,20,18.7,
2026-08-11T00:15,17.8,71,17.2,0.0,0.0,,9.4,22,18.4,
2026-08-11T00:30,17.7,70,17.0,0.0,0.0,,9.4,24,18.4,
2026-08-11T00:45,17.8,69,17.0,0.0,0.0,,9.4,26,18.7,
2026-08-11T01:00,17.7,69,17.0,0.0,0.0,,9.4,28,18.7,
2026-08-11T01:15,17.6,69,16.8,0.0,0.0,,9.7,31,19.1,
2026-08-11T01:30,17.5,70,16.6,0.0,0.0,,10.1,33,19.4,
2026-08-11T01:45,17.3,70,16.4,0.0,0.0,,10.4,36,19.8,
2026-08-11T02:00,17.1,71,16.2,0.0,0.0,,10.4,38,19.8,
2026-08-11T02:15,16.9,72,16.0,0.0,0.0,,10.1,41,19.1,
2026-08-11T02:30,16.6,74,15.7,0.0,0.0,,9.7,44,18.0,
2026-08-11T02:45,16.3,75,15.5,0.0,0.0,,9.4,46,16.6,
2026-08-11T03:00,16.1,76,15.4,0.0,0.0,,9.0,49,15.8,
2026-08-11T03:15,16.1,76,15.3,0.0,0.0,,9.0,51,15.5,
2026-08-11T03:30,16.1,74,15.2,0.0,0.0,,9.4,54,15.5,
2026-08-11T03:45,16.2,73,15.2,0.0,0.0,,9.7,56,16.2,
2026-08-11T04:00,16.2,72,15.1,0.0,0.0,,10.4,58,16.9,
2026-08-11T04:15,16.2,71,14.8,0.0,0.0,,11.5,59,18.7,
2026-08-11T04:30,16.2,71,14.6,0.0,0.0,,12.6,61,20.9,
2026-08-11T04:45,16.1,71,14.3,0.0,0.0,,13.7,62,23.0,
2026-08-11T05:00,16.0,71,14.1,0.0,0.0,,14.4,63,24.8,
2026-08-11T05:15,15.8,72,13.8,0.0,0.0,,14.8,64,25.6,
2026-08-11T05:30,15.5,75,13.6,0.0,0.0,,14.8,65,25.9,
2026-08-11T05:45,15.2,77,13.4,0.0,0.0,,14.8,65,25.9,
2026-08-11T06:00,15.0,78,13.2,0.0,0.0,,14.4,66,25.9,
2026-08-11T06:15,14.8,78,13.1,0.0,0.0,,14.0,66,25.6,
2026-08-11T06:30,14.7,76,12.9,0.0,0.0,,13.3,67,24.5,
2026-08-11T06:45,14.6,74,12.7,0.0,0.0,,12.6,67,23.8,
2026-08-11T07:00,14.6,73,12.7,0.0,0.0,,12.6,67,23.8,
2026-08-11T07:15,14.7,72,12.7,0.0,0.0,,13.3,68,25.2,
2026-08-11T07:30,14.9,71,12.7,0.0,0.0,,14.4,68,27.4,
2026-08-11T07:45,15.1,70,12.8,0.0,0.0,,15.5,69,29.5,
2026-08-11T08:00,15.4,69,13.0,0.0,0.0,,16.2,69,31.0,
2026-08-11T08:15,15.7,68,13.3,0.0,0.0,,16.2,71,31.0,
2026-08-11T08:30,16.0,68,13.7,0.0,0.0,,15.8,72,29.9,
2026-08-11T08:45,16.3,67,14.2,0.0,0.0,,15.1,74,28.8,
2026-08-11T09:00,16.8,65,14.7,0.0,0.0,,14.8,75,28.1,
2026-08-11T09:15,17.4,62,15.2,0.0,0.0,,14.8,77,28.1,
2026-08-11T09:30,18.1,59,16.0,0.0,0.0,,14.4,80,28.1,
2026-08-11T09:45,18.8,56,16.6,0.0,0.0,,14.4,82,28.1,
2026-08-11T10:00,19.4,53,17.2,0.0,0.0,,14.4,84,28.4,
2026-08-11T10:15,19.9,52,17.7,0.0,0.0,,14.4,83,28.4,
2026-08-11T10:30,20.3,51,18.1,0.0,0.0,,14.4,81,28.8,
2026-08-11T10:45,20.6,51,18.7,0.0,0.0,,14.4,80,29.2,
2026-08-11T11:00,21.0,50,19.3,0.0,0.0,,14.4,78,29.5,
2026-08-11T11:15,21.5,48,19.9,0.0,0.0,,14.8,77,30.2,
2026-08-11T11:30,21.9,46,20.3,0.0,0.0,,15.5,77,31.3,
2026-08-11T11:45,22.4,44,20.8,0.0,0.0,,15.8,76,32.0,
2026-08-11T12:00,22.8,42,21.3,0.0,0.0,,15.8,75,32.4,
2026-08-11T12:15,23.2,40,21.8,0.0,0.0,,15.1,74,32.0,
2026-08-11T12:30,23.6,38,22.4,0.0,0.0,,14.0,73,31.3,
2026-08-11T12:45,24.0,36,23.0,0.0,0.0,,12.6,71,30.2,
2026-08-11T13:00,24.4,34,23.4,0.0,0.0,,11.9,70,29.5,
2026-08-11T13:15,24.7,32,23.7,0.0,0.0,,11.5,72,29.2,
2026-08-11T13:30,25.1,31,24.2,0.0,0.0,,11.2,74,28.8,
2026-08-11T13:45,25.4,29,24.4,0.0,0.0,,11.2,75,28.8,
2026-08-11T14:00,25.7,28,24.6,0.0,0.0,,11.5,77,28.8,
2026-08-11T14:15,26.1,27,24.8,0.0,0.0,,12.2,76,29.5,
2026-08-11T14:30,26.4,26,24.9,0.0,0.0,,13.0,74,30.6,
2026-08-11T14:45,26.7,26,25.0,0.0,0.0,,14.0,73,31.7,
2026-08-11T15:00,26.9,25,25.0,0.0,0.0,,14.8,71,32.4,
2026-08-11T15:15,27.0,24,24.8,0.0,0.0,,15.1,70,32.8,
2026-08-11T15:30,27.1,24,24.7,0.0,0.0,,15.5,70,32.8,
2026-08-11T15:45,27.1,23,24.5,0.0,0.0,,15.5,69,32.8,
2026-08-11T16:00,27.1,23,24.3,0.0,0.0,,15.8,68,32.8,
2026-08-11T16:15,27.1,23,24.2,0.0,0.0,,16.2,68,32.8,
2026-08-11T16:30,27.2,24,24.3,0.0,0.0,,16.2,68,33.1,
2026-08-11T16:45,27.3,24,24.2,0.0,0.0,,16.6,68,33.5,
2026-08-11T17:00,27.4,24,24.1,0.0,0.0,,16.6,68,33.5,
2026-08-11T17:15,27.4,23,23.8,0.0,0.0,,16.9,68,33.8,
2026-08-11T17:30,27.5,22,23.6,0.0,0.0,,16.9,69,34.2,
2026-08-11T17:45,27.5,21,23.4,0.0,0.0,,17.3,69,34.2,
2026-08-11T18:00,27.5,21,23.5,0.0,0.0,,16.9,69,33.8,
2026-08-11T18:15,27.5,21,23.5,0.0,0.0,,16.2,67,32.8,
2026-08-11T18:30,27.4,22,23.8,0.0,0.0,,14.8,65,31.0,
2026-08-11T18:45,27.3,22,23.8,0.0,0.0,,13.3,63,28.8,
2026-08-11T19:00,27.1,23,23.9,0.0,0.0,,12.6,61,27.7,
2026-08-11T19:15,26.9,23,23.7,0.0,0.0,,12.2,61,27.4,
2026-08-11T19:30,26.7,24,23.5,0.0,0.0,,12.2,60,27.4,
2026-08-11T19:45,26.4,24,23.1,0.0,0.0,,12.6,60,27.7,
2026-08-11T20:00,26.1,25,22.9,0.0,0.0,,13.0,59,27.7,
2026-08-11T20:15,25.7,26,22.5,0.0,0.0,,13.3,58,27.7,
2026-08-11T20:30,25.3,27,22.0,0.0,0.0,,14.0,57,27.7,
2026-08-11T20:45,24.9,28,21.6,0.0,0.0,,14.4,55,27.7,
2026-08-11T21:00,24.5,29,21.2,0.0,0.0,,14.8,54,27.7,
2026-08-11T21:15,24.2,30,21.0,0.0,0.0,,14.4,55,27.4,
2026-08-11T21:30,23.9,30,20.7,0.0,0.0,,14.0,56,27.4,
2026-08-11T21:45,23.5,31,20.4,0.0,0.0,,13.3,57,27.0,
2026-08-11T22:00,23.2,31,20.1,0.0,0.0,,13.0,58,26.6,
2026-08-11T22:15,22.9,31,19.8,0.0,0.0,,12.6,57,26.3,
2026-08-11T22:30,22.6,31,19.5,0.0,0.0,,12.2,55,25.9,
2026-08-11T22:45,22.4,32,19.4,0.0,0.0,,11.9,54,25.6,
2026-08-11T23:00,22.1,32,19.0,0.0,0.0,,11.9,52,25.6,
2026-08-11T23:15,21.8,33,18.7,0.0,0.0,,12.2,56,25.9,
2026-08-11T23:30,21.4,34,18.2,0.0,0.0,,13.3,60,26.3,
2026-08-11T23:45,21.1,35,17.9,0.0,0.0,,14.0,63,26.6,
2026-08-12T00:00,20.8,36,17.5,0.0,0.0,,14.8,67,27.0,
2026-08-12T00:15,20.6,37,17.2,0.0,0.0,,15.1,68,27.0,
2026-08-12T00:30,20.3,38,17.0,0.0,0.0,,15.1,68,27.0,
2026-08-12T00:45,20.1,38,16.8,0.0,0.0,,14.8,69,27.0,
2026-08-12T01:00,19.9,39,16.7,0.0,0.0,,14.8,69,27.0,
2026-08-12T01:15,19.7,39,16.4,0.0,0.0,,14.8,70,26.6,
2026-08-12T01:30,19.5,39,16.2,0.0,0.0,,14.4,71,26.3,
2026-08-12T01:45,19.4,40,16.2,0.0,0.0,,14.0,71,25.9,
2026-08-12T02:00,19.2,40,16.0,0.0,0.0,,14.0,72,25.9,
2026-08-12T02:15,19.0,41,15.7,0.0,0.0,,14.4,73,26.3,
2026-08-12T02:30,18.8,42,15.5,0.0,0.0,,14.8,74,27.4,
2026-08-12T02:45,18.6,43,15.3,0.0,0.0,,15.1,75,28.1,
2026-08-12T03:00,18.4,44,15.1,0.0,0.0,,15.1,76,28.1,
2026-08-12T03:15,18.2,45,15.0,0.0,0.0,,14.8,77,27.4,
2026-08-12T03:30,17.9,45,14.8,0.0,0.0,,14.0,78,26.3,
2026-08-12T03:45,17.7,45,14.6,0.0,0.0,,13.3,78,24.8,
2026-08-12T04:00,17.5,46,14.6,0.0,0.0,,12.6,79,23.8,
2026-08-12T04:15,17.3,47,14.5,0.0,0.0,,12.2,78,23.0,
2026-08-12T04:30,17.1,48,14.3,0.0,0.0,,12.2,78,22.7,
2026-08-12T04:45,16.9,49,14.2,0.0,0.0,,12.2,77,22.3,
2026-08-12T05:00,16.8,50,14.0,0.0,0.0,,12.2,76,22.0,
2026-08-12T05:15,16.7,51,14.0,0.0,0.0,,12.2,77,22.0,
2026-08-12T05:30,16.6,51,13.9,0.0,0.0,,12.2,78,22.3,
2026-08-12T05:45,16.5,52,13.9,0.0,0.0,,12.2,79,22.3,
2026-08-12T06:00,16.4,52,13.8,0.0,0.0,,12.2,80,22.3,
2026-08-12T06:15,16.2,52,13.6,0.0,0.0,,11.9,78,21.6,
2026-08-12T06:30,15.9,52,13.3,0.0,0.0,,11.2,77,20.2,
2026-08-12T06:45,15.7,51,13.0,0.0,0.0,,10.8,75,19.1,
2026-08-12T07:00,15.6,51,12.9,0.0,0.0,,10.4,73,18.7,
2026-08-12T07:15,15.7,51,13.0,0.0,0.0,,10.8,75,19.4,
2026-08-12T07:30,15.9,51,13.2,0.0,0.0,,11.2,77,20.5,
2026-08-12T07:45,16.2,51,13.6,0.0,0.0,,11.5,79,22.0,
2026-08-12T08:00,16.6,50,13.9,0.0,0.0,,11.5,81,22.3,
2026-08-12T08:15,17.0,49,14.5,0.0,0.0,,10.4,76,21.6,
2026-08-12T08:30,17.5,48,15.3,0.0,0.0,,9.0,72,19.8,
2026-08-12T08:45,18.1,47,16.1,0.0,0.0,,7.6,67,18.0,
2026-08-12T09:00,18.6,45,16.8,0.0,0.0,,6.5,62,16.9,
2026-08-12T09:15,19.2,43,17.3,0.0,0.0,,6.1,70,16.6,
2026-08-12T09:30,19.7,41,17.7,0.0,0.0,,6.5,79,16.2,
2026-08-12T09:45,20.2,39,18.2,0.0,0.0,,6.5,87,16.6,
2026-08-12T10:00,20.9,37,18.9,0.0,0.0,,6.8,95,16.6,
2026-08-12T10:15,21.8,35,19.7,0.0,0.0,,6.8,94,16.6,
2026-08-12T10:30,22.7,33,20.6,0.0,0.0,,6.8,93,16.9,
2026-08-12T10:45,23.7,32,21.8,0.0,0.0,,7.2,92,17.3,
2026-08-12T11:00,24.6,30,22.9,0.0,0.0,,7.2,91,17.6,
2026-08-12T11:15,25.3,29,23.9,0.0,0.0,,7.2,90,18.0,
2026-08-12T11:30,26.0,28,24.7,0.0,0.0,,7.6,88,18.4,
2026-08-12T11:45,26.6,27,25.5,0.0,0.0,,7.6,87,18.7,
2026-08-12T12:00,27.3,26,26.2,0.0,0.0,,7.9,85,19.4,
2026-08-12T12:15,27.9,24,26.8,0.0,0.0,,8.3,85,20.5,
2026-08-12T12:30,28.5,22,27.2,0.0,0.0,,9.0,85,21.6,
2026-08-12T12:45,29.1,20,27.6,0.0,0.0,,9.7,84,23.0,
2026-08-12T13:00,29.7,19,28.1,0.0,0.0,,10.4,84,24.1,
2026-08-12T13:15,30.2,18,28.5,0.0,0.0,,10.8,87,24.8,
2026-08-12T13:30,30.7,18,29.0,0.0,0.0,,11.5,90,25.9,
2026-08-12T13:45,31.1,17,29.3,0.0,0.0,,11.9,92,26.3,
2026-08-12T14:00,31.4,17,29.7,0.0,0.0,,11.9,95,26.6,
2026-08-12T14:15,31.7,17,30.1,0.0,0.0,,11.5,92,26.3,
2026-08-12T14:30,31.9,17,30.4,0.0,0.0,,11.2,88,25.6,
2026-08-12T14:45,32.1,17,30.6,0.0,0.0,,10.4,85,24.8,
2026-08-12T15:00,32.2,17,30.8,0.0,0.0,,10.1,81,24.5,
2026-08-12T15:15,32.4,17,30.9,0.0,0.0,,10.1,81,24.8,
2026-08-12T15:30,32.5,17,30.9,0.0,0.0,,10.4,81,25.6,
2026-08-12T15:45,32.6,16,30.7,0.0,0.0,,10.4,80,26.3,
2026-08-12T16:00,32.8,16,30.7,0.0,0.0,,10.8,80,26.6,
2026-08-12T16:15,32.9,16,30.7,0.0,0.0,,10.8,78,26.6,
2026-08-12T16:30,33.1,16,30.8,0.0,0.0,,11.2,76,26.6,
2026-08-12T16:45,33.3,16,30.8,0.0,0.0,,11.2,74,26.3,
2026-08-12T17:00,33.3,16,30.6,0.0,0.0,,11.5,72,26.3,
2026-08-12T17:15,33.3,16,30.3,0.0,0.0,,11.9,70,26.6,
2026-08-12T17:30,33.2,17,30.2,0.0,0.0,,12.2,67,26.6,
2026-08-12T17:45,33.1,18,30.1,0.0,0.0,,12.6,65,27.0,
2026-08-12T18:00,32.9,18,30.0,0.0,0.0,,12.6,62,27.0,
2026-08-12T18:15,32.8,18,29.8,0.0,0.0,,12.6,62,26.6,
2026-08-12T18:30,32.6,18,29.7,0.0,0.0,,12.2,61,25.6,
2026-08-12T18:45,32.5,18,29.5,0.0,0.0,,11.9,61,24.8,
2026-08-12T19:00,32.3,18,29.4,0.0,0.0,,11.5,60,24.1,
2026-08-12T19:15,32.1,18,29.1,0.0,0.0,,11.5,58,23.8,
2026-08-12T19:30,31.9,19,29.1,0.0,0.0,,11.9,56,23.8,
2026-08-12T19:45,31.7,19,28.7,0.0,0.0,,12.2,53,24.1,
2026-08-12T20:00,31.4,20,28.5,0.0,0.0,,12.2,51,23.8,
2026-08-12T20:15,30.9,21,28.1,0.0,0.0,,12.2,51,23.4,
2026-08-12T20:30,30.3,21,27.5,0.0,0.0,,11.9,50,22.7,
2026-08-12T20:45,29.7,22,27.0,0.0,0.0,,11.5,50,22.0,
2026-08-12T21:00,29.2,22,26.4,0.0,0.0,,11.2,49,21.2,
2026-08-12T21:15,28.7,23,26.0,0.0,0.0,,10.8,49,20.5,
2026-08-12T21:30,28.3,23,25.5,0.0,0.0,,10.8,49,20.2,
2026-08-12T21:45,27.9,24,25.2,0.0,0.0,,10.8,49,19.4,
2026-08-12T22:00,27.5,24,24.8,0.0,0.0,,10.8,49,19.4,
2026-08-12T22:15,27.2,24,24.3,0.0,0.0,,11.2,51,20.2,
2026-08-12T22:30,26.9,25,24.1,0.0,0.0,,11.5,53,20.9,
2026-08-12T22:45,26.6,25,23.7,0.0,0.0,,11.9,55,22.0,
2026-08-12T23:00,26.3,26,23.4,0.0,0.0,,12.2,57,22.7,
2026-08-12T23:15,25.9,27,23.0,0.0,0.0,,12.2,59,22.7,
2026-08-12T23:30,25.5,28,22.6,0.0,0.0,,12.6,60,22.7,
2026-08-12T23:45,25.1,29,22.2,0.0,0.0,,12.2,62,22.0,
2026-08-13T00:00,24.7,30,21.9,0.0,0.0,,12.2,63,21.6,
2026-08-13T00:15,24.5,30,21.7,0.0,0.0,,11.9,63,20.9,
2026-08-13T00:30,24.3,29,21.4,0.0,0.0,,11.5,63,20.2,
2026-08-13T00:45,24.1,29,21.3,0.0,0.0,,10.8,63,19.1,
2026-08-13T01:00,23.9,28,21.0,0.0,0.0,,10.4,63,18.4,
2026-08-13T01:15,23.7,28,20.8,0.0,0.0,,10.1,68,17.6,
2026-08-13T01:30,23.4,27,20.5,0.0,0.0,,9.7,73,17.3,
2026-08-13T01:45,23.2,27,20.3,0.0,0.0,,9.0,77,16.9,
2026-08-13T02:00,23.0,27,20.0,0.0,0.0,,9.0,82,16.6,
2026-08-13T02:15,22.7,28,19.8,0.0,0.0,,9.4,86,16.9,
2026-08-13T02:30,22.5,29,19.5,0.0,0.0,,9.7,89,17.3,
2026-08-13T02:45,22.2,30,19.2,0.0,0.0,,10.1,93,18.0,
2026-08-13T03:00,21.9,31,19.0,0.0,0.0,,10.1,96,17.6,
2026-08-13T03:15,21.5,31,18.6,0.0,0.0,,9.7,94,16.6,
2026-08-13T03:30,21.1,31,18.2,0.0,0.0,,8.6,92,14.4,
2026-08-13T03:45,20.7,31,17.9,0.0,0.0,,7.9,90,12.6,
2026-08-13T04:00,20.3,31,17.6,0.0,0.0,,7.2,88,11.2,
2026-08-13T04:15,20.1,31,17.3,0.0,0.0,,6.8,91,10.4,
2026-08-13T04:30,19.8,32,17.2,0.0,0.0,,6.5,94,10.1,
2026-08-13T04:45,19.6,32,17.0,0.0,0.0,,6.1,96,9.7,
2026-08-13T05:00,19.5,33,16.9,0.0,0.0,,6.1,99,9.7,
2026-08-13T05:15,19.3,34,16.8,0.0,0.0,,6.1,100,9.7,
2026-08-13T05:30,19.2,35,16.8,0.0,0.0,,6.1,102,9.7,
2026-08-13T05:45,19.1,36,16.7,0.0,0.0,,6.5,103,9.7,
2026-08-13T06:00,19.0,36,16.5,0.0,0.0,,6.5,104,9.7,
2026-08-13T06:15,18.7,36,16.2,0.0,0.0,,6.5,99,10.1,
2026-08-13T06:30,18.4,35,15.7,0.0,0.0,,6.8,95,10.4,
2026-08-13T06:45,18.1,34,15.3,0.0,0.0,,6.8,90,10.4,
2026-08-13T07:00,18.1,34,15.3,0.0,0.0,,6.8,85,10.8,
2026-08-13T07:15,18.3,34,15.6,0.0,0.0,,6.8,89,10.8,
2026-08-13T07:30,18.8,35,16.3,0.0,0.0,,6.5,93,10.8,
2026-08-13T07:45,19.4,35,17.0,0.0,0.0,,6.5,96,10.4,
2026-08-13T08:00,20.0,35,17.7,0.0,0.0,,6.1,100,10.4,
2026-08-13T08:15,20.6,34,18.4,0.0,0.0,,5.8,81,10.4,
2026-08-13T08:30,21.2,32,19.0,0.0,0.0,,5.4,62,10.1,
2026-08-13T08:45,21.9,31,19.7,0.0,0.0,,5.0,43,10.1,
2026-08-13T09:00,22.5,29,20.4,0.0,0.0,,4.3,24,9.7,
2026-08-13T09:15,23.1,27,21.0,0.0,0.0,,3.6,43,9.4,
2026-08-13T09:30,23.7,26,21.7,0.0,0.0,,2.5,61,9.0,
2026-08-13T09:45,24.3,24,22.3,0.0,0.0,,1.8,80,8.6,
2026-08-13T10:00,25.0,23,23.1,0.0,0.0,,1.4,98,8.6,
2026-08-13T10:15,26.0,22,24.0,0.0,0.0,,1.8,105,9.4,
2026-08-13T10:30,27.1,21,25.0,0.0,0.0,,2.9,112,10.8,
2026-08-13T10:45,28.2,20,26.2,0.0,0.0,,4.0,118,12.6,
2026-08-13T11:00,29.1,19,27.2,0.0,0.0,,4.7,125,13.7,
2026-08-13T11:15,29.8,19,28.2,0.0,0.0,,5.0,120,14.4,
2026-08-13T11:30,30.4,18,28.8,0.0,0.0,,5.4,114,15.1,
2026-08-13T11:45,30.9,18,29.6,0.0,0.0,,5.4,109,15.5,
2026-08-13T12:00,31.4,18,30.2,0.0,0.0,,5.8,103,16.2,
2026-08-13T12:15,31.9,17,30.8,0.0,0.0,,6.1,100,16.9,
2026-08-13T12:30,32.4,17,31.5,0.0,0.0,,6.1,98,17.6,
2026-08-13T12:45,33.0,16,32.0,0.0,0.0,,6.5,95,18.7,
2026-08-13T13:00,33.5,15,32.4,0.0,0.0,,6.8,92,19.8,
2026-08-13T13:15,34.0,14,32.8,0.0,0.0,,7.6,92,21.2,
2026-08-13T13:30,34.6,14,33.3,0.0,0.0,,8.6,91,23.0,
2026-08-13T13:45,35.1,13,33.5,0.0,0.0,,9.7,91,24.5,
2026-08-13T14:00,35.4,13,33.8,0.0,0.0,,10.4,90,25.6,
2026-08-13T14:15,35.6,13,33.9,0.0,0.0,,10.8,91,25.9,
2026-08-13T14:30,35.6,13,34.0,0.0,0.0,,10.4,92,25.6,
2026-08-13T14:45,35.6,14,34.1,0.0,0.0,,10.1,93,25.2,
2026-08-13T15:00,35.6,14,34.2,0.0,0.0,,9.7,94,24.5,
2026-08-13T15:15,35.8,14,34.4,0.0,0.0,,9.0,91,23.4,
2026-08-13T15:30,36.0,14,34.7,0.0,0.0,,7.9,88,22.3,
2026-08-13T15:45,36.1,13,34.7,0.0,0.0,,6.8,84,21.2,
2026-08-13T16:00,36.3,13,34.9,0.0,0.0,,6.1,81,20.5,
2026-08-13T16:15,36.3,13,34.7,0.0,0.0,,6.5,79,20.5,
2026-08-13T16:30,36.4,13,34.5,0.0,0.0,,7.2,76,21.2,
2026-08-13T16:45,36.4,13,34.3,0.0,0.0,,7.6,74,22.0,
2026-08-13T17:00,36.4,13,34.0,0.0,0.0,,7.9,71,22.0,
2026-08-13T17:15,36.3,13,33.9,0.0,0.0,,7.2,67,20.9,
2026-08-13T17:30,36.3,14,34.1,0.0,0.0,,6.1,63,19.4,
2026-08-13T17:45,36.2,14,34.1,0.0,0.0,,5.0,58,17.6,
2026-08-13T18:00,36.1,14,34.1,0.0,0.0,,4.3,54,16.6,
2026-08-13T18:15,36.0,14,34.0,0.0,0.0,,4.7,50,16.6,
2026-08-13T18:30,36.0,14,33.8,0.0,0.0,,5.4,46,16.6,
2026-08-13T18:45,35.9,13,33.4,0.0,0.0,,6.5,41,17.3,
2026-08-13T19:00,35.8,13,33.1,0.0,0.0,,7.2,37,17.6,
2026-08-13T19:15,35.5,13,32.7,0.0,0.0,,7.9,43,18.0,
2026-08-13T19:30,35.2,13,32.3,0.0,0.0,,8.6,50,18.7,
2026-08-13T19:45,34.8,14,31.9,0.0,0.0,,9.4,56,18.7,
2026-08-13T20:00,34.4,14,31.4,0.0,0.0,,9.7,62,18.4,
2026-08-13T20:15,34.0,15,31.1,0.0,0.0,,9.4,55,16.9,
2026-08-13T20:30,33.5,15,30.6,0.0,0.0,,9.0,48,14.8,
2026-08-13T20:45,33.0,16,30.3,0.0,0.0,,8.3,41,12.6,
2026-08-13T21:00,32.4,17,29.9,0.0,0.0,,7.6,34,10.8,
2026-08-13T21:15,31.9,18,29.5,0.0,0.0,,7.2,38,10.1,
2026-08-13T21:30,31.3,19,29.1,0.0,0.0,,6.8,43,9.7,
2026-08-13T21:45,30.8,19,28.5,0.0,0.0,,6.5,47,9.7,
2026-08-13T22:00,30.3,20,28.1,0.0,0.0,,6.1,51,9.4,
2026-08-13T22:15,29.8,20,27.7,0.0,0.0,,5.4,65,9.0,
2026-08-13T22:30,29.4,21,27.4,0.0,0.0,,5.0,79,8.6,
2026-08-13T22:45,28.9,21,26.9,0.0,0.0,,4.3,92,8.3,
2026-08-13T23:00,28.5,21,26.6,0.0,0.0,,3.6,106,7.9,
2026-08-13T23:15,28.1,22,26.3,0.0,0.0,,3.2,117,6.8,
2026-08-13T23:30,27.8,22,26.0,0.0,0.0,,2.5,128,5.8,
2026-08-13T23:45,27.4,23,25.7,0.0,0.0,,2.2,138,4.7,
2026-08-14T00:00,27.0,24,25.4,0.0,0.0,,2.2,149,4.0,
2026-08-14T00:15,26.5,25,24.8,0.0,0.0,,2.5,121,3.6,
2026-08-14T00:30,25.9,26,24.3,0.0,0.0,,2.9,93,4.0,
2026-08-14T00:45,25.4,26,23.6,0.0,0.0,,3.2,64,4.3,
2026-08-14T01:00,24.9,27,23.0,0.0,0.0,,3.6,36,4.3,
2026-08-14T01:15,24.4,28,22.6,0.0,0.0,,3.6,5,4.3,
2026-08-14T01:30,24.0,28,22.1,0.0,0.0,,3.6,334,4.7,
2026-08-14T01:45,23.6,29,21.7,0.0,0.0,,3.6,303,4.7,
2026-08-14T02:00,23.3,30,21.5,0.0,0.0,,3.2,272,4.3,
2026-08-14T02:15,23.1,32,21.6,0.0,0.0,,2.9,251,3.6,
2026-08-14T02:30,23.1,34,21.8,0.0,0.0,,2.2,231,2.9,
2026-08-14T02:45,23.1,35,22.0,0.0,0.0,,1.4,210,2.2,
2026-08-14T03:00,23.1,36,22.1,0.0,0.0,,1.4,189,1.8,
2026-08-14T03:15,23.1,35,21.9,0.0,0.0,,2.2,192,2.5,
2026-08-14T03:30,23.1,33,21.6,0.0,0.0,,2.9,195,4.0,
2026-08-14T03:45,23.1,31,21.3,0.0,0.0,,4.0,197,5.4,
2026-08-14T04:00,23.0,30,21.0,0.0,0.0,,4.7,200,6.1,
2026-08-14T04:15,23.0,30,21.0,0.0,0.0,,4.7,195,6.1,
2026-08-14T04:30,22.9,30,20.9,0.0,0.0,,4.3,189,5.8,
2026-08-14T04:45,22.7,30,20.8,0.0,0.0,,4.0,184,5.4,
2026-08-14T05:00,22.6,31,20.7,0.0,0.0,,3.6,178,4.7,
2026-08-14T05:15,22.3,32,20.6,0.0,0.0,,2.9,159,4.0,
2026-08-14T05:30,22.1,34,20.6,0.0,0.0,,2.5,140,3.2,
2026-08-14T05:45,21.8,36,20.5,0.0,0.0,,1.8,120,2.5,
2026-08-14T06:00,21.6,37,20.4,0.0,0.0,,1.4,101,2.2,
2026-08-14T06:15,21.4,37,20.2,0.0,0.0,,1.4,137,2.2,
2026-08-14T06:30,21.3,36,19.9,0.0,0.0,,2.2,174,2.5,
2026-08-14T06:45,21.2,34,19.5,0.0,0.0,,2.5,210,2.9,
2026-08-14T07:00,21.2,34,19.5,0.0,0.0,,2.9,246,3.2,
2026-08-14T07:15,21.4,35,19.8,0.0,0.0,,2.5,244,2.9,
2026-08-14T07:30,21.6,36,20.3,0.0,0.0,,1.8,243,2.2,
2026-08-14T07:45,21.9,38,20.9,0.0,0.0,,1.4,241,1.8,
2026-08-14T08:00,22.4,38,21.5,0.0,0.0,,1.4,239,2.5,
2026-08-14T08:15,23.0,37,21.9,0.0,0.0,,2.9,252,4.7,
2026-08-14T08:30,23.7,36,22.5,0.0,0.0,,4.7,265,7.9,
2026-08-14T08:45,24.5,34,22.9,0.0,0.0,,6.8,278,10.8,
2026-08-14T09:00,25.3,32,23.5,0.0,0.0,,7.9,291,13.0,
2026-08-14T09:15,26.1,30,24.2,0.0,0.0,,7.6,290,13.3,
2026-08-14T09:30,26.9,29,25.2,0.0,0.0,,6.5,290,12.6,
2026-08-14T09:45,27.6,27,26.1,0.0,0.0,,5.0,289,11.5,
2026-08-14T10:00,28.4,26,27.0,0.0,0.0,,4.0,288,10.8,
2026-08-14T10:15,29.1,25,27.9,0.0,0.0,,3.2,275,10.4,
2026-08-14T10:30,29.8,24,28.7,0.0,0.0,,2.5,262,9.7,
2026-08-14T10:45,30.6,23,29.6,0.0,0.0,,1.8,249,9.4,
2026-08-14T11:00,31.3,22,30.6,0.0,0.0,,1.4,236,9.4,
2026-08-14T11:15,32.0,21,31.6,0.0,0.0,,1.1,231,9.7,
2026-08-14T11:30,32.8,19,32.4,0.0,0.0,,1.1,226,10.8,
2026-08-14T11:45,33.5,17,33.0,0.0,0.0,,1.4,220,11.5,
2026-08-14T12:00,34.1,16,33.7,0.0,0.0,,1.4,215,12.6,
2026-08-14T12:15,34.7,15,34.2,0.0,0.0,,1.8,214,13.7,
2026-08-14T12:30,35.1,15,34.8,0.0,0.0,,2.2,213,14.8,
2026-08-14T12:45,35.5,14,35.1,0.0,0.0,,2.5,212,15.8,
2026-08-14T13:00,35.9,14,35.6,0.0,0.0,,2.9,211,16.6,
2026-08-14T13:15,36.2,14,36.0,0.0,0.0,,3.2,205,17.3,
2026-08-14T13:30,36.6,15,36.7,0.0,0.0,,3.2,199,17.6,
2026-08-14T13:45,36.9,16,37.3,0.0,0.0,,3.2,192,18.0,
2026-08-14T14:00,37.2,16,37.6,0.0,0.0,,3.2,186,18.4,
2026-08-14T14:15,37.4,16,37.9,0.0,0.0,,3.2,190,18.4,
2026-08-14T14:30,37.5,16,38.1,0.0,0.0,,2.9,195,18.0,
2026-08-14T14:45,37.6,15,38.0,0.0,0.0,,2.5,199,17.6,
2026-08-14T15:00,37.8,15,38.0,0.0,0.0,,2.9,203,18.0,
2026-08-14T15:15,38.0,15,38.1,0.0,0.0,,3.6,224,19.1,
2026-08-14T15:30,38.2,15,38.0,0.0,0.0,,5.0,244,20.5,
2026-08-14T15:45,38.4,15,37.9,0.0,0.0,,6.5,265,22.3,
2026-08-14T16:00,38.6,15,37.8,0.0,0.0,,7.2,285,23.0,
2026-08-14T16:15,38.7,15,37.9,0.0,0.0,,6.8,284,22.3,
2026-08-14T16:30,38.9,15,38.0,0.0,0.0,,6.1,282,20.9,
2026-08-14T16:45,38.9,15,37.9,0.0,0.0,,5.8,281,20.2,
2026-08-14T17:00,38.8,15,37.4,0.0,0.0,,6.5,279,20.9,
2026-08-14T17:15,38.4,16,36.5,0.0,0.0,,9.7,291,25.2,
2026-08-14T17:30,37.8,18,35.5,0.0,0.0,,14.4,303,32.4,
2026-08-14T17:45,37.2,20,34.5,0.0,0.0,,19.1,314,38.5,
2026-08-14T18:00,36.7,21,33.8,0.0,0.0,,21.2,326,41.4,
2026-08-14T18:15,36.4,21,33.7,0.0,0.0,,19.8,328,38.9,
2026-08-14T18:30,36.3,20,33.9,0.0,0.0,,15.8,330,32.8,
2026-08-14T18:45,36.1,20,34.3,0.0,0.0,,11.9,331,26.3,
2026-08-14T19:00,35.8,20,34.2,0.0,0.0,,9.4,333,22.0,
2026-08-14T19:15,35.2,21,33.7,0.0,0.0,,9.4,339,21.2,
2026-08-14T19:30,34.5,24,33.2,0.0,0.0,,10.8,345,22.7,
2026-08-14T19:45,33.7,26,32.4,0.0,0.0,,12.6,351,24.1,
2026-08-14T20:00,33.0,27,31.5,0.0,0.0,,13.3,357,24.8,
2026-08-14T20:15,32.4,27,30.7,0.0,0.0,,13.3,357,23.8,
2026-08-14T20:30,31.8,27,30.1,0.0,0.0,,12.6,357,22.0,
2026-08-14T20:45,31.2,27,29.5,0.0,0.0,,11.5,356,19.8,
2026-08-14T21:00,30.8,26,29.0,0.0,0.0,,10.4,356,18.0,
2026-08-14T21:15,30.5,25,28.7,0.0,0.0,,9.0,347,15.8,
2026-08-14T21:30,30.4,25,28.8,0.0,0.0,,7.2,339,13.7,
2026-08-14T21:45,30.2,24,28.8,0.0,0.0,,5.4,330,11.5,
2026-08-14T22:00,30.0,24,28.6,0.0,0.0,,4.7,321,10.8,
2026-08-14T22:15,29.7,24,28.2,0.0,0.0,,5.4,335,11.9,
2026-08-14T22:30,29.3,25,27.6,0.0,0.0,,7.2,348,14.4,
2026-08-14T22:45,28.9,26,26.9,0.0,0.0,,9.4,2,16.9,
2026-08-14T23:00,28.5,27,26.4,0.0,0.0,,10.1,15,17.6,
2026-08-14T23:15,28.0,29,26.2,0.0,0.0,,9.4,4,16.2,
2026-08-14T23:30,27.4,31,25.9,0.0,0.0,,7.6,354,13.3,
2026-08-14T23:45,26.8,33,25.8,0.0,0.0,,5.8,343,10.1,
2026-08-15T00:00,26.6,34,25.7,0.0,0.0,,4.7,332,8.3,
2026-08-15T00:15,26.7,33,25.7,0.0,0.0,,5.0,326,8.3,
2026-08-15T00:30,27.1,31,25.9,0.0,0.0,,5.8,321,9.4,
2026-08-15T00:45,27.5,29,26.0,0.0,0.0,,6.8,315,10.8,
2026-08-15T01:00,27.7,28,26.0,0.0,0.0,,7.2,309,11.5,
2026-08-15T01:15,27.5,29,26.0,0.0,0.0,,6.8,339,11.2,
2026-08-15T01:30,27.1,30,25.7,0.0,0.0,,6.1,9,10.4,
2026-08-15T01:45,26.7,32,25.6,0.0,0.0,,5.0,39,9.4,
2026-08-15T02:00,26.1,35,25.4,0.0,0.0,,4.3,69,8.3,
2026-08-15T02:15,25.5,39,25.0,0.0,0.0,,4.0,46,7.6,
2026-08-15T02:30,24.7,45,24.7,0.0,0.0,,3.6,24,6.8,
2026-08-15T02:45,23.9,50,24.3,0.0,0.0,,3.2,1,6.1,
2026-08-15T03:00,23.4,54,24.0,0.0,0.0,,3.2,338,5.8,
2026-08-15T03:15,23.2,55,23.9,0.0,0.0,,3.2,356,5.8,
2026-08-15T03:30,23.3,54,23.9,0.0,0.0,,3.6,14,5.8,
2026-08-15T03:45,23.4,53,23.9,0.0,0.0,,3.6,31,6.1,
2026-08-15T04:00,23.4,52,23.8,0.0,0.0,,4.0,49,6.5,
2026-08-15T04:15,23.2,52,23.5,0.0,0.0,,4.0,23,6.8,
2026-08-15T04:30,22.8,52,23.0,0.0,0.0,,4.0,357,7.6,
2026-08-15T04:45,22.5,53,22.6,0.0,0.0,,4.0,331,8.3,
2026-08-15T05:00,22.1,55,22.3,0.0,0.0,,4.3,305,9.0,
2026-08-15T05:15,21.6,60,22.0,0.0,0.0,,5.0,304,10.4,
2026-08-15T05:30,21.2,67,21.9,0.0,0.0,,5.8,304,11.9,
2026-08-15T05:45,20.7,74,21.8,0.0,0.0,,6.8,303,13.7,
2026-08-15T06:00,20.5,79,21.8,0.0,0.0,,7.2,302,14.4,
2026-08-15T06:15,20.6,82,22.2,0.0,0.0,,6.8,309,14.0,
2026-08-15T06:30,20.8,83,22.7,0.0,0.0,,6.5,315,13.3,
2026-08-15T06:45,21.1,83,23.2,0.0,0.0,,5.8,322,12.2,
2026-08-15T07:00,21.4,82,23.6,0.0,0.0,,5.4,328,11.9,
2026-08-15T07:15,21.7,80,23.8,0.0,0.0,,5.8,325,11.9,
2026-08-15T07:30,22.0,77,24.0,0.0,0.0,,6.1,321,12.6,
2026-08-15T07:45,22.3,73,23.9,0.0,0.0,,6.8,318,13.3,
2026-08-15T08:00,22.6,70,23.9,0.0,0.0,,7.6,314,14.0,
2026-08-15T08:15,22.7,68,23.7,0.0,0.0,,8.6,341,15.5,
2026-08-15T08:30,22.8,66,23.4,0.0,0.0,,10.1,8,17.3,
2026-08-15T08:45,22.8,65,23.3,0.0,0.0,,10.8,34,18.7,
2026-08-15T09:00,23.0,63,23.3,0.0,0.0,,11.2,61,19.1,
2026-08-15T09:15,23.4,61,23.8,0.0,0.0,,9.7,57,17.6,
2026-08-15T09:30,23.9,58,24.5,0.0,0.0,,7.6,53,14.4,
2026-08-15T09:45,24.4,55,25.3,0.0,0.0,,5.0,49,11.9,
2026-08-15T10:00,24.9,53,25.8,0.0,0.0,,4.3,45,11.2,
2026-08-15T10:15,25.4,52,26.2,0.0,0.0,,5.8,40,14.0,
2026-08-15T10:30,25.9,51,26.3,0.0,0.0,,8.6,35,18.7,
2026-08-15T10:45,26.4,49,26.3,0.0,0.0,,11.5,30,23.8,
2026-08-15T11:00,26.8,48,26.5,0.0,0.0,,13.0,25,26.3,
2026-08-15T11:15,27.1,46,26.8,0.0,0.0,,12.2,33,25.2,
2026-08-15T11:30,27.2,43,27.2,0.0,0.0,,10.1,41,22.3,
2026-08-15T11:45,27.4,40,27.7,0.0,0.0,,7.6,48,18.7,
2026-08-15T12:00,27.8,38,28.1,0.0,0.0,,6.1,56,16.9,
2026-08-15T12:15,28.3,36,28.6,0.0,0.0,,6.1,48,17.3,
2026-08-15T12:30,29.0,33,28.9,0.0,0.0,,6.5,40,18.7,
2026-08-15T12:45,29.6,31,29.4,0.0,0.0,,7.2,31,20.2,
2026-08-15T13:00,30.2,30,30.0,0.0,0.0,,7.6,23,21.2,
2026-08-15T13:15,30.7,30,30.8,0.0,0.0,,7.2,25,21.2,
2026-08-15T13:30,31.2,31,31.8,0.0,0.0,,6.1,26,20.5,
2026-08-15T13:45,31.5,32,32.6,0.0,0.0,,5.4,28,19.8,
2026-08-15T14:00,31.7,32,32.9,0.0,0.0,,5.0,29,19.4,
2026-08-15T14:15,31.8,31,32.7,0.0,0.0,,5.4,25,19.8,
2026-08-15T14:30,31.6,30,32.1,0.0,0.0,,6.5,21,20.9,
2026-08-15T14:45,31.5,28,31.3,0.0,0.0,,7.6,17,22.0,
2026-08-15T15:00,31.4,27,30.9,0.0,0.0,,7.9,13,22.3,
2026-08-15T15:15,31.4,27,30.8,0.0,0.0,,7.6,13,22.0,
2026-08-15T15:30,31.4,27,30.8,0.0,0.0,,6.8,12,20.9,
2026-08-15T15:45,31.4,28,31.0,0.0,0.0,,6.1,12,19.8,
2026-08-15T16:00,31.4,29,31.0,0.0,0.0,,5.8,11,19.4,
2026-08-15T16:15,31.5,30,31.2,0.0,0.0,,5.8,13,19.4,
2026-08-15T16:30,31.6,31,31.5,0.0,0.0,,5.8,15,19.4,
2026-08-15T16:45,31.6,32,31.6,0.0,0.0,,6.5,17,20.5,
2026-08-15T17:00,31.5,33,31.4,0.0,0.0,,7.6,19,22.0,
2026-08-15T17:15,31.0,35,30.8,0.0,0.0,,9.7,18,25.2,
2026-08-15T17:30,30.4,38,30.0,0.0,0.0,,13.0,17,29.5,
2026-08-15T17:45,29.7,40,28.9,0.0,0.0,,16.2,16,33.8,
2026-08-15T18:00,29.1,43,28.2,0.0,0.0,,18.4,15,36.7,
2026-08-15T18:15,28.6,46,27.7,0.0,0.0,,19.4,13,38.2,
2026-08-15T18:30,28.1,48,27.3,0.0,0.0,,19.4,10,38.5,
2026-08-15T18:45,27.7,51,27.2,0.0,0.0,,19.1,8,38.2,
2026-08-15T19:00,27.4,52,27.0,0.0,0.0,,18.7,5,37.4,
2026-08-15T19:15,27.4,52,27.1,0.0,0.0,,18.0,6,36.0,
2026-08-15T19:30,27.6,50,27.2,0.0,0.0,,16.9,8,33.8,
2026-08-15T19:45,27.7,48,27.4,0.0,0.0,,15.8,9,31.7,
2026-08-15T20:00,27.6,48,27.3,0.0,0.0,,15.1,10,29.9,
2026-08-15T20:15,27.1,50,26.9,0.0,0.0,,14.8,6,28.8,
2026-08-15T20:30,26.4,53,26.4,0.0,0.0,,14.8,1,28.4,
2026-08-15T20:45,25.7,56,25.7,0.0,0.0,,14.8,357,28.1,
2026-08-15T21:00,25.1,59,25.2,0.0,0.0,,14.8,352,27.7,
2026-08-15T21:15,24.7,61,24.9,0.0,0.0,,14.8,351,27.4,
2026-08-15T21:30,24.6,62,24.9,0.0,0.0,,14.4,351,26.6,
2026-08-15T21:45,24.4,64,24.8,0.0,0.0,,14.4,350,26.3,
2026-08-15T22:00,24.2,65,24.6,0.0,0.0,,14.4,349,25.9,
2026-08-15T22:15,23.9,67,24.4,0.0,0.0,,14.4,348,25.6,
2026-08-15T22:30,23.5,68,24.0,0.0,0.0,,14.4,348,25.6,
2026-08-15T22:45,23.1,70,23.6,0.0,0.0,,14.4,347,25.6,
2026-08-15T23:00,22.7,72,23.3,0.0,0.0,,14.4,346,25.2,
2026-08-15T23:15,22.2,74,22.8,0.0,0.0,,14.0,351,24.5,
2026-08-15T23:30,21.6,76,22.3,0.0,0.0,,13.0,355,23.4,
2026-08-15T23:45,21.1,78,21.8,0.0,0.0,,12.2,360,22.7,
2026-08-16T00:00,20.7,80,21.5,0.0,0.0,,11.9,4,22.0,
2026-08-16T00:15,20.7,81,21.5,0.0,0.0,,11.9,4,22.0,
2026-08-16T00:30,20.9,82,21.9,0.0,0.0,,11.9,4,22.3,
2026-08-16T00:45,21.1,83,22.2,0.0,0.0,,12.2,4,22.7,
2026-08-16T01:00,21.2,83,22.3,0.0,0.0,,12.6,4,23.0,
2026-08-16T01:15,21.1,83,22.2,0.0,0.0,,13.0,7,23.4,
2026-08-16T01:30,21.0,82,21.8,0.0,0.0,,13.3,9,24.1,
2026-08-16T01:45,20.8,81,21.4,0.0,0.0,,13.7,12,24.5,
2026-08-16T02:00,20.6,81,21.2,0.0,0.0,,13.3,14,24.1,
2026-08-16T02:15,20.3,82,21.0,0.0,0.0,,12.2,17,22.3,
2026-08-16T02:30,19.9,83,20.9,0.0,0.0,,10.4,20,19.4,
2026-08-16T02:45,19.6,85,20.7,0.0,0.0,,9.0,22,16.6,
2026-08-16T03:00,19.4,86,20.7,0.0,0.0,,7.6,25,14.4,
2026-08-16T03:15,19.4,86,20.8,0.0,0.0,,6.8,21,13.3,
2026-08-16T03:30,19.5,86,21.0,0.0,0.0,,6.5,17,12.6,
2026-08-16T03:45,19.6,86,21.3,0.0,0.0,,6.1,13,12.6,
2026-08-16T04:00,19.7,86,21.4,0.0,0.0,,6.1,9,12.6,
2026-08-16T04:15,19.6,86,21.2,0.0,0.0,,6.5,9,13.0,
2026-08-16T04:30,19.6,85,21.0,0.0,0.0,,6.8,9,14.0,
2026-08-16T04:45,19.5,84,20.8,0.0,0.0,,7.2,9,14.8,
2026-08-16T05:00,19.3,84,20.5,0.0,0.0,,7.6,9,15.1,
2026-08-16T05:15,19.2,84,20.3,0.0,0.0,,7.6,12,14.8,
2026-08-16T05:30,19.0,85,20.2,0.0,0.0,,6.8,15,13.7,
2026-08-16T05:45,18.8,85,20.0,0.0,0.0,,6.5,17,12.6,
2026-08-16T06:00,18.6,86,19.8,0.0,0.0,,6.5,20,12.2,
2026-08-16T06:15,18.6,87,19.8,0.0,0.0,,6.8,18,12.6,
2026-08-16T06:30,18.6,88,19.8,0.0,0.0,,7.2,17,13.3,
2026-08-16T06:45,18.6,89,19.9,0.0,0.0,,7.6,15,14.4,
2026-08-16T07:00,18.7,88,19.8,0.0,0.0,,7.9,13,14.8,
2026-08-16T07:15,18.8,85,19.8,0.0,0.0,,7.9,24,14.8,
2026-08-16T07:30,18.9,81,19.7,0.0,0.0,,7.6,36,14.8,
2026-08-16T07:45,19.1,77,19.7,0.0,0.0,,7.2,47,14.4,
2026-08-16T08:00,19.3,74,19.8,0.0,0.0,,6.8,58,14.0,
2026-08-16T08:15,19.4,74,20.0,0.0,0.0,,6.5,54,13.7,
2026-08-16T08:30,19.4,75,20.2,0.0,0.0,,5.8,50,13.3,
2026-08-16T08:45,19.5,76,20.5,0.0,0.0,,5.4,46,13.0,
2026-08-16T09:00,19.8,76,20.9,0.0,0.0,,5.0,42,13.0,
2026-08-16T09:15,20.3,74,21.4,0.0,0.0,,4.7,42,13.0,
2026-08-16T09:30,20.9,71,22.0,0.0,0.0,,4.7,43,13.3,
2026-08-16T09:45,21.5,68,22.6,0.0,0.0,,4.7,43,13.7,
2026-08-16T10:00,22.0,66,23.2,0.0,0.0,,4.7,43,14.0,
2026-08-16T10:15,22.3,64,23.3,0.0,0.0,,5.0,35,14.8,
2026-08-16T10:30,22.5,63,23.3,0.0,0.0,,5.8,26,15.8,
2026-08-16T10:45,22.6,62,23.3,0.0,0.0,,6.5,18,16.9,
2026-08-16T11:00,22.7,61,23.2,0.0,0.0,,7.2,9,17.6,
2026-08-16T11:15,22.8,61,23.5,0.0,0.0,,7.6,7,18.4,
2026-08-16T11:30,22.9,61,23.7,0.0,0.0,,7.9,6,18.7,
2026-08-16T11:45,23.1,62,24.0,0.0,0.0,,8.3,4,19.1,
2026-08-16T12:00,23.3,61,24.4,0.0,0.0,,8.3,2,19.4,
2026-08-16T12:15,23.8,59,24.9,0.0,0.0,,7.9,3,19.4,
2026-08-16T12:30,24.4,56,25.5,0.0,0.0,,7.6,4,19.1,
2026-08-16T12:45,25.0,53,26.0,0.0,0.0,,7.2,5,19.1,
2026-08-16T13:00,25.5,51,26.5,0.0,0.0,,6.8,6,18.7,
2026-08-16T13:15,25.8,49,26.6,0.0,0.0,,6.5,7,18.4,
2026-08-16T13:30,26.1,48,26.8,0.0,0.0,,6.1,9,18.4,
2026-08-16T13:45,26.4,47,27.1,0.0,0.0,,5.4,10,18.4,
2026-08-16T14:00,26.6,46,27.3,0.0,0.0,,5.4,11,18.4,
2026-08-16T14:15,26.9,45,27.6,0.0,0.0,,5.4,5,18.7,
2026-08-16T14:30,27.1,43,27.5,0.0,0.0,,6.1,358,19.4,
2026-08-16T14:45,27.2,42,27.5,0.0,0.0,,6.5,352,20.2,
2026-08-16T15:00,27.3,41,27.4,0.0,0.0,,6.8,345,20.9,
2026-08-16T15:15,27.3,42,27.5,0.0,0.0,,7.2,343,21.2,
2026-08-16T15:30,27.2,43,27.4,0.0,0.0,,7.6,341,21.6,
2026-08-16T15:45,27.2,45,27.5,0.0,0.0,,7.9,338,22.0,
2026-08-16T16:00,27.2,45,27.5,0.0,0.0,,8.3,336,22.3,
2026-08-16T16:15,27.4,43,27.5,0.0,0.0,,8.6,335,22.7,
2026-08-16T16:30,27.7,40,27.5,0.0,0.0,,9.0,333,23.4,
2026-08-16T16:45,28.0,37,27.3,0.0,0.0,,9.7,332,24.1,
2026-08-16T17:00,28.2,36,27.2,0.0,0.0,,10.4,330,25.2,
2026-08-16T17:15,28.1,37,27.0,0.0,0.0,,11.5,332,26.6,
2026-08-16T17:30,27.8,39,26.7,0.0,0.0,,13.0,335,28.8,
2026-08-16T17:45,27.5,41,26.4,0.0,0.0,,14.4,337,30.6,
2026-08-16T18:00,27.2,43,26.1,0.0,0.0,,15.1,339,32.0,
2026-08-16T18:15,26.8,44,25.7,0.0,0.0,,15.1,338,32.8,
2026-08-16T18:30,26.4,45,25.4,0.0,0.0,,14.8,337,32.8,
2026-08-16T18:45,26.0,46,25.0,0.0,0.0,,14.4,335,32.4,
2026-08-16T19:00,25.7,46,24.7,0.0,0.0,,13.7,334,32.0,
2026-08-16T19:15,25.4,46,24.4,0.0,0.0,,13.0,335,31.3,
2026-08-16T19:30,25.1,45,24.1,0.0,0.0,,11.9,336,30.2,
2026-08-16T19:45,24.8,45,23.8,0.0,0.0,,11.2,337,29.2,
2026-08-16T20:00,24.6,44,23.5,0.0,0.0,,10.4,338,27.7,
2026-08-16T20:15,24.3,44,23.2,0.0,0.0,,10.4,341,25.9,
2026-08-16T20:30,24.1,43,22.8,0.0,0.0,,10.4,344,24.1,
2026-08-16T20:45,23.9,43,22.5,0.0,0.0,,10.4,347,22.3,
2026-08-16T21:00,23.6,43,22.2,0.0,0.0,3,10.4,350,20.9,1013.8
2026-08-16T21:30,23.1,44,21.8,0.0,0.0,2,9.7,353,20.2,1013.9
2026-08-16T21:45,22.9,44,21.6,0.0,0.0,1,9.0,354,19.8,1014.0
2026-08-16T22:15,22.4,46,21.3,0.0,0.0,2,7.6,1,18.7,1014.2
2026-08-16T22:45,22.0,52,21.4,0.0,0.0,0,7.2,353,16.9,1014.3
2026-08-16T23:15,21.6,54,21.3,0.0,0.0,1,6.1,355,15.5,1014.3
2026-08-16T21:15,23.5,46,22.6,0.0,0.0,,8.6,350,23.4,
2026-08-16T23:30,21.4,55,21.1,0.0,0.0,2,5.8,359,14.0,1014.3
2026-08-16T23:45,21.2,56,21.1,0.0,0.0,3,5.4,2,12.6,1014.2
2026-08-17T00:15,21.5,51,21.5,0.0,0.0,1,1.8,67,7.6,1014.1
2026-08-16T22:00,22.5,46,21.6,0.0,0.0,,6.8,2,18.4,
2026-08-17T00:45,21.2,53,21.1,0.0,0.0,3,2.9,102,6.1,1013.9
2026-08-17T01:15,20.9,63,21.2,0.0,0.0,3,5.8,122,10.1,1013.8
2026-08-16T22:30,22.1,53,22.2,0.0,0.0,,3.6,352,9.0,
2026-08-16T23:00,21.9,53,22.0,0.0,0.0,,3.6,353,9.4,
2026-08-17T01:30,20.7,62,20.9,0.0,0.0,3,5.4,123,11.2,1013.7
2026-08-17T01:45,20.6,61,20.8,0.0,0.0,3,5.0,124,12.2,1013.7
2026-08-17T03:30,20.3,62,20.4,0.0,0.0,3,5.8,240,13.7,1013.5
2026-08-17T00:00,21.2,51,20.9,0.0,0.0,,3.2,28,6.5,
2026-08-17T00:30,21.0,52,20.7,0.0,0.0,,3.2,66,6.1,
2026-08-17T01:00,20.8,54,20.5,0.0,0.0,,4.0,103,6.5,
2026-08-17T04:45,20.0,67,19.8,0.0,0.0,3,9.0,302,17.6,1013.2
2026-08-17T02:00,20.3,64,19.8,0.0,0.0,,10.4,119,17.3,
2026-08-17T02:15,20.3,64,19.8,0.0,0.0,,10.1,124,17.6,
2026-08-17T02:30,20.3,64,19.9,0.0,0.0,,9.4,130,18.0,
2026-08-17T02:45,20.3,63,20.0,0.0,0.0,,8.6,135,17.6,
2026-08-17T05:45,18.4,84,20.0,0.4,0.4,61,2.2,61,10.1,1012.9
2026-08-17T06:30,18.0,91,19.6,0.2,0.2,53,4.3,147,9.7,1012.7
2026-08-17T03:00,20.5,61,19.9,0.0,0.0,,9.7,148,15.8,
2026-08-17T03:15,20.4,62,20.1,0.2,0.2,,8.3,186,14.0,
2026-08-17T03:45,20.2,64,20.6,0.2,0.2,,4.3,261,8.6,
2026-08-17T04:00,20.0,67,20.7,0.2,0.2,,3.2,299,7.6,
2026-08-17T04:15,19.5,72,20.4,0.5,0.5,,3.2,319,8.6,
2026-08-17T04:30,18.9,78,19.9,0.5,0.5,,4.0,340,11.5,
2026-08-17T07:15,17.9,90,19.3,0.0,0.0,3,5.4,138,9.7,1012.6
2026-08-17T05:00,17.8,88,19.0,0.5,0.5,,5.4,20,15.8,
2026-08-17T05:15,17.7,90,19.0,0.5,0.5,,5.4,54,15.5,
2026-08-17T07:45,17.7,86,18.8,0.0,0.0,3,4.7,240,13.0,1012.7
2026-08-17T05:30,18.9,79,19.4,0.3,0.3,,8.3,290,18.4,
2026-08-17T06:00,18.3,86,19.3,0.3,0.3,,6.5,240,17.6,
2026-08-17T09:00,18.5,85,19.8,0.0,0.0,3,5.4,192,12.6,1012.9
2026-08-17T06:15,17.9,89,19.6,0.1,0.1,,2.5,78,5.8,
2026-08-17T06:45,17.9,89,19.3,0.1,0.1,,5.0,135,9.4,
2026-08-17T07:00,17.9,88,19.1,0.1,0.1,,6.1,163,10.8,
2026-08-17T09:45,18.9,83,20.6,0.0,0.0,3,2.2,216,12.2,1013.0
2026-08-17T07:30,18.0,87,19.0,0.0,0.0,,6.5,168,13.0,
2026-08-17T08:00,18.1,86,19.1,0.0,0.0,,6.5,172,14.0,
2026-08-17T10:45,19.9,79,21.3,0.0,0.0,3,4.3,235,11.2,1013.2
2026-08-17T08:15,18.0,90,19.9,0.0,0.0,,2.5,171,6.8,
2026-08-17T08:30,18.2,89,20.0,0.0,0.0,,2.9,180,7.6,
2026-08-17T08:45,18.4,87,20.1,0.0,0.0,,3.2,189,8.6,
2026-08-17T11:30,19.7,86,21.8,0.1,0.1,51,3.6,132,10.1,1013.2
2026-08-17T09:15,18.8,85,20.2,0.0,0.0,,4.7,177,10.8,
2026-08-17T09:30,19.0,85,20.6,0.0,0.0,,4.3,177,11.2,
2026-08-17T12:15,19.5,87,21.5,0.0,0.0,3,3.6,134,10.1,1013.2
2026-08-17T10:00,19.3,84,21.1,0.0,0.0,,3.2,175,11.5,
2026-08-17T10:15,19.5,84,21.3,0.0,0.0,,3.2,170,11.5,
2026-08-17T13:00,20.0,85,22.0,0.0,0.0,3,4.3,205,10.1,1013.2
2026-08-17T10:30,19.7,84,21.6,0.0,0.0,,3.6,165,11.2,
2026-08-17T11:00,19.7,84,21.6,0.0,0.0,,4.0,154,10.4,
2026-08-17T13:15,20.4,84,22.5,0.0,0.0,3,4.3,200,10.4,1013.2
2026-08-17T11:15,19.6,85,21.5,0.1,0.1,,4.0,143,10.4,
2026-08-17T13:45,22.5,73,24.2,0.0,0.0,3,6.5,248,16.9,1013.3
2026-08-17T11:45,19.6,76,20.3,0.1,0.0,,7.6,242,15.5,
2026-08-17T14:30,22.5,72,23.9,0.0,0.0,1,7.6,305,20.2,1013.6
2026-08-17T12:00,19.8,76,20.4,0.1,0.0,,7.9,238,16.2,
2026-08-17T12:30,20.2,76,21.1,0.0,0.0,,7.6,238,16.9,
2026-08-17T15:15,22.3,71,23.4,0.0,0.0,1,8.6,358,22.3,1013.6
2026-08-17T12:45,20.5,76,21.5,0.0,0.0,,7.6,238,17.3,
2026-08-17T16:00,23.3,66,24.5,0.0,0.0,3,7.9,355,19.8,1013.4
2026-08-17T13:30,21.9,74,23.4,0.0,0.0,,6.8,245,16.9,
2026-08-17T14:00,22.8,72,24.5,0.0,0.0,,6.5,251,17.3,
2026-08-17T16:30,23.3,65,24.2,0.0,0.0,3,8.6,357,20.5,1013.3
2026-08-17T14:15,22.7,72,24.4,0.0,0.0,,6.8,278,18.4,
2026-08-17T14:45,22.2,72,23.4,0.0,0.0,,8.3,332,22.0,
2026-08-17T17:00,23.1,64,23.7,0.0,0.0,3,9.7,359,21.2,1013.2
2026-08-17T15:00,22.1,72,23.2,0.0,0.0,,8.6,359,22.7,
2026-08-17T17:30,23.2,62,23.7,0.0,0.0,3,9.7,3,21.2,1013.2
2026-08-17T15:30,22.7,69,23.8,0.0,0.0,,8.3,357,21.6,
2026-08-17T17:45,23.3,62,23.7,0.0,0.0,3,9.7,5,20.9,1013.2
2026-08-17T15:45,23.1,67,24.2,0.0,0.0,,7.9,356,20.5,
2026-08-17T18:30,23.1,61,23.5,0.0,0.0,3,8.6,11,20.9,1013.2
2026-08-17T16:15,23.4,65,24.4,0.0,0.0,,8.3,356,19.8,
2026-08-17T19:00,22.7,61,23.1,0.0,0.0,3,8.3,15,20.5,1013.3
2026-08-17T16:45,23.2,64,23.9,0.0,0.0,,9.4,358,20.9,
2026-08-17T19:30,22.4,62,22.5,0.0,0.0,3,10.4,8,19.1,1013.3
2026-08-17T17:15,23.1,65,24.2,0.0,0.0,,6.8,1,21.2,
2026-08-17T20:00,22.0,64,22.2,0.0,0.0,3,10.1,1,17.6,1013.3
2026-08-17T21:00,21.4,66,22.4,0.0,0.0,3,4.0,9,16.6,1013.5
2026-08-17T18:00,23.0,64,23.9,0.0,0.0,,6.8,7,20.9,
2026-08-17T18:15,22.9,63,23.7,0.0,0.0,,7.6,9,20.9,
2026-08-17T18:45,22.8,61,23.1,0.0,0.0,,9.0,13,20.9,
2026-08-17T21:30,21.1,67,22.1,0.0,0.0,3,4.3,4,13.3,1013.6
2026-08-17T19:15,22.6,61,22.6,0.0,0.0,,10.1,12,19.8,
2026-08-17T22:00,20.9,68,21.7,0.0,0.0,3,5.4,359,10.1,1013.6
2026-08-17T19:45,22.2,63,22.3,0.0,0.0,,10.4,5,18.4,
2026-08-17T22:30,20.7,69,21.7,0.0,0.0,3,4.0,56,9.7,1013.7
2026-08-17T20:15,21.9,65,22.2,0.0,0.0,,9.0,3,17.3,
2026-08-17T20:30,21.7,65,22.3,0.0,0.0,,6.8,5,17.3,
2026-08-17T23:00,20.5,69,21.7,0.0,0.0,3,2.5,112,10.1,1013.7
2026-08-17T20:45,21.5,66,22.4,0.0,0.0,,5.0,7,17.3,
2026-08-17T23:30,20.6,69,21.7,0.0,0.0,3,3.2,126,10.4,1013.7
2026-08-17T21:15,21.2,67,22.3,0.0,0.0,,4.0,7,15.1,
2026-08-17T23:45,20.7,69,21.7,0.0,0.0,3,4.0,132,10.8,1013.7
2026-08-17T21:45,21.0,68,21.9,0.0,0.0,,5.0,2,11.5,
2026-08-18T00:30,20.8,70,21.6,0.0,0.0,3,5.8,151,12.6,1013.5
2026-08-17T22:15,20.8,68,21.6,0.0,0.0,,5.0,27,9.7,
2026-08-18T00:45,20.7,70,21.5,0.0,0.0,3,6.5,156,13.3,1013.4
2026-08-17T22:45,20.6,69,21.7,0.0,0.0,,2.9,84,9.7,
2026-08-18T01:30,20.6,74,21.3,0.0,0.0,3,8.3,193,13.7,1013.1
2026-08-17T23:15,20.6,69,21.8,0.0,0.0,,2.5,119,10.1,
2026-08-18T01:45,20.5,75,21.2,0.0,0.0,3,9.0,208,13.7,1013.0
2026-08-18T03:00,19.9,85,20.6,0.0,0.0,3,13.0,238,24.5,1012.3
2026-08-18T00:00,19.9,73,20.6,0.0,0.0,,6.1,119,11.2,
2026-08-18T00:15,19.8,74,20.5,0.0,0.0,,6.5,130,12.2,
2026-08-18T01:00,19.6,76,20.4,0.0,0.0,,6.8,161,14.4,
2026-08-18T04:15,19.7,86,20.2,0.0,0.0,3,14.0,225,26.6,1011.5
2026-08-18T01:15,19.2,75,19.8,0.0,0.0,,6.5,176,10.8,
2026-08-18T02:00,19.1,85,20.1,0.0,0.0,,8.6,220,16.2,
2026-08-18T02:15,19.1,86,20.2,0.0,0.0,,8.6,225,16.6,
2026-08-18T05:15,19.6,88,20.4,0.0,0.0,3,13.3,218,25.2,1010.9
2026-08-18T02:30,19.9,85,20.8,0.0,0.0,,11.2,207,21.6,
2026-08-18T02:45,19.7,86,20.6,0.0,0.0,,11.5,206,22.3,
2026-08-18T03:15,19.7,86,20.5,0.0,0.0,,11.9,206,23.0,
2026-08-18T06:00,19.7,89,20.4,0.0,0.0,3,14.4,232,28.8,1010.6
2026-08-18T03:30,19.7,86,20.6,0.0,0.0,,11.5,207,22.7,
2026-08-18T03:45,19.8,86,20.8,0.0,0.0,,11.2,207,22.7,
2026-08-18T04:00,19.8,86,20.8,0.0,0.0,,11.2,208,22.7,
2026-08-18T06:45,19.5,90,20.3,0.0,0.0,3,13.7,229,27.4,1010.2
2026-08-18T04:30,19.7,87,20.7,0.0,0.0,,11.9,211,23.0,
2026-08-18T04:45,19.7,88,20.6,0.0,0.0,,12.6,212,23.4,
2026-08-18T07:15,19.6,89,20.2,0.0,0.0,3,14.8,232,28.8,1010.1
2026-08-18T05:00,19.6,88,20.5,0.0,0.0,,13.0,213,24.1,
2026-08-18T07:45,19.9,85,19.8,0.0,0.0,3,18.4,239,33.5,1010.3
2026-08-18T05:30,19.6,89,20.3,0.0,0.0,,14.4,223,26.6,
2026-08-18T05:45,19.6,89,20.2,0.0,0.0,,15.1,227,28.1,
2026-08-18T08:30,20.2,80,19.6,0.0,0.0,3,20.2,253,37.1,1010.4
2026-08-18T06:15,19.6,89,20.1,0.0,0.0,,15.5,231,28.8,
2026-08-18T06:30,19.5,89,20.0,0.0,0.0,,15.1,230,27.7,
2026-08-18T09:15,19.9,81,19.4,0.1,0.3,51,19.1,264,38.2,1010.3
2026-08-18T07:00,19.4,89,19.9,0.0,0.0,,15.1,228,27.4,
2026-08-18T10:00,18.7,91,19.2,0.1,0.3,51,14.4,262,38.2,1010.5
2026-08-18T07:30,19.7,87,19.9,0.0,0.0,,16.9,235,31.0,
2026-08-18T08:00,20.0,84,19.8,0.0,0.0,,19.1,242,35.3,
2026-08-18T10:45,18.7,92,19.2,0.3,0.2,55,14.4,256,31.0,1010.5
2026-08-18T08:15,20.1,82,19.7,0.0,0.0,,19.8,248,36.4,
2026-08-18T08:45,20.3,79,19.5,0.0,0.0,,20.5,259,37.4,
2026-08-18T11:15,18.8,92,19.2,0.0,0.0,3,15.1,255,29.9,1010.5
2026-08-18T09:00,20.2,79,19.5,0.0,0.0,,20.2,264,37.8,
2026-08-18T09:30,19.5,85,19.4,0.1,0.3,,17.3,263,38.5,
2026-08-18T12:00,19.0,92,19.4,0.0,0.0,3,15.8,257,33.8,1010.6
2026-08-18T12:30,19.1,92,19.7,0.0,0.0,3,15.1,255,33.5,1010.5
2026-08-18T09:45,19.0,88,19.2,0.1,0.3,,15.5,263,38.9,
2026-08-18T10:15,18.6,92,19.2,0.3,0.2,,14.0,260,36.4,
2026-08-18T10:30,18.6,92,19.2,0.3,0.2,,14.0,258,33.5,
2026-08-18T13:00,19.4,92,20.3,0.0,0.0,3,14.0,252,32.0,1010.5
2026-08-18T11:00,18.7,92,19.2,0.3,0.2,,14.8,254,29.5,
2026-08-18T13:30,19.5,95,20.8,0.1,0.1,51,13.0,261,29.9,1010.3
2026-08-18T14:00,19.8,95,21.5,0.1,0.1,51,10.8,263,28.4,1010.1
2026-08-18T11:30,19.1,91,19.6,0.0,0.0,,15.8,255,31.3,
2026-08-18T11:45,19.2,91,19.6,0.0,0.0,,16.2,255,32.0,
2026-08-18T15:00,19.6,96,21.4,0.1,0.1,51,11.2,244,25.6,1009.0
2026-08-18T15:45,19.9,96,21.7,0.1,0.1,51,11.5,248,22.3,1008.9
2026-08-18T12:15,19.5,92,20.5,0.0,0.0,,13.7,253,28.4,
2026-08-18T12:45,19.7,91,20.9,0.0,0.0,,12.6,254,25.6,
2026-08-18T13:15,19.8,91,21.2,0.0,0.0,,11.5,251,24.1,
2026-08-18T13:45,19.9,92,21.6,0.0,0.0,,10.4,246,24.5,
2026-08-18T16:30,19.9,96,21.3,0.1,0.1,51,14.4,246,27.4,1008.5
2026-08-18T14:15,19.9,93,21.6,0.1,0.1,,10.1,248,23.8,
2026-08-18T14:30,19.8,94,21.6,0.1,0.1,,10.1,254,22.7,
2026-08-18T17:00,20.1,95,21.5,0.1,0.1,51,14.4,247,31.0,1008.1
2026-08-18T14:45,20.3,91,22.0,0.0,0.0,,10.8,260,24.5,
2026-08-18T17:45,21.0,92,22.4,0.0,0.0,3,16.2,241,33.1,1007.8
2026-08-18T15:15,20.0,95,21.9,0.0,0.0,,11.2,234,21.6,
2026-08-18T15:30,20.5,93,22.3,0.0,0.0,,11.9,236,23.0,
2026-08-18T18:15,20.9,92,22.3,0.0,0.0,3,15.5,243,32.4,1007.6
2026-08-18T16:00,21.2,90,22.8,0.0,0.0,,13.7,238,26.6,
2026-08-18T16:15,21.3,90,22.9,0.0,0.0,,14.4,239,28.4,
2026-08-18T18:45,20.5,94,21.9,0.0,0.0,3,15.1,252,29.5,1007.6
2026-08-18T16:45,19.9,96,21.2,0.1,0.1,,15.5,241,29.2,
2026-08-18T19:30,20.6,94,22.2,0.0,0.0,3,14.0,254,29.5,1007.6
2026-08-18T17:15,20.0,96,21.3,0.0,0.0,,15.5,243,31.3,
2026-08-18T17:30,20.1,95,21.5,0.0,0.0,,14.4,245,31.7,
2026-08-18T20:00,20.2,94,21.4,0.0,0.0,3,15.8,253,30.6,1007.7
2026-08-18T18:00,20.5,93,22.0,0.0,0.0,,13.7,245,28.1,
2026-08-18T20:45,20.8,92,22.4,0.0,0.0,3,14.0,239,29.5,1007.8
2026-08-18T21:15,20.7,92,22.1,0.0,0.0,3,14.8,238,30.2,1008.4
2026-08-18T18:30,21.2,91,23.0,0.0,0.0,,13.0,241,28.1,
2026-08-18T19:00,21.1,92,22.9,0.0,0.0,,13.0,246,28.1,
2026-08-18T19:15,21.1,92,22.9,0.0,0.0,,13.3,246,28.4,
2026-08-18T21:45,20.6,89,21.5,0.0,0.0,3,16.2,247,32.0,1008.4
2026-08-18T19:45,20.8,92,22.8,0.0,0.0,,11.2,253,27.7,
2026-08-18T22:15,20.3,88,20.8,0.0,0.0,3,17.3,246,33.8,1008.3
2026-08-18T20:15,20.8,92,22.8,0.0,0.0,,11.2,252,27.4,
2026-08-18T22:45,20.0,90,20.3,0.0,0.0,3,18.4,246,35.3,1008.2
2026-08-18T20:30,20.5,93,22.0,0.0,0.0,,13.7,251,28.4,
2026-08-18T23:15,19.8,90,20.0,0.0,0.0,3,19.1,247,37.1,1008.2
2026-08-18T21:00,20.5,92,21.9,0.0,0.0,,13.7,245,28.4,
2026-08-18T23:45,19.8,90,20.4,0.0,0.0,3,16.6,241,36.7,1008.1
2026-08-18T21:30,20.8,90,22.2,0.0,0.0,,14.0,239,26.6,
2026-08-19T00:15,19.7,90,20.3,0.0,0.0,3,15.5,240,34.9,1008.0
2026-08-18T22:00,20.7,90,21.8,0.0,0.0,,15.5,239,29.2,
2026-08-19T00:45,19.4,88,19.5,0.0,0.0,3,17.3,235,33.1,1007.9
2026-08-18T22:30,20.1,88,20.9,0.0,0.0,,15.1,238,29.2,
2026-08-19T01:15,19.3,88,19.3,0.0,0.0,3,17.3,236,33.5,1007.7
2026-08-18T23:00,19.7,90,20.4,0.0,0.0,,15.5,240,29.2,
2026-08-19T01:45,19.3,90,19.9,0.0,0.0,3,14.8,233,31.3,1007.4
2026-08-18T23:30,20.0,89,20.6,0.0,0.0,,16.2,243,32.8,
2026-08-19T03:00,19.2,89,19.5,0.0,0.0,3,15.8,234,30.2,1006.8
2026-08-19T00:00,19.8,90,20.6,0.0,0.0,,14.8,232,29.2,
2026-08-19T00:30,19.7,90,20.5,0.0,0.0,,14.8,233,29.2,
2026-08-19T01:00,19.6,89,20.3,0.0,0.0,,14.8,233,29.5,
2026-08-19T04:30,18.7,88,18.6,0.0,0.0,3,16.9,231,32.8,1005.7
2026-08-19T01:30,19.1,88,19.4,0.0,0.0,,15.5,235,31.0,
2026-08-19T02:00,18.9,89,19.2,0.0,0.0,,15.1,236,31.0,
2026-08-19T02:15,18.9,89,19.1,0.0,0.0,,15.1,236,31.3,
2026-08-19T02:30,18.8,89,19.0,0.0,0.0,,15.5,236,31.7,
2026-08-19T05:15,18.2,90,18.1,0.0,0.0,3,16.2,223,31.3,1005.3
2026-08-19T02:45,18.9,90,19.5,0.0,0.0,,13.3,228,25.6,
2026-08-19T03:15,18.6,90,19.0,0.0,0.0,,14.0,228,26.3,
2026-08-19T03:30,18.5,91,18.8,0.0,0.0,,14.4,226,27.4,
2026-08-19T06:00,18.5,88,18.5,0.0,0.0,3,15.8,220,31.0,1005.0
2026-08-19T03:45,18.9,89,19.4,0.0,0.0,,14.0,223,27.4,
2026-08-19T04:00,18.8,89,19.2,0.0,0.0,,14.4,223,27.4,
2026-08-19T06:45,18.4,88,18.3,0.0,0.0,3,15.5,232,29.9,1005.1
2026-08-19T04:15,18.7,88,18.8,0.0,0.0,,15.5,226,29.9,
2026-08-19T04:45,18.6,88,18.5,0.0,0.0,,16.6,229,33.1,
2026-08-19T07:15,18.4,88,18.3,0.0,0.0,3,15.5,231,29.9,1005.1
2026-08-19T05:00,18.6,88,18.4,0.0,0.0,,16.9,231,33.8,
2026-08-19T07:45,18.1,93,18.6,0.1,0.1,51,13.3,218,29.5,1005.1
2026-08-19T05:30,18.1,90,18.2,0.0,0.0,,15.1,214,30.2,
2026-08-19T05:45,18.1,89,18.1,0.0,0.0,,14.8,219,30.6,
2026-08-19T08:30,18.4,90,18.7,0.0,0.0,3,13.7,223,28.8,1005.1
2026-08-19T06:15,18.5,88,18.6,0.0,0.0,,14.8,214,28.8,
2026-08-19T06:30,18.5,89,18.7,0.0,0.0,,14.4,216,28.8,
2026-08-19T09:15,18.5,90,19.0,0.0,0.0,3,13.0,224,28.8,1004.8
2026-08-19T07:00,18.4,90,18.7,0.0,0.0,,14.0,220,28.8,
2026-08-19T10:00,18.2,92,18.6,0.0,0.0,3,14.0,229,28.8,1004.6
2026-08-19T07:30,18.3,89,18.4,0.1,0.1,,15.1,223,30.2,
2026-08-19T08:00,18.2,91,18.4,0.1,0.1,,15.1,217,31.7,
2026-08-19T10:45,18.2,91,18.6,0.1,0.1,51,13.3,229,30.2,1004.3
2026-08-19T08:15,18.0,93,18.7,0.0,0.0,,12.2,212,23.8,
2026-08-19T08:45,18.1,92,18.3,0.0,0.0,,14.4,223,27.0,
2026-08-19T11:30,18.4,90,19.1,0.0,0.0,3,11.9,230,29.5,1004.2
2026-08-19T09:00,18.1,91,18.2,0.0,0.0,,15.1,228,28.4,
2026-08-19T09:30,18.2,90,18.1,0.0,0.0,,15.8,227,29.9,
2026-08-19T12:00,18.1,94,19.2,0.4,0.4,61,9.7,221,23.4,1004.3
2026-08-19T09:45,18.6,89,19.5,0.0,0.0,,10.1,242,25.2,
2026-08-19T12:45,18.3,92,19.2,0.1,0.1,51,10.8,214,23.8,1004.0
2026-08-19T10:15,18.3,91,19.1,0.0,0.0,,10.8,233,23.8,
2026-08-19T10:30,18.2,91,19.0,0.0,0.0,,10.8,230,23.8,
2026-08-19T13:15,18.2,92,19.1,0.3,0.3,55,10.8,211,22.7,1003.7
2026-08-19T11:00,18.2,91,19.0,0.0,0.0,,11.2,224,23.8,
2026-08-19T11:15,18.2,91,19.0,0.1,0.1,,11.2,221,23.8,
2026-08-19T13:45,18.5,91,19.7,0.3,0.3,55,8.6,217,22.0,1003.1
2026-08-19T11:45,18.4,89,19.1,0.0,0.0,,10.4,226,26.3,
2026-08-19T14:30,18.4,88,19.5,1.3,0.0,63,7.9,198,24.8,1002.7
2026-08-19T12:15,18.2,94,19.4,0.0,0.4,,9.4,213,17.6,
2026-08-19T12:30,18.2,94,19.4,0.0,0.4,,9.4,210,19.8,
2026-08-19T15:30,17.4,88,17.7,0.8,0.8,63,10.1,194,25.9,1002.1
2026-08-19T13:00,18.3,93,19.3,0.4,0.4,,10.4,205,23.4,
2026-08-19T13:30,18.4,94,19.4,0.3,0.3,,11.5,197,23.4,
2026-08-19T16:15,17.4,89,18.3,0.5,0.5,61,6.5,198,16.2,1001.9
2026-08-19T14:00,18.3,94,19.9,0.3,0.3,,7.2,185,18.4,
2026-08-19T14:15,18.3,94,19.8,0.7,0.7,,7.2,180,18.0,
2026-08-19T17:00,16.9,96,18.2,1.5,1.5,63,6.5,128,11.2,1001.3
2026-08-19T14:45,18.3,94,19.7,1.3,1.3,,8.6,192,15.8,
2026-08-19T15:00,18.2,95,19.5,1.3,1.3,,9.0,193,16.9,
2026-08-19T17:45,17.2,90,18.6,0.1,0.1,51,3.2,236,10.4,1001.2
2026-08-19T18:15,17.2,89,18.6,0.1,0.1,51,3.2,241,10.1,1001.2
2026-08-19T15:15,17.9,85,18.3,1.0,1.0,,10.1,177,22.7,
2026-08-19T15:45,17.3,91,18.2,1.0,1.0,,6.8,176,23.0,
2026-08-19T16:00,17.1,94,18.3,1.0,1.0,,5.8,175,22.0,
2026-08-19T16:30,17.0,96,18.4,0.8,0.8,,5.0,213,16.6,
2026-08-19T18:45,17.2,93,18.9,0.1,0.1,51,2.5,261,8.6,1001.4
2026-08-19T16:45,17.1,92,18.8,0.8,0.8,,1.8,250,8.3,
2026-08-19T19:15,17.2,93,18.9,0.1,0.1,51,2.5,237,7.6,1001.6
2026-08-19T17:15,17.0,92,18.6,0.1,0.1,,2.5,285,8.6,
2026-08-19T17:30,17.0,93,18.6,0.1,0.1,,2.9,279,8.6,
2026-08-19T19:45,17.1,94,18.3,0.0,0.0,3,6.1,258,11.9,1001.8
2026-08-19T20:30,17.2,94,18.4,0.0,0.0,3,6.8,231,12.2,1002.1
2026-08-19T18:00,17.1,95,18.4,0.2,0.2,,6.1,329,15.5,
2026-08-19T18:30,17.0,94,18.3,0.1,0.1,,5.0,317,14.0,
2026-08-19T21:00,16.7,96,17.7,0.0,0.0,0,7.6,240,13.0,1002.6
2026-08-19T19:00,17.0,92,18.4,0.1,0.1,,3.6,269,10.1,
2026-08-19T21:30,16.4,97,17.4,0.0,0.0,0,7.6,231,13.3,1003.0
2026-08-19T19:30,17.1,95,18.7,0.0,0.2,,4.0,241,8.3,
2026-08-19T21:45,16.3,97,17.1,0.0,0.0,0,7.6,216,13.3,1003.2
2026-08-19T20:00,17.1,96,18.7,0.0,0.2,,4.3,230,8.6,
2026-08-19T22:30,17.3,93,18.0,0.0,0.0,3,9.4,211,19.8,1003.3
2026-08-19T20:15,17.2,94,18.6,0.0,0.0,,5.0,231,10.4,
2026-08-19T23:00,17.3,93,18.2,0.0,0.0,3,8.3,201,20.2,1003.3
2026-08-19T20:45,17.3,94,18.5,0.0,0.0,,6.8,220,12.2,
2026-08-19T23:30,16.4,95,16.8,0.0,0.0,2,10.1,204,18.7,1003.3
2026-08-19T21:15,16.6,96,17.7,0.0,0.0,,6.5,211,11.9,
2026-08-20T00:00,16.5,95,16.9,0.0,0.0,0,10.4,211,19.8,1003.4
2026-08-20T00:30,16.2,95,16.6,0.0,0.0,0,9.7,205,19.1,1003.5
2026-08-19T22:00,16.1,97,16.8,0.0,0.0,,8.3,195,13.7,
2026-08-19T22:15,16.1,97,16.7,0.0,0.0,,8.6,196,14.4,
2026-08-20T01:00,15.9,95,16.2,0.0,0.0,0,10.1,196,18.7,1003.6
2026-08-19T22:45,16.2,95,16.7,0.0,0.0,,8.6,202,16.2,
2026-08-20T01:30,15.9,95,16.0,0.0,0.0,0,11.2,201,20.5,1003.7
2026-08-19T23:15,16.1,95,16.6,0.0,0.0,,8.3,201,15.1,
2026-08-20T01:45,16.0,94,16.1,0.0,0.0,0,10.8,194,21.2,1003.8
2026-08-20T03:30,16.3,91,15.7,0.0,0.0,0,15.1,221,28.4,1004.0
2026-08-19T23:45,16.6,94,16.8,0.0,0.0,,11.9,202,19.8,
2026-08-20T00:15,16.3,94,16.2,0.0,0.0,,12.6,204,20.5,
2026-08-20T00:45,15.9,95,16.0,0.0,0.0,,11.2,200,18.4,
2026-08-20T01:15,15.8,95,15.9,0.0,0.0,,10.8,200,18.0,
2026-08-20T04:30,16.1,93,15.9,0.0,0.0,2,13.0,216,27.0,1004.0
2026-08-20T02:00,16.0,94,16.3,0.0,0.0,,9.7,197,18.7,
2026-08-20T02:15,16.1,94,16.3,0.0,0.0,,10.1,199,19.4,
2026-08-20T02:30,16.2,93,16.3,0.0,0.0,,10.8,200,20.5,
2026-08-20T05:30,15.8,94,15.7,0.0,0.0,0,12.2,216,25.2,1004.0
2026-08-20T02:45,16.2,93,16.2,0.0,0.0,,11.5,202,21.2,
2026-08-20T03:00,16.3,93,16.2,0.0,0.0,,12.2,203,22.3,
2026-08-20T03:15,16.3,93,16.2,0.0,0.0,,12.6,205,23.4,
2026-08-20T06:15,15.0,93,14.1,0.0,0.0,1,14.8,208,29.5,1003.9
2026-08-20T03:45,16.1,92,15.6,0.0,0.0,,14.8,215,27.7,
2026-08-20T04:00,16.0,92,15.4,0.0,0.0,,14.8,214,27.7,
2026-08-20T04:15,15.9,92,15.3,0.0,0.0,,14.8,213,28.1,
2026-08-20T07:00,15.4,94,14.5,0.0,0.0,0,16.2,207,32.8,1003.9
2026-08-20T04:45,15.6,94,15.2,0.0,0.0,,13.3,204,25.6,
2026-08-20T05:00,15.6,94,15.2,0.0,0.0,,13.3,203,25.9,
2026-08-20T07:45,15.6,93,15.0,0.0,0.0,1,14.4,205,28.8,1004.1
2026-08-20T05:15,15.9,94,15.8,0.0,0.0,,12.2,211,22.3,
2026-08-20T05:45,15.6,95,15.4,0.0,0.0,,12.6,208,23.0,
2026-08-20T08:30,15.9,91,15.1,0.0,0.0,1,15.5,202,32.4,1004.5
2026-08-20T06:00,15.1,93,14.4,0.0,0.0,,13.7,203,26.3,
2026-08-20T06:30,15.0,94,14.2,0.0,0.0,,14.4,204,28.1,
2026-08-20T09:15,16.6,89,15.6,0.0,0.0,0,17.6,206,35.3,1004.6
2026-08-20T06:45,15.0,94,14.2,0.0,0.0,,14.8,204,28.8,
2026-08-20T07:15,15.1,94,14.3,0.0,0.0,,14.8,203,29.9,
2026-08-20T10:00,17.0,88,16.3,0.0,0.0,3,16.6,209,33.1,1004.3
2026-08-20T07:30,15.5,93,14.5,0.0,0.0,,16.6,206,31.3,
2026-08-20T08:00,15.7,92,14.6,0.0,0.0,,17.6,207,33.5,
2026-08-20T10:45,17.7,84,17.0,0.0,0.0,2,15.8,223,34.2,1004.2
2026-08-20T08:15,15.8,91,15.1,0.0,0.0,,14.0,205,28.1,
2026-08-20T08:45,16.2,90,15.4,0.0,0.0,,15.8,207,32.4,
2026-08-20T11:30,18.1,80,17.0,0.0,0.0,3,17.6,229,38.2,1004.4
2026-08-20T09:00,16.4,89,15.5,0.0,0.0,,16.6,208,34.2,
2026-08-20T09:30,16.9,87,16.0,0.0,0.0,,16.9,211,35.3,
2026-08-20T12:00,19.3,75,18.0,0.0,0.0,3,19.8,231,39.2,1004.6
2026-08-20T09:45,16.9,88,15.9,0.0,0.0,,17.6,205,34.6,
2026-08-20T12:45,19.4,74,18.1,0.0,0.0,3,19.4,225,38.5,1004.7
2026-08-20T10:15,17.2,87,16.6,0.0,0.0,,15.5,206,31.7,
2026-08-20T10:30,17.3,86,16.5,0.0,0.0,,16.2,209,32.8,
2026-08-20T13:15,19.7,71,18.0,0.0,0.0,3,20.9,228,41.0,1004.7
2026-08-20T11:00,17.6,84,16.7,0.0,0.0,,17.3,213,34.9,
2026-08-20T11:15,17.8,83,16.9,0.0,0.0,,17.3,215,34.9,
2026-08-20T13:45,19.8,72,18.6,0.0,0.0,3,18.7,239,41.8,1004.6
2026-08-20T11:45,18.4,77,17.2,0.0,0.0,,18.4,227,39.2,
2026-08-20T14:30,19.8,74,19.1,0.4,0.4,61,16.2,242,42.5,1005.1
2026-08-20T12:15,19.5,73,18.0,0.0,0.0,,20.2,235,40.3,
2026-08-20T12:30,19.3,73,17.8,0.0,0.0,,20.5,240,42.1,
2026-08-20T15:30,17.6,84,17.0,0.5,0.5,61,14.8,241,41.4,1004.8
2026-08-20T13:00,19.2,73,17.6,0.0,0.0,,20.9,249,44.6,
2026-08-20T13:30,20.2,70,18.7,0.0,0.0,,21.2,244,45.0,
2026-08-20T16:15,20.4,77,20.3,0.0,0.0,0,15.5,242,39.2,1004.6
2026-08-20T14:00,20.1,69,18.5,0.0,0.0,,20.2,227,39.6,
2026-08-20T14:15,20.2,68,18.6,0.0,0.0,,20.2,232,40.0,
2026-08-20T17:00,20.4,74,19.4,0.0,0.0,0,19.4,246,40.3,1004.6
2026-08-20T14:45,18.0,83,17.6,0.4,0.4,,14.4,229,42.1,
2026-08-20T15:00,17.6,86,17.2,0.4,0.4,,14.4,227,43.9,
2026-08-20T17:45,20.2,73,19.2,0.0,0.0,0,18.7,244,37.1,1004.6
2026-08-20T15:15,18.2,82,18.2,0.6,0.6,,11.5,242,24.8,
2026-08-20T15:45,17.7,84,17.2,0.6,0.6,,14.8,242,33.5,
2026-08-20T18:30,20.2,71,18.9,0.0,0.0,2,19.8,249,38.5,1004.6
2026-08-20T16:00,17.7,84,17.0,0.6,0.6,,16.2,242,36.7,
2026-08-20T16:30,18.4,80,17.5,0.0,0.0,,17.6,242,38.5,
2026-08-20T19:00,19.9,71,18.6,0.0,0.0,2,19.1,246,37.4,1004.6
2026-08-20T16:45,20.5,72,19.5,0.0,0.0,,19.1,242,38.2,
2026-08-20T19:45,19.4,73,18.0,0.0,0.0,1,19.8,251,38.2,1004.7
2026-08-20T17:15,20.7,72,19.6,0.0,0.0,,19.8,244,38.9,
2026-08-20T17:30,20.8,71,19.6,0.0,0.0,,20.2,242,39.6,
2026-08-20T20:15,18.8,75,17.5,0.0,0.0,1,18.0,252,37.8,1004.9
2026-08-20T18:00,20.9,69,19.6,0.0,0.0,,20.2,238,40.0,
2026-08-20T18:15,20.8,69,19.5,0.0,0.0,,19.8,239,40.0,
2026-08-20T21:00,18.3,80,18.0,0.0,0.0,1,13.3,229,32.8,1005.7
2026-08-20T18:45,20.3,69,18.9,0.0,0.0,,19.4,246,37.4,
2026-08-20T21:45,17.9,78,17.1,0.0,0.0,0,14.4,228,28.8,1006.1
2026-08-20T19:15,20.0,70,18.9,0.0,0.0,,17.6,245,36.0,
2026-08-20T19:30,19.9,71,18.9,0.0,0.0,,16.9,246,36.4,
2026-08-20T22:15,17.5,80,16.7,0.0,0.0,0,14.4,225,28.4,1006.3
2026-08-20T20:00,19.6,72,18.8,0.0,0.0,,15.5,248,36.0,
2026-08-20T22:45,16.7,83,16.2,0.0,0.0,0,11.9,215,20.9,1006.4
2026-08-20T20:30,18.6,76,17.8,0.0,0.0,,15.5,251,36.7,
2026-08-20T20:45,18.2,77,17.6,0.0,0.0,,13.7,247,37.1,
2026-08-20T23:15,16.5,85,16.0,0.0,0.0,0,11.9,212,21.6,1006.6
2026-08-20T21:15,17.7,79,17.3,0.0,0.0,,11.5,239,33.1,
2026-08-20T23:45,17.5,81,16.6,0.0,0.0,3,15.1,225,29.2,1006.7
2026-08-20T21:30,18.2,81,18.0,0.0,0.0,,13.0,228,23.8,
2026-08-21T00:15,17.4,82,16.6,0.0,0.0,2,15.1,224,29.5,1006.7
2026-08-20T22:00,18.0,81,17.5,0.0,0.0,,14.4,228,26.6,
2026-08-21T00:45,16.3,88,16.1,0.0,0.0,2,11.2,217,24.1,1006.6
2026-08-20T22:30,17.2,82,16.7,0.0,0.0,,12.6,223,24.8,
2026-08-21T01:15,16.1,88,15.9,0.0,0.0,3,10.8,211,23.0,1006.6
2026-08-20T23:00,16.9,85,16.5,0.0,0.0,,12.2,219,24.8,
2026-08-21T01:45,15.3,92,15.0,0.0,0.0,0,10.8,207,19.4,1006.8
2026-08-20T23:30,16.3,85,16.0,0.0,0.0,,10.4,217,19.4,
2026-08-21T03:00,15.1,92,14.5,0.0,0.0,0,12.2,200,22.0,1007.1
2026-08-21T00:00,17.4,81,16.5,0.0,0.0,,15.5,233,28.8,
2026-08-21T00:30,17.1,83,16.3,0.0,0.0,,15.1,227,30.2,
2026-08-21T01:00,16.7,85,16.1,0.0,0.0,,13.3,221,29.9,
2026-08-21T04:30,15.0,94,14.6,0.0,0.0,2,11.2,230,22.3,1006.9
2026-08-21T01:30,15.7,91,15.7,0.0,0.0,,9.4,200,17.3,
2026-08-21T02:00,15.3,92,15.3,0.0,0.0,,9.0,196,17.3,
2026-08-21T02:15,15.3,92,15.3,0.0,0.0,,8.6,200,18.0,
2026-08-21T02:30,15.4,92,15.4,0.0,0.0,,8.6,205,19.1,
2026-08-21T05:30,15.2,93,15.4,0.0,0.0,2,7.2,241,15.8,1006.9
2026-08-21T02:45,15.1,92,14.6,0.0,0.0,,11.9,195,21.6,
2026-08-21T03:15,15.1,92,14.4,0.0,0.0,,13.0,198,23.4,
2026-08-21T03:30,15.0,92,14.4,0.0,0.0,,12.6,200,23.4,
2026-08-21T06:15,14.1,93,13.5,0.0,0.0,0,10.4,239,20.2,1006.8
2026-08-21T03:45,15.0,91,14.3,0.0,0.0,,12.6,203,23.4,
2026-08-21T04:00,14.9,91,14.2,0.0,0.0,,12.2,205,23.4,
2026-08-21T04:15,14.9,91,14.2,0.0,0.0,,11.9,209,23.0,
2026-08-21T07:00,13.6,95,14.1,0.0,0.0,1,2.5,279,7.9,1006.7
2026-08-21T04:45,14.8,93,14.6,0.0,0.0,,9.7,228,21.2,
2026-08-21T05:00,14.7,93,14.6,0.0,0.0,,9.0,232,20.9,
2026-08-21T07:45,14.6,95,15.1,0.0,0.0,3,5.0,274,9.7,1006.7
2026-08-21T05:15,15.2,93,15.9,0.0,0.0,,4.3,235,8.6,
2026-08-21T05:45,14.9,94,15.3,0.0,0.0,,5.8,244,9.4,
2026-08-21T08:30,15.0,91,15.3,0.0,0.0,1,5.4,281,11.9,1007.5
2026-08-21T06:00,14.2,93,13.8,0.0,0.0,,9.0,219,18.0,
2026-08-21T06:30,13.8,94,13.6,0.0,0.0,,7.9,241,19.1,
2026-08-21T09:15,16.2,87,16.9,0.0,0.0,2,4.7,256,12.2,1007.9
2026-08-21T06:45,13.7,94,13.6,0.0,0.0,,6.8,251,18.7,
2026-08-21T07:15,13.8,94,13.8,0.0,0.0,,5.8,262,16.9,
2026-08-21T07:30,13.9,94,14.0,0.0,0.0,,5.8,262,15.1,
2026-08-21T10:00,17.9,79,19.0,0.0,0.0,2,1.8,274,11.5,1007.9
2026-08-21T08:00,14.4,93,14.7,0.0,0.0,,4.7,264,9.4,
2026-08-21T10:45,19.1,68,19.2,0.0,0.0,1,5.4,337,15.1,1007.8
2026-08-21T08:15,15.2,92,15.6,0.0,0.0,,5.8,282,11.2,
2026-08-21T08:45,16.0,87,16.5,0.0,0.0,,5.4,294,12.2,
2026-08-21T11:30,19.8,66,19.9,0.0,0.0,3,6.5,346,16.2,1008.4
2026-08-21T09:00,15.7,89,16.2,0.0,0.0,,5.4,315,12.2,
2026-08-21T09:30,16.6,85,17.5,0.0,0.0,,3.2,15,12.2,
2026-08-21T12:00,19.9,64,19.9,0.0,0.0,3,6.1,333,16.2,1008.9
2026-08-21T09:45,17.1,82,18.1,0.0,0.0,,2.2,45,11.9,
2026-08-21T12:45,17.7,74,16.9,0.0,0.0,3,12.2,16,30.2,1008.9
2026-08-21T10:15,18.3,76,18.8,0.0,0.0,,5.4,52,12.2,
2026-08-21T10:30,18.6,74,19.1,0.0,0.0,,5.4,37,13.0,
2026-08-21T13:15,17.1,78,16.2,0.2,0.2,53,13.3,10,33.1,1008.8
2026-08-21T11:00,19.0,69,19.3,0.0,0.0,,5.4,6,14.4,
2026-08-21T11:15,19.2,67,19.3,0.0,0.0,,5.0,13,14.4,
2026-08-21T13:45,18.7,63,17.3,0.0,0.0,3,13.0,355,33.1,1008.7
2026-08-21T11:45,20.0,60,20.3,0.0,0.0,,1.8,41,15.5,
2026-08-21T14:30,19.9,67,19.0,0.0,0.0,3,14.0,342,33.5,1009.2
2026-08-21T12:15,20.1,62,20.0,0.0,0.0,,6.1,331,16.2,
2026-08-21T12:30,20.1,61,19.8,0.0,0.0,,6.5,329,16.2,
2026-08-21T15:30,19.7,66,17.8,0.0,0.0,3,19.4,338,37.4,1009.0
2026-08-21T13:00,20.2,60,19.8,0.0,0.0,,6.8,325,18.0,
2026-08-21T13:30,20.4,60,20.1,0.0,0.0,,7.2,339,23.0,
2026-08-21T16:15,17.4,84,16.7,0.1,0.1,51,15.8,329,33.5,1009.0
2026-08-21T14:00,17.1,81,17.1,0.3,0.3,,8.3,21,26.3,
2026-08-21T14:15,17.5,79,17.6,0.0,0.0,,8.3,17,25.6,
2026-08-21T17:00,17.9,76,17.7,0.0,0.0,3,9.0,4,26.3,1009.1
2026-08-21T14:45,17.6,71,16.3,0.0,0.0,,13.7,6,30.6,
2026-08-21T15:00,17.5,73,16.4,0.0,0.0,,13.0,5,30.2,
2026-08-21T17:45,19.3,63,18.1,0.0,0.0,3,12.6,349,31.0,1009.3
2026-08-21T15:15,19.4,69,17.7,0.0,0.0,,19.1,336,37.4,
2026-08-21T15:45,19.8,64,18.1,0.0,0.0,,17.3,343,37.1,
2026-08-21T18:30,17.9,70,16.6,0.2,0.2,53,14.0,2,36.4,1009.5
2026-08-21T16:00,19.9,63,18.3,0.0,0.0,,16.6,346,36.7,
2026-08-21T16:30,19.7,63,18.2,0.0,0.0,,15.8,345,35.3,
2026-08-21T19:00,17.2,84,17.0,0.0,0.0,3,11.5,335,23.0,1009.7
2026-08-21T16:45,16.0,90,16.3,0.9,0.9,,7.6,288,33.1,
2026-08-21T19:30,17.3,84,17.4,0.0,0.0,3,9.4,327,19.1,1010.0
2026-08-21T17:15,17.9,76,17.9,0.0,0.0,,7.9,324,17.6,
2026-08-21T17:30,17.8,76,17.7,0.0,0.0,,8.3,324,18.0,
