timestamp,temperature_2m,relative_humidity_2m,apparent_temperature,precipitation,rain,weather_code,wind_speed_10m,wind_direction_10m,wind_gusts_10m,surface_pressure
2026-07-06T00:00,28.6,34,27.2,0.0,0.0,0,12.4,26,24.1,1019.0
2026-07-06T01:00,27.5,36,26.0,0.0,0.0,0,12.0,37,24.1,1019.0
2026-07-06T02:00,25.7,41,24.5,0.0,0.0,0,11.5,49,23.0,1018.7
2026-07-06T03:00,24.9,43,23.6,0.0,0.0,0,11.3,59,22.0,1018.2
2026-07-06T04:00,24.1,45,23.0,0.0,0.0,0,10.5,66,21.6,1018.0
2026-07-06T05:00,23.4,47,22.4,0.0,0.0,0,9.2,73,20.2,1018.0
2026-07-06T06:00,22.7,50,21.8,0.0,0.0,0,9.2,74,17.3,1017.8
2026-07-06T07:00,22.3,52,21.4,0.0,0.0,0,10.2,73,19.4,1017.9
2026-07-06T08:00,23.0,52,22.4,0.0,0.0,0,9.8,77,20.5,1018.2
2026-07-06T09:00,25.0,48,24.8,0.0,0.0,0,8.1,78,19.8,1018.2
2026-07-06T10:00,27.4,43,27.3,0.0,0.0,0,9.1,82,23.8,1018.2
2026-07-06T11:00,30.1,37,30.2,0.0,0.0,0,11.0,91,28.1,1018.1
2026-07-06T12:00,32.2,29,32.0,0.0,0.0,0,13.9,100,34.9,1017.9
2026-07-06T13:00,33.8,23,33.5,0.0,0.0,0,13.9,100,35.3,1017.7
2026-07-06T14:00,36.0,17,35.1,0.0,0.0,0,14.7,98,35.3,1017.0
2026-07-06T15:00,36.6,16,35.8,0.0,0.0,0,13.8,96,37.1,1016.3
2026-07-06T16:00,37.2,14,36.2,0.0,0.0,0,12.6,94,35.3,1015.9
2026-07-06T17:00,37.4,13,35.8,0.0,0.0,0,12.1,96,33.5,1015.6
2026-07-06T18:00,37.4,13,34.9,0.0,0.0,0,11.9,100,31.7,1015.0
2026-07-06T19:00,37.0,14,34.1,0.0,0.0,0,10.4,107,29.9,1014.4
2026-07-06T20:00,36.9,13,34.4,0.0,0.0,0,7.2,108,25.6,1014.1
2026-07-06T21:00,35.1,22,34.6,0.0,0.0,0,3.1,144,15.1,1013.8
2026-07-06T22:00,32.4,25,32.1,0.0,0.0,0,2.3,90,6.1,1013.9
2026-07-06T23:00,30.8,25,29.5,0.0,0.0,0,5.6,68,10.1,1014.6
2026-07-07T00:00,30.1,22,27.7,0.0,0.0,0,9.5,80,17.3,1014.7
2026-07-07T01:00,28.7,24,26.1,0.0,0.0,0,10.7,78,20.2,1014.8
2026-07-07T02:00,26.5,28,24.2,0.0,0.0,0,9.4,88,19.8,1014.7
2026-07-07T03:00,25.2,33,23.1,0.0,0.0,0,10.0,98,18.7,1014.5
2026-07-07T04:00,24.1,37,22.2,0.0,0.0,0,10.5,98,20.5,1014.3
2026-07-07T05:00,23.4,39,21.6,0.0,0.0,0,9.7,101,20.2,1014.3
2026-07-07T06:00,22.5,41,20.9,0.0,0.0,0,8.4,110,18.0,1014.5
2026-07-07T07:00,22.1,44,20.6,0.0,0.0,0,8.2,112,15.8,1015.0
2026-07-07T08:00,22.9,45,21.7,0.0,0.0,0,8.2,109,15.5,1015.4
2026-07-07T09:00,25.0,41,24.4,0.0,0.0,0,6.2,116,16.6,1015.5
2026-07-07T10:00,27.7,36,27.1,0.0,0.0,0,6.5,118,19.4,1015.6
2026-07-07T11:00,30.4,33,30.8,0.0,0.0,0,5.5,136,19.4,1015.8
2026-07-07T12:00,33.2,27,34.6,0.0,0.0,0,4.3,138,19.4,1015.9
2026-07-07T13:00,35.6,21,36.9,0.0,0.0,0,4.6,129,19.4,1016.0
2026-07-07T14:00,37.5,14,38.5,0.0,0.0,0,2.5,111,19.8,1015.6
2026-07-07T15:00,38.3,12,39.4,0.0,0.0,0,1.3,34,15.8,1015.1
2026-07-07T16:00,38.6,11,38.7,0.0,0.0,0,4.1,29,18.7,1014.8
2026-07-07T17:00,38.7,11,37.6,0.0,0.0,0,7.3,48,23.0,1014.4
2026-07-07T18:00,38.8,12,37.0,0.0,0.0,0,7.1,52,24.1,1014.0
2026-07-07T19:00,38.6,13,36.6,0.0,0.0,0,5.2,2,21.6,1013.8
2026-07-07T20:00,36.4,18,34.2,0.0,0.0,0,12.2,283,25.6,1013.8
2026-07-07T21:00,31.8,35,31.1,0.0,0.0,0,14.3,275,33.8,1014.4
2026-07-07T22:00,28.6,50,28.9,0.0,0.0,0,14.9,263,31.7,1015.3
2026-07-07T23:00,25.5,73,27.3,0.0,0.0,0,15.3,267,34.6,1016.5
2026-07-08T00:00,24.2,84,27.0,0.0,0.0,0,12.2,271,32.8,1016.8
2026-07-08T01:00,23.8,84,26.8,0.0,0.0,0,8.5,276,25.9,1016.8
2026-07-08T02:00,22.3,90,25.6,0.0,0.0,0,5.5,297,18.7,1016.5
2026-07-08T03:00,21.9,91,25.2,0.0,0.0,0,5.2,258,12.2,1016.1
2026-07-08T04:00,21.2,95,24.1,0.0,0.0,1,7.8,228,16.9,1016.1
2026-07-08T05:00,20.8,96,23.3,0.0,0.0,3,9.4,235,20.5,1016.1
2026-07-08T06:00,20.7,98,23.0,0.0,0.0,3,11.4,244,24.8,1016.3
2026-07-08T07:00,21.3,92,23.6,0.0,0.0,3,10.3,247,26.3,1016.4
2026-07-08T08:00,21.6,86,23.7,0.0,0.0,2,9.2,254,23.8,1016.9
2026-07-08T09:00,23.1,78,25.3,0.0,0.0,1,7.9,254,22.0,1017.0
2026-07-08T10:00,24.9,70,27.4,0.0,0.0,0,6.0,263,21.2,1017.1
2026-07-08T11:00,27.0,61,30.0,0.0,0.0,0,4.5,265,19.4,1017.2
2026-07-08T12:00,29.1,53,33.2,0.0,0.0,0,2.2,284,18.7,1016.9
2026-07-08T13:00,31.2,45,35.9,0.0,0.0,0,1.1,351,16.2,1016.5
2026-07-08T14:00,32.5,39,37.2,0.0,0.0,0,1.2,297,15.8,1015.8
2026-07-08T15:00,34.5,34,38.7,0.0,0.0,0,1.8,6,15.8,1014.9
2026-07-08T16:00,35.7,29,39.0,0.0,0.0,0,3.1,36,17.3,1014.4
2026-07-08T17:00,36.4,27,38.6,0.0,0.0,0,5.1,39,19.8,1013.9
2026-07-08T18:00,36.5,26,37.2,0.0,0.0,0,7.0,35,22.0,1013.4
2026-07-08T19:00,36.2,26,35.9,0.0,0.0,0,9.3,16,24.1,1013.1
2026-07-08T20:00,33.5,42,34.8,0.0,0.0,0,14.2,344,31.7,1013.1
2026-07-08T21:00,31.0,49,32.4,0.0,0.0,0,13.0,336,33.1,1013.1
2026-07-08T22:00,29.2,54,30.8,0.0,0.0,0,11.2,334,28.1,1013.3
2026-07-08T23:00,27.7,57,29.3,0.0,0.0,0,10.2,337,25.2,1013.7
2026-07-09T00:00,26.7,59,28.2,0.0,0.0,0,9.3,341,22.7,1013.7
2026-07-09T01:00,25.9,60,27.2,0.0,0.0,0,9.4,356,20.5,1013.5
2026-07-09T02:00,23.6,76,25.7,0.0,0.0,0,8.1,336,21.6,1013.4
2026-07-09T03:00,22.9,78,25.2,0.0,0.0,0,6.7,297,16.9,1013.1
2026-07-09T04:00,22.2,81,24.4,0.0,0.0,0,7.0,299,15.1,1012.9
2026-07-09T05:00,21.4,84,23.6,0.0,0.0,0,6.7,284,15.1,1012.7
2026-07-09T06:00,20.7,89,23.1,0.0,0.0,0,5.7,307,14.8,1012.2
2026-07-09T07:00,20.6,92,23.0,0.0,0.0,0,6.8,360,11.9,1012.0
2026-07-09T08:00,21.0,94,24.4,0.0,0.0,0,3.1,320,12.2,1011.9
2026-07-09T09:00,23.6,82,27.3,0.0,0.0,0,1.9,34,10.4,1012.0
2026-07-09T10:00,26.4,68,30.1,0.0,0.0,0,0.9,79,11.2,1011.8
2026-07-09T11:00,28.6,58,32.6,0.0,0.0,0,0.6,252,11.2,1011.7
2026-07-09T12:00,30.8,49,35.3,0.0,0.0,0,1.5,54,12.6,1011.3
2026-07-09T13:00,33.1,36,36.5,0.0,0.0,0,4.4,55,16.9,1011.0
2026-07-09T14:00,35.3,24,37.3,0.0,0.0,0,5.6,61,22.7,1010.2
2026-07-09T15:00,36.3,21,38.1,0.0,0.0,0,5.7,44,20.5,1009.4
2026-07-09T16:00,37.1,19,38.2,0.0,0.0,0,6.5,24,21.6,1008.8
2026-07-09T17:00,37.6,18,38.0,0.0,0.0,0,6.1,34,21.6,1008.3
2026-07-09T18:00,37.8,19,37.3,0.0,0.0,0,7.6,36,21.2,1007.8
2026-07-09T19:00,37.2,20,35.8,0.0,0.0,0,10.9,46,26.6,1007.5
2026-07-09T20:00,36.8,23,35.8,0.0,0.0,0,10.8,48,26.6,1007.0
2026-07-09T21:00,35.3,28,35.5,0.0,0.0,1,7.1,54,23.8,1006.8
2026-07-09T22:00,33.3,32,33.8,0.0,0.0,0,5.8,39,14.8,1007.0
2026-07-09T23:00,32.3,34,32.5,0.0,0.0,0,8.5,36,16.6,1007.5
2026-07-10T00:00,31.0,37,31.2,0.0,0.0,0,8.7,42,16.6,1007.6
2026-07-10T01:00,29.7,39,29.9,0.0,0.0,0,8.7,45,16.6,1007.7
2026-07-10T02:00,27.7,46,28.5,0.0,0.0,1,5.6,31,16.6,1007.6
2026-07-10T03:00,26.9,47,27.5,0.0,0.0,1,5.3,18,10.4,1007.4
2026-07-10T04:00,26.2,51,27.3,0.0,0.0,2,4.2,5,11.2,1007.2
2026-07-10T05:00,25.7,53,27.4,0.0,0.0,2,0.4,270,7.2,1007.2
2026-07-10T06:00,24.9,53,25.9,0.0,0.0,1,3.8,11,7.6,1007.0
2026-07-10T07:00,24.4,54,24.9,0.0,0.0,0,7.0,35,12.6,1007.2
2026-07-10T08:00,25.0,55,25.9,0.0,0.0,3,6.1,43,16.2,1007.4
2026-07-10T09:00,26.7,49,28.0,0.0,0.0,2,2.4,189,12.6,1007.7
2026-07-10T10:00,28.5,45,29.8,0.0,0.0,3,3.7,227,14.8,1007.8
2026-07-10T11:00,30.5,43,32.2,0.0,0.0,3,4.8,255,18.4,1008.0
2026-07-10T12:00,32.3,41,35.2,0.0,0.0,3,4.3,253,18.4,1008.1
2026-07-10T13:00,33.8,40,37.5,0.0,0.0,3,5.1,253,20.5,1008.1
2026-07-10T14:00,35.6,35,39.1,0.0,0.0,2,7.1,286,20.5,1007.7
2026-07-10T15:00,36.0,35,39.1,0.0,0.0,1,8.3,270,25.9,1006.9
2026-07-10T16:00,31.6,48,34.8,0.8,0.8,53,12.1,218,27.0,1008.7
2026-07-10T17:00,31.7,48,34.5,0.6,0.6,53,4.2,31,37.4,1008.5
2026-07-10T18:00,31.0,50,32.9,0.4,0.4,51,11.0,159,22.0,1008.4
2026-07-10T19:00,32.6,42,34.1,0.0,0.0,3,8.9,146,29.9,1007.7
2026-07-10T20:00,31.4,46,33.6,0.0,0.0,3,5.9,203,20.2,1008.0
2026-07-10T21:00,30.5,48,32.2,0.0,0.0,3,9.4,252,19.1,1008.2
2026-07-10T22:00,28.8,57,31.7,0.0,0.0,3,4.3,312,19.1,1008.2
2026-07-10T23:00,27.8,61,30.6,0.0,0.0,2,6.5,326,11.9,1009.2
2026-07-11T00:00,26.8,67,29.5,0.0,0.0,3,8.4,349,17.3,1009.3
2026-07-11T01:00,25.5,74,28.9,0.0,0.0,3,4.5,344,16.9,1009.5
2026-07-11T02:00,25.3,59,26.1,0.0,0.0,3,10.8,108,8.6,1010.1
2026-07-11T03:00,25.1,54,25.6,0.0,0.0,3,8.3,129,21.2,1009.5
2026-07-11T04:00,24.5,56,25.0,0.0,0.0,0,7.8,230,17.6,1010.1
2026-07-11T05:00,23.1,66,24.7,0.0,0.0,3,3.7,203,16.6,1010.3
2026-07-11T06:00,23.1,68,25.3,0.0,0.0,3,1.9,311,8.6,1010.6
2026-07-11T07:00,23.2,71,25.2,0.0,0.0,1,4.5,344,7.9,1010.9
2026-07-11T08:00,23.4,74,25.7,0.0,0.0,0,5.2,88,14.4,1011.1
2026-07-11T09:00,25.8,62,28.0,0.0,0.0,1,4.8,59,15.1,1011.2
2026-07-11T10:00,27.6,54,29.5,0.0,0.0,1,5.9,35,20.2,1011.0
2026-07-11T11:00,29.8,47,31.6,0.0,0.0,0,7.6,83,22.7,1010.9
2026-07-11T12:00,31.6,41,33.7,0.0,0.0,0,9.7,63,27.4,1011.1
2026-07-11T13:00,33.2,36,35.1,0.0,0.0,0,11.7,80,31.7,1011.1
2026-07-11T14:00,34.3,26,35.5,0.0,0.0,0,9.8,76,32.8,1010.7
2026-07-11T15:00,35.8,22,36.9,0.0,0.0,0,8.6,80,27.7,1010.1
2026-07-11T16:00,36.6,21,37.1,0.0,0.0,2,9.4,102,27.7,1009.7
2026-07-11T17:00,36.9,20,36.6,0.0,0.0,2,10.2,99,28.1,1009.3
2026-07-11T18:00,37.0,20,35.7,0.0,0.0,0,11.9,93,30.6,1009.0
2026-07-11T19:00,36.7,19,34.4,0.0,0.0,1,14.5,109,33.5,1009.2
2026-07-11T20:00,36.2,19,34.0,0.0,0.0,1,13.1,92,37.4,1008.8
2026-07-11T21:00,34.9,24,34.0,0.0,0.0,1,8.3,114,27.7,1008.8
2026-07-11T22:00,32.7,30,32.9,0.0,0.0,0,4.2,80,15.8,1009.1
2026-07-11T23:00,31.9,30,31.3,0.0,0.0,0,8.5,66,15.5,1009.7
2026-07-12T00:00,31.4,31,30.0,0.0,0.0,0,13.9,100,26.3,1009.9
2026-07-12T01:00,30.8,32,29.4,0.0,0.0,0,13.4,104,28.1,1010.0
2026-07-12T02:00,27.7,41,26.9,0.0,0.0,0,12.4,100,27.4,1009.7
2026-07-12T03:00,26.7,44,26.1,0.0,0.0,0,11.6,112,24.5,1009.7
2026-07-12T04:00,26.0,49,25.7,0.0,0.0,1,11.9,108,23.8,1009.7
2026-07-12T05:00,25.3,56,25.5,0.0,0.0,3,12.1,100,23.8,1009.7
2026-07-12T06:00,24.7,61,25.1,0.0,0.0,3,13.1,90,26.3,1009.8
2026-07-12T07:00,24.3,62,24.7,0.0,0.0,1,13.0,92,26.3,1010.1
2026-07-12T08:00,24.9,60,25.6,0.0,0.0,0,11.0,91,26.6,1010.5
2026-07-12T09:00,26.5,54,27.0,0.0,0.0,0,11.7,93,27.0,1010.6
2026-07-12T10:00,28.7,46,29.0,0.0,0.0,0,11.9,95,29.5,1010.7
2026-07-12T11:00,31.0,39,31.2,0.0,0.0,0,13.4,102,32.8,1010.7
2026-07-12T12:00,33.4,32,33.8,0.0,0.0,0,14.5,97,36.0,1010.3
2026-07-12T13:00,35.5,25,35.4,0.0,0.0,0,16.6,95,40.3,1009.9
2026-07-12T14:00,37.5,22,37.6,0.0,0.0,3,16.4,98,43.6,1009.1
2026-07-12T15:00,37.9,21,37.5,0.0,0.0,3,16.7,96,41.4,1008.2
2026-07-12T16:00,38.5,19,37.5,0.0,0.0,1,16.6,93,40.7,1007.6
2026-07-12T17:00,39.2,17,37.7,0.0,0.0,3,17.5,94,41.4,1006.9
2026-07-12T18:00,39.0,18,36.8,0.0,0.0,2,17.2,103,42.1,1006.4
2026-07-12T19:00,38.6,19,36.4,0.0,0.0,2,16.7,109,39.6,1006.1
2026-07-12T20:00,38.3,18,36.2,0.0,0.0,2,13.8,107,37.4,1005.2
2026-07-12T21:00,36.9,21,35.6,0.0,0.0,0,10.3,106,28.4,1005.0
2026-07-12T22:00,35.3,24,33.8,0.0,0.0,0,13.1,117,23.8,1005.1
2026-07-12T23:00,33.5,30,32.7,0.0,0.0,3,13.8,133,32.4,1006.0
2026-07-13T00:00,32.0,32,31.1,0.0,0.0,3,13.5,149,30.6,1006.8
2026-07-13T01:00,30.6,35,29.9,0.0,0.0,2,12.4,140,27.4,1006.6
2026-07-13T02:00,28.0,49,28.3,0.0,0.0,1,11.8,174,24.8,1007.2
2026-07-13T03:00,26.4,68,28.9,0.0,0.0,0,9.4,270,23.4,1007.4
2026-07-13T04:00,26.1,65,28.0,0.0,0.0,1,9.3,278,20.2,1008.0
2026-07-13T05:00,25.4,64,26.9,0.0,0.0,0,10.1,268,22.3,1008.7
2026-07-13T06:00,24.4,72,26.1,0.0,0.0,0,11.3,245,24.1,1009.3
2026-07-13T07:00,23.6,81,25.9,0.0,0.0,2,11.2,238,23.8,1010.1
2026-07-13T08:00,23.6,85,26.2,0.0,0.0,3,11.8,245,27.0,1011.1
2026-07-13T09:00,24.9,75,26.8,0.0,0.0,3,13.0,227,29.2,1011.2
2026-07-13T10:00,25.8,70,27.5,0.2,0.2,51,13.6,229,32.8,1011.7
2026-07-13T11:00,26.6,67,28.7,0.6,0.6,53,11.4,237,34.6,1011.7
2026-07-13T12:00,27.8,63,30.7,0.4,0.4,51,11.6,221,32.0,1012.2
2026-07-13T13:00,28.9,56,31.6,0.0,0.0,2,11.4,211,31.3,1012.3
2026-07-13T14:00,26.9,71,31.0,0.0,0.0,2,9.3,242,32.4,1012.6
2026-07-13T15:00,28.7,59,33.2,0.0,0.0,1,6.2,255,25.6,1011.9
2026-07-13T16:00,29.9,53,33.9,0.0,0.0,2,7.0,266,22.0,1011.4
2026-07-13T17:00,30.4,51,33.7,0.0,0.0,3,7.9,266,23.0,1011.2
2026-07-13T18:00,30.2,51,32.2,0.0,0.0,3,9.0,264,24.1,1011.4
2026-07-13T19:00,29.6,51,31.3,0.0,0.0,3,9.4,270,24.1,1011.4
2026-07-13T20:00,29.2,50,30.7,0.0,0.0,3,9.2,273,23.0,1011.6
2026-07-13T21:00,27.6,56,28.9,0.0,0.0,2,10.9,294,23.0,1011.9
2026-07-13T22:00,25.4,67,26.9,0.0,0.0,2,12.1,311,25.9,1012.4
2026-07-13T23:00,24.3,74,26.3,0.0,0.0,3,10.6,326,25.2,1012.6
2026-07-14T00:00,23.7,79,26.3,0.0,0.0,2,7.0,328,21.2,1012.7
2026-07-14T01:00,23.0,83,26.2,0.0,0.0,3,4.7,332,13.7,1012.9
2026-07-14T02:00,22.1,89,25.2,0.0,0.0,3,5.9,348,9.0,1012.9
2026-07-14T03:00,21.9,91,24.9,0.0,0.0,3,6.7,355,14.4,1012.7
2026-07-14T04:00,21.4,93,24.5,0.0,0.0,3,5.8,344,13.3,1012.9
2026-07-14T05:00,21.1,94,24.2,0.0,0.0,2,5.1,337,12.2,1013.1
2026-07-14T06:00,20.9,95,23.8,0.0,0.0,3,6.5,354,13.0,1013.1
2026-07-14T07:00,20.8,97,23.8,0.0,0.0,2,6.7,3,13.3,1013.3
2026-07-14T08:00,21.6,92,24.5,0.0,0.0,3,6.8,12,13.7,1013.5
2026-07-14T09:00,23.1,85,26.7,0.0,0.0,1,3.6,27,15.1,1013.8
2026-07-14T10:00,25.1,72,28.1,0.0,0.0,2,4.6,31,15.5,1014.1
2026-07-14T11:00,27.1,58,29.3,0.0,0.0,2,5.0,38,16.9,1014.0
2026-07-14T12:00,28.7,51,31.4,0.0,0.0,2,4.8,48,17.6,1014.0
2026-07-14T13:00,30.4,49,34.4,0.0,0.0,1,4.5,61,17.6,1013.8
2026-07-14T14:00,32.4,43,36.3,0.0,0.0,1,5.3,72,18.0,1012.9
2026-07-14T15:00,33.4,42,37.4,0.0,0.0,1,5.5,81,19.8,1012.4
2026-07-14T16:00,33.9,41,37.8,0.0,0.0,0,4.8,77,19.8,1011.9
2026-07-14T17:00,34.3,39,37.8,0.0,0.0,1,4.6,45,18.4,1011.5
2026-07-14T18:00,34.4,38,37.0,0.0,0.0,1,3.8,73,17.6,1011.7
2026-07-14T19:00,34.1,37,36.2,0.0,0.0,1,3.3,41,15.5,1011.2
2026-07-14T20:00,34.4,32,35.3,0.0,0.0,0,6.9,346,12.6,1011.0
2026-07-14T21:00,33.8,34,34.9,0.0,0.0,1,5.7,347,17.3,1011.1
2026-07-14T22:00,32.5,35,33.1,0.0,0.0,0,7.2,6,12.6,1011.4
2026-07-14T23:00,31.3,39,31.9,0.0,0.0,0,9.7,11,18.4,1011.7
2026-07-15T00:00,29.5,46,30.3,0.0,0.0,0,10.4,345,21.2,1012.3
2026-07-15T01:00,24.7,66,25.4,0.7,0.7,53,14.8,336,28.8,1012.6
2026-07-15T02:00,23.5,85,25.7,4.8,4.8,63,14.0,29,32.4,1011.9
2026-07-15T03:00,22.4,86,23.8,0.0,0.0,3,15.9,325,29.9,1011.8
2026-07-15T04:00,21.2,92,22.3,3.6,3.6,63,18.1,339,34.2,1013.2
2026-07-15T05:00,21.9,88,25.0,1.0,1.0,55,5.1,73,33.5,1012.3
2026-07-15T06:00,20.8,94,22.6,0.6,0.6,53,13.0,294,30.6,1012.8
2026-07-15T07:00,20.7,96,24.3,1.3,1.3,61,1.9,248,30.6,1013.3
2026-07-15T08:00,20.7,96,23.3,0.5,0.5,53,9.1,131,20.9,1012.9
2026-07-15T09:00,21.2,95,23.3,1.1,1.1,55,13.1,291,28.4,1014.0
2026-07-15T10:00,23.3,86,26.7,0.3,0.3,51,6.1,246,24.1,1013.7
2026-07-15T11:00,23.9,84,27.6,0.5,0.5,53,3.9,13,44.3,1015.2
2026-07-15T12:00,26.7,71,31.4,0.1,0.1,51,4.9,163,16.9,1014.4
2026-07-15T13:00,28.2,64,32.9,0.0,0.0,3,6.7,204,20.2,1014.8
2026-07-15T14:00,30.5,50,34.5,0.0,0.0,3,3.5,35,20.2,1014.2
2026-07-15T15:00,30.4,51,34.2,0.0,0.0,3,2.5,21,13.3,1013.9
2026-07-15T16:00,30.6,51,33.8,0.0,0.0,3,3.2,71,12.6,1013.6
2026-07-15T17:00,31.2,51,34.6,0.0,0.0,0,2.3,302,13.0,1013.4
2026-07-15T18:00,30.4,53,32.6,0.0,0.0,0,13.8,282,31.0,1013.3
2026-07-15T19:00,28.9,56,30.2,0.0,0.0,0,14.8,299,34.9,1014.1
2026-07-15T20:00,28.2,60,30.0,0.0,0.0,1,12.9,278,32.4,1013.7
2026-07-15T21:00,26.8,66,28.8,0.0,0.0,1,11.5,284,28.1,1014.3
2026-07-15T22:00,25.3,74,28.3,0.0,0.0,3,7.5,294,23.4,1015.1
2026-07-15T23:00,24.6,80,28.0,0.0,0.0,3,6.0,286,14.8,1015.4
2026-07-16T00:00,24.0,84,27.7,0.0,0.0,2,4.6,259,11.5,1015.5
2026-07-16T01:00,23.3,87,26.4,0.0,0.0,0,8.7,223,16.6,1015.5
2026-07-16T02:00,21.9,91,24.6,0.0,0.0,2,9.6,232,18.0,1015.3
2026-07-16T03:00,21.6,93,24.2,0.0,0.0,2,9.8,246,19.4,1015.0
2026-07-16T04:00,21.5,95,24.1,0.0,0.0,2,10.5,265,20.5,1014.5
2026-07-16T05:00,21.6,96,24.6,0.0,0.0,3,9.0,285,20.9,1013.9
2026-07-16T06:00,21.6,97,25.0,0.0,0.0,2,6.5,284,17.3,1013.6
2026-07-16T07:00,21.6,97,25.2,0.0,0.0,2,5.1,280,12.2,1013.6
2026-07-16T08:00,21.7,98,26.1,0.0,0.0,3,0.8,207,11.9,1014.0
2026-07-16T09:00,23.0,90,27.2,0.0,0.0,3,1.8,281,9.0,1014.3
2026-07-16T10:00,24.5,83,28.5,0.0,0.0,1,3.3,331,12.6,1014.0
2026-07-16T11:00,25.8,76,30.2,0.0,0.0,1,1.4,157,15.5,1014.5
2026-07-16T12:00,26.8,72,31.0,0.0,0.0,0,3.9,22,15.1,1013.4
2026-07-16T13:00,28.2,67,34.2,0.0,0.0,1,2.2,270,17.3,1013.4
2026-07-16T14:00,22.2,90,27.4,0.0,0.0,2,1.4,293,14.0,1013.4
2026-07-16T15:00,27.9,64,32.0,0.0,0.0,0,12.7,264,32.8,1012.4
2026-07-16T16:00,28.1,63,31.9,0.0,0.0,1,9.5,297,32.4,1012.4
2026-07-16T17:00,28.4,62,31.8,0.0,0.0,1,8.2,308,25.6,1012.3
2026-07-16T18:00,28.1,62,30.6,0.0,0.0,1,9.3,336,24.1,1012.1
2026-07-16T19:00,27.9,61,30.5,0.0,0.0,1,7.6,335,24.1,1012.3
2026-07-16T20:00,27.7,63,29.2,0.0,0.0,2,15.8,308,20.5,1011.1
2026-07-16T21:00,26.3,67,28.1,0.0,0.0,1,13.0,297,34.2,1011.9
2026-07-16T22:00,24.8,75,27.2,0.0,0.0,1,10.3,299,27.7,1012.9
2026-07-16T23:00,24.0,81,27.0,0.0,0.0,1,7.5,278,21.6,1013.9
2026-07-17T00:00,23.3,86,26.4,0.0,0.0,1,7.8,277,17.3,1014.3
2026-07-17T01:00,22.7,90,26.0,0.0,0.0,1,6.7,262,16.6,1014.5
2026-07-17T02:00,22.2,96,26.4,0.0,0.0,0,3.1,257,14.0,1013.9
2026-07-17T03:00,22.1,94,25.0,0.0,0.0,2,10.2,239,20.5,1014.1
2026-07-17T04:00,22.1,91,24.6,0.0,0.0,2,11.1,248,22.7,1014.0
2026-07-17T05:00,21.7,92,24.4,0.0,0.0,3,8.4,254,22.3,1013.9
2026-07-17T06:00,21.3,94,24.5,0.0,0.0,2,5.8,250,16.6,1014.0
2026-07-17T07:00,21.2,92,23.9,0.0,0.0,1,7.5,243,14.0,1014.2
2026-07-17T08:00,22.1,90,24.7,0.1,0.1,51,9.4,273,21.6,1014.5
2026-07-17T09:00,22.9,83,25.4,0.1,0.1,51,8.7,263,20.5,1014.3
2026-07-17T10:00,24.4,72,26.3,0.0,0.0,0,10.0,263,24.1,1014.5
2026-07-17T11:00,25.8,65,27.5,0.0,0.0,1,10.4,271,26.6,1014.8
2026-07-17T12:00,26.8,62,29.3,0.0,0.0,1,10.2,279,27.4,1014.8
2026-07-17T13:00,27.8,57,30.8,0.0,0.0,0,9.6,283,27.0,1014.7
2026-07-17T14:00,29.2,45,31.4,0.0,0.0,1,10.4,279,27.4,1014.3
2026-07-17T15:00,28.9,44,30.2,0.2,0.2,51,13.7,274,34.6,1014.1
2026-07-17T16:00,28.9,43,29.9,0.0,0.0,0,13.8,281,34.6,1014.1
2026-07-17T17:00,28.3,45,28.5,0.0,0.0,1,16.9,306,40.0,1014.3
2026-07-17T18:00,27.2,52,27.2,0.0,0.0,1,15.3,315,41.0,1014.3
2026-07-17T19:00,27.1,53,27.5,0.0,0.0,0,13.0,326,36.0,1014.1
2026-07-17T20:00,26.6,53,26.9,0.0,0.0,1,12.6,316,31.0,1014.1
2026-07-17T21:00,25.2,59,25.7,0.0,0.0,2,12.4,317,28.8,1014.4
2026-07-17T22:00,23.8,68,25.1,0.0,0.0,1,10.0,298,26.6,1014.9
2026-07-17T23:00,23.0,74,24.7,0.0,0.0,0,8.1,299,20.5,1015.7
2026-07-18T00:00,22.2,79,24.1,0.0,0.0,1,7.8,318,16.6,1015.9
2026-07-18T01:00,21.7,82,23.9,0.0,0.0,1,6.1,320,15.8,1015.9
2026-07-18T02:00,20.5,90,22.8,0.0,0.0,0,6.6,299,11.9,1015.6
2026-07-18T03:00,20.1,93,22.4,0.0,0.0,0,6.9,298,13.3,1015.4
2026-07-18T04:00,19.8,94,22.0,0.0,0.0,0,7.0,310,14.4,1015.1
2026-07-18T05:00,19.6,95,21.8,0.0,0.0,0,6.6,325,14.0,1014.9
2026-07-18T06:00,19.3,96,21.5,0.0,0.0,0,6.8,333,14.0,1014.8
2026-07-18T07:00,19.2,97,21.8,0.0,0.0,0,4.2,340,13.3,1015.1
2026-07-18T08:00,20.0,93,22.7,0.0,0.0,0,3.7,321,12.6,1015.1
2026-07-18T09:00,21.8,83,24.1,0.0,0.0,1,6.1,346,15.8,1015.4
2026-07-18T10:00,23.1,72,25.0,0.0,0.0,0,6.1,348,19.1,1015.4
2026-07-18T11:00,24.4,66,26.4,0.0,0.0,1,4.9,354,18.7,1015.4
2026-07-18T12:00,25.7,60,28.7,0.0,0.0,2,4.3,5,18.4,1015.3
2026-07-18T13:00,26.9,53,30.1,0.0,0.0,2,4.7,2,19.1,1015.1
2026-07-18T14:00,29.0,45,32.1,0.0,0.0,2,6.7,358,20.9,1014.1
2026-07-18T15:00,29.9,42,32.6,0.0,0.0,2,6.7,3,23.8,1013.5
2026-07-18T16:00,30.4,39,32.6,0.0,0.0,1,5.6,6,23.4,1013.1
2026-07-18T17:00,31.3,35,32.9,0.0,0.0,1,5.1,6,21.2,1012.9
2026-07-18T18:00,31.2,35,31.7,0.0,0.0,1,7.0,347,21.6,1012.5
2026-07-18T19:00,30.1,40,30.2,0.1,0.1,51,11.1,333,27.7,1012.3
2026-07-18T20:00,28.6,49,28.7,0.0,0.0,0,15.3,313,31.0,1012.4
2026-07-18T21:00,27.5,50,27.4,0.0,0.0,1,14.9,319,35.3,1012.5
2026-07-18T22:00,26.2,51,25.9,0.0,0.0,0,13.8,327,33.1,1013.0
2026-07-18T23:00,25.2,52,24.9,0.0,0.0,0,12.4,330,28.1,1013.8
2026-07-19T00:00,24.4,51,24.0,0.0,0.0,2,11.0,335,26.3,1014.0
2026-07-19T01:00,23.8,53,23.3,0.0,0.0,3,10.5,338,22.7,1013.7
2026-07-19T02:00,22.7,60,22.7,0.0,0.0,3,9.8,337,20.9,1013.4
2026-07-19T03:00,22.3,66,23.1,0.0,0.0,3,7.7,359,19.1,1013.1
2026-07-19T04:00,22.1,67,23.1,0.0,0.0,2,6.6,9,15.5,1012.9
2026-07-19T05:00,21.6,68,22.3,0.0,0.0,3,7.9,11,15.5,1012.7
2026-07-19T06:00,21.1,70,22.1,0.0,0.0,2,5.6,33,15.5,1012.7
2026-07-19T07:00,20.7,74,22.1,0.0,0.0,2,3.8,49,10.8,1013.1
2026-07-19T08:00,21.6,70,22.9,0.0,0.0,2,4.8,29,9.7,1013.3
2026-07-19T09:00,23.1,64,24.2,0.0,0.0,2,5.6,31,15.5,1013.4
2026-07-19T10:00,24.4,58,25.2,0.0,0.0,2,7.5,27,20.2,1013.8
2026-07-19T11:00,26.2,53,27.2,0.0,0.0,0,6.3,35,20.5,1014.1
2026-07-19T12:00,28.2,47,30.3,0.0,0.0,0,6.0,39,20.2,1014.2
2026-07-19T13:00,29.8,39,31.9,0.0,0.0,0,7.3,44,22.7,1014.0
2026-07-19T14:00,31.8,32,33.4,0.0,0.0,0,9.0,52,25.9,1013.4
2026-07-19T15:00,32.9,29,34.6,0.0,0.0,1,8.2,49,27.0,1012.9
2026-07-19T16:00,33.2,28,33.8,0.0,0.0,1,9.7,48,27.7,1012.5
2026-07-19T17:00,32.9,27,32.5,0.0,0.0,0,11.8,44,31.3,1012.4
2026-07-19T18:00,32.7,27,31.5,0.0,0.0,0,12.9,37,32.4,1012.2
2026-07-19T19:00,32.2,27,30.2,0.0,0.0,0,15.2,27,35.6,1012.0
2026-07-19T20:00,31.5,29,29.3,0.0,0.0,0,17.1,18,36.4,1012.0
2026-07-19T21:00,30.3,31,28.2,0.0,0.0,0,16.7,14,38.2,1012.2
2026-07-19T22:00,28.7,35,26.7,0.0,0.0,0,16.4,12,36.4,1012.8
2026-07-19T23:00,27.4,37,25.5,0.0,0.0,1,15.9,16,34.6,1013.7
2026-07-20T00:00,26.4,38,24.2,0.0,0.0,0,15.9,23,33.5,1014.0
2026-07-20T01:00,25.5,38,23.3,0.0,0.0,0,15.1,28,32.4,1014.0
2026-07-20T02:00,24.0,43,22.1,0.0,0.0,0,13.9,33,30.6,1014.1
2026-07-20T03:00,23.2,45,21.4,0.0,0.0,0,13.5,37,28.1,1014.0
2026-07-20T04:00,22.3,48,20.7,0.0,0.0,0,12.3,38,27.4,1013.9
2026-07-20T05:00,21.6,50,19.8,0.0,0.0,0,13.5,27,27.0,1013.7
2026-07-20T06:00,21.0,50,18.9,0.0,0.0,0,14.4,24,29.5,1013.6
2026-07-20T07:00,20.4,50,18.4,0.0,0.0,0,12.9,28,29.5,1014.0
2026-07-20T08:00,20.5,51,19.2,0.0,0.0,0,8.9,34,25.9,1014.4
2026-07-20T09:00,21.7,47,20.0,0.0,0.0,1,11.3,39,27.0,1014.7
2026-07-20T10:00,23.3,44,21.8,0.0,0.0,1,10.7,29,27.7,1014.7
2026-07-20T11:00,25.2,40,24.1,0.0,0.0,2,10.5,24,28.4,1014.8
2026-07-20T12:00,27.2,37,26.9,0.0,0.0,3,11.0,24,30.2,1014.8
2026-07-20T13:00,28.7,34,28.6,0.0,0.0,3,12.2,25,32.8,1014.6
2026-07-20T14:00,29.9,31,29.8,0.0,0.0,3,11.8,24,32.8,1014.2
2026-07-20T15:00,30.9,27,30.5,0.0,0.0,3,10.9,27,31.7,1013.8
2026-07-20T16:00,31.7,24,30.8,0.0,0.0,1,11.4,26,31.7,1013.3
2026-07-20T17:00,32.2,23,30.9,0.0,0.0,1,11.9,22,31.3,1013.1
2026-07-20T18:00,31.8,24,29.2,0.0,0.0,0,14.8,16,35.6,1012.7
2026-07-20T19:00,31.6,24,29.1,0.0,0.0,1,14.5,17,36.7,1012.6
2026-07-20T20:00,31.4,25,28.9,0.0,0.0,0,15.5,15,34.2,1012.6
2026-07-20T21:00,30.1,27,27.5,0.0,0.0,0,15.9,12,34.6,1013.1
2026-07-20T22:00,28.2,30,25.6,0.0,0.0,0,16.5,11,34.6,1013.8
2026-07-20T23:00,27.1,31,24.1,0.0,0.0,0,17.7,17,37.1,1014.5
2026-07-21T00:00,26.1,32,23.2,0.0,0.0,0,16.1,20,37.1,1015.0
2026-07-21T01:00,25.1,33,22.2,0.0,0.0,0,15.7,27,33.5,1015.2
2026-07-21T02:00,23.3,36,20.3,0.0,0.0,1,15.1,25,32.4,1015.0
2026-07-21T03:00,22.5,37,19.5,0.0,0.0,1,15.6,24,32.0,1015.2
2026-07-21T04:00,21.7,39,18.7,0.0,0.0,1,15.3,20,32.0,1015.0
2026-07-21T05:00,20.8,42,18.0,0.0,0.0,0,14.2,18,31.3,1015.3
2026-07-21T06:00,20.1,43,17.3,0.0,0.0,0,14.0,16,29.2,1015.5
2026-07-21T07:00,19.5,45,16.9,0.0,0.0,0,12.3,14,28.4,1016.2
2026-07-21T08:00,19.6,46,17.5,0.0,0.0,0,9.8,7,24.8,1017.0
2026-07-21T09:00,20.8,43,18.2,0.0,0.0,0,13.3,16,30.6,1017.1
2026-07-21T10:00,22.4,40,20.0,0.0,0.0,0,12.9,15,32.0,1017.1
2026-07-21T11:00,24.4,36,22.5,0.0,0.0,0,12.7,15,32.4,1017.2
2026-07-21T12:00,26.7,32,25.4,0.0,0.0,0,13.7,17,34.9,1017.3
2026-07-21T13:00,28.7,27,27.6,0.0,0.0,0,15.4,30,38.9,1017.3
2026-07-21T14:00,30.3,24,29.3,0.0,0.0,0,15.0,35,40.0,1017.2
2026-07-21T15:00,30.9,21,29.7,0.0,0.0,0,15.6,31,39.6,1016.9
2026-07-21T16:00,31.4,20,29.7,0.0,0.0,0,16.3,28,40.7,1016.7
2026-07-21T17:00,31.6,18,28.9,0.0,0.0,0,17.5,29,42.5,1016.4
2026-07-21T18:00,31.4,18,27.6,0.0,0.0,0,19.4,31,45.0,1016.0
2026-07-21T19:00,30.7,20,26.7,0.0,0.0,0,19.1,34,45.4,1016.3
2026-07-21T20:00,30.1,21,26.3,0.0,0.0,0,17.5,35,43.2,1016.5
2026-07-21T21:00,28.8,23,25.4,0.0,0.0,0,15.4,27,37.8,1017.0
2026-07-21T22:00,27.3,24,23.7,0.0,0.0,0,15.6,24,32.4,1017.7
2026-07-21T23:00,26.1,25,22.3,0.0,0.0,0,16.9,30,34.6,1018.3
2026-07-22T00:00,25.1,28,21.4,0.0,0.0,0,17.2,34,35.6,1018.2
2026-07-22T01:00,24.3,31,20.9,0.0,0.0,0,16.0,38,35.3,1018.4
2026-07-22T02:00,22.7,35,19.7,0.0,0.0,0,14.5,44,32.4,1018.3
2026-07-22T03:00,21.9,37,19.1,0.0,0.0,0,13.4,44,28.8,1018.2
2026-07-22T04:00,21.1,40,18.4,0.0,0.0,0,13.1,41,26.6,1017.8
2026-07-22T05:00,20.4,42,17.8,0.0,0.0,0,12.7,40,25.9,1017.7
2026-07-22T06:00,19.7,44,17.2,0.0,0.0,0,12.5,37,25.2,1017.6
2026-07-22T07:00,19.3,46,16.8,0.0,0.0,0,12.3,38,25.2,1017.7
2026-07-22T08:00,19.9,47,17.7,0.0,0.0,0,11.6,37,24.5,1017.7
2026-07-22T09:00,21.5,43,19.3,0.0,0.0,0,12.1,41,27.7,1017.6
2026-07-22T10:00,23.5,38,21.4,0.0,0.0,0,11.5,50,28.8,1017.7
2026-07-22T11:00,25.6,34,23.9,0.0,0.0,0,11.2,50,30.2,1017.6
2026-07-22T12:00,27.6,29,26.6,0.0,0.0,0,11.2,50,30.2,1017.4
2026-07-22T13:00,29.3,25,28.5,0.0,0.0,0,12.1,53,32.8,1017.2
2026-07-22T14:00,31.2,20,30.3,0.0,0.0,0,12.7,52,33.8,1016.5
2026-07-22T15:00,32.0,19,31.2,0.0,0.0,0,12.0,51,34.2,1016.0
2026-07-22T16:00,32.7,18,31.7,0.0,0.0,0,11.5,46,33.1,1015.5
2026-07-22T17:00,33.0,17,31.4,0.0,0.0,1,12.1,43,32.0,1014.9
2026-07-22T18:00,33.0,18,30.4,0.0,0.0,3,12.8,39,32.8,1014.3
2026-07-22T19:00,32.6,18,29.7,0.0,0.0,3,11.8,39,32.4,1014.2
2026-07-22T20:00,32.4,18,29.6,0.0,0.0,2,11.5,30,29.2,1014.1
2026-07-22T21:00,30.9,22,28.4,0.0,0.0,3,11.4,19,25.9,1014.2
2026-07-22T22:00,29.2,25,26.6,0.0,0.0,3,12.9,13,26.3,1014.6
2026-07-22T23:00,27.9,27,25.2,0.0,0.0,3,13.3,21,27.4,1015.0
2026-07-23T00:00,26.9,28,24.1,0.0,0.0,3,13.4,26,27.4,1015.2
2026-07-23T01:00,26.0,29,23.1,0.0,0.0,3,13.2,31,27.4,1015.3
2026-07-23T02:00,24.2,34,21.7,0.0,0.0,3,11.8,36,26.6,1014.9
2026-07-23T03:00,23.2,37,21.0,0.0,0.0,3,10.3,31,23.0,1014.7
2026-07-23T04:00,22.3,40,20.3,0.0,0.0,2,9.6,30,19.4,1014.5
2026-07-23T05:00,21.5,43,19.6,0.0,0.0,1,10.1,29,19.4,1014.4
2026-07-23T06:00,20.8,47,19.1,0.0,0.0,1,9.9,29,19.4,1014.4
2026-07-23T07:00,20.3,50,18.7,0.0,0.0,0,10.2,28,19.4,1014.7
2026-07-23T08:00,20.5,53,19.2,0.0,0.0,0,9.7,22,21.6,1015.1
2026-07-23T09:00,22.2,48,21.0,0.0,0.0,0,9.5,22,23.0,1015.3
2026-07-23T10:00,24.1,44,23.0,0.0,0.0,0,9.5,22,25.2,1015.3
2026-07-23T11:00,26.4,39,25.6,0.0,0.0,0,9.7,24,26.6,1015.4
2026-07-23T12:00,28.6,32,28.3,0.0,0.0,0,10.7,36,29.9,1015.3
2026-07-23T13:00,30.5,27,30.5,0.0,0.0,0,10.2,42,30.2,1015.0
2026-07-23T14:00,32.5,23,32.8,0.0,0.0,0,9.4,32,29.5,1014.1
2026-07-23T15:00,33.4,21,33.6,0.0,0.0,0,9.5,19,28.4,1013.8
2026-07-23T16:00,33.8,21,33.6,0.0,0.0,0,10.8,11,30.6,1013.5
2026-07-23T17:00,33.7,21,32.7,0.0,0.0,0,12.5,11,33.1,1013.3
2026-07-23T18:00,33.3,20,31.1,0.0,0.0,0,13.8,16,34.6,1013.1
2026-07-23T19:00,32.7,20,29.8,0.0,0.0,0,13.7,19,34.6,1013.0
2026-07-23T20:00,32.1,19,29.0,0.0,0.0,0,14.3,17,33.1,1012.7
2026-07-23T21:00,30.7,21,27.8,0.0,0.0,0,13.1,15,31.3,1012.9
2026-07-23T22:00,29.0,24,26.4,0.0,0.0,0,11.7,14,27.7,1013.2
2026-07-23T23:00,27.6,28,25.1,0.0,0.0,0,11.8,19,23.8,1013.6
2026-07-24T00:00,26.5,30,24.0,0.0,0.0,0,12.7,32,25.2,1013.8
2026-07-24T01:00,25.5,33,22.9,0.0,0.0,0,13.8,43,27.4,1013.6
2026-07-24T02:00,23.8,38,21.5,0.0,0.0,0,12.9,51,27.4,1013.3
2026-07-24T03:00,22.9,41,20.7,0.0,0.0,0,12.5,55,25.6,1012.9
2026-07-24T04:00,22.0,43,20.0,0.0,0.0,0,11.9,55,24.5,1012.5
2026-07-24T05:00,21.2,47,19.3,0.0,0.0,0,11.1,54,23.0,1012.3
2026-07-24T06:00,20.4,50,18.8,0.0,0.0,0,10.3,55,21.6,1012.0
2026-07-24T07:00,19.8,53,18.1,0.0,0.0,0,10.7,50,20.5,1012.0
2026-07-24T08:00,20.0,55,18.7,0.0,0.0,0,9.9,52,22.0,1012.0
2026-07-24T09:00,21.6,49,20.4,0.0,0.0,1,9.5,54,23.4,1011.8
2026-07-24T10:00,23.9,43,22.7,0.0,0.0,0,9.4,54,24.8,1011.5
2026-07-24T11:00,26.5,37,25.5,0.0,0.0,0,9.3,58,26.3,1010.9
2026-07-24T12:00,29.0,30,28.6,0.0,0.0,0,9.8,67,27.7,1010.2
2026-07-24T13:00,31.2,24,31.0,0.0,0.0,0,10.1,78,29.2,1009.7
2026-07-24T14:00,33.6,19,33.5,0.0,0.0,0,9.0,87,29.9,1008.6
2026-07-24T15:00,34.9,16,34.9,0.0,0.0,0,7.4,84,26.6,1007.8
2026-07-24T16:00,35.8,15,35.6,0.0,0.0,0,5.8,90,24.5,1007.2
2026-07-24T17:00,36.2,14,35.7,0.0,0.0,0,3.8,71,21.6,1006.5
2026-07-24T18:00,36.0,14,34.6,0.0,0.0,0,4.0,51,18.0,1005.9
2026-07-24T19:00,36.0,15,34.1,0.0,0.0,0,4.6,42,18.0,1005.5
2026-07-24T20:00,34.9,16,32.3,0.0,0.0,1,9.2,270,16.6,1005.5
2026-07-24T21:00,29.6,31,26.5,0.0,0.0,2,22.7,246,47.2,1006.6
2026-07-24T22:00,25.4,52,24.5,0.3,0.3,51,17.1,251,49.3,1007.6
2026-07-24T23:00,24.6,56,24.4,0.2,0.2,51,13.1,261,33.8,1007.9
2026-07-25T00:00,21.7,82,22.6,1.1,1.1,55,14.5,259,34.2,1008.4
2026-07-25T01:00,20.8,94,22.4,3.6,3.6,63,13.8,257,33.8,1008.4
2026-07-25T02:00,22.1,85,23.7,0.4,0.4,51,13.6,236,31.0,1007.5
2026-07-25T03:00,21.7,85,22.6,0.0,0.0,2,16.4,225,31.3,1007.5
2026-07-25T04:00,21.4,83,22.1,0.0,0.0,0,15.9,238,34.9,1007.0
2026-07-25T05:00,21.4,85,22.6,0.0,0.0,1,14.6,237,31.3,1007.0
2026-07-25T06:00,21.5,86,22.9,0.0,0.0,1,12.9,240,29.2,1007.0
2026-07-25T07:00,21.0,85,22.5,0.0,0.0,1,11.1,245,25.6,1007.3
2026-07-25T08:00,21.7,85,23.5,0.1,0.1,51,10.7,235,23.4,1007.3
2026-07-25T09:00,23.3,76,24.6,0.0,0.0,1,13.1,240,29.5,1007.7
2026-07-25T10:00,24.6,66,25.3,0.0,0.0,1,15.0,250,34.2,1008.1
2026-07-25T11:00,24.5,64,24.7,0.2,0.2,51,16.2,253,37.1,1008.4
2026-07-25T12:00,25.0,64,26.0,0.4,0.4,51,11.7,221,38.2,1008.5
2026-07-25T13:00,26.8,53,28.0,0.2,0.2,51,12.1,212,32.0,1007.9
2026-07-25T14:00,24.7,74,28.3,0.0,0.0,3,8.6,211,36.0,1008.8
2026-07-25T15:00,24.3,72,26.8,0.6,0.6,53,9.6,152,27.0,1008.9
2026-07-25T16:00,24.1,73,26.1,0.9,0.9,53,9.5,201,26.6,1008.6
2026-07-25T17:00,25.4,63,27.3,0.0,0.0,3,6.8,228,25.2,1008.9
2026-07-25T18:00,25.7,59,27.3,0.0,0.0,3,5.6,264,19.4,1008.7
2026-07-25T19:00,24.1,63,25.0,0.0,0.0,3,9.4,356,24.5,1009.2
2026-07-25T20:00,22.1,74,22.4,0.0,0.0,1,15.0,302,23.4,1009.8
2026-07-25T21:00,20.8,82,21.8,0.2,0.2,51,11.9,276,34.2,1010.7
2026-07-25T22:00,20.7,81,21.1,0.2,0.2,51,14.6,292,30.6,1011.5
2026-07-25T23:00,20.2,86,21.1,0.0,0.0,0,12.6,283,31.0,1012.4
2026-07-26T00:00,19.8,86,20.6,0.0,0.0,1,12.5,276,27.4,1012.6
2026-07-26T01:00,19.7,85,20.2,0.0,0.0,2,13.3,273,27.0,1012.8
2026-07-26T02:00,19.6,84,19.9,0.0,0.0,1,13.6,275,27.7,1013.2
2026-07-26T03:00,19.5,82,19.7,0.0,0.0,0,13.5,279,27.7,1013.2
2026-07-26T04:00,19.2,83,19.4,0.0,0.0,0,13.1,282,28.1,1012.9
2026-07-26T05:00,18.9,84,19.3,0.0,0.0,0,11.3,279,26.6,1012.9
2026-07-26T06:00,18.6,85,19.2,0.0,0.0,0,9.9,273,22.7,1013.1
2026-07-26T07:00,18.2,86,18.8,0.0,0.0,0,9.8,265,20.2,1013.3
2026-07-26T08:00,19.2,78,19.2,0.0,0.0,0,11.9,281,24.8,1013.7
2026-07-26T09:00,20.6,71,20.3,0.0,0.0,1,13.1,295,29.2,1014.2
2026-07-26T10:00,21.8,64,21.4,0.0,0.0,1,13.1,293,31.3,1014.6
2026-07-26T11:00,22.9,57,22.2,0.0,0.0,1,13.1,286,32.0,1014.9
2026-07-26T12:00,23.9,52,23.5,0.0,0.0,1,14.0,282,34.6,1015.2
2026-07-26T13:00,24.6,48,24.3,0.0,0.0,1,14.8,283,36.4,1015.3
2026-07-26T14:00,25.4,45,25.1,0.0,0.0,2,16.9,273,39.2,1015.3
2026-07-26T15:00,25.6,44,24.4,0.0,0.0,2,17.1,274,40.7,1015.5
2026-07-26T16:00,25.7,42,23.9,0.0,0.0,1,16.2,271,40.7,1015.3
2026-07-26T17:00,25.6,47,23.9,0.0,0.0,3,19.4,276,43.9,1015.3
2026-07-26T18:00,23.2,62,22.2,0.0,0.0,3,19.0,265,44.6,1015.7
2026-07-26T19:00,22.1,70,21.8,0.0,0.0,3,17.5,261,42.1,1015.9
2026-07-26T20:00,22.4,68,22.2,0.0,0.0,3,16.0,267,38.2,1015.8
2026-07-26T21:00,22.1,70,21.9,0.0,0.0,2,16.3,260,36.4,1015.7
2026-07-26T22:00,21.6,75,22.2,0.0,0.0,3,13.1,251,34.6,1015.9
2026-07-26T23:00,21.1,81,22.1,0.0,0.0,3,12.4,244,27.7,1016.2
2026-07-27T00:00,20.9,84,22.1,0.0,0.0,3,11.6,237,26.3,1016.4
2026-07-27T01:00,20.7,86,22.0,0.0,0.0,3,11.8,241,24.8,1016.4
2026-07-27T02:00,20.3,92,21.6,0.1,0.1,51,13.7,247,25.2,1016.4
2026-07-27T03:00,19.9,95,21.6,0.5,0.5,53,11.6,286,29.2,1016.4
2026-07-27T04:00,19.8,94,21.6,0.4,0.4,51,10.0,319,23.4,1016.6
2026-07-27T05:00,19.5,93,21.1,0.0,0.0,0,9.6,303,18.7,1016.7
2026-07-27T06:00,18.5,93,19.7,0.0,0.0,1,9.4,313,19.4,1016.9
2026-07-27T07:00,17.7,95,19.1,0.0,0.0,0,6.9,313,18.4,1017.3
2026-07-27T08:00,18.1,92,19.5,0.0,0.0,2,6.2,280,13.0,1018.0
2026-07-27T09:00,19.6,78,20.5,0.0,0.0,0,6.4,297,16.6,1018.4
2026-07-27T10:00,20.8,67,20.8,0.0,0.0,3,9.8,325,24.8,1018.7
2026-07-27T11:00,21.3,63,21.1,0.0,0.0,3,10.0,332,25.9,1019.0
2026-07-27T12:00,21.4,63,21.5,0.0,0.0,3,8.3,344,25.9,1019.5
2026-07-27T13:00,22.3,59,22.6,0.0,0.0,3,6.1,336,22.0,1019.6
2026-07-27T14:00,23.4,54,23.8,0.0,0.0,3,4.3,336,18.7,1019.2
2026-07-27T15:00,24.6,49,26.3,0.0,0.0,0,2.4,333,16.9,1018.8
2026-07-27T16:00,25.4,47,27.7,0.0,0.0,0,3.5,325,16.9,1018.6
2026-07-27T17:00,25.8,43,27.1,0.0,0.0,0,4.5,358,18.4,1018.3
2026-07-27T18:00,26.2,40,26.2,0.0,0.0,0,6.2,38,19.8,1017.9
2026-07-27T19:00,26.2,40,25.7,0.0,0.0,0,7.1,43,20.2,1017.6
2026-07-27T20:00,26.3,41,25.9,0.0,0.0,0,6.4,25,19.8,1017.1
2026-07-27T21:00,25.4,45,25.2,0.0,0.0,0,7.1,339,16.9,1017.0
2026-07-27T22:00,22.8,57,22.4,0.0,0.0,0,11.3,318,25.2,1017.5
2026-07-27T23:00,21.4,62,21.1,0.0,0.0,0,10.3,335,25.6,1018.0
2026-07-28T00:00,20.7,65,20.6,0.0,0.0,0,9.2,344,22.3,1018.0
2026-07-28T01:00,20.2,70,20.4,0.0,0.0,0,8.3,346,18.7,1017.9
2026-07-28T02:00,18.7,78,19.2,0.0,0.0,0,7.4,346,16.9,1017.5
2026-07-28T03:00,18.3,83,19.2,0.0,0.0,0,5.4,354,14.0,1017.2
2026-07-28T04:00,17.9,86,18.9,0.0,0.0,0,6.1,14,11.5,1016.8
2026-07-28T05:00,17.7,86,18.3,0.0,0.0,0,7.5,35,14.4,1016.2
2026-07-28T06:00,17.4,84,17.9,0.0,0.0,0,6.6,45,14.4,1015.8
2026-07-28T07:00,16.9,85,17.8,0.0,0.0,0,3.9,62,12.2,1015.9
2026-07-28T08:00,17.9,80,18.6,0.0,0.0,0,5.5,67,11.5,1015.9
2026-07-28T09:00,19.9,72,20.9,0.0,0.0,0,3.9,53,12.2,1015.8
2026-07-28T10:00,22.3,64,23.3,0.0,0.0,0,4.7,62,15.1,1015.6
2026-07-28T11:00,24.7,57,26.2,0.0,0.0,0,4.3,88,16.2,1015.5
2026-07-28T12:00,26.8,52,29.1,0.0,0.0,0,5.5,103,18.7,1015.4
2026-07-28T13:00,28.4,47,30.9,0.0,0.0,0,8.3,112,24.1,1015.2
2026-07-28T14:00,31.0,39,33.4,0.0,0.0,0,9.2,125,26.3,1014.2
2026-07-28T15:00,32.4,34,35.2,0.0,0.0,0,5.9,135,26.3,1013.8
2026-07-28T16:00,33.4,33,36.4,0.0,0.0,0,3.2,133,21.6,1013.3
2026-07-28T17:00,34.0,32,36.5,0.0,0.0,0,3.0,107,17.3,1012.9
2026-07-28T18:00,34.2,31,35.6,0.0,0.0,0,4.5,95,17.6,1012.6
2026-07-28T19:00,34.0,32,34.9,0.0,0.0,0,5.6,94,18.4,1012.5
2026-07-28T20:00,34.6,28,35.2,0.0,0.0,0,2.2,99,18.0,1012.1
2026-07-28T21:00,32.9,36,34.8,0.0,0.0,0,0.4,270,8.6,1012.5
2026-07-28T22:00,30.3,38,31.0,0.0,0.0,0,4.3,298,8.3,1013.1
2026-07-28T23:00,28.7,44,29.6,0.0,0.0,0,5.9,333,11.5,1013.5
2026-07-29T00:00,26.7,50,28.0,0.0,0.0,,3.3,319,7.6,
2026-07-29T00:15,26.2,51,27.5,0.0,0.0,,3.3,319,7.2,
2026-07-29T00:30,25.8,53,27.2,0.0,0.0,,3.1,315,6.8,
2026-07-29T00:45,25.5,54,26.9,0.0,0.0,,3.1,306,6.5,
2026-07-29T01:00,25.1,55,26.5,0.0,0.0,,3.1,306,6.1,
2026-07-29T01:15,24.8,57,26.2,0.0,0.0,,3.1,306,6.1,
2026-07-29T01:30,24.5,58,26.0,0.0,0.0,,2.9,300,5.8,
2026-07-29T01:45,24.2,60,25.8,0.0,0.0,,2.9,300,5.8,
2026-07-29T02:00,24.0,61,25.6,0.0,0.0,,2.6,304,5.8,
2026-07-29T02:15,23.8,62,25.5,0.0,0.0,,2.3,309,5.8,
2026-07-29T02:30,23.6,63,25.5,0.0,0.0,,1.8,323,5.4,
2026-07-29T02:45,23.4,63,25.3,0.0,0.0,,1.1,342,5.0,
2026-07-29T03:00,23.3,64,25.2,0.0,0.0,,1.1,360,4.7,
2026-07-29T03:15,23.1,65,25.1,0.0,0.0,,0.8,27,4.0,
2026-07-29T03:30,22.9,65,24.9,0.0,0.0,,0.5,45,3.2,
2026-07-29T03:45,22.7,66,24.7,0.0,0.0,,0.8,63,2.2,
2026-07-29T04:00,22.5,67,24.5,0.0,0.0,,0.7,90,1.8,
2026-07-29T04:15,22.3,68,24.2,0.0,0.0,,0.7,90,1.8,
2026-07-29T04:30,22.0,69,23.9,0.0,0.0,,0.7,90,2.2,
2026-07-29T04:45,21.7,70,23.6,0.0,0.0,,0.7,90,2.5,
2026-07-29T05:00,21.4,71,23.3,0.0,0.0,,0.7,90,2.9,
2026-07-29T05:15,21.3,72,23.2,0.0,0.0,,1.1,72,3.2,
2026-07-29T05:30,21.2,73,23.1,0.0,0.0,,1.5,76,3.6,
2026-07-29T05:45,21.1,73,22.9,0.0,0.0,,1.9,68,4.0,
2026-07-29T06:00,21.1,74,22.9,0.0,0.0,,2.3,72,4.3,
2026-07-29T06:15,21.0,75,22.9,0.0,0.0,,2.2,81,4.3,
2026-07-29T06:30,20.9,75,22.8,0.0,0.0,,1.8,101,4.3,
2026-07-29T06:45,20.8,76,22.8,0.0,0.0,,1.8,127,4.3,
2026-07-29T07:00,20.7,76,22.6,0.0,0.0,,2.0,135,4.3,
2026-07-29T07:15,20.6,77,22.5,0.0,0.0,,1.8,127,4.3,
2026-07-29T07:30,20.4,78,22.4,0.0,0.0,,1.9,112,4.3,
2026-07-29T07:45,20.3,79,22.3,0.0,0.0,,2.2,90,4.3,
2026-07-29T08:00,20.5,78,22.4,0.0,0.0,,2.5,82,4.7,
2026-07-29T08:15,20.9,76,22.8,0.0,0.0,,2.5,82,5.0,
2026-07-29T08:30,21.6,72,23.3,0.0,0.0,,2.9,83,5.4,
2026-07-29T08:45,22.3,68,24.0,0.0,0.0,,2.9,83,5.8,
2026-07-29T09:00,23.2,64,24.7,0.0,0.0,,3.2,90,6.8,
2026-07-29T09:15,24.1,60,25.5,0.0,0.0,,4.0,100,8.6,
2026-07-29T09:30,25.2,56,26.4,0.0,0.0,,4.9,107,10.4,
2026-07-29T09:45,26.3,53,27.4,0.0,0.0,,5.8,112,13.0,
2026-07-29T10:00,27.2,50,28.2,0.0,0.0,,6.8,115,14.8,
2026-07-29T10:15,28.1,49,29.2,0.0,0.0,,7.6,115,16.2,
2026-07-29T10:30,28.8,48,30.1,0.0,0.0,,8.0,117,17.6,
2026-07-29T10:45,29.5,48,31.2,0.0,0.0,,8.4,115,18.7,
2026-07-29T11:00,30.3,47,32.3,0.0,0.0,,8.9,117,19.8,
2026-07-29T11:15,31.0,45,33.2,0.0,0.0,,9.3,118,20.5,
2026-07-29T11:30,31.8,44,34.3,0.0,0.0,,9.5,119,20.9,
2026-07-29T11:45,32.6,41,35.0,0.0,0.0,,9.9,123,21.2,
2026-07-29T12:00,33.4,39,35.9,0.0,0.0,,10.1,125,22.0,
2026-07-29T12:15,34.2,36,36.5,0.0,0.0,,10.5,128,22.7,
2026-07-29T12:30,35.0,33,37.1,0.0,0.0,,11.0,131,23.8,
2026-07-29T12:45,35.8,30,37.7,0.0,0.0,,11.2,132,24.5,
2026-07-29T13:00,36.5,28,38.2,0.0,0.0,,11.5,136,25.2,
2026-07-29T13:15,37.0,27,38.8,0.0,0.0,,11.2,140,25.6,
2026-07-29T13:30,37.3,27,39.3,0.0,0.0,,11.4,145,25.6,
2026-07-29T13:45,37.7,27,39.9,0.0,0.0,,10.9,153,25.6,
2026-07-29T14:00,38.1,26,40.3,0.0,0.0,,10.5,158,25.2,
2026-07-29T14:15,38.7,25,40.9,0.0,0.0,,10.1,163,24.5,
2026-07-29T14:30,39.4,23,41.4,0.0,0.0,,9.9,170,23.4,
2026-07-29T14:45,40.1,21,41.8,0.0,0.0,,9.4,178,22.3,
2026-07-29T15:00,40.4,20,42.1,0.0,0.0,,8.6,195,23.0,
2026-07-29T15:15,40.4,20,41.9,0.0,0.0,,8.9,223,25.9,
2026-07-29T15:30,40.1,21,41.2,0.0,0.0,,12.3,249,30.2,
2026-07-29T15:45,39.7,23,40.3,0.0,0.0,,16.7,264,34.6,
2026-07-29T16:00,39.3,24,39.4,0.0,0.0,,19.8,270,37.4,
2026-07-29T16:15,39.0,25,38.9,0.0,0.0,,20.9,274,38.5,
2026-07-29T16:30,38.6,26,38.6,0.0,0.0,,20.4,278,38.2,
2026-07-29T16:45,38.3,27,38.4,0.0,0.0,,19.5,282,37.4,
2026-07-29T17:00,37.9,28,38.1,0.0,0.0,,18.9,284,37.1,
2026-07-29T17:15,37.6,28,37.6,0.0,0.0,,18.6,285,37.1,
2026-07-29T17:30,37.3,28,37.1,0.0,0.0,,18.1,283,37.1,
2026-07-29T17:45,37.0,28,36.6,0.0,0.0,,17.3,282,37.1,
2026-07-29T18:00,36.7,28,36.0,0.0,0.0,,16.9,281,36.7,
2026-07-29T18:15,36.2,29,35.6,0.0,0.0,,16.6,283,36.0,
2026-07-29T18:30,35.8,29,35.0,0.0,0.0,,16.3,284,35.3,
2026-07-29T18:45,35.3,30,34.6,0.0,0.0,,16.1,286,34.6,
2026-07-29T19:00,34.7,31,34.1,0.0,0.0,,15.6,289,33.8,
2026-07-29T19:15,34.2,32,33.7,0.0,0.0,,15.2,292,33.5,
2026-07-29T19:30,33.6,33,33.1,0.0,0.0,,14.5,297,32.8,
2026-07-29T19:45,33.0,34,32.6,0.0,0.0,,13.9,301,32.4,
2026-07-29T20:00,32.3,35,32.0,0.0,0.0,,13.5,304,31.7,
2026-07-29T20:15,31.7,36,31.3,0.0,0.0,,13.2,305,30.6,
2026-07-29T20:30,31.0,37,30.6,0.0,0.0,,12.9,306,29.5,
2026-07-29T20:45,30.3,39,30.1,0.0,0.0,,12.2,304,28.1,
2026-07-29T21:00,29.6,40,29.4,0.0,0.0,,11.7,304,27.0,
2026-07-29T21:15,29.0,42,28.9,0.0,0.0,,11.0,302,25.9,
2026-07-29T21:30,28.3,43,28.3,0.0,0.0,,10.5,297,24.8,
2026-07-29T21:45,27.7,45,27.8,0.0,0.0,,9.8,294,24.1,
2026-07-29T22:00,27.0,47,27.2,0.0,0.0,,9.6,290,23.0,
2026-07-29T22:15,26.4,49,26.6,0.0,0.0,,9.4,288,22.0,
2026-07-29T22:30,25.8,52,26.0,0.0,0.0,,9.9,289,21.2,
2026-07-29T22:45,25.2,55,25.6,0.0,0.0,,9.9,289,20.2,
2026-07-29T23:00,24.6,57,25.1,0.0,0.0,,9.3,286,19.4,
2026-07-29T23:15,24.1,59,24.8,0.0,0.0,,8.4,277,19.1,
2026-07-29T23:30,23.7,62,24.6,0.0,0.0,,7.3,259,18.7,
2026-07-29T23:45,23.3,64,24.4,0.0,0.0,,6.8,238,18.4,
2026-07-30T00:00,22.9,66,24.0,0.0,0.0,,7.1,229,18.0,
2026-07-30T00:15,22.6,68,23.8,0.0,0.0,,7.2,233,17.6,
2026-07-30T00:30,22.3,70,23.6,0.0,0.0,,7.1,246,17.3,
2026-07-30T00:45,22.1,72,23.4,0.0,0.0,,7.7,259,16.9,
2026-07-30T01:00,21.9,74,23.2,0.0,0.0,,8.3,268,16.9,
2026-07-30T01:15,21.8,76,23.1,0.0,0.0,,8.6,268,16.9,
2026-07-30T01:30,21.7,77,23.1,0.0,0.0,,8.6,268,16.9,
2026-07-30T01:45,21.6,79,23.1,0.0,0.0,,8.7,265,17.3,
2026-07-30T02:00,21.5,80,23.1,0.0,0.0,,8.7,263,17.3,
2026-07-30T02:15,21.5,81,23.2,0.0,0.0,,8.4,263,17.3,
2026-07-30T02:30,21.4,82,23.2,0.0,0.0,,8.4,263,17.3,
2026-07-30T02:45,21.4,83,23.3,0.0,0.0,,8.0,265,16.9,
2026-07-30T03:00,21.4,84,23.4,0.0,0.0,,7.6,267,16.9,
2026-07-30T03:15,21.4,85,23.5,0.0,0.0,,7.6,273,16.6,
2026-07-30T03:30,21.3,86,23.5,0.0,0.0,,7.6,278,16.2,
2026-07-30T03:45,21.3,86,23.5,0.0,0.0,,7.8,283,16.2,
2026-07-30T04:00,21.3,87,23.6,0.0,0.0,,7.9,286,15.8,
2026-07-30T04:15,21.3,88,23.7,0.0,0.0,,7.6,289,15.5,
2026-07-30T04:30,21.3,89,23.7,0.0,0.0,,7.6,289,15.5,
2026-07-30T04:45,21.3,90,23.9,0.0,0.0,,7.2,288,15.5,
2026-07-30T05:00,21.3,91,23.9,0.0,0.0,,7.2,288,15.5,
2026-07-30T05:15,21.3,91,24.0,0.0,0.0,,7.4,284,15.8,
2026-07-30T05:30,21.4,92,24.0,0.0,0.0,,8.1,283,16.6,
2026-07-30T05:45,21.5,91,24.0,0.0,0.0,,8.8,279,17.3,
2026-07-30T06:00,21.5,91,24.0,0.0,0.0,,9.1,279,17.6,
2026-07-30T06:15,21.6,90,24.1,0.0,0.0,,8.8,282,17.6,
2026-07-30T06:30,21.6,89,24.1,0.0,0.0,,8.0,288,17.6,
2026-07-30T06:45,21.6,87,24.0,0.0,0.0,,7.2,297,17.6,
2026-07-30T07:00,21.6,86,24.0,0.0,0.0,,6.8,302,17.3,
2026-07-30T07:15,21.6,85,23.8,0.0,0.0,,7.3,303,16.9,
2026-07-30T07:30,21.5,85,23.7,0.0,0.0,,7.9,300,16.9,
2026-07-30T07:45,21.5,85,23.6,0.0,0.0,,8.5,298,16.6,
2026-07-30T08:00,21.5,84,23.6,0.0,0.0,,8.0,297,16.2,
2026-07-30T08:15,21.6,83,23.8,0.0,0.0,,6.3,301,16.2,
2026-07-30T08:30,21.6,83,24.2,0.0,0.0,,4.1,315,16.2,
2026-07-30T08:45,21.7,82,24.5,0.0,0.0,,2.3,342,15.8,
2026-07-30T09:00,21.9,81,24.8,0.0,0.0,,1.3,34,15.8,
2026-07-30T09:15,22.1,80,25.1,0.0,0.0,,0.5,135,15.5,
2026-07-30T09:30,22.3,78,25.0,0.0,0.0,,2.6,214,15.1,
2026-07-30T09:45,22.6,77,25.0,0.0,0.0,,4.8,222,14.8,
2026-07-30T10:00,22.9,75,25.0,0.0,0.0,,6.6,225,14.8,
2026-07-30T10:15,23.2,74,25.2,0.0,0.0,,7.4,231,15.5,
2026-07-30T10:30,23.6,73,25.6,0.0,0.0,,7.4,241,16.9,
2026-07-30T10:45,23.9,71,25.9,0.0,0.0,,7.6,251,18.0,
2026-07-30T11:00,24.3,70,26.4,0.0,0.0,,7.8,257,18.7,
2026-07-30T11:15,24.7,68,27.1,0.0,0.0,,7.7,259,18.7,
2026-07-30T11:30,25.1,67,27.9,0.0,0.0,,7.2,264,18.4,
2026-07-30T11:45,25.5,65,28.6,0.0,0.0,,6.5,264,18.0,
2026-07-30T12:00,26.0,63,29.3,0.0,0.0,,6.1,267,17.3,
2026-07-30T12:15,26.4,61,30.0,0.0,0.0,,5.4,266,16.6,
2026-07-30T12:30,26.8,59,30.5,0.0,0.0,,5.1,266,15.8,
2026-07-30T12:45,27.3,57,31.2,0.0,0.0,,4.3,265,14.8,
2026-07-30T13:00,27.6,56,31.7,0.0,0.0,,4.0,260,14.0,
2026-07-30T13:15,27.9,55,32.1,0.0,0.0,,4.1,255,13.3,
2026-07-30T13:30,28.2,54,32.3,0.0,0.0,,4.7,247,12.2,
2026-07-30T13:45,28.4,54,32.6,0.0,0.0,,5.5,247,11.5,
2026-07-30T14:00,28.6,53,32.7,0.0,0.0,,6.0,245,11.5,
2026-07-30T14:15,28.9,52,33.0,0.0,0.0,,6.3,246,12.6,
2026-07-30T14:30,29.2,51,33.1,0.0,0.0,,6.8,252,14.8,
2026-07-30T14:45,29.6,51,33.5,0.0,0.0,,7.4,256,16.9,
2026-07-30T15:00,29.8,50,33.6,0.0,0.0,,7.7,259,18.4,
2026-07-30T15:15,30.0,49,33.6,0.0,0.0,,8.0,265,19.1,
2026-07-30T15:30,30.2,49,33.7,0.0,0.0,,8.3,268,19.4,
2026-07-30T15:45,30.4,48,33.6,0.0,0.0,,8.6,272,19.8,
2026-07-30T16:00,30.5,48,33.7,0.0,0.0,,9.1,277,20.2,
2026-07-30T16:15,30.7,48,33.8,0.0,0.0,,9.1,279,20.5,
2026-07-30T16:30,30.8,48,33.8,0.0,0.0,,9.5,279,21.2,
2026-07-30T16:45,30.9,48,33.8,0.0,0.0,,9.5,281,21.6,
2026-07-30T17:00,31.0,48,33.6,0.0,0.0,,9.6,283,22.7,
2026-07-30T17:15,30.9,48,33.3,0.0,0.0,,10.2,288,24.1,
2026-07-30T17:30,30.8,48,32.8,0.0,0.0,,11.1,295,25.9,
2026-07-30T17:45,30.7,48,32.2,0.0,0.0,,12.3,302,27.7,
2026-07-30T18:00,30.4,48,31.5,0.0,0.0,,13.2,305,28.8,
2026-07-30T18:15,30.1,49,31.1,0.0,0.0,,13.6,307,29.2,
2026-07-30T18:30,29.7,50,30.7,0.0,0.0,,13.6,310,29.5,
2026-07-30T18:45,29.2,52,30.3,0.0,0.0,,13.6,310,29.2,
2026-07-30T19:00,28.8,53,29.8,0.0,0.0,,13.5,312,29.2,
2026-07-30T19:15,28.4,54,29.4,0.0,0.0,,13.5,312,29.2,
2026-07-30T19:30,28.0,56,29.1,0.0,0.0,,13.8,313,28.8,
2026-07-30T19:45,27.6,57,28.7,0.0,0.0,,13.5,314,28.8,
2026-07-30T20:00,27.2,58,28.3,0.0,0.0,,13.5,314,28.4,
2026-07-30T20:15,26.8,59,27.9,0.0,0.0,,13.2,315,28.4,
2026-07-30T20:30,26.4,60,27.4,0.0,0.0,,13.0,316,28.1,
2026-07-30T20:45,25.9,60,26.8,0.0,0.0,,12.7,317,28.1,
2026-07-30T21:00,25.5,61,26.4,0.0,0.0,,12.5,319,27.7,
2026-07-30T21:15,25.1,62,25.9,0.0,0.0,,12.3,320,27.4,
2026-07-30T21:30,24.8,63,25.6,0.0,0.0,,11.8,322,26.6,
2026-07-30T21:45,24.4,64,25.3,0.0,0.0,,11.6,324,25.9,
2026-07-30T22:00,24.0,65,24.8,0.0,0.0,,11.4,325,25.2,
2026-07-30T22:15,23.6,67,24.5,0.0,0.0,,11.1,324,24.5,
2026-07-30T22:30,23.2,69,24.2,0.0,0.0,,10.8,323,23.8,
2026-07-30T22:45,22.8,72,23.9,0.0,0.0,,10.8,323,23.4,
2026-07-30T23:00,22.4,74,23.6,0.0,0.0,,10.5,322,22.7,
2026-07-30T23:15,22.1,76,23.3,0.0,0.0,,10.5,322,22.3,
2026-07-30T23:30,21.8,77,23.0,0.0,0.0,,10.3,324,21.6,
2026-07-30T23:45,21.5,78,22.6,0.0,0.0,,10.3,324,21.2,
2026-07-31T00:00,21.2,79,22.4,0.0,0.0,,10.3,324,21.2,
2026-07-31T00:15,21.0,80,22.1,0.0,0.0,,10.6,325,21.2,
2026-07-31T00:30,20.8,80,21.7,0.0,0.0,,11.1,324,21.6,
2026-07-31T00:45,20.6,81,21.5,0.0,0.0,,11.4,325,22.0,
2026-07-31T01:00,20.4,81,21.2,0.0,0.0,,11.4,325,22.3,
2026-07-31T01:15,20.2,81,21.0,0.0,0.0,,11.1,324,22.3,
2026-07-31T01:30,20.1,81,20.9,0.0,0.0,,10.3,324,22.3,
2026-07-31T01:45,20.0,81,20.9,0.0,0.0,,9.5,323,22.3,
2026-07-31T02:00,19.9,81,20.9,0.0,0.0,,8.7,322,22.0,
2026-07-31T02:15,19.8,81,20.8,0.0,0.0,,8.2,322,20.9,
2026-07-31T02:30,19.7,82,20.7,0.0,0.0,,8.2,322,19.8,
2026-07-31T02:45,19.6,82,20.6,0.0,0.0,,8.0,324,18.4,
2026-07-31T03:00,19.5,83,20.6,0.0,0.0,,8.0,324,17.3,
2026-07-31T03:15,19.5,84,20.6,0.0,0.0,,8.0,324,16.9,
2026-07-31T03:30,19.4,84,20.5,0.0,0.0,,8.5,324,16.9,
2026-07-31T03:45,19.4,85,20.6,0.0,0.0,,8.5,324,16.9,
2026-07-31T04:00,19.4,85,20.5,0.0,0.0,,8.5,324,16.9,
2026-07-31T04:15,19.3,85,20.5,0.0,0.0,,8.0,324,16.9,
2026-07-31T04:30,19.3,86,20.6,0.0,0.0,,7.5,325,16.6,
2026-07-31T04:45,19.2,86,20.6,0.0,0.0,,7.0,325,16.6,
2026-07-31T05:00,19.2,86,20.6,0.0,0.0,,6.7,324,16.6,
2026-07-31T05:15,19.2,86,20.5,0.0,0.0,,6.9,317,16.9,
2026-07-31T05:30,19.2,86,20.4,0.0,0.0,,7.9,309,17.3,
2026-07-31T05:45,19.2,86,20.4,0.0,0.0,,8.6,303,17.6,
2026-07-31T06:00,19.2,86,20.3,0.0,0.0,,9.0,299,18.0,
2026-07-31T06:15,19.2,86,20.3,0.0,0.0,,8.9,297,18.0,
2026-07-31T06:30,19.3,86,20.5,0.0,0.0,,7.9,294,18.4,
2026-07-31T06:45,19.3,85,20.6,0.0,0.0,,6.6,292,18.0,
2026-07-31T07:00,19.3,85,20.8,0.0,0.0,,6.2,291,17.6,
2026-07-31T07:15,19.4,85,20.8,0.0,0.0,,6.2,291,16.6,
2026-07-31T07:30,19.4,84,20.7,0.0,0.0,,6.3,294,15.1,
2026-07-31T07:45,19.4,84,20.8,0.0,0.0,,6.4,297,13.7,
2026-07-31T08:00,19.5,83,20.8,0.0,0.0,,6.6,299,13.0,
2026-07-31T08:15,19.7,82,21.0,0.0,0.0,,6.5,304,13.0,
2026-07-31T08:30,19.9,82,21.3,0.0,0.0,,6.9,309,13.7,
2026-07-31T08:45,20.1,81,21.5,0.0,0.0,,6.9,313,14.4,
2026-07-31T09:00,20.4,80,21.8,0.0,0.0,,6.9,317,14.8,
2026-07-31T09:15,20.6,79,22.0,0.0,0.0,,6.6,319,14.8,
2026-07-31T09:30,20.8,78,22.3,0.0,0.0,,6.1,315,14.8,
2026-07-31T09:45,21.0,77,22.6,0.0,0.0,,5.9,313,14.8,
2026-07-31T10:00,21.2,76,22.8,0.0,0.0,,5.6,310,14.8,
2026-07-31T10:15,21.4,76,23.0,0.0,0.0,,5.9,308,14.8,
2026-07-31T10:30,21.5,76,23.0,0.0,0.0,,6.3,301,14.8,
2026-07-31T10:45,21.6,76,23.2,0.0,0.0,,6.9,298,15.1,
2026-07-31T11:00,21.8,76,23.3,0.0,0.0,,7.6,295,15.5,
2026-07-31T11:15,22.0,75,23.5,0.0,0.0,,7.9,294,16.2,
2026-07-31T11:30,22.3,73,23.6,0.0,0.0,,8.2,293,16.9,
2026-07-31T11:45,22.6,71,23.9,0.0,0.0,,8.2,293,18.0,
2026-07-31T12:00,22.9,69,24.1,0.0,0.0,,8.6,292,19.1,
2026-07-31T12:15,23.3,67,24.3,0.0,0.0,,9.0,293,20.2,
2026-07-31T12:30,23.7,64,24.5,0.0,0.0,,10.0,296,21.6,
2026-07-31T12:45,24.1,62,24.8,0.0,0.0,,10.8,296,22.7,
2026-07-31T13:00,24.5,60,25.0,0.0,0.0,,11.3,297,23.8,
2026-07-31T13:15,24.8,58,25.2,0.0,0.0,,11.1,295,24.5,
2026-07-31T13:30,25.0,57,25.5,0.0,0.0,,10.8,291,24.8,
2026-07-31T13:45,25.3,56,25.7,0.0,0.0,,10.6,288,25.2,
2026-07-31T14:00,25.5,55,26.0,0.0,0.0,,10.4,284,25.6,
2026-07-31T14:15,25.8,54,26.2,0.0,0.0,,10.7,282,25.6,
2026-07-31T14:30,26.1,53,26.4,0.0,0.0,,11.4,281,25.2,
2026-07-31T14:45,26.4,52,26.7,0.0,0.0,,11.8,282,24.8,
2026-07-31T15:00,26.7,51,26.8,0.0,0.0,,12.5,282,24.8,
2026-07-31T15:15,26.8,50,26.8,0.0,0.0,,12.9,283,25.2,
2026-07-31T15:30,27.0,50,27.0,0.0,0.0,,13.7,284,25.9,
2026-07-31T15:45,27.1,50,27.1,0.0,0.0,,14.1,285,26.6,
2026-07-31T16:00,27.1,50,27.1,0.0,0.0,,14.6,286,27.0,
2026-07-31T16:15,27.0,51,27.1,0.0,0.0,,14.6,286,27.4,
2026-07-31T16:30,26.9,52,27.0,0.0,0.0,,14.6,286,27.7,
2026-07-31T16:45,26.7,53,26.9,0.0,0.0,,14.2,286,28.1,
2026-07-31T17:00,26.6,53,26.7,0.0,0.0,,14.2,286,28.1,
2026-07-31T17:15,26.6,53,26.6,0.0,0.0,,14.2,286,28.1,
2026-07-31T17:30,26.6,52,26.5,0.0,0.0,,14.1,285,28.1,
2026-07-31T17:45,26.6,52,26.5,0.0,0.0,,14.1,285,27.7,
2026-07-31T18:00,26.5,51,26.3,0.0,0.0,,14.1,285,27.7,
2026-07-31T18:15,26.5,50,26.1,0.0,0.0,,14.1,285,27.7,
2026-07-31T18:30,26.4,50,26.1,0.0,0.0,,13.9,287,27.7,
2026-07-31T18:45,26.3,49,25.8,0.0,0.0,,14.0,288,27.7,
2026-07-31T19:00,26.1,50,25.6,0.0,0.0,,14.1,289,28.1,
2026-07-31T19:15,25.6,52,25.2,0.0,0.0,,14.2,291,28.4,
2026-07-31T19:30,25.1,56,24.8,0.0,0.0,,14.7,292,29.2,
2026-07-31T19:45,24.5,59,24.3,0.0,0.0,,14.7,292,29.5,
2026-07-31T20:00,24.0,62,24.0,0.0,0.0,,14.8,293,29.9,
2026-07-31T20:15,23.6,63,23.6,0.0,0.0,,14.5,293,30.2,
2026-07-31T20:30,23.2,64,23.2,0.0,0.0,,14.3,295,30.6,
2026-07-31T20:45,22.9,65,22.9,0.0,0.0,,14.0,296,30.6,
2026-07-31T21:00,22.6,66,22.6,0.0,0.0,,13.4,297,30.2,
2026-07-31T21:15,22.2,68,22.4,0.0,0.0,,12.7,299,29.5,
2026-07-31T21:30,21.9,70,22.3,0.0,0.0,,12.2,298,28.4,
2026-07-31T21:45,21.6,72,22.1,0.0,0.0,,11.4,298,27.4,
2026-07-31T22:00,21.3,74,22.0,0.0,0.0,,10.6,298,25.9,
2026-07-31T22:15,21.0,76,21.8,0.0,0.0,,9.8,298,24.5,
2026-07-31T22:30,20.7,77,21.7,0.0,0.0,,9.0,299,23.0,
2026-07-31T22:45,20.5,79,21.6,0.0,0.0,,8.2,299,21.6,
2026-07-31T23:00,20.2,80,21.4,0.0,0.0,,7.7,298,20.2,
2026-07-31T23:15,20.0,82,21.3,0.0,0.0,,7.2,297,18.7,
2026-07-31T23:30,19.8,83,21.1,0.0,0.0,,6.9,298,17.6,
2026-07-31T23:45,19.6,85,21.0,0.0,0.0,,6.9,298,16.6,
2026-08-01T00:00,19.4,86,20.9,0.0,0.0,,6.4,297,15.5,
2026-08-01T00:15,19.2,87,20.8,0.0,0.0,,6.0,295,14.8,
2026-08-01T00:30,19.0,88,20.7,0.0,0.0,,5.6,297,14.0,
2026-08-01T00:45,18.9,88,20.6,0.0,0.0,,5.2,295,13.7,
2026-08-01T01:00,18.8,89,20.5,0.0,0.0,,5.0,291,13.0,
2026-08-01T01:15,18.7,89,20.3,0.0,0.0,,4.9,287,11.9,
2026-08-01T01:30,18.6,90,20.3,0.0,0.0,,4.8,283,10.8,
2026-08-01T01:45,18.5,90,20.2,0.0,0.0,,5.1,278,10.1,
2026-08-01T02:00,18.4,90,20.0,0.0,0.0,,5.1,274,9.4,
2026-08-01T02:15,18.3,90,19.9,0.0,0.0,,5.0,270,9.4,
2026-08-01T02:30,18.2,90,19.8,0.0,0.0,,5.1,266,9.7,
2026-08-01T02:45,18.1,90,19.5,0.0,0.0,,5.1,262,10.1,
2026-08-01T03:00,18.0,90,19.4,0.0,0.0,,5.2,258,10.4,
2026-08-01T03:15,17.9,90,19.2,0.0,0.0,,5.2,254,10.4,
2026-08-01T03:30,17.8,89,19.0,0.0,0.0,,5.2,254,10.4,
2026-08-01T03:45,17.7,89,18.9,0.0,0.0,,5.4,250,10.4,
2026-08-01T04:00,17.6,89,18.8,0.0,0.0,,5.4,250,10.4,
2026-08-01T04:15,17.6,89,18.8,0.0,0.0,,5.4,250,10.4,
2026-08-01T04:30,17.6,89,18.9,0.0,0.0,,5.0,249,10.4,
2026-08-01T04:45,17.7,90,19.1,0.0,0.0,,4.6,252,10.1,
2026-08-01T05:00,17.7,90,19.1,0.0,0.0,,4.6,252,10.1,
2026-08-01T05:15,17.6,90,19.0,0.0,0.0,,4.6,252,9.7,
2026-08-01T05:30,17.6,90,18.9,0.0,0.0,,4.7,247,9.7,
2026-08-01T05:45,17.5,90,18.9,0.0,0.0,,4.5,241,9.4,
2026-08-01T06:00,17.5,90,18.8,0.0,0.0,,4.5,241,9.0,
2026-08-01T06:15,17.4,90,18.8,0.0,0.0,,4.2,239,8.6,
2026-08-01T06:30,17.3,90,18.7,0.0,0.0,,3.9,236,8.6,
2026-08-01T06:45,17.3,90,18.6,0.0,0.0,,3.7,241,8.6,
2026-08-01T07:00,17.3,90,18.7,0.0,0.0,,3.4,238,8.3,
2026-08-01T07:15,17.3,90,18.7,0.0,0.0,,3.4,238,7.9,
2026-08-01T07:30,17.4,90,18.8,0.0,0.0,,3.4,238,7.6,
2026-08-01T07:45,17.5,89,18.9,0.0,0.0,,3.6,233,7.2,
2026-08-01T08:00,17.7,88,19.1,0.0,0.0,,3.6,233,7.2,
2026-08-01T08:15,18.0,86,19.3,0.0,0.0,,3.6,233,7.6,
2026-08-01T08:30,18.4,84,19.8,0.0,0.0,,3.9,236,8.3,
2026-08-01T08:45,18.9,81,20.1,0.0,0.0,,4.2,239,9.0,
2026-08-01T09:00,19.3,79,20.6,0.0,0.0,,4.2,239,9.4,
2026-08-01T09:15,19.8,77,21.1,0.0,0.0,,4.0,243,9.7,
2026-08-01T09:30,20.3,75,21.7,0.0,0.0,,3.8,253,9.7,
2026-08-01T09:45,20.8,73,22.2,0.0,0.0,,3.7,259,9.7,
2026-08-01T10:00,21.2,71,22.6,0.0,0.0,,3.6,270,9.7,
2026-08-01T10:15,21.7,69,23.1,0.0,0.0,,3.3,276,9.7,
2026-08-01T10:30,22.1,67,23.6,0.0,0.0,,3.1,291,9.7,
2026-08-01T10:45,22.6,65,24.4,0.0,0.0,,2.6,304,9.7,
2026-08-01T11:00,23.0,63,25.1,0.0,0.0,,2.5,315,9.7,
2026-08-01T11:15,23.5,62,25.8,0.0,0.0,,2.6,326,9.4,
2026-08-01T11:30,23.9,60,26.4,0.0,0.0,,2.6,326,9.4,
2026-08-01T11:45,24.4,59,27.2,0.0,0.0,,2.6,326,9.0,
2026-08-01T12:00,24.8,58,27.8,0.0,0.0,,2.7,337,9.0,
2026-08-01T12:15,25.1,57,28.3,0.0,0.0,,3.0,346,9.4,
2026-08-01T12:30,25.5,56,28.7,0.0,0.0,,3.3,347,9.7,
2026-08-01T12:45,25.8,54,29.1,0.0,0.0,,3.6,354,10.4,
2026-08-01T13:00,26.2,53,29.5,0.0,0.0,,4.0,360,11.2,
2026-08-01T13:15,26.6,52,29.9,0.0,0.0,,4.3,5,11.9,
2026-08-01T13:30,27.0,50,30.3,0.0,0.0,,4.7,9,12.6,
2026-08-01T13:45,27.4,49,30.8,0.0,0.0,,4.9,17,13.0,
2026-08-01T14:00,27.8,48,31.1,0.0,0.0,,5.4,20,13.7,
2026-08-01T14:15,28.1,47,31.3,0.0,0.0,,5.8,22,14.0,
2026-08-01T14:30,28.4,46,31.5,0.0,0.0,,6.3,24,14.8,
2026-08-01T14:45,28.6,46,31.7,0.0,0.0,,6.8,25,15.1,
2026-08-01T15:00,28.9,45,31.8,0.0,0.0,,6.9,28,15.5,
2026-08-01T15:15,29.1,44,31.9,0.0,0.0,,6.9,28,15.8,
2026-08-01T15:30,29.4,44,32.2,0.0,0.0,,7.1,30,15.8,
2026-08-01T15:45,29.6,43,32.3,0.0,0.0,,6.6,29,15.8,
2026-08-01T16:00,29.8,43,32.5,0.0,0.0,,6.6,29,15.8,
2026-08-01T16:15,30.0,42,32.4,0.0,0.0,,6.4,27,15.8,
2026-08-01T16:30,30.1,42,32.5,0.0,0.0,,6.2,21,16.2,
2026-08-01T16:45,30.2,41,32.3,0.0,0.0,,6.0,17,16.2,
2026-08-01T17:00,30.3,41,32.3,0.0,0.0,,5.9,14,15.8,
2026-08-01T17:15,30.4,41,32.2,0.0,0.0,,5.9,14,14.8,
2026-08-01T17:30,30.5,40,31.9,0.0,0.0,,6.0,17,13.0,
2026-08-01T17:45,30.6,40,31.7,0.0,0.0,,6.4,16,11.2,
2026-08-01T18:00,30.6,40,31.5,0.0,0.0,,6.5,19,10.1,
2026-08-01T18:15,30.6,40,31.4,0.0,0.0,,7.0,21,9.7,
2026-08-01T18:30,30.5,40,31.3,0.0,0.0,,7.1,24,10.1,
2026-08-01T18:45,30.4,41,31.3,0.0,0.0,,7.4,23,10.4,
2026-08-01T19:00,30.3,41,31.1,0.0,0.0,,7.4,23,10.8,
2026-08-01T19:15,30.3,42,31.3,0.0,0.0,,7.3,20,10.8,
2026-08-01T19:30,30.3,42,31.4,0.0,0.0,,6.7,16,10.4,
2026-08-01T19:45,30.3,43,31.6,0.0,0.0,,6.5,6,10.4,
2026-08-01T20:00,30.2,44,31.7,0.0,0.0,,5.8,356,10.8,
2026-08-01T20:15,30.1,45,31.7,0.0,0.0,,5.0,339,11.5,
2026-08-01T20:30,29.9,45,31.4,0.0,0.0,,5.1,309,12.6,
2026-08-01T20:45,29.5,46,30.9,0.0,0.0,,6.2,291,13.7,
2026-08-01T21:00,29.1,47,30.3,0.0,0.0,,7.3,279,14.8,
2026-08-01T21:15,28.3,48,29.3,0.0,0.0,,8.3,275,15.8,
2026-08-01T21:30,27.4,50,28.1,0.0,0.0,,9.0,275,17.3,
2026-08-01T21:45,26.5,52,27.1,0.0,0.0,,9.4,277,18.7,
2026-08-01T22:00,25.7,53,26.2,0.0,0.0,,9.5,279,19.4,
2026-08-01T22:15,25.3,54,25.7,0.0,0.0,,9.3,283,19.8,
2026-08-01T22:30,25.0,54,25.4,0.0,0.0,,8.7,294,19.4,
2026-08-01T22:45,24.8,55,25.3,0.0,0.0,,8.3,304,19.1,
2026-08-01T23:00,24.6,55,25.1,0.0,0.0,,7.9,313,18.7,
2026-08-01T23:15,24.4,55,24.8,0.0,0.0,,7.7,319,18.0,
2026-08-01T23:30,24.1,55,24.5,0.0,0.0,,7.2,323,16.9,
2026-08-01T23:45,23.8,56,24.3,0.0,0.0,,6.8,328,16.2,
2026-08-02T00:00,23.6,56,24.1,0.0,0.0,,6.1,332,15.1,
2026-08-02T00:15,23.4,57,24.0,0.0,0.0,,5.6,333,14.4,
2026-08-02T00:30,23.3,58,24.0,0.0,0.0,,5.2,335,13.3,
2026-08-02T00:45,23.1,59,24.0,0.0,0.0,,4.3,336,12.6,
2026-08-02T01:00,23.0,60,24.0,0.0,0.0,,4.0,333,11.5,
2026-08-02T01:15,22.8,61,23.9,0.0,0.0,,3.9,326,10.4,
2026-08-02T01:30,22.7,62,23.8,0.0,0.0,,3.8,319,9.4,
2026-08-02T01:45,22.5,62,23.6,0.0,0.0,,3.8,311,8.6,
2026-08-02T02:00,22.4,63,23.5,0.0,0.0,,3.8,311,7.9,
2026-08-02T02:15,22.3,64,23.4,0.0,0.0,,3.8,319,7.9,
2026-08-02T02:30,22.2,65,23.4,0.0,0.0,,3.9,326,8.3,
2026-08-02T02:45,22.1,66,23.3,0.0,0.0,,4.2,340,8.6,
2026-08-02T03:00,22.0,67,23.3,0.0,0.0,,4.5,346,9.0,
2026-08-02T03:15,21.9,67,23.1,0.0,0.0,,4.7,351,9.0,
2026-08-02T03:30,21.8,67,23.0,0.0,0.0,,4.7,356,9.0,
2026-08-02T03:45,21.7,67,22.8,0.0,0.0,,4.7,356,9.0,
2026-08-02T04:00,21.6,66,22.6,0.0,0.0,,4.7,360,9.0,
2026-08-02T04:15,21.5,65,22.3,0.0,0.0,,4.7,4,9.0,
2026-08-02T04:30,21.3,63,22.0,0.0,0.0,,4.4,9,9.0,
2026-08-02T04:45,21.2,62,21.7,0.0,0.0,,4.0,10,9.0,
2026-08-02T05:00,21.0,61,21.5,0.0,0.0,,3.8,17,8.6,
2026-08-02T05:15,20.9,61,21.3,0.0,0.0,,3.4,18,8.3,
2026-08-02T05:30,20.8,62,21.3,0.0,0.0,,3.4,18,7.9,
2026-08-02T05:45,20.7,62,21.2,0.0,0.0,,3.1,21,7.2,
2026-08-02T06:00,20.6,63,21.2,0.0,0.0,,2.7,23,6.8,
2026-08-02T06:15,20.5,63,21.3,0.0,0.0,,1.6,27,6.1,
2026-08-02T06:30,20.6,63,21.5,0.0,0.0,,0.8,63,5.4,
2026-08-02T06:45,20.6,63,21.4,0.0,0.0,,1.1,162,4.7,
2026-08-02T07:00,20.5,63,21.3,0.0,0.0,,1.8,180,4.3,
2026-08-02T07:15,20.4,64,21.1,0.0,0.0,,2.2,189,4.0,
2026-08-02T07:30,20.2,66,21.0,0.0,0.0,,2.2,189,4.0,
2026-08-02T07:45,20.1,67,21.0,0.0,0.0,,1.9,202,4.0,
2026-08-02T08:00,20.1,68,21.1,0.0,0.0,,1.9,202,4.0,
2026-08-02T08:15,20.3,67,21.4,0.0,0.0,,1.6,207,4.0,
2026-08-02T08:30,20.7,66,21.9,0.0,0.0,,1.3,214,4.0,
2026-08-02T08:45,21.2,64,22.3,0.0,0.0,,1.3,214,4.3,
2026-08-02T09:00,21.7,62,22.8,0.0,0.0,,1.0,225,4.3,
2026-08-02T09:15,22.2,60,23.3,0.0,0.0,,1.0,225,4.7,
2026-08-02T09:30,22.7,58,23.8,0.0,0.0,,1.0,225,5.0,
2026-08-02T09:45,23.2,57,24.4,0.0,0.0,,1.3,214,5.0,
2026-08-02T10:00,23.8,55,24.9,0.0,0.0,,1.3,214,5.4,
2026-08-02T10:15,24.4,54,25.6,0.0,0.0,,1.3,214,5.4,
2026-08-02T10:30,25.0,53,26.4,0.0,0.0,,1.3,214,5.8,
2026-08-02T10:45,25.7,51,27.3,0.0,0.0,,1.3,214,5.8,
2026-08-02T11:00,26.3,50,28.3,0.0,0.0,,1.3,214,5.8,
2026-08-02T11:15,27.0,48,29.3,0.0,0.0,,1.0,225,5.8,
2026-08-02T11:30,27.6,47,30.2,0.0,0.0,,1.0,225,5.8,
2026-08-02T11:45,28.3,45,31.1,0.0,0.0,,0.8,243,5.8,
2026-08-02T12:00,28.9,43,31.9,0.0,0.0,,0.7,270,5.8,
2026-08-02T12:15,29.5,41,32.7,0.0,0.0,,0.4,270,5.4,
2026-08-02T12:30,30.2,40,33.7,0.0,0.0,,0.0,270,4.7,
2026-08-02T12:45,30.7,38,34.2,0.0,0.0,,0.4,90,4.3,
2026-08-02T13:00,31.3,37,34.8,0.0,0.0,,0.7,90,4.0,
2026-08-02T13:15,31.7,36,35.3,0.0,0.0,,1.1,90,4.3,
2026-08-02T13:30,32.1,34,35.5,0.0,0.0,,1.5,104,5.0,
2026-08-02T13:45,32.5,33,35.8,0.0,0.0,,1.8,101,5.8,
2026-08-02T14:00,32.8,32,36.1,0.0,0.0,,1.8,101,6.5,
2026-08-02T14:15,33.1,31,36.3,0.0,0.0,,1.8,101,6.8,
2026-08-02T14:30,33.4,31,36.7,0.0,0.0,,1.8,90,7.2,
2026-08-02T14:45,33.7,31,37.0,0.0,0.0,,1.8,90,7.2,
2026-08-02T15:00,33.9,31,37.3,0.0,0.0,,1.4,90,7.2,
2026-08-02T15:15,34.1,31,37.5,0.0,0.0,,1.1,90,6.8,
2026-08-02T15:30,34.3,30,37.4,0.0,0.0,,0.5,135,6.1,
2026-08-02T15:45,34.5,29,37.4,0.0,0.0,,0.4,180,5.4,
2026-08-02T16:00,34.6,29,37.4,0.0,0.0,,0.8,243,5.0,
2026-08-02T16:15,34.9,29,37.5,0.0,0.0,,1.1,252,5.0,
2026-08-02T16:30,35.1,28,37.5,0.0,0.0,,1.1,270,5.4,
2026-08-02T16:45,35.3,28,37.5,0.0,0.0,,1.5,284,6.1,
2026-08-02T17:00,35.4,28,37.2,0.0,0.0,,2.7,293,7.9,
2026-08-02T17:15,35.3,29,36.7,0.0,0.0,,5.4,290,11.5,
2026-08-02T17:30,35.1,30,35.8,0.0,0.0,,9.1,288,16.9,
2026-08-02T17:45,34.8,32,35.0,0.0,0.0,,12.9,288,22.0,
2026-08-02T18:00,34.5,33,34.2,0.0,0.0,,15.3,289,25.9,
2026-08-02T18:15,34.1,34,33.7,0.0,0.0,,16.2,291,28.1,
2026-08-02T18:30,33.6,34,33.1,0.0,0.0,,16.1,294,29.2,
2026-08-02T18:45,33.2,35,32.8,0.0,0.0,,15.6,296,29.9,
2026-08-02T19:00,32.7,35,32.2,0.0,0.0,,15.5,298,30.2,
2026-08-02T19:15,32.3,36,31.8,0.0,0.0,,15.5,298,30.6,
2026-08-02T19:30,31.9,36,31.3,0.0,0.0,,15.3,297,30.6,
2026-08-02T19:45,31.5,37,31.1,0.0,0.0,,14.7,295,30.6,
2026-08-02T20:00,31.1,38,30.6,0.0,0.0,,14.5,293,30.6,
2026-08-02T20:15,30.6,39,30.3,0.0,0.0,,14.0,293,30.6,
2026-08-02T20:30,30.1,40,29.8,0.0,0.0,,13.6,292,30.2,
2026-08-02T20:45,29.6,41,29.3,0.0,0.0,,13.1,291,29.9,
2026-08-02T21:00,29.0,42,28.8,0.0,0.0,,12.6,290,29.2,
2026-08-02T21:15,28.4,44,28.3,0.0,0.0,,12.2,289,28.1,
2026-08-02T21:30,27.8,46,27.8,0.0,0.0,,12.1,287,27.0,
2026-08-02T21:45,27.2,48,27.2,0.0,0.0,,11.6,286,25.9,
2026-08-02T22:00,26.6,50,26.7,0.0,0.0,,11.5,284,24.8,
2026-08-02T22:15,26.0,52,26.1,0.0,0.0,,11.4,283,24.1,
2026-08-02T22:30,25.4,55,25.7,0.0,0.0,,11.0,281,23.8,
2026-08-02T22:45,24.8,58,25.3,0.0,0.0,,10.6,280,23.4,
2026-08-02T23:00,24.3,60,24.8,0.0,0.0,,10.5,278,23.0,
2026-08-02T23:15,23.9,62,24.4,0.0,0.0,,10.5,276,22.7,
2026-08-02T23:30,23.5,64,24.2,0.0,0.0,,10.1,274,22.3,
2026-08-02T23:45,23.2,66,24.0,0.0,0.0,,10.1,272,21.6,
2026-08-03T00:00,23.0,68,23.9,0.0,0.0,,9.7,270,21.2,
2026-08-03T00:15,22.7,70,23.8,0.0,0.0,,9.4,270,20.9,
2026-08-03T00:30,22.5,71,23.6,0.0,0.0,,9.4,268,20.2,
2026-08-03T00:45,22.4,73,23.6,0.0,0.0,,9.0,268,19.8,
2026-08-03T01:00,22.2,74,23.6,0.0,0.0,,8.6,268,19.1,
2026-08-03T01:15,22.1,75,23.6,0.0,0.0,,8.3,265,18.4,
2026-08-03T01:30,22.0,75,23.4,0.0,0.0,,8.3,265,17.6,
2026-08-03T01:45,22.0,75,23.4,0.0,0.0,,8.0,262,17.3,
2026-08-03T02:00,21.9,76,23.4,0.0,0.0,,7.7,259,16.6,
2026-08-03T02:15,21.8,77,23.4,0.0,0.0,,7.4,256,16.2,
2026-08-03T02:30,21.7,78,23.4,0.0,0.0,,6.7,254,15.8,
2026-08-03T02:45,21.6,80,23.5,0.0,0.0,,6.5,251,15.1,
2026-08-03T03:00,21.5,81,23.5,0.0,0.0,,6.2,249,14.8,
2026-08-03T03:15,21.4,82,23.5,0.0,0.0,,5.8,248,14.0,
2026-08-03T03:30,21.3,84,23.6,0.0,0.0,,5.8,248,13.3,
2026-08-03T03:45,21.2,85,23.5,0.0,0.0,,6.0,245,13.0,
2026-08-03T04:00,21.2,86,23.6,0.0,0.0,,5.6,243,12.2,
2026-08-03T04:15,21.1,87,23.6,0.0,0.0,,5.5,238,11.9,
2026-08-03T04:30,21.1,87,23.7,0.0,0.0,,5.1,231,11.2,
2026-08-03T04:45,21.1,87,23.6,0.0,0.0,,5.1,225,10.8,
2026-08-03T05:00,21.1,87,23.6,0.0,0.0,,5.1,219,10.8,
2026-08-03T05:15,21.1,87,23.6,0.0,0.0,,5.4,217,10.8,
2026-08-03T05:30,21.0,87,23.4,0.0,0.0,,5.7,215,11.2,
2026-08-03T05:45,21.0,88,23.5,0.0,0.0,,5.7,215,11.5,
2026-08-03T06:00,21.0,88,23.5,0.0,0.0,,6.0,213,11.9,
2026-08-03T06:15,21.0,89,23.5,0.0,0.0,,5.8,210,11.9,
2026-08-03T06:30,21.0,89,23.6,0.0,0.0,,5.5,203,11.9,
2026-08-03T06:45,20.9,90,23.6,0.0,0.0,,5.4,200,11.9,
2026-08-03T07:00,21.0,90,23.7,0.0,0.0,,5.2,196,11.9,
2026-08-03T07:15,21.1,90,23.8,0.0,0.0,,5.4,200,11.5,
2026-08-03T07:30,21.2,90,23.9,0.0,0.0,,5.6,207,11.5,
2026-08-03T07:45,21.3,89,24.0,0.0,0.0,,6.0,213,11.2,
2026-08-03T08:00,21.5,89,24.2,0.0,0.0,,6.2,216,11.2,
2026-08-03T08:15,21.7,88,24.4,0.0,0.0,,6.0,213,11.5,
2026-08-03T08:30,21.8,88,24.7,0.0,0.0,,6.1,208,11.9,
2026-08-03T08:45,22.1,87,24.9,0.0,0.0,,6.2,201,12.6,
2026-08-03T09:00,22.3,86,25.2,0.0,0.0,,6.2,201,13.3,
2026-08-03T09:15,22.7,84,25.5,0.0,0.0,,6.4,207,14.4,
2026-08-03T09:30,23.0,83,25.9,0.0,0.0,,6.8,212,15.5,
2026-08-03T09:45,23.4,81,26.2,0.0,0.0,,7.4,219,16.6,
2026-08-03T10:00,23.7,79,26.4,0.0,0.0,,7.7,221,17.3,
2026-08-03T10:15,23.9,78,26.7,0.0,0.0,,7.1,221,17.6,
2026-08-03T10:30,24.1,77,26.9,0.0,0.0,,6.5,214,17.6,
2026-08-03T10:45,24.2,76,27.0,0.0,0.0,,5.6,207,17.6,
2026-08-03T11:00,24.3,75,27.3,0.0,0.0,,4.8,207,16.9,
2026-08-03T11:15,24.5,74,27.6,0.0,0.0,,4.2,211,15.5,
2026-08-03T11:30,24.7,73,27.8,0.0,0.0,,3.6,233,13.7,
2026-08-03T11:45,25.0,72,28.1,0.0,0.0,,3.4,252,11.9,
2026-08-03T12:00,25.2,71,28.3,0.0,0.0,,4.0,265,10.8,
2026-08-03T12:15,25.5,70,28.6,0.0,0.0,,4.3,270,11.2,
2026-08-03T12:30,25.8,68,28.7,0.0,0.0,,5.1,274,12.2,
2026-08-03T12:45,26.2,66,29.0,0.0,0.0,,5.4,274,13.3,
2026-08-03T13:00,26.5,65,29.4,0.0,0.0,,5.8,277,14.0,
2026-08-03T13:15,26.7,64,29.9,0.0,0.0,,5.5,281,14.0,
2026-08-03T13:30,27.0,62,30.2,0.0,0.0,,5.2,286,13.7,
2026-08-03T13:45,27.2,61,30.6,0.0,0.0,,4.7,293,13.3,
2026-08-03T14:00,27.4,60,31.0,0.0,0.0,,4.7,293,13.3,
2026-08-03T14:15,27.7,59,31.2,0.0,0.0,,5.0,291,14.0,
2026-08-03T14:30,28.0,58,31.5,0.0,0.0,,5.7,288,15.1,
2026-08-03T14:45,28.2,57,31.6,0.0,0.0,,6.6,283,16.2,
2026-08-03T15:00,28.4,57,31.8,0.0,0.0,,7.3,281,16.9,
2026-08-03T15:15,28.5,57,31.9,0.0,0.0,,8.0,278,17.6,
2026-08-03T15:30,28.6,57,31.8,0.0,0.0,,8.7,275,18.0,
2026-08-03T15:45,28.6,57,31.6,0.0,0.0,,9.4,272,18.4,
2026-08-03T16:00,28.5,57,31.1,0.0,0.0,,9.7,272,18.7,
2026-08-03T16:15,28.4,57,30.6,0.0,0.0,,9.7,274,19.1,
2026-08-03T16:30,28.2,57,30.0,0.0,0.0,,9.8,276,19.4,
2026-08-03T16:45,28.0,58,29.9,0.0,0.0,,9.5,279,19.8,
2026-08-03T17:00,27.8,58,29.7,0.0,0.0,,9.3,283,20.2,
2026-08-03T17:15,27.7,58,29.5,0.0,0.0,,9.4,288,20.5,
2026-08-03T17:30,27.6,58,29.3,0.0,0.0,,9.7,292,20.9,
2026-08-03T17:45,27.5,59,29.4,0.0,0.0,,9.7,297,21.2,
2026-08-03T18:00,27.4,59,29.2,0.0,0.0,,9.8,298,21.6,
2026-08-03T18:15,27.3,59,29.0,0.0,0.0,,10.0,300,21.6,
2026-08-03T18:30,27.1,60,28.9,0.0,0.0,,9.7,301,21.6,
2026-08-03T18:45,26.9,60,28.7,0.0,0.0,,9.2,301,21.6,
2026-08-03T19:00,26.8,61,28.7,0.0,0.0,,9.2,301,21.2,
2026-08-03T19:15,26.8,62,28.8,0.0,0.0,,9.0,299,20.9,
2026-08-03T19:30,26.9,63,29.1,0.0,0.0,,8.9,297,20.5,
2026-08-03T19:45,26.9,64,29.1,0.0,0.0,,9.0,293,20.2,
2026-08-03T20:00,26.9,65,29.3,0.0,0.0,,9.0,293,19.8,
2026-08-03T20:15,26.8,65,29.1,0.0,0.0,,9.0,293,19.8,
2026-08-03T20:30,26.6,65,28.9,0.0,0.0,,8.9,297,19.8,
2026-08-03T20:45,26.5,65,28.7,0.0,0.0,,9.0,299,19.8,
2026-08-03T21:00,26.2,66,28.4,0.0,0.0,,9.0,299,19.8,
2026-08-03T21:15,25.9,67,28.1,0.0,0.0,,9.3,298,19.8,
2026-08-03T21:30,25.5,69,27.7,0.0,0.0,,9.5,295,19.8,
2026-08-03T21:45,25.1,71,27.3,0.0,0.0,,9.7,292,19.8,
2026-08-03T22:00,24.7,72,26.8,0.0,0.0,,10.0,291,19.8,
2026-08-03T22:15,24.4,73,26.4,0.0,0.0,,10.0,291,19.8,
2026-08-03T22:30,24.0,74,26.0,0.0,0.0,,10.0,291,19.4,
2026-08-03T22:45,23.7,75,25.6,0.0,0.0,,10.0,291,19.4,
2026-08-03T23:00,23.4,76,25.3,0.0,0.0,,10.0,291,19.4,
2026-08-03T23:15,23.2,77,25.2,0.0,0.0,,9.7,292,19.4,
2026-08-03T23:30,23.0,78,25.0,0.0,0.0,,9.4,293,19.8,
2026-08-03T23:45,22.9,79,25.0,0.0,0.0,,8.9,291,19.8,
2026-08-04T00:00,22.7,80,24.9,0.0,0.0,,8.6,292,19.8,
2026-08-04T00:15,22.6,81,24.8,0.0,0.0,,8.2,293,19.4,
2026-08-04T00:30,22.4,82,24.7,0.0,0.0,,7.9,294,18.7,
2026-08-04T00:45,22.3,82,24.6,0.0,0.0,,7.4,293,17.6,
2026-08-04T01:00,22.1,83,24.5,0.0,0.0,,7.1,294,16.9,
2026-08-04T01:15,22.0,83,24.3,0.0,0.0,,6.8,295,16.2,
2026-08-04T01:30,21.8,84,24.3,0.0,0.0,,6.3,294,15.5,
2026-08-04T01:45,21.7,84,24.1,0.0,0.0,,5.8,292,14.8,
2026-08-04T02:00,21.5,84,23.9,0.0,0.0,,5.5,293,14.0,
2026-08-04T02:15,21.4,84,23.8,0.0,0.0,,5.2,295,13.3,
2026-08-04T02:30,21.4,85,23.9,0.0,0.0,,5.0,291,12.6,
2026-08-04T02:45,21.3,85,23.9,0.0,0.0,,4.7,293,11.9,
2026-08-04T03:00,21.2,86,23.8,0.0,0.0,,4.7,293,11.2,
2026-08-04T03:15,21.1,87,23.7,0.0,0.0,,4.7,293,10.8,
2026-08-04T03:30,21.0,88,23.6,0.0,0.0,,4.9,287,10.4,
2026-08-04T03:45,20.9,88,23.4,0.0,0.0,,5.2,286,10.4,
2026-08-04T04:00,20.8,89,23.3,0.0,0.0,,5.2,286,10.4,
2026-08-04T04:15,20.7,89,23.2,0.0,0.0,,5.2,286,10.4,
2026-08-04T04:30,20.7,89,23.2,0.0,0.0,,5.0,291,10.4,
2026-08-04T04:45,20.6,89,23.1,0.0,0.0,,5.0,291,10.4,
2026-08-04T05:00,20.5,89,23.0,0.0,0.0,,4.7,293,10.4,
2026-08-04T05:15,20.4,89,22.9,0.0,0.0,,4.3,294,10.4,
2026-08-04T05:30,20.3,90,22.8,0.0,0.0,,4.2,290,10.1,
2026-08-04T05:45,20.1,90,22.7,0.0,0.0,,3.9,292,9.7,
2026-08-04T06:00,20.0,91,22.5,0.0,0.0,,3.8,287,9.4,
2026-08-04T06:15,19.8,92,22.4,0.0,0.0,,3.8,287,8.6,
2026-08-04T06:30,19.7,92,22.3,0.0,0.0,,3.3,283,7.9,
2026-08-04T06:45,19.6,93,22.2,0.0,0.0,,3.3,283,7.2,
2026-08-04T07:00,19.6,93,22.2,0.0,0.0,,3.3,283,6.8,
2026-08-04T07:15,19.6,93,22.2,0.0,0.0,,3.3,283,6.5,
2026-08-04T07:30,19.7,93,22.4,0.0,0.0,,3.6,276,6.5,
2026-08-04T07:45,19.9,92,22.6,0.0,0.0,,3.6,276,6.5,
2026-08-04T08:00,20.1,91,22.7,0.0,0.0,,4.0,275,6.8,
2026-08-04T08:15,20.4,89,22.9,0.0,0.0,,4.3,275,7.6,
2026-08-04T08:30,20.8,88,23.4,0.0,0.0,,4.4,279,9.0,
2026-08-04T08:45,21.1,85,23.6,0.0,0.0,,4.8,283,10.4,
2026-08-04T09:00,21.5,83,23.8,0.0,0.0,,5.2,286,11.5,
2026-08-04T09:15,21.8,80,23.9,0.0,0.0,,5.7,288,12.6,
2026-08-04T09:30,22.1,78,24.1,0.0,0.0,,6.2,291,14.0,
2026-08-04T09:45,22.3,75,24.1,0.0,0.0,,6.8,295,15.1,
2026-08-04T10:00,22.6,73,24.3,0.0,0.0,,7.1,294,15.8,
2026-08-04T10:15,22.9,72,24.6,0.0,0.0,,7.0,291,16.2,
2026-08-04T10:30,23.2,72,25.1,0.0,0.0,,6.5,289,16.2,
2026-08-04T10:45,23.5,71,25.4,0.0,0.0,,6.4,286,16.2,
2026-08-04T11:00,23.8,70,25.9,0.0,0.0,,5.9,284,15.8,
2026-08-04T11:15,24.2,67,26.3,0.0,0.0,,5.6,285,15.5,
2026-08-04T11:30,24.6,64,27.0,0.0,0.0,,5.2,286,14.8,
2026-08-04T11:45,25.1,60,27.5,0.0,0.0,,4.9,287,14.0,
2026-08-04T12:00,25.5,57,28.0,0.0,0.0,,4.9,287,13.7,
2026-08-04T12:15,25.9,54,28.3,0.0,0.0,,4.9,287,13.7,
2026-08-04T12:30,26.3,51,28.7,0.0,0.0,,5.0,291,13.7,
2026-08-04T12:45,26.7,49,29.0,0.0,0.0,,5.5,293,13.7,
2026-08-04T13:00,27.1,47,29.4,0.0,0.0,,5.6,297,13.7,
2026-08-04T13:15,27.5,46,29.9,0.0,0.0,,5.8,300,13.7,
2026-08-04T13:30,28.0,46,30.6,0.0,0.0,,5.7,305,13.3,
2026-08-04T13:45,28.3,45,31.0,0.0,0.0,,6.1,310,13.3,
2026-08-04T14:00,28.7,45,31.5,0.0,0.0,,6.4,313,13.0,
2026-08-04T14:15,28.9,44,31.7,0.0,0.0,,6.6,315,12.6,
2026-08-04T14:30,29.2,44,32.0,0.0,0.0,,6.9,317,11.9,
2026-08-04T14:45,29.3,43,31.9,0.0,0.0,,7.4,317,11.2,
2026-08-04T15:00,29.5,43,31.9,0.0,0.0,,7.7,319,10.8,
2026-08-04T15:15,29.6,43,31.8,0.0,0.0,,7.9,321,10.8,
2026-08-04T15:30,29.7,42,31.6,0.0,0.0,,8.0,324,11.2,
2026-08-04T15:45,29.7,42,31.5,0.0,0.0,,8.1,328,11.5,
2026-08-04T16:00,29.8,42,31.5,0.0,0.0,,8.3,326,11.9,
2026-08-04T16:15,29.9,42,31.6,0.0,0.0,,8.4,320,12.2,
2026-08-04T16:30,30.0,42,31.6,0.0,0.0,,8.7,312,12.2,
2026-08-04T16:45,30.0,43,31.6,0.0,0.0,,9.4,302,12.6,
2026-08-04T17:00,30.1,43,31.3,0.0,0.0,,9.8,298,13.3,
2026-08-04T17:15,30.1,43,31.0,0.0,0.0,,10.1,297,14.0,
2026-08-04T17:30,30.1,43,30.7,0.0,0.0,,10.3,299,15.5,
2026-08-04T17:45,30.0,43,30.6,0.0,0.0,,10.5,301,16.6,
2026-08-04T18:00,29.9,43,30.3,0.0,0.0,,11.0,302,18.0,
2026-08-04T18:15,29.7,44,30.0,0.0,0.0,,11.8,301,19.8,
2026-08-04T18:30,29.4,46,29.8,0.0,0.0,,12.4,300,21.6,
2026-08-04T18:45,29.1,48,29.5,0.0,0.0,,13.5,299,23.4,
2026-08-04T19:00,28.7,50,29.3,0.0,0.0,,14.0,299,25.2,
2026-08-04T19:15,28.3,52,28.9,0.0,0.0,,14.4,302,26.6,
2026-08-04T19:30,27.9,55,28.7,0.0,0.0,,14.5,305,28.1,
2026-08-04T19:45,27.4,57,28.3,0.0,0.0,,14.3,309,29.2,
2026-08-04T20:00,27.0,59,27.9,0.0,0.0,,14.5,312,29.9,
2026-08-04T20:15,26.6,61,27.6,0.0,0.0,,14.5,314,30.2,
2026-08-04T20:30,26.3,63,27.4,0.0,0.0,,14.3,315,29.9,
2026-08-04T20:45,25.9,64,27.0,0.0,0.0,,14.0,316,29.5,
2026-08-04T21:00,25.6,66,26.8,0.0,0.0,,13.5,316,29.2,
2026-08-04T21:15,25.2,68,26.6,0.0,0.0,,13.0,316,28.4,
2026-08-04T21:30,24.8,69,26.3,0.0,0.0,,12.0,316,28.1,
2026-08-04T21:45,24.5,71,26.2,0.0,0.0,,10.9,316,27.0,
2026-08-04T22:00,24.2,72,26.0,0.0,0.0,,10.2,315,25.9,
2026-08-04T22:15,23.9,73,25.8,0.0,0.0,,9.4,313,24.5,
2026-08-04T22:30,23.7,73,25.6,0.0,0.0,,8.9,310,22.7,
2026-08-04T22:45,23.5,73,25.4,0.0,0.0,,8.5,306,20.9,
2026-08-04T23:00,23.3,74,25.2,0.0,0.0,,8.0,306,19.4,
2026-08-04T23:15,23.1,75,25.1,0.0,0.0,,7.5,305,18.4,
2026-08-04T23:30,22.8,76,24.9,0.0,0.0,,6.7,306,17.3,
2026-08-04T23:45,22.6,77,24.7,0.0,0.0,,6.4,308,16.6,
2026-08-05T00:00,22.4,78,24.6,0.0,0.0,,5.9,308,15.8,
2026-08-05T00:15,22.2,79,24.4,0.0,0.0,,5.9,308,15.1,
2026-08-05T00:30,22.0,81,24.3,0.0,0.0,,6.0,303,14.0,
2026-08-05T00:45,21.9,82,24.1,0.0,0.0,,6.6,299,13.3,
2026-08-05T01:00,21.7,83,24.0,0.0,0.0,,6.6,299,13.0,
2026-08-05T01:15,21.6,84,23.9,0.0,0.0,,6.6,299,13.0,
2026-08-05T01:30,21.5,85,23.8,0.0,0.0,,6.3,301,13.0,
2026-08-05T01:45,21.4,86,23.9,0.0,0.0,,5.7,305,13.0,
2026-08-05T02:00,21.3,87,23.9,0.0,0.0,,5.4,307,13.0,
2026-08-05T02:15,21.2,88,23.8,0.0,0.0,,5.1,309,12.6,
2026-08-05T02:30,21.1,88,23.9,0.0,0.0,,4.3,312,11.9,
2026-08-05T02:45,21.1,89,24.0,0.0,0.0,,3.6,315,10.8,
2026-08-05T03:00,21.0,89,24.0,0.0,0.0,,3.1,315,10.1,
2026-08-05T03:15,21.0,89,24.0,0.0,0.0,,2.5,315,9.0,
2026-08-05T03:30,20.9,89,24.0,0.0,0.0,,2.1,301,7.9,
2026-08-05T03:45,20.9,88,23.9,0.0,0.0,,1.6,297,6.8,
2026-08-05T04:00,20.9,88,23.9,0.0,0.0,,1.4,270,6.1,
2026-08-05T04:15,20.9,88,23.9,0.0,0.0,,1.6,243,5.4,
2026-08-05T04:30,20.9,88,23.8,0.0,0.0,,2.0,225,4.7,
2026-08-05T04:45,20.9,89,23.9,0.0,0.0,,2.4,207,4.3,
2026-08-05T05:00,20.9,89,23.8,0.0,0.0,,2.7,203,4.3,
2026-08-05T05:15,20.8,89,23.7,0.0,0.0,,3.1,201,4.7,
2026-08-05T05:30,20.8,89,23.7,0.0,0.0,,3.0,194,5.4,
2026-08-05T05:45,20.8,89,23.6,0.0,0.0,,3.3,186,5.8,
2026-08-05T06:00,20.7,89,23.5,0.0,0.0,,3.3,186,6.5,
2026-08-05T06:15,20.7,89,23.5,0.0,0.0,,3.6,186,6.8,
2026-08-05T06:30,20.7,89,23.5,0.0,0.0,,3.6,186,7.2,
2026-08-05T06:45,20.7,89,23.4,0.0,0.0,,4.0,185,7.2,
2026-08-05T07:00,20.8,89,23.5,0.0,0.0,,4.0,190,7.6,
2026-08-05T07:15,20.8,88,23.5,0.0,0.0,,4.1,195,7.6,
2026-08-05T07:30,20.9,88,23.6,0.0,0.0,,3.9,202,7.9,
2026-08-05T07:45,21.0,87,23.6,0.0,0.0,,3.9,214,7.9,
2026-08-05T08:00,21.1,86,23.8,0.0,0.0,,3.8,221,7.9,
2026-08-05T08:15,21.3,85,24.0,0.0,0.0,,3.6,233,7.9,
2026-08-05T08:30,21.6,84,24.3,0.0,0.0,,3.7,241,7.9,
2026-08-05T08:45,21.9,83,24.7,0.0,0.0,,3.4,252,7.9,
2026-08-05T09:00,22.1,82,24.9,0.0,0.0,,3.6,270,8.3,
2026-08-05T09:15,22.4,80,25.1,0.0,0.0,,3.8,287,9.4,
2026-08-05T09:30,22.6,78,25.1,0.0,0.0,,4.7,302,11.2,
2026-08-05T09:45,22.9,76,25.1,0.0,0.0,,5.6,315,12.6,
2026-08-05T10:00,23.1,74,25.2,0.0,0.0,,6.4,322,14.0,
2026-08-05T10:15,23.4,73,25.4,0.0,0.0,,6.7,324,14.8,
2026-08-05T10:30,23.6,71,25.6,0.0,0.0,,6.7,324,15.1,
2026-08-05T10:45,23.9,70,25.8,0.0,0.0,,6.7,324,15.5,
2026-08-05T11:00,24.1,69,26.1,0.0,0.0,,6.7,324,15.8,
2026-08-05T11:15,24.4,68,26.3,0.0,0.0,,6.9,321,16.2,
2026-08-05T11:30,24.6,66,26.4,0.0,0.0,,6.9,317,16.2,
2026-08-05T11:45,24.8,64,26.4,0.0,0.0,,7.1,315,16.6,
2026-08-05T12:00,25.0,63,26.5,0.0,0.0,,7.4,313,16.9,
2026-08-05T12:15,25.1,62,26.6,0.0,0.0,,7.9,313,17.6,
2026-08-05T12:30,25.3,61,26.7,0.0,0.0,,8.4,313,18.4,
2026-08-05T12:45,25.5,60,26.7,0.0,0.0,,8.7,315,19.1,
2026-08-05T13:00,25.6,59,26.8,0.0,0.0,,8.9,313,19.8,
2026-08-05T13:15,25.8,57,26.8,0.0,0.0,,8.9,313,19.8,
2026-08-05T13:30,26.0,55,26.8,0.0,0.0,,8.7,312,19.8,
2026-08-05T13:45,26.1,53,26.9,0.0,0.0,,8.2,308,19.8,
2026-08-05T14:00,26.4,51,27.0,0.0,0.0,,8.0,306,19.8,
2026-08-05T14:15,26.7,50,27.5,0.0,0.0,,7.9,300,20.2,
2026-08-05T14:30,27.1,48,27.8,0.0,0.0,,8.2,293,20.5,
2026-08-05T14:45,27.5,48,28.3,0.0,0.0,,8.7,287,20.5,
2026-08-05T15:00,27.7,47,28.4,0.0,0.0,,9.3,286,20.9,
2026-08-05T15:15,27.8,47,28.4,0.0,0.0,,9.9,289,20.9,
2026-08-05T15:30,27.8,47,28.2,0.0,0.0,,10.6,294,20.9,
2026-08-05T15:45,27.8,48,28.2,0.0,0.0,,11.4,298,20.9,
2026-08-05T16:00,27.8,48,28.0,0.0,0.0,,12.0,303,20.9,
2026-08-05T16:15,27.8,49,28.0,0.0,0.0,,12.4,306,21.2,
2026-08-05T16:30,27.7,49,28.0,0.0,0.0,,12.3,308,22.0,
2026-08-05T16:45,27.7,50,28.0,0.0,0.0,,12.8,310,22.7,
2026-08-05T17:00,27.6,50,27.9,0.0,0.0,,12.7,313,23.4,
2026-08-05T17:15,27.6,50,27.8,0.0,0.0,,13.0,314,23.8,
2026-08-05T17:30,27.6,50,27.8,0.0,0.0,,13.2,317,24.1,
2026-08-05T17:45,27.5,49,27.5,0.0,0.0,,13.5,318,24.5,
2026-08-05T18:00,27.4,49,27.4,0.0,0.0,,13.8,319,25.2,
2026-08-05T18:15,27.3,48,27.0,0.0,0.0,,14.3,319,26.3,
2026-08-05T18:30,27.2,47,26.7,0.0,0.0,,14.5,318,27.4,
2026-08-05T18:45,27.1,47,26.5,0.0,0.0,,14.8,317,28.4,
2026-08-05T19:00,26.9,46,26.1,0.0,0.0,,14.8,317,29.2,
2026-08-05T19:15,26.6,46,25.7,0.0,0.0,,15.0,318,29.5,
2026-08-05T19:30,26.2,46,25.1,0.0,0.0,,15.0,318,29.9,
2026-08-05T19:45,25.8,46,24.6,0.0,0.0,,15.1,320,29.9,
2026-08-05T20:00,25.4,47,24.2,0.0,0.0,,14.8,321,29.9,
2026-08-05T20:15,25.0,48,23.9,0.0,0.0,,14.4,323,29.9,
2026-08-05T20:30,24.7,48,23.7,0.0,0.0,,13.5,326,29.9,
2026-08-05T20:45,24.4,50,23.6,0.0,0.0,,12.6,329,29.9,
2026-08-05T21:00,24.1,51,23.4,0.0,0.0,,11.9,331,29.2,
2026-08-05T21:15,24.0,55,23.8,0.0,0.0,2,10.9,326,27.0,1019.0
2026-08-05T21:30,23.5,56,23.3,0.0,0.0,2,10.1,333,26.3,1019.4
2026-08-05T21:45,23.2,59,23.3,0.0,0.0,2,9.5,331,24.5,1019.5
2026-08-05T22:00,22.9,61,23.2,0.0,0.0,2,9.0,331,23.0,1019.6
2026-08-05T22:15,22.6,63,23.1,0.0,0.0,2,8.5,332,21.6,1019.7
2026-08-05T22:30,22.3,65,22.9,0.0,0.0,2,8.5,332,19.8,1019.7
2026-08-05T22:45,22.0,67,22.7,0.0,0.0,2,8.5,332,18.4,1019.8
2026-08-05T23:00,21.8,68,22.4,0.0,0.0,2,8.5,332,17.6,1019.9
2026-08-05T23:15,21.9,68,22.5,0.0,0.0,,9.3,332,17.6,
2026-08-05T23:30,21.7,69,22.2,0.0,0.0,,9.7,333,18.4,
2026-08-05T23:45,21.4,70,21.9,0.0,0.0,,9.8,336,19.1,
2026-08-06T00:00,21.2,71,21.7,0.0,0.0,,9.8,336,19.4,
2026-08-06T00:15,21.0,72,21.5,0.0,0.0,,9.8,336,19.4,
2026-08-06T00:30,20.8,73,21.3,0.0,0.0,,9.5,335,19.8,
2026-08-06T00:45,20.6,74,21.1,0.0,0.0,,9.5,335,19.4,
2026-08-06T01:00,20.4,75,21.1,0.0,0.0,,9.2,334,19.4,
2026-08-06T01:15,20.3,76,21.0,0.0,0.0,,9.0,337,19.1,
2026-08-06T01:30,20.3,77,21.1,0.0,0.0,,8.6,338,18.7,
2026-08-06T01:45,20.2,77,21.1,0.0,0.0,,8.3,342,18.4,
2026-08-06T02:00,20.2,78,21.1,0.0,0.0,,8.2,345,18.0,
2026-08-06T02:15,20.1,79,21.1,0.0,0.0,,8.1,347,17.6,
2026-08-06T02:30,20.0,80,21.1,0.0,0.0,,8.0,350,16.9,
2026-08-06T02:45,19.9,81,21.0,0.0,0.0,,8.0,350,16.6,
2026-08-06T03:00,19.9,81,21.0,0.0,0.0,,8.0,352,16.2,
2026-08-06T03:15,19.8,81,20.9,0.0,0.0,,8.0,355,16.2,
2026-08-06T03:30,19.8,81,20.8,0.0,0.0,,8.0,355,16.2,
2026-08-06T03:45,19.7,81,20.7,0.0,0.0,,8.3,355,16.2,
2026-08-06T04:00,19.7,80,20.6,0.0,0.0,,8.3,358,16.6,
2026-08-06T04:15,19.7,78,20.4,0.0,0.0,,8.6,360,16.9,
2026-08-06T04:30,19.7,76,20.2,0.0,0.0,,9.0,2,17.3,
2026-08-06T04:45,19.8,74,20.1,0.0,0.0,,9.4,2,17.3,
2026-08-06T05:00,19.8,72,19.9,0.0,0.0,,9.4,4,17.6,
2026-08-06T05:15,19.7,72,19.8,0.0,0.0,,9.4,4,18.0,
2026-08-06T05:30,19.6,72,19.7,0.0,0.0,,9.0,5,18.0,
2026-08-06T05:45,19.5,72,19.6,0.0,0.0,,8.7,5,18.0,
2026-08-06T06:00,19.3,73,19.5,0.0,0.0,,8.3,5,18.0,
2026-08-06T06:15,19.2,74,19.4,0.0,0.0,,8.3,5,17.6,
2026-08-06T06:30,19.1,75,19.3,0.0,0.0,,8.3,2,17.3,
2026-08-06T06:45,18.9,75,19.1,0.0,0.0,,8.3,2,16.9,
2026-08-06T07:00,18.9,76,19.2,0.0,0.0,,8.3,2,16.6,
2026-08-06T07:15,18.8,76,19.1,0.0,0.0,,8.3,2,16.6,
2026-08-06T07:30,18.9,77,19.2,0.0,0.0,,8.3,2,16.6,
2026-08-06T07:45,18.9,76,19.1,0.0,0.0,,8.7,5,16.6,
2026-08-06T08:00,19.0,76,19.2,0.0,0.0,,8.7,5,16.9,
2026-08-06T08:15,19.1,75,19.4,0.0,0.0,,8.7,5,17.3,
2026-08-06T08:30,19.3,74,19.4,0.0,0.0,,9.0,5,18.0,
2026-08-06T08:45,19.5,72,19.5,0.0,0.0,,9.4,4,18.7,
2026-08-06T09:00,19.7,70,19.7,0.0,0.0,,9.4,4,19.4,
2026-08-06T09:15,20.0,68,19.9,0.0,0.0,,9.4,4,19.8,
2026-08-06T09:30,20.3,66,20.0,0.0,0.0,,9.7,4,20.2,
2026-08-06T09:45,20.6,63,20.3,0.0,0.0,,9.7,2,20.5,
2026-08-06T10:00,20.9,61,20.5,0.0,0.0,2,9.7,2,20.9,1020.8
2026-08-06T10:15,21.3,59,20.8,0.0,0.0,2,9.7,2,20.9,1020.8
2026-08-06T10:30,21.6,56,21.0,0.0,0.0,,9.7,360,21.2,
2026-08-06T10:45,22.0,53,21.2,0.0,0.0,,9.4,360,21.2,
2026-08-06T11:00,22.3,51,21.5,0.0,0.0,,9.4,358,21.2,
2026-08-06T11:15,22.7,49,21.8,0.0,0.0,2,9.4,356,21.2,1021.1
2026-08-06T11:30,23.1,47,22.2,0.0,0.0,2,9.4,356,21.6,1021.0
2026-08-06T11:45,23.5,45,22.7,0.0,0.0,2,9.8,354,21.6,1021.0
2026-08-06T12:00,24.4,40,23.9,0.0,0.0,,10.6,350,23.0,
2026-08-06T12:15,24.8,39,24.4,0.0,0.0,,10.7,348,23.4,
2026-08-06T12:30,25.1,39,24.9,0.0,0.0,,10.7,346,23.4,
2026-08-06T12:45,25.4,38,25.3,0.0,0.0,,10.7,346,23.8,
2026-08-06T13:00,25.7,38,25.7,0.0,0.0,,10.8,345,23.8,
2026-08-06T13:15,25.9,37,25.9,0.0,0.0,,10.8,345,24.1,
2026-08-06T13:30,26.2,37,26.3,0.0,0.0,2,10.9,343,24.1,1020.4
2026-08-06T13:45,26.4,36,26.5,0.0,0.0,,10.9,343,24.1,
2026-08-06T14:00,26.7,35,26.8,0.0,0.0,,10.9,343,24.5,
2026-08-06T14:15,26.9,34,27.0,0.0,0.0,1,10.9,343,24.5,1020.2
2026-08-06T14:30,27.2,34,27.4,0.0,0.0,1,11.2,345,24.8,1020.2
2026-08-06T14:45,27.5,33,27.6,0.0,0.0,1,11.2,345,24.8,1020.1
2026-08-06T15:00,27.7,33,27.8,0.0,0.0,1,11.4,347,25.2,1020.0
2026-08-06T15:15,27.9,33,28.0,0.0,0.0,0,11.7,349,25.6,1019.9
2026-08-06T15:30,28.4,35,28.8,0.0,0.0,1,11.5,346,25.2,1019.7
2026-08-06T15:45,28.6,34,28.8,0.0,0.0,1,11.8,348,25.9,1019.6
2026-08-06T16:00,28.7,34,28.8,0.0,0.0,1,12.1,348,26.3,1019.4
2026-08-06T16:15,28.8,34,28.7,0.0,0.0,1,12.4,350,25.9,1019.3
2026-08-06T16:30,28.9,33,28.4,0.0,0.0,1,12.7,352,24.8,1019.1
2026-08-06T16:45,28.9,33,28.3,0.0,0.0,1,12.7,352,23.8,1019.0
2026-08-06T17:00,28.7,34,28.3,0.0,0.0,,11.2,345,23.0,
2026-08-06T17:15,28.7,34,28.1,0.0,0.0,,11.1,347,22.0,
2026-08-06T17:30,28.6,34,27.7,0.0,0.0,,11.4,347,20.5,
2026-08-06T17:45,28.7,32,27.1,0.0,0.0,0,13.4,355,21.2,1018.6
2026-08-06T18:00,28.5,34,27.0,0.0,0.0,,12.0,351,18.7,
2026-08-06T18:15,28.4,33,26.8,0.0,0.0,0,12.0,351,18.4,1018.7
2026-08-06T18:30,28.3,32,26.5,0.0,0.0,,12.0,353,18.7,
2026-08-06T18:45,28.2,32,26.5,0.0,0.0,,11.6,353,18.7,
2026-08-06T19:00,28.1,31,26.2,0.0,0.0,,11.6,353,19.1,
2026-08-06T19:15,28.0,31,26.2,0.0,0.0,,11.3,351,19.1,
2026-08-06T19:30,27.9,31,26.0,0.0,0.0,,11.4,349,19.4,
2026-08-06T19:45,27.8,31,26.0,0.0,0.0,,11.1,347,19.4,
2026-08-06T20:00,27.6,32,25.8,0.0,0.0,,11.2,345,20.2,
2026-08-06T20:15,27.3,34,25.6,0.0,0.0,,11.6,344,21.2,
2026-08-06T20:30,26.8,37,25.3,0.0,0.0,,12.1,343,22.7,
2026-08-06T20:45,26.3,40,24.9,0.0,0.0,,12.5,342,24.1,
2026-08-06T21:00,25.7,43,24.5,0.0,0.0,,12.6,340,25.2,
2026-08-06T21:15,25.2,45,24.1,0.0,0.0,,12.4,338,25.6,
2026-08-06T21:30,24.6,48,23.8,0.0,0.0,,11.9,335,25.6,
2026-08-06T21:45,24.0,50,23.3,0.0,0.0,,11.3,333,25.2,
2026-08-06T22:00,23.5,52,22.9,0.0,0.0,,10.8,330,24.8,
2026-08-06T22:15,23.1,54,22.5,0.0,0.0,,10.7,327,24.1,
2026-08-06T22:30,22.7,55,22.2,0.0,0.0,,10.4,326,23.4,
2026-08-06T22:45,22.3,57,21.9,0.0,0.0,,10.1,325,22.3,
2026-08-06T23:00,21.9,58,21.5,0.0,0.0,,9.8,324,21.6,
2026-08-06T23:15,21.6,59,21.3,0.0,0.0,,9.3,324,20.9,
2026-08-06T23:30,21.4,60,21.1,0.0,0.0,,8.8,325,20.5,
2026-08-06T23:45,21.1,61,21.0,0.0,0.0,,8.3,326,19.8,
2026-08-07T00:00,20.9,62,20.9,0.0,0.0,,7.8,326,19.1,
2026-08-07T00:15,20.7,63,20.7,0.0,0.0,,7.6,329,18.0,
2026-08-07T00:30,20.6,64,20.6,0.0,0.0,,7.2,333,16.9,
2026-08-07T00:45,20.4,64,20.5,0.0,0.0,,7.1,336,15.8,
2026-08-07T01:00,20.3,65,20.5,0.0,0.0,,6.6,338,15.1,
2026-08-07T01:15,20.2,66,20.5,0.0,0.0,,6.2,339,14.4,
2026-08-07T01:30,20.1,67,20.5,0.0,0.0,,5.5,337,14.0,
2026-08-07T01:45,20.1,68,20.6,0.0,0.0,,4.8,333,13.7,
2026-08-07T02:00,20.0,69,20.7,0.0,0.0,,4.2,329,13.0,
2026-08-07T02:15,19.9,70,20.7,0.0,0.0,,3.6,323,11.9,
2026-08-07T02:30,19.8,71,20.7,0.0,0.0,,3.3,319,10.4,
2026-08-07T02:45,19.7,71,20.6,0.0,0.0,,3.1,315,9.0,
2026-08-07T03:00,19.6,72,20.7,0.0,0.0,,2.8,310,7.9,
2026-08-07T03:15,19.6,72,20.6,0.0,0.0,,2.8,310,7.2,
2026-08-07T03:30,19.6,72,20.7,0.0,0.0,,2.8,320,6.5,
2026-08-07T03:45,19.6,72,20.6,0.0,0.0,,2.6,326,6.1,
2026-08-07T04:00,19.5,73,20.6,0.0,0.0,,2.6,326,5.8,
2026-08-07T04:15,19.2,74,20.3,0.0,0.0,,2.5,315,5.8,
2026-08-07T04:30,18.9,76,20.0,0.0,0.0,,2.4,297,5.8,
2026-08-07T04:45,18.5,78,19.7,0.0,0.0,,2.5,270,5.8,
2026-08-07T05:00,18.2,80,19.3,0.0,0.0,,2.9,263,5.8,
2026-08-07T05:15,18.0,81,19.1,0.0,0.0,,2.9,263,5.8,
2026-08-07T05:30,17.8,81,18.9,0.0,0.0,,2.9,263,6.1,
2026-08-07T05:45,17.7,82,18.8,0.0,0.0,,2.5,262,6.1,
2026-08-07T06:00,17.5,82,18.6,0.0,0.0,,2.5,270,6.1,
2026-08-07T06:15,17.4,82,18.5,0.0,0.0,,2.5,278,6.1,
2026-08-07T06:30,17.3,82,18.2,0.0,0.0,,2.6,286,5.8,
2026-08-07T06:45,17.2,82,18.2,0.0,0.0,,2.7,293,5.8,
2026-08-07T07:00,17.2,82,18.2,0.0,0.0,,2.6,304,5.4,
2026-08-07T07:15,17.3,80,18.2,0.0,0.0,,2.5,315,5.0,
2026-08-07T07:30,17.5,78,18.3,0.0,0.0,,2.4,333,5.0,
2026-08-07T07:45,17.7,76,18.4,0.0,0.0,,2.6,344,5.0,
2026-08-07T08:00,18.0,73,18.6,0.0,0.0,,2.9,360,5.0,
2026-08-07T08:15,18.4,70,18.9,0.0,0.0,,2.9,7,5.4,
2026-08-07T08:30,18.8,72,19.6,0.0,0.0,0,2.2,9,5.4,1018.8
2026-08-07T08:45,19.4,68,20.1,0.0,0.0,0,2.3,18,5.8,1018.9
2026-08-07T09:00,19.9,60,19.9,0.0,0.0,,3.4,32,7.6,
2026-08-07T09:15,20.4,57,20.3,0.0,0.0,,3.6,37,7.9,
2026-08-07T09:30,20.9,55,20.8,0.0,0.0,,3.8,49,8.6,
2026-08-07T09:45,21.4,53,21.3,0.0,0.0,,3.9,56,9.0,
2026-08-07T10:00,22.0,51,21.8,0.0,0.0,0,3.9,56,9.4,1018.9
2026-08-07T10:15,22.5,49,22.3,0.0,0.0,,3.9,56,9.7,
2026-08-07T10:30,23.2,48,23.1,0.0,0.0,,3.8,49,9.7,
2026-08-07T10:45,23.9,47,24.1,0.0,0.0,,3.8,41,10.1,
2026-08-07T11:00,24.5,46,25.1,0.0,0.0,,3.9,34,10.4,
2026-08-07T11:15,24.8,44,25.4,0.0,0.0,0,4.0,27,10.8,1018.5
2026-08-07T11:30,25.7,43,26.7,0.0,0.0,,4.3,24,11.5,
2026-08-07T11:45,26.3,41,27.4,0.0,0.0,,4.9,17,11.9,
2026-08-07T12:00,26.9,40,28.1,0.0,0.0,,5.2,16,12.6,
2026-08-07T12:15,27.1,39,28.4,0.0,0.0,0,5.2,16,13.0,1018.4
2026-08-07T12:30,27.9,37,29.2,0.0,0.0,,6.0,17,14.4,
2026-08-07T12:45,28.4,36,29.7,0.0,0.0,,6.5,19,15.5,
2026-08-07T13:00,28.8,35,30.2,0.0,0.0,,7.0,21,16.2,
2026-08-07T13:15,29.2,34,30.6,0.0,0.0,0,7.1,24,16.9,1017.5
2026-08-07T13:30,29.5,32,30.8,0.0,0.0,,7.2,27,17.3,
2026-08-07T13:45,29.8,31,31.0,0.0,0.0,,7.4,29,17.6,
2026-08-07T14:00,30.1,31,31.3,0.0,0.0,0,7.9,30,17.6,1017.0
2026-08-07T14:15,30.3,29,31.4,0.0,0.0,,7.4,29,17.6,
2026-08-07T14:30,30.6,29,31.7,0.0,0.0,,7.7,28,17.6,
2026-08-07T14:45,30.8,29,32.0,0.0,0.0,,7.6,25,17.3,
2026-08-07T15:00,31.1,28,32.1,0.0,0.0,,7.6,25,16.9,
2026-08-07T15:15,31.3,27,32.2,0.0,0.0,,7.6,25,16.2,
2026-08-07T15:30,31.5,26,32.2,0.0,0.0,0,7.6,25,15.1,1015.7
2026-08-07T15:45,31.7,26,32.3,0.0,0.0,,7.4,23,14.4,
2026-08-07T16:00,31.9,25,32.3,0.0,0.0,0,7.4,23,13.3,1015.4
2026-08-07T16:15,32.1,25,32.3,0.0,0.0,0,7.4,23,12.6,1015.2
2026-08-07T16:30,32.2,25,32.3,0.0,0.0,0,7.3,20,11.5,1015.0
2026-08-07T16:45,32.3,25,32.2,0.0,0.0,0,7.5,17,10.8,1014.8
2026-08-07T17:00,32.1,25,31.9,0.0,0.0,,7.0,21,10.4,
2026-08-07T17:15,32.2,25,31.8,0.0,0.0,,7.0,21,10.4,
2026-08-07T17:30,32.2,25,31.5,0.0,0.0,,7.3,20,10.4,
2026-08-07T17:45,32.4,25,31.4,0.0,0.0,0,8.3,18,11.9,1014.5
2026-08-07T18:00,32.2,25,31.0,0.0,0.0,,7.6,19,11.2,
2026-08-07T18:15,32.2,25,31.0,0.0,0.0,,8.0,18,11.5,
2026-08-07T18:30,32.2,25,30.9,0.0,0.0,,8.0,18,12.2,
2026-08-07T18:45,32.1,25,30.8,0.0,0.0,0,8.3,18,12.6,1014.2
2026-08-07T19:00,32.1,25,30.7,0.0,0.0,,8.3,18,13.3,
2026-08-07T19:15,32.1,25,30.7,0.0,0.0,,8.7,17,14.0,
2026-08-07T19:30,32.0,25,30.6,0.0,0.0,,8.6,15,14.4,
2026-08-07T19:45,31.8,25,30.4,0.0,0.0,0,8.4,20,15.1,1014.0
2026-08-07T20:00,31.9,25,30.4,0.0,0.0,,8.8,12,15.5,
2026-08-07T20:15,31.7,25,30.2,0.0,0.0,,8.4,10,16.2,
2026-08-07T20:30,31.4,26,30.1,0.0,0.0,,8.0,8,16.9,
2026-08-07T20:45,30.9,26,29.7,0.0,0.0,0,6.6,9,16.6,1014.0
2026-08-07T21:00,30.7,27,29.5,0.0,0.0,,6.8,360,17.6,
2026-08-07T21:15,30.2,28,29.1,0.0,0.0,,6.5,354,16.9,
2026-08-07T21:30,29.6,30,28.7,0.0,0.0,,6.6,347,15.8,
2026-08-07T21:45,29.0,32,28.1,0.0,0.0,0,7.0,339,14.4,1014.4
2026-08-07T22:00,28.3,34,27.6,0.0,0.0,,7.1,336,13.7,
2026-08-07T22:15,27.7,37,27.1,0.0,0.0,,7.6,335,13.7,
2026-08-07T22:30,26.9,41,26.6,0.0,0.0,0,7.9,336,14.4,1014.7
2026-08-07T22:45,26.5,43,26.2,0.0,0.0,,8.1,339,15.5,
2026-08-07T23:00,26.0,46,25.9,0.0,0.0,,8.0,342,15.8,
2026-08-07T23:15,25.2,49,25.2,0.0,0.0,0,7.8,347,16.2,1014.9
2026-08-07T23:30,25.2,50,25.4,0.0,0.0,,7.3,349,15.8,
2026-08-07T23:45,24.9,51,25.1,0.0,0.0,,7.2,354,15.8,
2026-08-08T00:00,24.3,53,24.5,0.0,0.0,0,7.2,3,15.8,1014.9
2026-08-08T00:15,24.4,52,24.7,0.0,0.0,,6.8,3,15.1,
2026-08-08T00:30,24.3,52,24.6,0.0,0.0,,6.5,6,14.4,
2026-08-08T00:45,24.2,51,24.4,0.0,0.0,0,6.6,9,13.7,1014.4
2026-08-08T01:00,24.1,50,24.2,0.0,0.0,,6.3,13,13.0,
2026-08-08T01:15,24.0,49,24.0,0.0,0.0,,5.9,14,12.6,
2026-08-08T01:30,23.9,48,23.8,0.0,0.0,3,5.6,15,12.6,1014.1
2026-08-08T01:45,23.8,47,23.6,0.0,0.0,,5.0,21,12.2,
2026-08-08T02:00,23.7,46,23.4,0.0,0.0,3,4.6,18,11.9,1014.1
2026-08-08T02:15,23.5,46,23.3,0.0,0.0,,4.3,24,11.2,
2026-08-08T02:30,23.4,46,23.1,0.0,0.0,,4.3,24,10.4,
2026-08-08T02:45,23.2,47,23.0,0.0,0.0,,4.0,27,9.7,
2026-08-08T03:00,23.1,47,22.8,0.0,0.0,,4.0,27,9.0,
2026-08-08T03:15,22.9,47,22.6,0.0,0.0,,4.0,27,8.6,
2026-08-08T03:30,22.8,47,22.4,0.0,0.0,,4.2,31,8.3,
2026-08-08T03:45,22.6,48,22.4,0.0,0.0,,3.9,34,8.3,
2026-08-08T04:00,22.5,48,22.2,0.0,0.0,,3.9,34,7.9,
2026-08-08T04:15,22.3,48,22.0,0.0,0.0,3,3.9,34,7.9,1013.8
2026-08-08T04:30,22.1,50,22.0,0.0,0.0,,3.6,37,7.6,
2026-08-08T04:45,21.9,51,21.8,0.0,0.0,,3.6,37,7.6,
2026-08-08T05:00,21.8,52,21.7,0.0,0.0,,3.3,41,7.2,
2026-08-08T05:15,21.6,53,21.7,0.0,0.0,,3.1,45,6.8,
2026-08-08T05:30,21.5,54,21.6,0.0,0.0,,3.1,45,6.8,
2026-08-08T05:45,21.7,52,21.7,0.0,0.0,0,2.6,56,5.8,1013.5
2026-08-08T06:00,21.3,55,21.5,0.0,0.0,,2.6,56,6.1,
2026-08-08T06:15,21.2,56,21.4,0.0,0.0,,2.4,63,5.8,
2026-08-08T06:30,21.1,56,21.4,0.0,0.0,,2.2,81,5.4,
2026-08-08T06:45,21.0,57,21.4,0.0,0.0,0,1.8,101,5.0,1013.7
2026-08-08T07:00,21.0,57,21.3,0.0,0.0,,1.9,112,4.7,
2026-08-08T07:15,20.8,58,21.2,0.0,0.0,,2.1,121,4.3,
2026-08-08T07:30,20.8,59,21.2,0.0,0.0,0,2.1,121,4.3,1013.8
2026-08-08T07:45,20.6,61,21.1,0.0,0.0,,2.3,129,4.3,
2026-08-08T08:00,20.7,61,21.2,0.0,0.0,,2.3,129,4.3,
2026-08-08T08:15,21.2,58,21.6,0.0,0.0,0,2.3,129,4.3,1013.8
2026-08-08T08:30,21.4,59,22.0,0.0,0.0,,2.5,135,5.0,
2026-08-08T08:45,22.0,57,22.6,0.0,0.0,,2.6,146,5.4,
2026-08-08T09:00,22.6,55,23.1,0.0,0.0,,2.9,150,6.1,
2026-08-08T09:15,23.2,53,23.7,0.0,0.0,0,3.2,153,7.2,1013.9
2026-08-08T09:30,23.8,51,24.3,0.0,0.0,,3.5,156,8.3,
2026-08-08T09:45,24.5,49,24.9,0.0,0.0,,3.9,158,9.4,
2026-08-08T10:00,25.2,47,25.5,0.0,0.0,0,4.2,160,10.4,1014.0
2026-08-08T10:15,25.9,45,26.2,0.0,0.0,,4.6,162,11.2,
2026-08-08T10:30,26.7,43,27.0,0.0,0.0,,5.0,159,11.5,
2026-08-08T10:45,27.3,42,27.7,0.0,0.0,0,5.0,159,11.9,1014.1
2026-08-08T11:00,28.2,40,28.9,0.0,0.0,,5.5,157,12.2,
2026-08-08T11:15,28.9,39,29.9,0.0,0.0,,5.4,160,12.6,
2026-08-08T11:30,29.6,38,30.9,0.0,0.0,,5.2,164,12.6,
2026-08-08T11:45,30.0,37,31.5,0.0,0.0,0,4.8,167,12.2,1014.2
2026-08-08T12:00,30.8,36,32.6,0.0,0.0,,5.2,168,13.0,
2026-08-08T12:15,31.5,35,33.5,0.0,0.0,0,5.2,168,13.3,1014.1
2026-08-08T12:30,32.1,33,34.1,0.0,0.0,,5.2,164,13.3,
2026-08-08T12:45,32.7,32,34.7,0.0,0.0,,5.7,162,13.7,
2026-08-08T13:00,33.2,31,35.4,0.0,0.0,0,5.8,158,14.0,1013.5
2026-08-08T13:15,33.7,30,35.9,0.0,0.0,,5.8,158,14.4,
2026-08-08T13:30,34.1,30,36.4,0.0,0.0,0,6.3,156,14.8,1013.2
2026-08-08T13:45,34.4,29,36.7,0.0,0.0,,5.9,166,15.1,
2026-08-08T14:00,34.7,29,37.1,0.0,0.0,0,6.3,156,15.1,1012.9
2026-08-08T14:15,35.0,28,37.4,0.0,0.0,,5.5,169,14.8,
2026-08-08T14:30,35.2,27,37.6,0.0,0.0,,5.2,168,14.4,
2026-08-08T14:45,35.5,27,37.9,0.0,0.0,,5.2,164,14.0,
2026-08-08T15:00,35.8,28,38.3,0.0,0.0,0,6.0,147,15.1,1012.0
2026-08-08T15:15,36.0,27,38.5,0.0,0.0,,4.7,157,13.3,
2026-08-08T15:30,36.2,27,38.8,0.0,0.0,,4.5,151,13.3,
2026-08-08T15:45,36.4,27,39.0,0.0,0.0,0,4.2,149,13.0,1011.8
2026-08-08T16:00,36.6,26,38.9,0.0,0.0,,3.8,139,12.6,
2026-08-08T16:15,36.7,26,38.8,0.0,0.0,,4.3,132,11.9,
2026-08-08T16:30,37.0,25,39.0,0.0,0.0,0,3.1,126,11.5,1011.2
2026-08-08T16:45,36.9,26,38.4,0.0,0.0,,5.8,120,10.8,
2026-08-08T17:00,37.2,25,39.0,0.0,0.0,0,2.6,106,10.4,1010.8
2026-08-08T17:15,37.0,26,38.0,0.0,0.0,,6.8,115,10.8,
2026-08-08T17:30,37.0,26,37.8,0.0,0.0,,6.8,115,11.2,
2026-08-08T17:45,37.2,26,38.3,0.0,0.0,0,4.0,100,8.6,1010.3
2026-08-08T18:00,37.1,26,37.5,0.0,0.0,,6.9,118,12.6,
2026-08-08T18:15,37.1,26,37.5,0.0,0.0,0,7.1,120,13.0,1009.9
2026-08-08T18:30,37.1,26,37.5,0.0,0.0,,7.1,120,13.7,
2026-08-08T18:45,37.1,27,37.7,0.0,0.0,,7.3,123,14.0,
2026-08-08T19:00,37.1,27,37.6,0.0,0.0,0,7.3,123,14.4,1009.8
2026-08-08T19:15,37.0,27,37.6,0.0,0.0,,7.3,123,14.4,
2026-08-08T19:30,36.8,28,37.4,0.0,0.0,,7.9,120,14.4,
2026-08-08T19:45,36.8,28,37.4,0.0,0.0,2,7.9,120,14.4,1009.7
2026-08-08T20:00,36.4,28,36.8,0.0,0.0,,8.0,117,14.4,
2026-08-08T20:15,36.2,28,36.6,0.0,0.0,,7.9,114,14.8,
2026-08-08T20:30,36.4,28,36.9,0.0,0.0,3,8.0,108,15.5,1009.8
2026-08-08T20:45,35.7,28,36.0,0.0,0.0,,7.5,107,16.2,
2026-08-08T21:00,35.4,28,35.7,0.0,0.0,,7.0,102,16.6,
2026-08-08T21:15,35.3,30,36.3,0.0,0.0,3,4.3,90,15.1,1009.8
2026-08-08T21:30,34.6,29,35.2,0.0,0.0,,5.1,86,14.8,
2026-08-08T21:45,34.1,30,34.8,0.0,0.0,3,4.2,70,13.7,1010.5
2026-08-08T22:00,33.5,32,34.4,0.0,0.0,,3.6,45,13.0,
2026-08-08T22:15,32.5,35,33.6,0.0,0.0,3,4.1,15,13.3,1010.6
2026-08-08T22:30,31.8,38,33.1,0.0,0.0,,4.4,9,14.8,
2026-08-08T22:45,30.3,42,31.2,0.0,0.0,3,7.6,341,15.5,1010.9
2026-08-08T23:00,30.1,44,31.6,0.0,0.0,,5.1,352,16.2,
2026-08-08T23:15,29.5,46,31.1,0.0,0.0,,4.8,347,15.1,
2026-08-08T23:30,28.7,45,29.6,0.0,0.0,3,7.1,336,16.9,1010.9
2026-08-08T23:45,28.7,47,30.4,0.0,0.0,,3.6,323,11.5,
2026-08-09T00:00,28.4,48,30.1,0.0,0.0,,3.3,319,10.1,
2026-08-09T00:15,28.0,48,29.6,0.0,0.0,,3.3,319,9.4,
2026-08-09T00:30,27.8,48,29.2,0.0,0.0,,3.4,328,8.6,
2026-08-09T00:45,27.5,49,28.9,0.0,0.0,,3.7,331,8.3,
2026-08-09T01:00,27.2,49,28.5,0.0,0.0,,3.9,338,7.9,
2026-08-09T01:15,27.0,50,28.3,0.0,0.0,,3.9,338,7.9,
2026-08-09T01:30,26.7,51,28.0,0.0,0.0,,3.8,343,8.3,
2026-08-09T01:45,26.4,53,27.9,0.0,0.0,,3.8,343,9.0,
2026-08-09T02:00,26.2,54,27.7,0.0,0.0,,3.7,349,9.0,
2026-08-09T02:15,25.9,55,27.6,0.0,0.0,,3.3,354,8.6,
2026-08-09T02:30,25.7,56,27.3,0.0,0.0,,3.2,360,8.3,
2026-08-09T02:45,25.5,57,27.2,0.0,0.0,,2.9,360,7.6,
2026-08-09T03:00,25.2,58,27.1,0.0,0.0,,2.5,360,7.2,
2026-08-09T03:15,25.0,58,26.8,0.0,0.0,,2.6,344,7.2,
2026-08-09T03:30,24.8,58,26.4,0.0,0.0,,2.8,320,7.2,
2026-08-09T03:45,24.6,59,26.1,0.0,0.0,,3.3,311,7.2,
2026-08-09T04:00,24.3,59,25.7,0.0,0.0,,3.9,304,7.6,
2026-08-09T04:15,23.9,60,25.2,0.0,0.0,,3.9,304,7.9,
2026-08-09T04:30,23.4,62,24.8,0.0,0.0,,3.8,311,8.6,
2026-08-09T04:45,23.0,63,24.3,0.0,0.0,,3.8,319,9.0,
2026-08-09T05:00,22.6,64,23.9,0.0,0.0,,3.6,323,9.4,
2026-08-09T05:15,22.5,64,23.7,0.0,0.0,,3.6,323,9.0,
2026-08-09T05:30,22.4,64,23.6,0.0,0.0,,3.3,319,8.6,
2026-08-09T05:45,22.4,63,23.5,0.0,0.0,,3.3,319,7.9,
2026-08-09T06:00,22.3,63,23.5,0.0,0.0,,2.8,320,7.2,
2026-08-09T06:15,22.2,63,23.5,0.0,0.0,,2.4,333,6.8,
2026-08-09T06:30,22.2,63,23.4,0.0,0.0,,2.2,351,6.1,
2026-08-09T06:45,22.1,64,23.4,0.0,0.0,,2.3,18,5.8,
2026-08-09T07:00,22.1,64,23.4,0.0,0.0,,2.3,39,5.4,
2026-08-09T07:15,22.2,64,23.6,0.0,0.0,,2.3,51,5.0,
2026-08-09T07:30,22.4,64,23.9,0.0,0.0,,2.1,59,4.7,
2026-08-09T07:45,22.7,64,24.2,0.0,0.0,,2.2,81,4.7,
2026-08-09T08:00,23.0,64,24.6,0.0,0.0,,2.2,90,4.7,
2026-08-09T08:15,23.4,63,25.0,0.0,0.0,,2.6,106,5.0,
2026-08-09T08:30,23.8,62,25.4,0.0,0.0,,3.2,117,6.1,
2026-08-09T08:45,24.3,61,25.9,0.0,0.0,,3.9,124,6.8,
2026-08-09T09:00,24.9,59,26.5,0.0,0.0,,3.6,127,7.9,
2026-08-09T09:15,25.5,57,27.4,0.0,0.0,,2.0,135,8.6,
2026-08-09T09:30,26.2,56,28.4,0.0,0.0,,1.1,252,9.7,
2026-08-09T09:45,26.9,54,28.8,0.0,0.0,,3.4,288,10.4,
2026-08-09T10:00,27.5,52,29.1,0.0,0.0,,5.2,295,11.2,
2026-08-09T10:15,28.0,51,29.6,0.0,0.0,,6.0,303,11.5,
2026-08-09T10:30,28.4,49,29.9,0.0,0.0,,6.1,315,11.9,
2026-08-09T10:45,28.8,48,30.2,0.0,0.0,,6.3,329,11.9,
2026-08-09T11:00,29.2,47,30.7,0.0,0.0,,6.6,338,12.2,
2026-08-09T11:15,29.6,46,31.2,0.0,0.0,,7.0,348,12.6,
2026-08-09T11:30,30.0,44,31.6,0.0,0.0,,7.6,355,13.0,
2026-08-09T11:45,30.5,43,32.2,0.0,0.0,,7.9,3,13.3,
2026-08-09T12:00,30.9,42,32.8,0.0,0.0,,8.4,10,14.0,
2026-08-09T12:15,31.3,41,33.3,0.0,0.0,,8.9,14,15.1,
2026-08-09T12:30,31.7,40,34.0,0.0,0.0,,9.0,16,16.6,
2026-08-09T12:45,32.1,39,34.4,0.0,0.0,,9.2,21,17.6,
2026-08-09T13:00,32.5,38,34.9,0.0,0.0,,9.0,23,18.7,
2026-08-09T13:15,32.8,38,35.7,0.0,0.0,,7.9,30,19.1,
2026-08-09T13:30,33.1,38,36.4,0.0,0.0,,6.9,43,19.4,
2026-08-09T13:45,33.4,37,36.8,0.0,0.0,,6.0,57,19.1,
2026-08-09T14:00,33.8,37,37.4,0.0,0.0,,5.4,70,18.7,
2026-08-09T14:15,34.1,36,37.7,0.0,0.0,,5.2,74,17.6,
2026-08-09T14:30,34.5,35,38.1,0.0,0.0,,5.0,69,15.8,
2026-08-09T14:45,34.9,34,38.5,0.0,0.0,,4.8,63,14.0,
2026-08-09T15:00,35.3,33,38.8,0.0,0.0,,4.2,59,12.6,
2026-08-09T15:15,35.6,32,39.3,0.0,0.0,,3.1,54,11.5,
2026-08-09T15:30,35.9,30,39.4,0.0,0.0,,1.8,37,10.8,
2026-08-09T15:45,36.2,29,39.6,0.0,0.0,,1.1,342,10.4,
2026-08-09T16:00,36.3,28,39.3,0.0,0.0,,1.8,307,10.1,
2026-08-09T16:15,36.3,28,39.1,0.0,0.0,,2.1,301,10.4,
2026-08-09T16:30,36.2,28,38.6,0.0,0.0,,2.4,297,11.2,
2026-08-09T16:45,36.0,29,38.3,0.0,0.0,,2.6,304,11.9,
2026-08-09T17:00,35.9,29,38.0,0.0,0.0,,2.8,310,11.9,
2026-08-09T17:15,35.9,29,37.6,0.0,0.0,,3.3,311,10.8,
2026-08-09T17:30,36.0,29,37.4,0.0,0.0,,4.1,315,9.4,
2026-08-09T17:45,36.0,29,37.1,0.0,0.0,,4.8,318,7.6,
2026-08-09T18:00,36.0,29,37.0,0.0,0.0,,5.1,321,6.5,
2026-08-09T18:15,36.0,29,37.0,0.0,0.0,,4.9,324,5.8,
2026-08-09T18:30,35.9,28,36.8,0.0,0.0,,4.2,329,5.0,
2026-08-09T18:45,35.8,28,36.7,0.0,0.0,,3.7,331,4.7,
2026-08-09T19:00,35.5,29,36.4,0.0,0.0,,3.9,326,6.1,
2026-08-09T19:15,35.0,31,36.0,0.0,0.0,,5.6,315,9.4,
2026-08-09T19:30,34.5,34,35.4,0.0,0.0,,8.6,303,14.4,
2026-08-09T19:45,33.8,37,34.6,0.0,0.0,,11.6,300,19.4,
2026-08-09T20:00,33.1,40,33.8,0.0,0.0,,13.8,298,23.4,
2026-08-09T20:15,32.2,43,33.0,0.0,0.0,,14.8,296,25.9,
2026-08-09T20:30,31.2,45,31.9,0.0,0.0,,15.1,295,27.4,
2026-08-09T20:45,30.2,48,30.9,0.0,0.0,,15.1,295,28.4,
2026-08-09T21:00,29.4,50,30.0,0.0,0.0,,14.8,296,29.2,
2026-08-09T21:15,28.7,51,29.3,0.0,0.0,,14.5,300,29.5,
2026-08-09T21:30,28.2,51,28.7,0.0,0.0,,13.6,307,29.5,
2026-08-09T21:45,27.6,52,28.1,0.0,0.0,,13.5,314,29.2,
2026-08-09T22:00,26.9,54,27.3,0.0,0.0,,13.5,316,28.8,
2026-08-09T22:15,26.0,59,26.5,0.0,0.0,,14.3,311,28.1,
2026-08-09T22:30,24.9,65,25.4,0.0,0.0,,15.9,303,27.0,
2026-08-09T22:45,23.8,71,24.3,0.0,0.0,,17.6,296,26.3,
2026-08-09T23:00,23.0,76,23.6,0.0,0.0,,17.9,292,26.3,
2026-08-09T23:15,22.6,78,23.4,0.0,0.0,,16.3,292,28.1,
2026-08-09T23:30,22.5,78,23.6,0.0,0.0,,13.9,295,31.3,
2026-08-09T23:45,22.5,78,24.0,0.0,0.0,,10.8,300,33.8,
2026-08-10T00:00,22.4,78,24.2,0.0,0.0,,8.4,301,34.2,
2026-08-10T00:15,22.2,79,24.3,0.0,0.0,,6.8,295,31.3,
2026-08-10T00:30,22.0,80,24.3,0.0,0.0,,5.8,277,26.3,
2026-08-10T00:45,21.9,80,24.1,0.0,0.0,,5.5,259,20.9,
2026-08-10T01:00,21.8,81,24.1,0.0,0.0,,5.6,243,16.9,
2026-08-10T01:15,21.9,81,24.3,0.0,0.0,,5.2,236,14.4,
2026-08-10T01:30,22.1,81,24.7,0.0,0.0,,4.2,239,12.6,
2026-08-10T01:45,22.3,81,25.1,0.0,0.0,,3.4,238,11.9,
2026-08-10T02:00,22.3,81,25.2,0.0,0.0,,3.1,234,11.5,
2026-08-10T02:15,22.2,82,25.0,0.0,0.0,,4.1,225,12.2,
2026-08-10T02:30,22.1,82,24.5,0.0,0.0,,5.9,223,14.4,
2026-08-10T02:45,21.9,83,24.0,0.0,0.0,,7.9,219,16.2,
2026-08-10T03:00,21.7,84,23.7,0.0,0.0,,8.9,220,17.6,
2026-08-10T03:15,21.6,84,23.5,0.0,0.0,,9.2,225,18.0,
2026-08-10T03:30,21.4,84,23.3,0.0,0.0,,8.9,230,18.4,
2026-08-10T03:45,21.3,85,23.3,0.0,0.0,,8.6,237,18.0,
2026-08-10T04:00,21.2,85,23.2,0.0,0.0,,8.5,242,18.0,
2026-08-10T04:15,21.2,86,23.2,0.0,0.0,,8.5,242,18.0,
2026-08-10T04:30,21.3,87,23.4,0.0,0.0,,8.6,237,18.0,
2026-08-10T04:45,21.3,88,23.5,0.0,0.0,,9.0,233,17.6,
2026-08-10T05:00,21.4,89,23.7,0.0,0.0,,8.9,230,17.6,
2026-08-10T05:15,21.4,90,23.7,0.0,0.0,,9.2,228,17.6,
2026-08-10T05:30,21.3,90,23.6,0.0,0.0,,9.2,228,18.0,
2026-08-10T05:45,21.3,91,23.7,0.0,0.0,,9.2,228,18.0,
2026-08-10T06:00,21.2,91,23.6,0.0,0.0,,8.9,227,18.0,
2026-08-10T06:15,21.2,92,23.7,0.0,0.0,,8.7,225,18.0,
2026-08-10T06:30,21.1,92,23.7,0.0,0.0,,7.9,223,17.6,
2026-08-10T06:45,21.1,93,23.8,0.0,0.0,,7.7,221,17.3,
2026-08-10T07:00,21.1,93,23.9,0.0,0.0,,7.1,221,16.9,
2026-08-10T07:15,21.1,93,23.9,0.0,0.0,,6.9,223,16.2,
2026-08-10T07:30,21.2,94,24.1,0.0,0.0,,7.1,225,15.1,
2026-08-10T07:45,21.3,94,24.2,0.0,0.0,,7.1,229,14.4,
2026-08-10T08:00,21.4,93,24.4,0.0,0.0,,7.0,235,13.7,
2026-08-10T08:15,21.7,92,24.7,0.0,0.0,,6.8,245,13.3,
2026-08-10T08:30,22.0,89,25.0,0.0,0.0,,6.4,254,13.7,
2026-08-10T08:45,22.4,87,25.3,0.0,0.0,,6.5,264,13.7,
2026-08-10T09:00,22.7,85,25.7,0.0,0.0,,6.5,273,14.0,
2026-08-10T09:15,23.0,83,25.9,0.0,0.0,,6.6,283,14.4,
2026-08-10T09:30,23.3,82,26.2,0.0,0.0,,6.8,288,14.8,
2026-08-10T09:45,23.6,80,26.5,0.0,0.0,,6.8,295,15.1,
2026-08-10T10:00,23.9,78,26.7,0.0,0.0,,6.9,298,15.5,
2026-08-10T10:15,24.3,76,27.0,0.0,0.0,,6.8,295,15.5,
2026-08-10T10:30,24.7,73,27.4,0.0,0.0,,6.2,291,15.5,
2026-08-10T10:45,25.1,71,27.8,0.0,0.0,,5.9,281,15.1,
2026-08-10T11:00,25.5,69,28.2,0.0,0.0,,5.4,278,14.8,
2026-08-10T11:15,25.8,68,28.7,0.0,0.0,,4.7,279,14.0,
2026-08-10T11:30,26.2,68,29.6,0.0,0.0,,4.1,285,13.3,
2026-08-10T11:45,26.6,67,30.3,0.0,0.0,,3.5,294,13.0,
2026-08-10T12:00,26.9,66,30.9,0.0,0.0,,3.6,307,12.6,
2026-08-10T12:15,27.3,64,31.4,0.0,0.0,,4.3,318,13.0,
2026-08-10T12:30,27.7,61,31.6,0.0,0.0,,5.4,323,14.0,
2026-08-10T12:45,28.1,58,31.8,0.0,0.0,,6.3,329,15.1,
2026-08-10T13:00,28.5,56,32.2,0.0,0.0,,6.9,332,15.8,
2026-08-10T13:15,28.8,54,32.5,0.0,0.0,,7.1,336,16.6,
2026-08-10T13:30,29.1,53,33.0,0.0,0.0,,6.4,344,16.9,
2026-08-10T13:45,29.3,51,33.1,0.0,0.0,,6.2,350,17.3,
2026-08-10T14:00,29.5,50,33.2,0.0,0.0,,6.1,357,17.6,
2026-08-10T14:15,29.7,49,33.0,0.0,0.0,,6.8,3,17.6,
2026-08-10T14:30,29.8,48,32.8,0.0,0.0,,7.6,5,17.6,
2026-08-10T14:45,29.9,47,32.6,0.0,0.0,,8.4,7,17.6,
2026-08-10T15:00,30.0,46,32.5,0.0,0.0,,9.1,9,17.6,
2026-08-10T15:15,30.1,45,32.4,0.0,0.0,,9.5,11,17.6,
2026-08-10T15:30,30.2,44,32.4,0.0,0.0,,9.5,11,17.6,
2026-08-10T15:45,30.3,43,32.3,0.0,0.0,,9.5,11,17.6,
2026-08-10T16:00,30.4,42,32.4,0.0,0.0,,9.6,13,17.6,
2026-08-10T16:15,30.7,41,32.6,0.0,0.0,,9.3,16,17.6,
2026-08-10T16:30,31.1,39,32.7,0.0,0.0,,9.1,18,17.6,
2026-08-10T16:45,31.5,38,33.0,0.0,0.0,,8.9,21,17.6,
2026-08-10T17:00,31.7,37,33.0,0.0,0.0,,8.7,24,17.6,
2026-08-10T17:15,31.9,36,32.8,0.0,0.0,,8.7,24,18.0,
2026-08-10T17:30,31.9,36,32.7,0.0,0.0,,8.4,25,18.7,
2026-08-10T17:45,32.0,36,32.6,0.0,0.0,,8.4,25,19.1,
2026-08-10T18:00,32.0,36,32.4,0.0,0.0,,8.4,25,19.4,
2026-08-10T18:15,32.0,36,32.4,0.0,0.0,,8.5,28,19.4,
2026-08-10T18:30,32.0,36,32.5,0.0,0.0,,8.4,31,19.4,
2026-08-10T18:45,32.0,35,32.3,0.0,0.0,,8.6,33,19.4,
2026-08-10T19:00,32.0,35,32.3,0.0,0.0,,8.6,33,19.1,
2026-08-10T19:15,32.1,34,32.2,0.0,0.0,,8.9,32,18.4,
2026-08-10T19:30,32.3,34,32.5,0.0,0.0,,9.0,29,17.3,
2026-08-10T19:45,32.4,33,32.3,0.0,0.0,,9.5,25,16.6,
2026-08-10T20:00,32.2,34,32.3,0.0,0.0,,9.4,18,16.6,
2026-08-10T20:15,31.6,36,31.7,0.0,0.0,,9.8,6,18.0,
2026-08-10T20:30,30.7,40,31.1,0.0,0.0,,10.5,354,20.2,
2026-08-10T20:45,29.7,44,30.1,0.0,0.0,,11.6,344,22.7,
2026-08-10T21:00,28.9,47,29.3,0.0,0.0,,12.1,337,24.1,
2026-08-10T21:15,28.2,49,28.7,0.0,0.0,,11.8,333,24.8,
2026-08-10T21:30,27.5,51,28.1,0.0,0.0,,11.1,331,24.8,
2026-08-10T21:45,27.0,53,27.8,0.0,0.0,,9.9,327,24.5,
2026-08-10T22:00,26.4,55,27.4,0.0,0.0,,9.3,324,23.8,
2026-08-10T22:15,25.9,57,27.0,0.0,0.0,,9.0,323,22.7,
2026-08-10T22:30,25.5,59,26.7,0.0,0.0,,8.7,322,20.9,
2026-08-10T22:45,25.1,61,26.4,0.0,0.0,,8.2,322,19.4,
2026-08-10T23:00,24.8,62,26.1,0.0,0.0,,7.9,321,18.0,
2026-08-10T23:15,24.5,63,25.8,0.0,0.0,,7.4,321,17.3,
2026-08-10T23:30,24.2,64,25.6,0.0,0.0,,6.9,321,16.6,
2026-08-10T23:45,23.9,64,25.3,0.0,0.0,,6.6,319,15.8,
2026-08-11T00:00,23.7,65,25.1,0.0,0.0,,6.1,320,15.1,
2026-08-11T00:15,23.5,65,24.9,0.0,0.0,,5.6,315,14.0,
2026-08-11T00:30,23.3,66,24.9,0.0,0.0,,4.9,306,13.0,
2026-08-11T00:45,23.2,66,24.8,0.0,0.0,,4.5,299,12.2,
2026-08-11T01:00,23.0,66,24.6,0.0,0.0,,4.2,290,11.2,
2026-08-11T01:15,22.9,67,24.5,0.0,0.0,,4.1,285,10.4,
2026-08-11T01:30,22.8,67,24.3,0.0,0.0,,4.2,290,9.4,
2026-08-11T01:45,22.7,68,24.3,0.0,0.0,,3.9,292,9.0,
2026-08-11T02:00,22.5,69,24.2,0.0,0.0,,3.9,292,8.3,
2026-08-11T02:15,22.4,70,24.1,0.0,0.0,,3.8,287,7.9,
2026-08-11T02:30,22.2,71,24.0,0.0,0.0,,3.3,283,7.6,
2026-08-11T02:45,22.0,72,23.8,0.0,0.0,,3.3,276,7.6,
2026-08-11T03:00,21.8,73,23.6,0.0,0.0,,3.2,270,7.2,
2026-08-11T03:15,21.6,74,23.5,0.0,0.0,,3.2,270,6.8,
2026-08-11T03:30,21.5,74,23.3,0.0,0.0,,3.3,276,6.8,
2026-08-11T03:45,21.4,74,23.2,0.0,0.0,,3.3,283,6.5,
2026-08-11T04:00,21.2,75,23.0,0.0,0.0,,3.3,283,6.5,
2026-08-11T04:15,21.1,76,23.0,0.0,0.0,,3.3,283,6.5,
2026-08-11T04:30,21.0,78,23.0,0.0,0.0,,2.9,277,6.5,
2026-08-11T04:45,20.9,79,23.0,0.0,0.0,,2.9,270,6.1,
2026-08-11T05:00,20.8,80,22.9,0.0,0.0,,2.5,262,6.1,
2026-08-11T05:15,20.7,81,22.9,0.0,0.0,,2.5,262,5.8,
2026-08-11T05:30,20.6,81,22.9,0.0,0.0,,2.3,252,5.4,
2026-08-11T05:45,20.5,81,22.7,0.0,0.0,,2.3,252,5.4,
2026-08-11T06:00,20.5,81,22.7,0.0,0.0,,1.9,248,5.0,
2026-08-11T06:15,20.4,81,22.6,0.0,0.0,,1.5,225,5.0,
2026-08-11T06:30,20.3,82,22.7,0.0,0.0,,1.1,180,5.0,
2026-08-11T06:45,20.2,82,22.4,0.0,0.0,,1.8,143,5.0,
2026-08-11T07:00,20.2,83,22.4,0.0,0.0,,2.3,141,5.0,
2026-08-11T07:15,20.1,84,22.4,0.0,0.0,,2.4,153,5.4,
2026-08-11T07:30,20.1,85,22.4,0.0,0.0,,2.5,172,5.8,
2026-08-11T07:45,20.1,85,22.4,0.0,0.0,,2.6,196,6.1,
2026-08-11T08:00,20.2,85,22.5,0.0,0.0,,3.2,207,6.5,
2026-08-11T08:15,20.6,84,22.8,0.0,0.0,,3.7,209,7.2,
2026-08-11T08:30,21.0,82,23.3,0.0,0.0,,3.7,209,7.9,
2026-08-11T08:45,21.6,79,23.8,0.0,0.0,,4.0,207,8.6,
2026-08-11T09:00,22.2,77,24.4,0.0,0.0,,4.2,211,9.4,
2026-08-11T09:15,22.8,75,25.2,0.0,0.0,,4.4,215,10.1,
2026-08-11T09:30,23.6,73,25.9,0.0,0.0,,5.1,219,11.2,
2026-08-11T09:45,24.3,70,26.7,0.0,0.0,,5.4,222,11.9,
2026-08-11T10:00,25.0,68,27.4,0.0,0.0,,5.6,225,12.6,
2026-08-11T10:15,25.7,66,28.2,0.0,0.0,,5.6,225,13.0,
2026-08-11T10:30,26.4,64,29.0,0.0,0.0,,5.4,228,13.0,
2026-08-11T10:45,27.1,61,29.8,0.0,0.0,,4.8,228,13.0,
2026-08-11T11:00,27.7,59,30.8,0.0,0.0,,4.3,228,12.6,
2026-08-11T11:15,28.4,57,31.9,0.0,0.0,,3.6,233,12.2,
2026-08-11T11:30,29.1,54,32.8,0.0,0.0,,2.8,230,11.2,
2026-08-11T11:45,29.8,51,33.7,0.0,0.0,,2.1,239,10.4,
2026-08-11T12:00,30.4,49,34.7,0.0,0.0,,1.1,252,9.7,
2026-08-11T12:15,31.0,47,35.4,0.0,0.0,,0.7,270,9.0,
2026-08-11T12:30,31.5,45,36.0,0.0,0.0,,0.7,360,8.3,
2026-08-11T12:45,31.9,43,36.3,0.0,0.0,,1.1,18,7.6,
2026-08-11T13:00,32.3,41,36.6,0.0,0.0,,1.6,27,7.2,
2026-08-11T13:15,32.7,39,36.8,0.0,0.0,,2.1,31,7.6,
2026-08-11T13:30,33.1,38,37.1,0.0,0.0,,2.8,40,8.6,
2026-08-11T13:45,33.4,37,37.3,0.0,0.0,,3.1,45,9.4,
2026-08-11T14:00,33.7,36,37.5,0.0,0.0,,3.6,45,9.7,
2026-08-11T14:15,33.9,35,37.6,0.0,0.0,,4.1,45,9.4,
2026-08-11T14:30,34.2,34,37.7,0.0,0.0,,4.1,45,8.3,
2026-08-11T14:45,34.4,34,37.9,0.0,0.0,,4.3,42,7.2,
2026-08-11T15:00,34.6,33,37.9,0.0,0.0,,4.3,42,6.5,
2026-08-11T15:15,34.8,32,37.9,0.0,0.0,,4.6,39,6.1,
2026-08-11T15:30,34.9,31,37.8,0.0,0.0,,4.4,35,6.1,
2026-08-11T15:45,35.1,31,37.9,0.0,0.0,,4.7,32,6.5,
2026-08-11T16:00,35.3,30,37.8,0.0,0.0,,4.7,32,6.5,
2026-08-11T16:15,35.4,30,37.8,0.0,0.0,,4.7,32,6.8,
2026-08-11T16:30,35.6,29,37.6,0.0,0.0,,4.9,36,7.2,
2026-08-11T16:45,35.7,29,37.7,0.0,0.0,,4.8,42,7.6,
2026-08-11T17:00,35.8,29,37.6,0.0,0.0,,4.8,42,7.9,
2026-08-11T17:15,35.9,29,37.4,0.0,0.0,,4.8,42,7.9,
2026-08-11T17:30,35.9,28,37.1,0.0,0.0,,4.8,48,7.6,
2026-08-11T17:45,35.9,27,36.6,0.0,0.0,,4.8,48,7.2,
2026-08-11T18:00,35.9,27,36.5,0.0,0.0,,4.8,48,7.2,
2026-08-11T18:15,36.0,27,36.6,0.0,0.0,,4.8,48,6.8,
2026-08-11T18:30,36.0,27,36.6,0.0,0.0,,4.8,48,6.5,
2026-08-11T18:45,36.1,27,36.7,0.0,0.0,,4.8,42,6.5,
2026-08-11T19:00,35.9,27,36.4,0.0,0.0,,5.2,34,7.6,
2026-08-11T19:15,35.6,28,36.1,0.0,0.0,,6.5,19,10.4,
2026-08-11T19:30,35.2,30,35.5,0.0,0.0,,8.8,12,14.8,
2026-08-11T19:45,34.7,31,34.7,0.0,0.0,,11.2,6,18.7,
2026-08-11T20:00,34.2,33,34.2,0.0,0.0,,12.6,2,22.0,
2026-08-11T20:15,33.8,35,34.0,0.0,0.0,,12.6,360,23.8,
2026-08-11T20:30,33.4,36,33.8,0.0,0.0,,11.9,358,24.5,
2026-08-11T20:45,32.9,38,33.7,0.0,0.0,,10.8,358,24.8,
2026-08-11T21:00,32.5,40,33.5,0.0,0.0,,10.1,358,24.8,
2026-08-11T21:15,31.9,42,33.2,0.0,0.0,,9.4,358,24.1,
2026-08-11T21:30,31.3,44,32.7,0.0,0.0,,9.0,358,22.7,
2026-08-11T21:45,30.7,46,32.2,0.0,0.0,,8.3,360,20.9,
2026-08-11T22:00,30.1,48,31.7,0.0,0.0,,7.9,360,19.4,
2026-08-11T22:15,29.5,50,31.4,0.0,0.0,,7.2,360,18.4,
2026-08-11T22:30,29.0,52,30.9,0.0,0.0,,6.8,360,17.3,
2026-08-11T22:45,28.4,54,30.5,0.0,0.0,,6.1,357,16.6,
2026-08-11T23:00,28.0,56,30.2,0.0,0.0,,5.8,356,15.5,
2026-08-11T23:15,27.6,57,29.8,0.0,0.0,,5.4,356,14.4,
2026-08-11T23:30,27.3,58,29.6,0.0,0.0,,4.7,356,13.3,
2026-08-11T23:45,27.0,59,29.4,0.0,0.0,,4.3,355,12.2,
2026-08-12T00:00,26.7,60,29.2,0.0,0.0,,4.0,355,11.2,
2026-08-12T00:15,26.5,61,29.0,0.0,0.0,,3.6,354,10.1,
2026-08-12T00:30,26.2,62,28.7,0.0,0.0,,3.7,349,9.4,
2026-08-12T00:45,26.0,63,28.6,0.0,0.0,,3.3,347,8.6,
2026-08-12T01:00,25.8,64,28.4,0.0,0.0,,3.3,347,7.9,
2026-08-12T01:15,25.6,65,28.3,0.0,0.0,,3.3,347,7.6,
2026-08-12T01:30,25.5,65,28.1,0.0,0.0,,3.3,347,7.2,
2026-08-12T01:45,25.5,66,28.1,0.0,0.0,,3.6,354,6.8,
2026-08-12T02:00,25.4,66,28.0,0.0,0.0,,3.6,354,6.8,
2026-08-12T02:15,25.3,66,27.9,0.0,0.0,,3.6,354,6.8,
2026-08-12T02:30,25.2,67,27.8,0.0,0.0,,3.6,360,6.8,
2026-08-12T02:45,25.0,67,27.7,0.0,0.0,,3.3,6,6.8,
2026-08-12T03:00,24.9,67,27.5,0.0,0.0,,3.3,6,6.8,
2026-08-12T03:15,24.8,67,27.3,0.0,0.0,,3.3,6,6.8,
2026-08-12T03:30,24.6,68,27.1,0.0,0.0,,3.6,6,6.8,
2026-08-12T03:45,24.5,68,27.0,0.0,0.0,,3.6,6,6.8,
2026-08-12T04:00,24.4,68,26.9,0.0,0.0,,3.6,6,6.8,
2026-08-12T04:15,24.4,68,26.9,0.0,0.0,,3.3,6,6.8,
2026-08-12T04:30,24.5,68,27.0,0.0,0.0,,2.9,7,6.8,
2026-08-12T04:45,24.5,68,27.2,0.0,0.0,,2.5,8,6.8,
2026-08-12T05:00,24.5,68,27.2,0.0,0.0,,2.2,9,6.5,
2026-08-12T05:15,24.5,67,27.2,0.0,0.0,,1.8,360,5.8,
2026-08-12T05:30,24.6,67,27.2,0.0,0.0,,1.8,323,5.0,
2026-08-12T05:45,24.6,66,27.1,0.0,0.0,,1.9,292,4.3,
2026-08-12T06:00,24.4,66,26.8,0.0,0.0,,2.2,279,4.0,
2026-08-12T06:15,24.1,67,26.5,0.0,0.0,,2.5,270,4.0,
2026-08-12T06:30,23.7,69,26.1,0.0,0.0,,2.5,262,4.3,
2026-08-12T06:45,23.3,70,25.6,0.0,0.0,,2.3,252,4.7,
2026-08-12T07:00,22.9,72,25.3,0.0,0.0,,2.4,243,5.0,
2026-08-12T07:15,22.6,74,25.1,0.0,0.0,,2.4,243,5.0,
2026-08-12T07:30,22.4,75,24.8,0.0,0.0,,2.1,239,5.0,
2026-08-12T07:45,22.2,77,24.9,0.0,0.0,,1.8,233,5.0,
2026-08-12T08:00,22.3,77,25.0,0.0,0.0,,1.8,233,5.0,
2026-08-12T08:15,22.7,76,25.5,0.0,0.0,,1.8,233,5.0,
2026-08-12T08:30,23.4,75,26.3,0.0,0.0,,1.8,233,5.0,
2026-08-12T08:45,24.1,73,27.2,0.0,0.0,,2.0,225,5.0,
2026-08-12T09:00,24.9,70,27.9,0.0,0.0,,2.0,225,5.0,
2026-08-12T09:15,25.6,67,28.6,0.0,0.0,,2.0,225,5.4,
2026-08-12T09:30,26.3,63,29.1,0.0,0.0,,2.3,219,5.8,
2026-08-12T09:45,27.0,59,29.7,0.0,0.0,,2.3,219,6.5,
2026-08-12T10:00,27.7,56,30.3,0.0,0.0,,2.3,219,6.8,
2026-08-12T10:15,28.5,53,31.0,0.0,0.0,,2.1,211,7.2,
2026-08-12T10:30,29.2,51,31.8,0.0,0.0,,2.3,198,7.2,
2026-08-12T10:45,30.0,48,32.5,0.0,0.0,,2.2,189,7.2,
2026-08-12T11:00,30.7,46,33.6,0.0,0.0,,2.2,180,7.2,
2026-08-12T11:15,31.4,44,34.5,0.0,0.0,,2.2,171,7.2,
2026-08-12T11:30,32.1,42,35.4,0.0,0.0,,1.9,158,7.2,
2026-08-12T11:45,32.8,41,36.3,0.0,0.0,,2.1,149,7.2,
2026-08-12T12:00,33.4,39,37.0,0.0,0.0,,2.0,135,7.2,
2026-08-12T12:15,33.9,37,37.6,0.0,0.0,,2.1,121,7.2,
2026-08-12T12:30,34.5,35,38.1,0.0,0.0,,2.1,121,7.6,
2026-08-12T12:45,34.9,33,38.5,0.0,0.0,,2.3,108,7.6,
2026-08-12T13:00,35.4,31,38.8,0.0,0.0,,2.2,99,7.6,
2026-08-12T13:15,35.7,30,39.2,0.0,0.0,,2.2,90,7.6,
2026-08-12T13:30,36.0,29,39.5,0.0,0.0,,1.8,90,7.6,
2026-08-12T13:45,36.3,28,39.8,0.0,0.0,,1.5,76,7.6,
2026-08-12T14:00,36.5,28,40.2,0.0,0.0,,1.3,56,7.6,
2026-08-12T14:15,36.7,28,40.4,0.0,0.0,,1.3,34,7.2,
2026-08-12T14:30,36.9,28,40.5,0.0,0.0,,1.8,11,6.5,
2026-08-12T14:45,37.0,27,40.2,0.0,0.0,,2.5,360,5.8,
2026-08-12T15:00,37.1,27,40.3,0.0,0.0,,2.9,360,5.4,
2026-08-12T15:15,37.3,26,40.2,0.0,0.0,,3.3,6,5.0,
2026-08-12T15:30,37.5,26,40.2,0.0,0.0,,3.8,17,5.0,
2026-08-12T15:45,37.7,25,40.1,0.0,0.0,,3.9,22,5.0,
2026-08-12T16:00,37.9,24,39.8,0.0,0.0,,4.3,24,5.4,
2026-08-12T16:15,37.9,24,39.6,0.0,0.0,,4.6,18,6.1,
2026-08-12T16:30,38.0,23,39.2,0.0,0.0,,5.2,12,7.2,
2026-08-12T16:45,38.0,23,39.0,0.0,0.0,,5.4,8,8.3,
2026-08-12T17:00,38.0,23,38.8,0.0,0.0,,5.8,4,9.0,
2026-08-12T17:15,38.0,23,38.7,0.0,0.0,,6.2,7,9.0,
2026-08-12T17:30,38.0,22,38.2,0.0,0.0,,6.2,10,8.6,
2026-08-12T17:45,38.1,22,38.1,0.0,0.0,,6.3,13,8.6,
2026-08-12T18:00,38.1,22,37.9,0.0,0.0,,6.7,16,8.6,
2026-08-12T18:15,38.1,22,37.8,0.0,0.0,,7.2,18,9.4,
2026-08-12T18:30,38.1,22,37.8,0.0,0.0,,7.5,17,10.1,
2026-08-12T18:45,38.0,23,37.9,0.0,0.0,,7.9,16,11.2,
2026-08-12T19:00,37.9,23,37.6,0.0,0.0,,8.6,15,13.0,
2026-08-12T19:15,37.6,24,37.3,0.0,0.0,,9.5,11,15.8,
2026-08-12T19:30,37.1,24,36.5,0.0,0.0,,10.9,6,19.4,
2026-08-12T19:45,36.6,25,36.0,0.0,0.0,,11.9,2,23.0,
2026-08-12T20:00,36.1,26,35.4,0.0,0.0,,12.6,360,25.6,
2026-08-12T20:15,35.6,27,34.9,0.0,0.0,,12.6,358,26.6,
2026-08-12T20:30,35.0,28,34.4,0.0,0.0,,12.2,358,26.6,
2026-08-12T20:45,34.3,29,33.8,0.0,0.0,,11.9,358,26.3,
2026-08-12T21:00,33.7,31,33.4,0.0,0.0,,11.2,358,25.6,
2026-08-12T21:15,33.0,33,32.9,0.0,0.0,,10.8,358,24.8,
2026-08-12T21:30,32.3,35,32.5,0.0,0.0,,10.1,360,24.1,
2026-08-12T21:45,31.6,38,32.1,0.0,0.0,,9.4,2,23.0,
2026-08-12T22:00,31.0,40,31.7,0.0,0.0,,9.0,2,22.0,
2026-08-12T22:15,30.5,42,31.3,0.0,0.0,,8.6,2,20.9,
2026-08-12T22:30,29.9,43,30.8,0.0,0.0,,7.9,360,19.8,
2026-08-12T22:45,29.4,45,30.5,0.0,0.0,,7.6,357,18.4,
2026-08-12T23:00,29.0,46,30.1,0.0,0.0,,7.2,357,17.3,
2026-08-12T23:15,28.7,47,29.9,0.0,0.0,,6.8,360,16.2,
2026-08-12T23:30,28.5,49,29.8,0.0,0.0,,6.8,3,15.5,
2026-08-12T23:45,28.2,50,29.6,0.0,0.0,,6.6,9,14.4,
2026-08-13T00:00,28.0,51,29.5,0.0,0.0,,6.3,13,13.7,
2026-08-13T00:15,27.8,52,29.5,0.0,0.0,,5.7,18,13.0,
2026-08-13T00:30,27.6,52,29.2,0.0,0.0,,5.0,21,12.6,
2026-08-13T00:45,27.4,52,29.0,0.0,0.0,,4.3,24,12.2,
2026-08-13T01:00,27.2,52,28.9,0.0,0.0,,4.0,27,11.5,
2026-08-13T01:15,27.1,52,28.7,0.0,0.0,,4.0,27,10.8,
2026-08-13T01:30,27.0,52,28.5,0.0,0.0,,4.0,27,9.7,
2026-08-13T01:45,26.9,51,28.3,0.0,0.0,,3.9,22,9.0,
2026-08-13T02:00,26.8,51,28.2,0.0,0.0,,3.9,22,8.3,
2026-08-13T02:15,26.6,51,28.0,0.0,0.0,,3.9,22,7.9,
2026-08-13T02:30,26.5,51,27.8,0.0,0.0,,3.5,24,7.9,
2026-08-13T02:45,26.3,52,27.7,0.0,0.0,,3.5,24,7.9,
2026-08-13T03:00,26.2,52,27.6,0.0,0.0,,3.2,27,7.6,
2026-08-13T03:15,26.2,52,27.6,0.0,0.0,,2.9,30,7.2,
2026-08-13T03:30,26.1,53,27.7,0.0,0.0,,2.8,40,6.5,
2026-08-13T03:45,26.1,53,27.6,0.0,0.0,,2.5,45,6.1,
2026-08-13T04:00,26.0,53,27.6,0.0,0.0,,2.5,45,5.8,
2026-08-13T04:15,26.0,53,27.5,0.0,0.0,,2.5,45,5.8,
2026-08-13T04:30,25.9,53,27.4,0.0,0.0,,2.6,34,5.8,
2026-08-13T04:45,25.8,54,27.3,0.0,0.0,,2.9,30,5.8,
2026-08-13T05:00,25.7,54,27.2,0.0,0.0,,2.7,23,5.8,
2026-08-13T05:15,25.5,54,27.0,0.0,0.0,,2.7,23,5.8,
2026-08-13T05:30,25.4,55,26.9,0.0,0.0,,2.6,16,5.4,
2026-08-13T05:45,25.2,55,26.7,0.0,0.0,,2.6,16,5.0,
2026-08-13T06:00,25.1,56,26.6,0.0,0.0,,2.5,8,5.0,
2026-08-13T06:15,25.0,57,26.6,0.0,0.0,,2.2,360,5.0,
2026-08-13T06:30,24.9,57,26.6,0.0,0.0,,1.8,349,4.7,
2026-08-13T06:45,24.8,58,26.6,0.0,0.0,,1.6,333,4.7,
2026-08-13T07:00,24.6,59,26.6,0.0,0.0,,1.0,315,4.7,
2026-08-13T07:15,24.4,60,26.4,0.0,0.0,,0.7,270,4.7,
2026-08-13T07:30,24.1,61,26.0,0.0,0.0,,1.1,198,4.7,
2026-08-13T07:45,23.8,62,25.6,0.0,0.0,,2.2,189,5.0,
2026-08-13T08:00,23.8,63,25.6,0.0,0.0,,2.5,180,5.0,
2026-08-13T08:15,24.0,63,26.0,0.0,0.0,,2.2,171,5.0,
2026-08-13T08:30,24.5,63,26.7,0.0,0.0,,1.5,166,5.0,
2026-08-13T08:45,25.0,63,27.5,0.0,0.0,,1.0,135,5.0,
2026-08-13T09:00,25.6,61,28.2,0.0,0.0,,0.8,117,5.0,
2026-08-13T09:15,26.3,58,28.8,0.0,0.0,,0.8,117,5.0,
2026-08-13T09:30,27.1,53,29.3,0.0,0.0,,1.3,146,5.4,
2026-08-13T09:45,28.0,49,29.9,0.0,0.0,,1.6,153,5.4,
2026-08-13T10:00,28.8,45,30.4,0.0,0.0,,1.9,158,5.8,
2026-08-13T10:15,29.5,43,31.1,0.0,0.0,,2.3,162,6.1,
2026-08-13T10:30,30.2,41,31.7,0.0,0.0,,2.3,162,6.5,
2026-08-13T10:45,30.9,39,32.3,0.0,0.0,,2.5,172,6.8,
2026-08-13T11:00,31.6,38,33.2,0.0,0.0,,2.5,172,7.2,
2026-08-13T11:15,32.3,37,34.3,0.0,0.0,,2.5,172,7.6,
2026-08-13T11:30,33.0,36,35.3,0.0,0.0,,2.5,180,7.6,
2026-08-13T11:45,33.7,35,36.3,0.0,0.0,,2.2,189,7.9,
2026-08-13T12:00,34.3,34,37.3,0.0,0.0,,2.2,189,7.9,
2026-08-13T12:15,35.0,32,38.0,0.0,0.0,,2.2,189,7.9,
2026-08-13T12:30,35.6,30,38.6,0.0,0.0,,2.5,188,8.3,
2026-08-13T12:45,36.2,28,39.1,0.0,0.0,,2.5,180,8.3,
2026-08-13T13:00,36.7,26,39.5,0.0,0.0,,2.5,180,8.3,
2026-08-13T13:15,37.1,25,40.0,0.0,0.0,,2.2,171,7.9,
2026-08-13T13:30,37.5,24,40.3,0.0,0.0,,1.8,169,7.6,
2026-08-13T13:45,37.8,23,40.7,0.0,0.0,,1.3,146,6.8,
2026-08-13T14:00,38.1,23,41.1,0.0,0.0,,1.0,135,6.5,
2026-08-13T14:15,38.4,23,41.5,0.0,0.0,,0.8,153,6.1,
2026-08-13T14:30,38.6,22,41.5,0.0,0.0,,0.7,180,5.8,
2026-08-13T14:45,38.8,22,41.8,0.0,0.0,,0.5,225,5.4,
2026-08-13T15:00,39.0,22,42.0,0.0,0.0,,0.5,225,5.0,
2026-08-13T15:15,39.1,22,42.1,0.0,0.0,,0.4,270,4.3,
2026-08-13T15:30,39.2,22,41.9,0.0,0.0,,0.8,27,3.6,
2026-08-13T15:45,39.2,22,41.7,0.0,0.0,,1.3,34,2.9,
2026-08-13T16:00,39.2,22,41.5,0.0,0.0,,1.6,27,3.6,
2026-08-13T16:15,39.3,22,41.3,0.0,0.0,,1.6,27,6.1,
2026-08-13T16:30,39.3,22,41.2,0.0,0.0,,1.1,18,9.7,
2026-08-13T16:45,39.3,22,41.1,0.0,0.0,,1.1,360,13.3,
2026-08-13T17:00,39.4,22,40.9,0.0,0.0,,1.6,333,15.5,
2026-08-13T17:15,39.5,22,40.7,0.0,0.0,,2.8,320,15.5,
2026-08-13T17:30,39.6,22,40.5,0.0,0.0,,4.8,318,14.4,
2026-08-13T17:45,39.8,23,40.4,0.0,0.0,,6.9,317,13.0,
2026-08-13T18:00,39.8,23,40.1,0.0,0.0,,8.7,318,13.3,
2026-08-13T18:15,39.6,23,39.6,0.0,0.0,,10.3,324,15.8,
2026-08-13T18:30,39.4,24,39.3,0.0,0.0,,11.9,331,19.8,
2026-08-13T18:45,39.0,25,38.9,0.0,0.0,,13.4,336,24.1,
2026-08-13T19:00,38.7,25,38.3,0.0,0.0,,14.5,341,27.0,
2026-08-13T19:15,38.4,25,37.9,0.0,0.0,,14.9,345,28.4,
2026-08-13T19:30,38.1,25,37.5,0.0,0.0,,14.7,349,28.8,
2026-08-13T19:45,37.8,25,37.1,0.0,0.0,,14.2,351,28.8,
2026-08-13T20:00,37.4,26,36.9,0.0,0.0,,13.8,354,28.8,
2026-08-13T20:15,36.8,27,36.4,0.0,0.0,,13.4,355,28.8,
2026-08-13T20:30,36.2,28,36.0,0.0,0.0,,12.6,355,28.1,
2026-08-13T20:45,35.6,30,35.7,0.0,0.0,,11.6,353,27.4,
2026-08-13T21:00,35.0,31,35.2,0.0,0.0,,10.9,352,26.6,
2026-08-13T21:15,34.4,33,34.8,0.0,0.0,,10.2,352,25.6,
2026-08-13T21:30,33.7,34,34.3,0.0,0.0,,9.2,349,24.1,
2026-08-13T21:45,33.1,36,33.9,0.0,0.0,,8.5,348,22.3,
2026-08-13T22:00,32.5,38,33.6,0.0,0.0,,7.9,344,20.9,
2026-08-13T22:15,32.0,40,33.2,0.0,0.0,,7.6,341,19.4,
2026-08-13T22:30,31.4,41,32.7,0.0,0.0,,7.1,336,18.4,
2026-08-13T22:45,30.9,42,32.2,0.0,0.0,,6.9,332,16.9,
2026-08-13T23:00,30.4,44,31.8,0.0,0.0,,6.6,331,15.8,
2026-08-13T23:15,30.0,46,31.6,0.0,0.0,,6.0,327,15.1,
2026-08-13T23:30,29.5,48,31.3,0.0,0.0,,5.5,328,14.4,
2026-08-13T23:45,29.1,49,31.0,0.0,0.0,,4.9,324,13.7,
2026-08-14T00:00,28.8,51,30.9,0.0,0.0,,4.3,318,13.0,
2026-08-14T00:15,28.4,52,30.5,0.0,0.0,,4.1,308,11.9,
2026-08-14T00:30,28.1,53,30.3,0.0,0.0,,3.9,292,10.4,
2026-08-14T00:45,27.8,54,30.0,0.0,0.0,,4.0,280,9.4,
2026-08-14T01:00,27.6,55,29.7,0.0,0.0,,4.3,270,8.6,
2026-08-14T01:15,27.4,56,29.6,0.0,0.0,,4.3,270,8.3,
2026-08-14T01:30,27.3,57,29.5,0.0,0.0,,4.3,275,8.3,
2026-08-14T01:45,27.2,58,29.6,0.0,0.0,,4.0,275,8.3,
2026-08-14T02:00,27.0,59,29.4,0.0,0.0,,4.0,275,8.6,
2026-08-14T02:15,26.7,59,29.1,0.0,0.0,,4.0,265,9.0,
2026-08-14T02:30,26.4,60,28.7,0.0,0.0,,4.6,252,9.7,
2026-08-14T02:45,26.1,60,28.2,0.0,0.0,,5.0,240,10.4,
2026-08-14T03:00,25.8,61,27.7,0.0,0.0,,5.4,233,10.8,
2026-08-14T03:15,25.4,63,27.4,0.0,0.0,,5.6,230,11.2,
2026-08-14T03:30,24.9,65,26.9,0.0,0.0,,5.6,230,11.2,
2026-08-14T03:45,24.4,67,26.5,0.0,0.0,,5.6,230,11.5,
2026-08-14T04:00,24.1,70,26.3,0.0,0.0,,5.4,228,11.5,
2026-08-14T04:15,23.9,73,26.3,0.0,0.0,,5.4,222,11.5,
2026-08-14T04:30,23.7,76,26.4,0.0,0.0,,5.2,214,11.5,
2026-08-14T04:45,23.6,79,26.6,0.0,0.0,,5.2,205,11.5,
2026-08-14T05:00,23.5,81,26.6,0.0,0.0,,5.4,200,11.5,
2026-08-14T05:15,23.4,83,26.6,0.0,0.0,,5.6,195,11.5,
2026-08-14T05:30,23.3,84,26.5,0.0,0.0,,5.6,195,11.5,
2026-08-14T05:45,23.2,86,26.6,0.0,0.0,,5.6,195,11.2,
2026-08-14T06:00,23.1,87,26.5,0.0,0.0,,5.9,194,11.5,
2026-08-14T06:15,22.9,89,26.4,0.0,0.0,,6.3,193,11.9,
2026-08-14T06:30,22.8,91,26.3,0.0,0.0,,6.4,196,13.0,
2026-08-14T06:45,22.6,93,26.2,0.0,0.0,,6.7,196,13.7,
2026-08-14T07:00,22.6,94,26.2,0.0,0.0,,7.2,198,14.4,
2026-08-14T07:15,22.6,95,26.2,0.0,0.0,,7.6,199,15.1,
2026-08-14T07:30,22.7,95,26.3,0.0,0.0,,8.2,203,15.5,
2026-08-14T07:45,22.8,95,26.4,0.0,0.0,,8.9,207,15.8,
2026-08-14T08:00,23.0,95,26.7,0.0,0.0,,9.3,208,16.6,
2026-08-14T08:15,23.3,94,27.0,0.0,0.0,,9.3,208,17.3,
2026-08-14T08:30,23.7,92,27.4,0.0,0.0,,9.3,208,18.0,
2026-08-14T08:45,24.1,90,27.9,0.0,0.0,,9.0,209,18.7,
2026-08-14T09:00,24.5,88,28.3,0.0,0.0,,9.0,209,19.1,
2026-08-14T09:15,24.9,86,28.6,0.0,0.0,,9.2,211,19.4,
2026-08-14T09:30,25.3,85,29.2,0.0,0.0,,9.2,211,19.8,
2026-08-14T09:45,25.8,83,29.7,0.0,0.0,,9.1,214,19.8,
2026-08-14T10:00,26.2,81,30.2,0.0,0.0,,9.3,216,20.2,
2026-08-14T10:15,26.7,78,30.6,0.0,0.0,,9.5,217,20.5,
2026-08-14T10:30,27.3,76,31.2,0.0,0.0,,9.5,217,20.9,
2026-08-14T10:45,27.8,73,31.6,0.0,0.0,,9.4,220,20.9,
2026-08-14T11:00,28.3,70,32.0,0.0,0.0,,9.7,222,21.2,
2026-08-14T11:15,28.9,68,32.7,0.0,0.0,,9.9,224,21.6,
2026-08-14T11:30,29.4,65,33.3,0.0,0.0,,9.9,226,21.6,
2026-08-14T11:45,30.0,63,34.0,0.0,0.0,,10.2,228,22.0,
2026-08-14T12:00,30.5,61,34.6,0.0,0.0,,10.2,231,22.3,
2026-08-14T12:15,31.0,59,35.3,0.0,0.0,,10.3,234,22.7,
2026-08-14T12:30,31.5,58,36.0,0.0,0.0,,10.6,235,23.0,
2026-08-14T12:45,31.9,56,36.5,0.0,0.0,,10.7,237,23.4,
2026-08-14T13:00,32.3,55,37.0,0.0,0.0,,10.8,240,23.8,
2026-08-14T13:15,32.5,54,37.2,0.0,0.0,,11.1,245,24.5,
2026-08-14T13:30,32.7,53,37.4,0.0,0.0,,11.5,250,25.2,
2026-08-14T13:45,32.9,52,37.4,0.0,0.0,,12.0,254,25.9,
2026-08-14T14:00,33.0,51,37.5,0.0,0.0,,12.1,258,26.3,
2026-08-14T14:15,33.3,49,37.5,0.0,0.0,,12.1,260,26.6,
2026-08-14T14:30,33.6,48,37.7,0.0,0.0,,12.1,260,26.6,
2026-08-14T14:45,33.8,46,37.6,0.0,0.0,,12.1,260,26.6,
2026-08-14T15:00,33.9,45,37.6,0.0,0.0,,12.0,261,26.6,
2026-08-14T15:15,33.9,45,37.3,0.0,0.0,,12.3,263,27.0,
2026-08-14T15:30,33.7,46,37.0,0.0,0.0,,13.0,267,27.7,
2026-08-14T15:45,33.5,47,36.7,0.0,0.0,,13.3,270,28.1,
2026-08-14T16:00,33.4,47,36.5,0.0,0.0,,13.7,272,28.4,
2026-08-14T16:15,33.5,47,36.6,0.0,0.0,,13.7,272,28.4,
2026-08-14T16:30,33.7,46,36.8,0.0,0.0,,13.0,272,28.4,
2026-08-14T16:45,34.0,45,36.9,0.0,0.0,,12.6,270,28.4,
2026-08-14T17:00,34.1,44,36.7,0.0,0.0,,12.2,270,28.1,
2026-08-14T17:15,34.0,44,36.4,0.0,0.0,,11.9,270,27.7,
2026-08-14T17:30,33.8,44,35.8,0.0,0.0,,11.9,270,27.4,
2026-08-14T17:45,33.5,44,35.5,0.0,0.0,,11.5,270,27.0,
2026-08-14T18:00,33.3,44,35.1,0.0,0.0,,11.5,270,26.6,
2026-08-14T18:15,33.1,45,35.0,0.0,0.0,,11.5,272,26.3,
2026-08-14T18:30,32.9,46,34.9,0.0,0.0,,11.6,275,25.6,
2026-08-14T18:45,32.6,47,34.7,0.0,0.0,,11.7,279,25.2,
2026-08-14T19:00,32.3,49,34.5,0.0,0.0,,11.7,281,25.2,
2026-08-14T19:15,31.7,51,34.0,0.0,0.0,,12.1,280,25.6,
2026-08-14T19:30,31.1,54,33.5,0.0,0.0,,12.7,278,25.9,
2026-08-14T19:45,30.4,57,32.8,0.0,0.0,,13.4,278,26.6,
2026-08-14T20:00,29.8,60,32.2,0.0,0.0,,13.8,276,27.0,
2026-08-14T20:15,29.2,63,31.8,0.0,0.0,,13.8,276,27.4,
2026-08-14T20:30,28.6,66,31.3,0.0,0.0,,13.8,276,27.7,
2026-08-14T20:45,28.1,68,30.9,0.0,0.0,,13.4,275,27.7,
2026-08-14T21:00,27.6,71,30.5,0.0,0.0,,13.0,275,27.7,
2026-08-14T21:15,27.0,74,30.1,0.0,0.0,,12.6,275,27.4,
2026-08-14T21:30,26.5,77,29.6,0.0,0.0,,12.6,273,27.0,
2026-08-14T21:45,26.0,80,29.2,0.0,0.0,,12.3,273,26.3,
2026-08-14T22:00,25.5,82,28.8,0.0,0.0,,11.9,272,25.9,
2026-08-14T22:15,25.2,84,28.6,0.0,0.0,,11.5,270,25.6,
2026-08-14T22:30,25.0,85,28.4,0.0,0.0,,11.2,266,24.8,
2026-08-14T22:45,24.8,85,28.2,0.0,0.0,,10.5,262,24.5,
2026-08-14T23:00,24.6,86,28.1,0.0,0.0,,10.2,260,23.8,
2026-08-14T23:15,24.5,86,28.0,0.0,0.0,,10.0,257,23.0,
2026-08-14T23:30,24.4,86,27.9,0.0,0.0,,9.6,257,22.0,
2026-08-14T23:45,24.4,86,27.8,0.0,0.0,,9.6,257,21.2,
2026-08-15T00:00,24.3,86,27.7,0.0,0.0,,9.3,257,20.5,
2026-08-15T00:15,24.2,86,27.6,0.0,0.0,,8.9,256,20.2,
2026-08-15T00:30,24.1,86,27.5,0.0,0.0,,8.9,256,19.8,
2026-08-15T00:45,24.0,86,27.3,0.0,0.0,,8.6,255,19.4,
2026-08-15T01:00,23.9,86,27.2,0.0,0.0,,8.7,253,19.1,
2026-08-15T01:15,23.8,86,27.0,0.0,0.0,,8.8,251,18.4,
2026-08-15T01:30,23.7,86,26.9,0.0,0.0,,8.7,246,18.0,
2026-08-15T01:45,23.7,86,26.8,0.0,0.0,,8.9,243,17.3,
2026-08-15T02:00,23.6,86,26.7,0.0,0.0,,9.0,241,16.9,
2026-08-15T02:15,23.5,86,26.5,0.0,0.0,,9.0,241,16.9,
2026-08-15T02:30,23.3,86,26.3,0.0,0.0,,9.0,241,17.6,
2026-08-15T02:45,23.2,87,26.3,0.0,0.0,,8.9,243,18.0,
2026-08-15T03:00,23.1,87,26.1,0.0,0.0,,8.9,243,18.4,
2026-08-15T03:15,23.1,87,26.1,0.0,0.0,,8.5,242,18.4,
2026-08-15T03:30,23.0,88,26.1,0.0,0.0,,8.5,242,18.4,
2026-08-15T03:45,23.0,88,26.1,0.0,0.0,,8.2,241,18.4,
2026-08-15T04:00,22.9,88,26.0,0.0,0.0,,7.9,240,18.0,
2026-08-15T04:15,22.9,88,26.1,0.0,0.0,,7.6,239,17.6,
2026-08-15T04:30,22.9,88,26.1,0.0,0.0,,7.3,237,16.9,
2026-08-15T04:45,22.9,88,26.1,0.0,0.0,,6.8,238,16.2,
2026-08-15T05:00,22.9,88,26.2,0.0,0.0,,6.5,236,15.5,
2026-08-15T05:15,22.8,88,26.1,0.0,0.0,,6.2,234,14.8,
2026-08-15T05:30,22.8,88,26.1,0.0,0.0,,6.0,237,14.0,
2026-08-15T05:45,22.7,89,26.1,0.0,0.0,,5.7,235,13.3,
2026-08-15T06:00,22.6,89,26.0,0.0,0.0,,5.7,235,12.6,
2026-08-15T06:15,22.6,89,25.9,0.0,0.0,,5.7,235,12.2,
2026-08-15T06:30,22.6,90,26.0,0.0,0.0,,5.6,230,11.9,
2026-08-15T06:45,22.5,90,25.9,0.0,0.0,,5.9,227,11.9,
2026-08-15T07:00,22.5,90,25.9,0.0,0.0,,5.9,227,11.9,
2026-08-15T07:15,22.5,90,25.9,0.0,0.0,,5.9,227,11.9,
2026-08-15T07:30,22.5,90,25.9,0.0,0.0,,6.1,230,11.9,
2026-08-15T07:45,22.6,90,26.0,0.0,0.0,,6.1,230,12.2,
2026-08-15T08:00,22.7,90,26.1,0.0,0.0,,6.4,232,12.6,
2026-08-15T08:15,22.9,89,26.2,0.0,0.0,,6.7,234,13.0,
2026-08-15T08:30,23.1,88,26.5,0.0,0.0,,7.0,235,13.7,
2026-08-15T08:45,23.4,86,26.7,0.0,0.0,,7.0,235,14.4,
2026-08-15T09:00,23.7,84,26.9,0.0,0.0,,7.3,237,15.1,
2026-08-15T09:15,23.9,82,27.0,0.0,0.0,,7.3,237,15.5,
2026-08-15T09:30,24.2,79,27.2,0.0,0.0,,7.5,235,15.8,
2026-08-15T09:45,24.5,77,27.4,0.0,0.0,,7.5,235,16.2,
2026-08-15T10:00,24.9,74,27.6,0.0,0.0,,7.7,233,16.9,
2026-08-15T10:15,25.5,72,28.1,0.0,0.0,,8.2,232,17.6,
2026-08-15T10:30,26.1,69,28.7,0.0,0.0,,8.5,234,18.7,
2026-08-15T10:45,26.7,67,29.3,0.0,0.0,,9.0,233,19.4,
2026-08-15T11:00,27.2,65,29.7,0.0,0.0,,9.5,233,20.5,
2026-08-15T11:15,27.6,64,30.1,0.0,0.0,,10.0,232,21.6,
2026-08-15T11:30,27.9,63,30.5,0.0,0.0,,10.5,232,22.3,
2026-08-15T11:45,28.1,62,30.8,0.0,0.0,,10.7,230,23.0,
2026-08-15T12:00,28.3,61,31.0,0.0,0.0,,11.2,230,23.8,
2026-08-15T12:15,28.6,60,31.3,0.0,0.0,,11.5,231,24.1,
2026-08-15T12:30,28.8,59,31.6,0.0,0.0,,11.3,233,23.8,
2026-08-15T12:45,29.0,58,31.9,0.0,0.0,,11.1,234,23.8,
2026-08-15T13:00,29.2,57,32.3,0.0,0.0,,11.2,237,23.4,
2026-08-15T13:15,29.5,56,32.7,0.0,0.0,,11.3,239,23.0,
2026-08-15T13:30,29.8,55,33.1,0.0,0.0,,11.4,242,22.7,
2026-08-15T13:45,30.1,55,33.6,0.0,0.0,,11.4,246,22.3,
2026-08-15T14:00,30.3,54,33.8,0.0,0.0,,11.6,248,22.0,
2026-08-15T14:15,30.4,53,33.8,0.0,0.0,,11.8,250,22.0,
2026-08-15T14:30,30.5,53,33.9,0.0,0.0,,12.1,253,22.3,
2026-08-15T14:45,30.6,52,33.8,0.0,0.0,,12.1,253,22.3,
2026-08-15T15:00,30.7,52,33.9,0.0,0.0,,12.3,255,22.7,
2026-08-15T15:15,30.8,52,34.0,0.0,0.0,,12.3,255,22.7,
2026-08-15T15:30,30.9,51,33.9,0.0,0.0,,12.2,256,22.7,
2026-08-15T15:45,30.9,51,33.9,0.0,0.0,,12.2,256,22.7,
2026-08-15T16:00,31.0,51,33.9,0.0,0.0,,12.1,258,22.7,
2026-08-15T16:15,31.0,51,33.8,0.0,0.0,,12.1,260,22.3,
2026-08-15T16:30,30.9,50,33.4,0.0,0.0,,12.3,263,22.3,
2026-08-15T16:45,30.8,50,33.1,0.0,0.0,,12.6,267,22.0,
2026-08-15T17:00,30.7,50,32.8,0.0,0.0,,12.6,268,21.6,
2026-08-15T17:15,30.7,50,32.6,0.0,0.0,,12.6,270,21.2,
2026-08-15T17:30,30.6,50,32.3,0.0,0.0,,12.2,272,21.2,
2026-08-15T17:45,30.5,50,32.1,0.0,0.0,,11.9,272,20.9,
2026-08-15T18:00,30.4,51,32.0,0.0,0.0,,11.9,273,20.9,
2026-08-15T18:15,30.2,52,32.0,0.0,0.0,,11.9,275,21.2,
2026-08-15T18:30,30.1,53,31.8,0.0,0.0,,12.3,277,21.6,
2026-08-15T18:45,29.8,54,31.6,0.0,0.0,,12.4,278,22.0,
2026-08-15T19:00,29.5,56,31.3,0.0,0.0,,12.8,280,22.3,
2026-08-15T19:15,29.0,58,30.8,0.0,0.0,,13.1,279,22.7,
2026-08-15T19:30,28.3,61,30.2,0.0,0.0,,13.8,279,23.0,
2026-08-15T19:45,27.7,63,29.4,0.0,0.0,,14.2,277,23.4,
2026-08-15T20:00,27.1,65,28.9,0.0,0.0,,14.2,277,24.1,
2026-08-15T20:15,26.7,66,28.4,0.0,0.0,,13.8,279,25.2,
2026-08-15T20:30,26.3,67,28.0,0.0,0.0,,13.6,281,26.3,
2026-08-15T20:45,25.9,67,27.5,0.0,0.0,,12.9,283,27.4,
2026-08-15T21:00,25.5,68,27.2,0.0,0.0,,12.2,284,27.7,
2026-08-15T21:15,25.1,70,26.9,0.0,0.0,,11.5,284,27.4,
2026-08-15T21:30,24.8,73,26.9,0.0,0.0,,10.7,284,26.3,
2026-08-15T21:45,24.4,75,26.7,0.0,0.0,,10.0,283,25.2,
2026-08-15T22:00,24.2,77,26.6,0.0,0.0,,9.6,283,24.1,
2026-08-15T22:15,24.1,78,26.6,0.0,0.0,,9.3,283,23.0,
2026-08-15T22:30,24.1,79,26.7,0.0,0.0,,9.3,283,21.6,
2026-08-15T22:45,24.1,79,26.7,0.0,0.0,,9.3,283,20.5,
2026-08-15T23:00,24.0,80,26.7,0.0,0.0,,9.3,286,19.4,
2026-08-15T23:15,23.9,81,26.6,0.0,0.0,,9.4,288,19.1,
2026-08-15T23:30,23.6,83,26.4,0.0,0.0,,9.2,291,18.7,
2026-08-15T23:45,23.4,84,26.2,0.0,0.0,,9.4,293,18.7,
2026-08-16T00:00,23.2,85,26.0,0.0,0.0,,9.2,296,18.7,
2026-08-16T00:15,23.1,86,25.9,0.0,0.0,,8.9,297,18.7,
2026-08-16T00:30,23.0,86,25.8,0.0,0.0,,8.9,297,18.4,
2026-08-16T00:45,22.8,87,25.7,0.0,0.0,,8.5,298,18.4,
2026-08-16T01:00,22.7,87,25.6,0.0,0.0,,8.0,297,18.0,
2026-08-16T01:15,22.6,88,25.6,0.0,0.0,,7.4,293,17.6,
2026-08-16T01:30,22.4,88,25.5,0.0,0.0,,6.5,289,17.3,
2026-08-16T01:45,22.3,89,25.5,0.0,0.0,,5.6,285,16.6,
2026-08-16T02:00,22.2,89,25.4,0.0,0.0,,5.1,278,15.8,
2026-08-16T02:15,22.1,89,25.3,0.0,0.0,,4.7,270,14.8,
2026-08-16T02:30,22.0,90,25.3,0.0,0.0,,4.7,261,13.3,
2026-08-16T02:45,21.9,90,25.2,0.0,0.0,,4.8,257,11.9,
2026-08-16T03:00,21.8,90,25.0,0.0,0.0,,4.9,253,10.8,
2026-08-16T03:15,21.8,90,24.9,0.0,0.0,,4.9,253,10.4,
2026-08-16T03:30,21.7,91,24.9,0.0,0.0,,4.9,253,10.1,
2026-08-16T03:45,21.6,91,24.8,0.0,0.0,,4.8,257,10.1,
2026-08-16T04:00,21.6,91,24.7,0.0,0.0,,4.8,257,10.1,
2026-08-16T04:15,21.5,91,24.7,0.0,0.0,,4.6,252,10.1,
2026-08-16T04:30,21.5,90,24.7,0.0,0.0,,4.2,239,10.1,
2026-08-16T04:45,21.5,89,24.6,0.0,0.0,,4.1,225,9.7,
2026-08-16T05:00,21.5,89,24.6,0.0,0.0,,3.9,214,9.7,
2026-08-16T05:15,21.5,89,24.6,0.0,0.0,,4.0,207,9.4,
2026-08-16T05:30,21.6,89,24.7,0.0,0.0,,4.2,200,9.0,
2026-08-16T05:45,21.6,89,24.7,0.0,0.0,,4.2,200,8.6,
2026-08-16T06:00,21.6,89,24.7,0.0,0.0,,4.2,200,8.3,
2026-08-16T06:15,21.6,89,24.7,0.0,0.0,,4.2,200,8.3,
2026-08-16T06:30,21.5,90,24.7,0.0,0.0,,4.0,207,8.3,
2026-08-16T06:45,21.5,90,24.7,0.0,0.0,,3.9,214,8.3,
2026-08-16T07:00,21.5,90,24.7,0.0,0.0,,3.9,214,8.3,
2026-08-16T07:15,21.5,90,24.7,0.0,0.0,,3.7,209,8.3,
2026-08-16T07:30,21.6,89,24.7,0.0,0.0,,3.5,204,8.3,
2026-08-16T07:45,21.6,89,24.9,0.0,0.0,,3.3,193,8.3,
2026-08-16T08:00,21.7,88,24.9,0.0,0.0,,3.3,193,8.3,
2026-08-16T08:15,21.9,87,25.0,0.0,0.0,,3.4,198,8.3,
2026-08-16T08:30,22.1,87,25.4,0.0,0.0,,3.7,209,8.6,
2026-08-16T08:45,22.4,86,25.6,0.0,0.0,,4.1,218,9.0,
2026-08-16T09:00,22.6,85,25.8,0.0,0.0,,4.3,228,9.7,
2026-08-16T09:15,22.9,84,26.1,0.0,0.0,,4.8,243,10.8,
2026-08-16T09:30,23.3,82,26.3,0.0,0.0,,5.5,259,12.6,
2026-08-16T09:45,23.6,80,26.6,0.0,0.0,,6.1,270,14.0,
2026-08-16T10:00,23.9,78,26.7,0.0,0.0,,6.8,273,15.1,
2026-08-16T10:15,24.2,76,26.9,0.0,0.0,,6.8,273,15.5,
2026-08-16T10:30,24.4,75,27.1,0.0,0.0,,6.5,267,15.8,
2026-08-16T10:45,24.6,73,27.3,0.0,0.0,,6.2,263,15.5,
2026-08-16T11:00,24.9,71,27.6,0.0,0.0,,5.9,256,15.5,
2026-08-16T11:15,25.4,69,28.0,0.0,0.0,,6.0,253,15.5,
2026-08-16T11:30,25.9,66,28.3,0.0,0.0,,6.3,246,15.1,
2026-08-16T11:45,26.4,63,28.7,0.0,0.0,,6.8,245,15.1,
2026-08-16T12:00,26.9,61,29.2,0.0,0.0,,6.9,242,14.8,
2026-08-16T12:15,27.2,59,29.6,0.0,0.0,,7.1,240,14.4,
2026-08-16T12:30,27.5,58,30.0,0.0,0.0,,7.6,239,13.7,
2026-08-16T12:45,27.8,57,30.4,0.0,0.0,,7.9,240,13.0,
2026-08-16T13:00,28.1,56,31.0,0.0,0.0,,7.9,240,12.6,
2026-08-16T13:15,28.4,55,31.5,0.0,0.0,,7.7,242,12.2,
2026-08-16T13:30,28.6,54,32.0,0.0,0.0,,7.6,245,12.2,
2026-08-16T13:45,28.9,53,32.5,0.0,0.0,,7.0,249,12.2,
2026-08-16T14:00,29.2,52,32.6,0.0,0.0,,7.2,252,12.6,
2026-08-16T14:15,29.6,51,32.8,0.0,0.0,,7.5,253,13.0,
2026-08-16T14:30,30.0,49,32.8,0.0,0.0,,8.6,255,13.3,
2026-08-16T14:45,30.3,48,33.0,0.0,0.0,,9.3,257,14.0,
2026-08-16T15:00,30.6,47,33.2,0.0,0.0,,9.9,260,14.8,
2026-08-16T15:15,30.7,47,33.2,0.0,0.0,,10.5,262,15.8,
2026-08-16T15:30,30.6,48,33.2,0.0,0.0,,11.5,266,17.3,
2026-08-16T15:45,30.6,48,32.9,0.0,0.0,,12.2,270,18.7,
2026-08-16T16:00,30.5,49,32.8,0.0,0.0,,12.6,273,19.8,
2026-08-16T16:15,30.4,50,32.7,0.0,0.0,,13.0,275,20.5,
2026-08-16T16:30,30.2,51,32.5,0.0,0.0,,12.6,275,21.2,
2026-08-16T16:45,30.1,51,32.2,0.0,0.0,,12.7,277,22.0,
2026-08-16T17:00,29.9,52,31.9,0.0,0.0,,12.7,277,22.3,
2026-08-16T17:15,29.8,52,31.6,0.0,0.0,,12.7,277,22.7,
2026-08-16T17:30,29.7,52,31.2,0.0,0.0,,13.1,278,23.0,
2026-08-16T17:45,29.6,52,30.8,0.0,0.0,,13.4,278,23.0,
2026-08-16T18:00,29.4,52,30.6,0.0,0.0,,13.4,278,23.4,
2026-08-16T18:15,29.2,52,30.3,0.0,0.0,,13.4,278,23.4,
2026-08-16T18:30,29.0,53,30.1,0.0,0.0,,13.4,278,23.8,
2026-08-16T18:45,28.7,54,29.9,0.0,0.0,,13.1,279,23.8,
2026-08-16T19:00,28.4,55,29.6,0.0,0.0,,13.1,279,23.8,
2026-08-16T19:15,28.1,56,29.4,0.0,0.0,,12.8,281,23.8,
2026-08-16T19:30,27.8,57,29.0,0.0,0.0,,12.8,281,23.8,
2026-08-16T19:45,27.4,58,28.7,0.0,0.0,,12.6,283,23.8,
2026-08-16T20:00,27.0,60,28.4,0.0,0.0,,12.3,285,23.8,
2026-08-16T20:15,26.6,62,28.1,0.0,0.0,,12.1,287,23.8,
2026-08-16T20:30,26.1,65,27.8,0.0,0.0,,11.8,290,23.8,
2026-08-16T20:45,25.7,68,27.6,0.0,0.0,,11.2,291,23.4,
2026-08-16T21:00,25.3,70,27.2,0.0,0.0,1,11.0,293,23.4,1015.0
2026-08-16T21:30,24.6,73,26.6,0.0,0.0,0,10.5,297,23.0,1015.4
2026-08-16T21:45,24.3,74,26.4,0.0,0.0,0,9.8,298,22.3,1015.6
2026-08-16T22:15,23.7,76,26.0,0.0,0.0,0,8.4,295,21.2,1015.5
2026-08-16T22:45,23.3,79,25.8,0.0,0.0,0,7.4,284,19.8,1015.3
2026-08-16T23:15,22.9,81,25.5,0.0,0.0,0,6.6,283,17.6,1015.3
2026-08-16T23:30,22.6,82,25.3,0.0,0.0,0,6.3,283,16.2,1015.4
2026-08-16T23:45,22.5,83,25.2,0.0,0.0,0,5.9,284,15.1,1015.5
2026-08-16T21:15,25.1,70,27.0,0.0,0.0,,10.8,291,23.8,
2026-08-17T00:15,22.1,85,24.9,0.0,0.0,2,5.9,281,13.3,1015.7
2026-08-17T00:45,21.9,86,24.7,0.0,0.0,2,5.4,274,12.6,1016.0
2026-08-17T01:15,21.7,88,24.6,0.0,0.0,3,5.4,266,11.9,1016.1
2026-08-16T22:00,24.1,74,26.1,0.0,0.0,,9.8,294,22.3,
2026-08-16T22:30,23.5,77,25.8,0.0,0.0,,8.3,288,20.5,
2026-08-16T23:00,23.1,80,25.6,0.0,0.0,,6.9,279,18.7,
2026-08-17T01:30,21.6,88,24.5,0.0,0.0,3,5.2,258,11.5,1016.1
2026-08-17T01:45,21.5,89,24.4,0.0,0.0,3,5.2,254,11.2,1016.0
2026-08-17T03:30,21.2,90,24.1,0.0,0.0,2,5.0,240,10.4,1015.9
2026-08-17T04:45,21.3,89,24.1,0.0,0.0,2,4.8,228,9.0,1015.7
2026-08-17T05:45,21.1,89,24.0,0.0,0.0,3,3.8,221,8.6,1015.6
2026-08-17T06:30,21.5,88,24.5,0.0,0.0,2,3.6,217,7.6,1015.5
2026-08-17T00:00,22.4,84,25.1,0.0,0.0,,5.8,277,14.4,
2026-08-17T00:30,22.1,86,24.9,0.0,0.0,,5.4,274,13.3,
2026-08-17T01:00,21.8,87,24.7,0.0,0.0,,5.4,270,12.2,
2026-08-17T02:00,21.5,88,24.3,0.0,0.0,,5.2,258,10.8,
2026-08-17T02:15,21.4,88,24.2,0.0,0.0,,5.2,258,10.4,
2026-08-17T02:30,21.4,88,24.1,0.0,0.0,,5.2,254,10.4,
2026-08-17T02:45,21.3,88,24.1,0.0,0.0,,4.9,253,10.1,
2026-08-17T03:00,21.3,88,24.1,0.0,0.0,,4.9,253,10.1,
2026-08-17T03:15,21.3,88,24.1,0.0,0.0,,4.9,253,9.7,
2026-08-17T03:45,21.3,88,24.0,0.0,0.0,,4.7,247,9.4,
2026-08-17T04:00,21.3,88,24.1,0.0,0.0,,4.5,241,9.4,
2026-08-17T04:15,21.4,88,24.2,0.0,0.0,,4.4,235,9.4,
2026-08-17T04:30,21.5,87,24.4,0.0,0.0,,4.3,228,9.4,
2026-08-17T07:15,21.4,88,24.5,0.0,0.0,2,3.3,229,7.2,1015.7
2026-08-17T05:00,21.7,87,24.6,0.0,0.0,,4.1,218,9.0,
2026-08-17T05:15,21.7,87,24.6,0.0,0.0,,4.1,218,8.6,
2026-08-17T07:45,21.5,87,24.4,0.0,0.0,2,3.4,238,7.6,1016.0
2026-08-17T09:00,22.5,84,25.4,0.0,0.0,2,5.1,219,10.8,1016.0
2026-08-17T09:45,23.6,78,26.2,0.0,0.0,2,6.6,248,14.8,1016.1
2026-08-17T05:30,21.6,87,24.6,0.0,0.0,,3.9,214,8.6,
2026-08-17T06:00,21.5,88,24.6,0.0,0.0,,3.6,217,7.9,
2026-08-17T06:15,21.5,88,24.5,0.0,0.0,,3.6,217,7.6,
2026-08-17T06:45,21.4,88,24.5,0.0,0.0,,3.3,221,7.2,
2026-08-17T07:00,21.4,88,24.5,0.0,0.0,,3.3,221,7.2,
2026-08-17T07:30,21.4,88,24.4,0.0,0.0,,3.6,233,7.2,
2026-08-17T08:00,21.6,87,24.5,0.0,0.0,,3.7,241,7.9,
2026-08-17T10:45,25.3,67,27.4,0.0,0.0,2,7.6,270,16.9,1016.7
2026-08-17T11:30,26.4,61,28.1,0.0,0.0,3,9.1,277,19.8,1016.8
2026-08-17T08:15,21.8,85,24.7,0.0,0.0,,3.6,233,8.3,
2026-08-17T08:30,22.0,85,25.0,0.0,0.0,,4.1,225,9.0,
2026-08-17T08:45,22.3,84,25.2,0.0,0.0,,4.1,218,9.7,
2026-08-17T09:15,22.8,82,25.8,0.0,0.0,,4.8,228,11.5,
2026-08-17T09:30,23.2,80,26.0,0.0,0.0,,5.5,238,12.2,
2026-08-17T12:15,27.1,58,28.5,0.0,0.0,3,10.5,278,21.2,1016.8
2026-08-17T10:00,23.9,76,26.5,0.0,0.0,,6.6,257,14.4,
2026-08-17T10:15,24.3,73,26.8,0.0,0.0,,6.9,261,15.1,
2026-08-17T13:00,27.6,57,29.2,0.0,0.0,3,10.9,276,20.2,1016.7
2026-08-17T10:30,24.8,70,27.1,0.0,0.0,,7.2,267,16.2,
2026-08-17T11:00,25.7,65,27.7,0.0,0.0,,7.9,273,17.6,
2026-08-17T13:15,27.8,56,29.5,0.0,0.0,3,10.9,276,20.2,1016.7
2026-08-17T11:15,26.0,63,27.9,0.0,0.0,,8.3,275,18.7,
2026-08-17T13:45,28.3,54,30.1,0.0,0.0,3,11.2,274,20.9,1016.5
2026-08-17T14:30,28.8,52,30.3,0.0,0.0,3,12.2,270,22.0,1016.4
2026-08-17T15:15,29.0,52,30.7,0.0,0.0,3,13.3,268,23.4,1016.4
2026-08-17T11:45,26.7,60,28.3,0.0,0.0,,9.8,278,20.5,
2026-08-17T12:00,26.9,59,28.4,0.0,0.0,,10.2,278,21.2,
2026-08-17T12:30,27.3,58,28.8,0.0,0.0,,10.5,278,20.9,
2026-08-17T12:45,27.4,58,28.9,0.0,0.0,,10.9,276,20.5,
2026-08-17T16:00,29.1,52,30.8,0.0,0.0,3,14.1,274,25.2,1016.4
2026-08-17T13:30,28.0,55,29.8,0.0,0.0,,11.2,276,20.5,
2026-08-17T14:00,28.5,53,30.2,0.0,0.0,,11.5,274,21.2,
2026-08-17T16:30,29.1,51,30.6,0.0,0.0,3,14.2,277,25.9,1016.4
2026-08-17T14:15,28.6,53,30.3,0.0,0.0,,11.9,272,21.6,
2026-08-17T14:45,28.9,52,30.5,0.0,0.0,,12.6,267,22.3,
2026-08-17T17:00,29.1,50,30.2,0.0,0.0,3,14.2,279,26.6,1016.3
2026-08-17T15:00,29.0,52,30.6,0.0,0.0,,13.0,267,22.7,
2026-08-17T17:30,29.0,50,29.6,0.0,0.0,3,14.2,279,26.6,1016.2
2026-08-17T15:30,29.1,52,30.8,0.0,0.0,,13.7,270,24.1,
2026-08-17T17:45,28.9,50,29.4,0.0,0.0,3,14.2,279,26.6,1016.1
2026-08-17T15:45,29.1,52,30.9,0.0,0.0,,13.7,273,24.5,
2026-08-17T18:30,28.7,50,29.4,0.0,0.0,1,12.8,281,27.0,1015.8
2026-08-17T16:15,29.1,52,30.8,0.0,0.0,,14.1,276,25.6,
2026-08-17T19:00,28.5,51,29.3,0.0,0.0,1,12.2,284,27.0,1015.6
2026-08-17T19:30,28.0,53,28.9,0.0,0.0,2,12.3,285,26.3,1015.4
2026-08-17T20:00,27.3,57,28.3,0.0,0.0,2,12.5,288,25.6,1015.3
2026-08-17T16:45,29.1,50,30.3,0.0,0.0,,14.2,279,26.3,
2026-08-17T17:15,29.1,50,29.9,0.0,0.0,,14.2,279,26.6,
2026-08-17T18:00,28.8,50,29.3,0.0,0.0,,13.8,279,26.6,
2026-08-17T18:15,28.7,50,29.3,0.0,0.0,,13.5,279,26.6,
2026-08-17T21:00,24.7,72,26.3,0.0,0.0,2,13.2,296,27.0,1015.8
2026-08-17T18:45,28.6,50,29.3,0.0,0.0,,12.5,282,27.0,
2026-08-17T21:30,23.8,75,25.5,0.0,0.0,3,11.5,302,27.4,1015.9
2026-08-17T19:15,28.3,52,28.9,0.0,0.0,,14.1,283,26.6,
2026-08-17T22:00,23.1,77,24.8,0.0,0.0,3,10.6,305,26.6,1016.1
2026-08-17T19:45,27.7,55,28.6,0.0,0.0,,13.1,286,25.9,
2026-08-17T22:30,22.6,78,24.3,0.0,0.0,3,9.5,307,24.8,1016.4
2026-08-17T23:00,22.2,79,24.1,0.0,0.0,3,8.4,310,22.3,1016.7
2026-08-17T20:15,26.7,60,27.9,0.0,0.0,,12.6,290,25.9,
2026-08-17T20:30,26.0,65,27.5,0.0,0.0,,12.6,294,26.3,
2026-08-17T20:45,25.3,69,27.0,0.0,0.0,,12.4,296,26.6,
2026-08-17T23:30,21.9,80,23.8,0.0,0.0,0,7.7,311,20.2,1016.9
2026-08-17T21:15,24.2,74,26.0,0.0,0.0,,12.1,300,27.0,
2026-08-17T23:45,21.7,80,23.5,0.0,0.0,0,7.4,313,19.1,1017.0
2026-08-17T21:45,23.4,76,25.1,0.0,0.0,,11.2,303,27.0,
2026-08-18T00:30,21.2,83,23.3,0.0,0.0,0,6.5,304,16.9,1017.2
2026-08-18T00:45,21.1,83,23.1,0.0,0.0,0,6.1,298,16.2,1017.2
2026-08-18T01:30,20.7,85,22.7,0.0,0.0,0,6.0,287,15.1,1017.2
2026-08-18T01:45,20.6,86,22.7,0.0,0.0,0,5.9,284,15.1,1017.1
2026-08-17T22:15,22.8,78,24.6,0.0,0.0,,10.0,308,25.9,
2026-08-17T22:45,22.4,79,24.3,0.0,0.0,,8.9,310,23.4,
2026-08-17T23:15,22.0,79,23.8,0.0,0.0,,8.2,311,21.2,
2026-08-18T03:00,20.1,87,22.0,0.0,0.0,0,5.9,284,14.4,1016.9
2026-08-18T00:00,21.5,81,23.4,0.0,0.0,,7.1,311,18.4,
2026-08-18T00:15,21.4,82,23.3,0.0,0.0,,6.9,309,17.6,
2026-08-18T01:00,20.9,84,23.0,0.0,0.0,,6.0,295,15.8,
2026-08-18T04:15,19.7,89,21.8,0.0,0.0,1,5.1,278,12.6,1016.8
2026-08-18T01:15,20.8,85,23.0,0.0,0.0,,5.8,292,15.5,
2026-08-18T02:00,20.5,86,22.5,0.0,0.0,,5.9,284,14.8,
2026-08-18T02:15,20.4,86,22.4,0.0,0.0,,5.9,284,14.8,
2026-08-18T05:15,19.5,88,21.5,0.0,0.0,0,5.1,274,11.5,1016.7
2026-08-18T02:30,20.3,87,22.3,0.0,0.0,,5.9,284,14.8,
2026-08-18T02:45,20.2,87,22.2,0.0,0.0,,5.9,284,14.4,
2026-08-18T03:15,20.0,88,22.0,0.0,0.0,,5.9,284,14.0,
2026-08-18T06:00,19.6,88,21.6,0.0,0.0,0,4.7,266,10.4,1016.5
2026-08-18T03:30,19.9,88,22.0,0.0,0.0,,5.5,281,13.7,
2026-08-18T03:45,19.8,89,22.0,0.0,0.0,,5.1,278,13.3,
2026-08-18T04:00,19.8,89,21.9,0.0,0.0,,5.1,278,13.0,
2026-08-18T06:45,19.5,90,21.8,0.0,0.0,1,4.1,255,10.4,1016.6
2026-08-18T07:15,19.6,90,21.8,0.0,0.0,1,4.3,246,10.4,1016.6
2026-08-18T04:30,19.6,89,21.7,0.0,0.0,,5.1,278,12.6,
2026-08-18T04:45,19.6,88,21.5,0.0,0.0,,5.1,278,12.2,
2026-08-18T05:00,19.5,88,21.5,0.0,0.0,,5.1,278,11.9,
2026-08-18T07:45,19.8,90,22.1,0.0,0.0,1,4.9,234,10.4,1016.6
2026-08-18T05:30,19.5,88,21.5,0.0,0.0,,5.1,274,11.2,
2026-08-18T05:45,19.6,88,21.6,0.0,0.0,,4.7,270,10.8,
2026-08-18T08:30,20.6,87,22.9,0.0,0.0,1,5.2,236,11.5,1016.8
2026-08-18T06:15,19.6,88,21.6,0.0,0.0,,4.7,261,10.4,
2026-08-18T06:30,19.5,89,21.6,0.0,0.0,,4.4,261,10.4,
2026-08-18T09:15,21.7,82,24.0,0.0,0.0,1,5.6,255,14.0,1017.0
2026-08-18T07:00,19.5,90,21.7,0.0,0.0,,4.2,250,10.4,
2026-08-18T10:00,23.2,74,25.2,0.0,0.0,1,7.2,270,17.6,1016.9
2026-08-18T07:30,19.7,90,21.9,0.0,0.0,,4.7,238,10.4,
2026-08-18T08:00,20.0,89,22.2,0.0,0.0,,5.1,231,10.4,
2026-08-18T10:45,24.7,65,26.3,0.0,0.0,1,7.9,286,19.4,1016.9
2026-08-18T11:15,25.6,60,27.4,0.0,0.0,1,8.2,285,19.8,1016.9
2026-08-18T08:15,20.3,88,22.5,0.0,0.0,,5.1,231,10.8,
2026-08-18T08:45,20.9,86,23.2,0.0,0.0,,5.5,247,12.2,
2026-08-18T09:00,21.3,84,23.6,0.0,0.0,,5.7,252,13.0,
2026-08-18T09:30,22.2,79,24.3,0.0,0.0,,6.6,261,15.5,
2026-08-18T12:00,26.7,55,28.8,0.0,0.0,1,9.0,275,19.8,1016.7
2026-08-18T12:30,27.4,53,29.8,0.0,0.0,1,9.1,279,19.4,1016.6
2026-08-18T09:45,22.7,77,24.8,0.0,0.0,,7.2,267,16.6,
2026-08-18T10:15,23.7,71,25.6,0.0,0.0,,7.6,275,18.4,
2026-08-18T10:30,24.2,68,26.0,0.0,0.0,,7.7,281,19.1,
2026-08-18T13:00,28.0,51,30.6,0.0,0.0,1,9.0,286,18.7,1016.4
2026-08-18T11:00,25.2,62,26.8,0.0,0.0,,8.0,288,19.8,
2026-08-18T13:30,28.6,49,31.3,0.0,0.0,2,8.8,289,17.6,1016.1
2026-08-18T11:30,26.0,58,27.8,0.0,0.0,,8.5,282,20.2,
2026-08-18T14:00,29.1,46,31.6,0.0,0.0,2,8.9,291,16.2,1015.8
2026-08-18T11:45,26.4,56,28.3,0.0,0.0,,8.7,277,19.8,
2026-08-18T15:00,30.0,42,32.1,0.0,0.0,0,9.8,287,15.1,1015.2
2026-08-18T15:45,30.0,45,31.9,0.0,0.0,1,11.1,283,16.6,1014.3
2026-08-18T16:30,30.1,44,31.5,0.0,0.0,1,11.6,286,18.0,1014.1
2026-08-18T12:15,26.6,55,28.9,0.0,0.0,,8.0,280,16.6,
2026-08-18T12:45,27.1,52,29.6,0.0,0.0,,8.4,277,14.8,
2026-08-18T13:15,27.8,50,30.5,0.0,0.0,,8.4,277,14.0,
2026-08-18T13:45,28.7,48,31.4,0.0,0.0,,8.7,277,14.0,
2026-08-18T14:15,29.3,47,32.0,0.0,0.0,,9.4,277,14.8,
2026-08-18T14:30,29.5,46,32.0,0.0,0.0,,9.8,278,14.8,
2026-08-18T17:00,30.1,44,31.1,0.0,0.0,1,12.1,287,19.1,1014.0
2026-08-18T17:45,29.7,45,30.1,0.0,0.0,0,12.4,292,21.2,1013.9
2026-08-18T14:45,29.6,46,32.2,0.0,0.0,,9.8,278,15.1,
2026-08-18T15:15,29.9,46,32.2,0.0,0.0,,10.7,282,15.8,
2026-08-18T15:30,29.9,46,32.1,0.0,0.0,,10.7,284,16.2,
2026-08-18T18:15,29.3,47,29.9,0.0,0.0,0,12.2,294,19.8,1014.1
2026-08-18T16:00,30.0,45,31.9,0.0,0.0,,11.2,285,16.9,
2026-08-18T16:15,30.1,45,31.8,0.0,0.0,,11.2,285,17.3,
2026-08-18T18:45,28.7,50,29.4,0.0,0.0,0,12.2,298,20.9,1013.6
2026-08-18T19:30,27.7,53,28.4,0.0,0.0,0,12.3,302,21.6,1013.6
2026-08-18T16:45,30.1,45,31.5,0.0,0.0,,11.3,287,18.7,
2026-08-18T17:15,30.0,45,31.0,0.0,0.0,,11.4,288,19.4,
2026-08-18T17:30,29.9,45,30.6,0.0,0.0,,11.8,290,19.4,
2026-08-18T20:00,26.9,55,27.7,0.0,0.0,0,11.9,305,22.0,1013.7
2026-08-18T18:00,29.6,46,30.1,0.0,0.0,,12.1,293,19.4,
2026-08-18T20:45,25.5,61,26.5,0.0,0.0,0,11.0,308,22.7,1013.6
2026-08-18T18:30,29.0,48,29.6,0.0,0.0,,12.4,296,20.2,
2026-08-18T21:15,24.6,66,25.9,0.0,0.0,0,10.5,311,22.3,1013.6
2026-08-18T19:00,28.3,51,29.1,0.0,0.0,,12.4,300,21.2,
2026-08-18T19:15,28.0,52,28.7,0.0,0.0,,12.3,302,21.6,
2026-08-18T21:45,24.0,72,25.6,0.0,0.0,0,10.4,314,22.3,1013.3
2026-08-18T19:45,27.7,52,28.4,0.0,0.0,,12.0,303,22.0,
2026-08-18T22:15,23.1,77,25.0,0.0,0.0,0,9.9,316,21.6,1013.3
2026-08-18T20:15,27.0,54,27.8,0.0,0.0,,11.4,305,22.3,
2026-08-18T22:45,22.5,79,24.4,0.0,0.0,0,8.9,320,20.9,1013.4
2026-08-18T20:30,26.5,56,27.2,0.0,0.0,,11.6,306,22.7,
2026-08-18T23:15,21.9,82,23.8,0.0,0.0,0,8.5,324,19.4,1013.4
2026-08-18T21:00,25.4,61,26.4,0.0,0.0,,11.0,308,23.0,
2026-08-18T23:45,21.4,85,23.5,0.0,0.0,0,7.8,326,17.6,1013.5
2026-08-18T21:30,24.4,68,25.8,0.0,0.0,,10.7,312,22.7,
2026-08-19T00:15,21.0,87,23.1,0.0,0.0,0,7.4,331,16.2,1013.5
2026-08-19T00:45,20.8,87,23.0,0.0,0.0,0,6.8,335,15.1,1013.7
2026-08-18T22:00,23.5,75,25.3,0.0,0.0,,10.2,315,22.0,
2026-08-18T22:30,22.9,78,24.7,0.0,0.0,,9.7,318,21.2,
2026-08-19T01:15,20.5,88,22.8,0.0,0.0,0,6.0,335,14.4,1013.6
2026-08-19T01:45,20.2,89,22.5,0.0,0.0,0,5.6,333,13.0,1013.3
2026-08-18T23:00,22.4,79,24.3,0.0,0.0,,8.7,322,20.2,
2026-08-18T23:30,21.8,82,23.8,0.0,0.0,,8.3,326,18.7,
2026-08-19T03:00,19.8,90,22.1,0.0,0.0,0,4.1,322,10.4,1012.5
2026-08-19T04:30,19.4,92,21.8,0.0,0.0,1,3.6,323,8.6,1012.2
2026-08-19T05:15,19.3,92,21.7,0.0,0.0,1,2.7,337,7.6,1012.0
2026-08-19T00:00,21.3,85,23.4,0.0,0.0,,7.6,329,16.9,
2026-08-19T00:30,21.0,86,23.1,0.0,0.0,,6.9,332,15.8,
2026-08-19T01:00,20.7,87,22.9,0.0,0.0,,6.3,336,14.8,
2026-08-19T01:30,20.4,89,22.7,0.0,0.0,,5.8,338,13.7,
2026-08-19T02:00,20.2,90,22.5,0.0,0.0,,5.2,335,12.6,
2026-08-19T02:15,20.1,90,22.4,0.0,0.0,,4.8,333,11.9,
2026-08-19T02:30,20.0,90,22.3,0.0,0.0,,4.8,333,11.2,
2026-08-19T02:45,19.9,90,22.2,0.0,0.0,,4.7,328,10.4,
2026-08-19T03:15,19.7,90,22.0,0.0,0.0,,4.7,328,9.7,
2026-08-19T03:30,19.7,90,21.9,0.0,0.0,,4.4,325,9.7,
2026-08-19T06:00,19.3,92,21.9,0.0,0.0,1,1.9,338,5.8,1011.8
2026-08-19T03:45,19.6,91,21.9,0.0,0.0,,4.4,325,9.7,
2026-08-19T04:00,19.5,91,21.8,0.0,0.0,,4.1,322,9.4,
2026-08-19T06:45,19.2,93,21.8,0.0,0.0,0,1.6,333,4.3,1011.4
2026-08-19T07:15,19.2,93,21.9,0.0,0.0,0,1.3,304,3.6,1011.3
2026-08-19T04:15,19.5,91,21.8,0.0,0.0,,3.9,326,9.0,
2026-08-19T04:45,19.4,92,21.8,0.0,0.0,,3.1,339,8.3,
2026-08-19T05:00,19.3,92,21.8,0.0,0.0,,3.0,346,7.9,
2026-08-19T07:45,19.2,92,21.9,0.0,0.0,0,1.4,270,3.2,1011.3
2026-08-19T05:30,19.3,92,21.8,0.0,0.0,,2.5,352,7.2,
2026-08-19T05:45,19.3,92,21.8,0.0,0.0,,2.2,351,6.5,
2026-08-19T08:30,19.9,86,22.2,0.0,0.0,1,2.5,262,5.4,1011.3
2026-08-19T06:15,19.2,92,21.9,0.0,0.0,,1.5,346,5.4,
2026-08-19T06:30,19.2,93,21.9,0.0,0.0,,1.6,333,5.0,
2026-08-19T09:15,20.9,79,22.8,0.0,0.0,2,4.1,285,9.7,1011.3
2026-08-19T07:00,19.2,93,21.9,0.0,0.0,,1.5,315,4.0,
2026-08-19T10:00,22.3,72,23.6,0.0,0.0,2,8.4,277,18.0,1011.3
2026-08-19T07:30,19.2,91,21.7,0.0,0.0,,1.8,259,3.2,
2026-08-19T08:00,19.3,89,21.6,0.0,0.0,,2.9,240,3.6,
2026-08-19T10:45,23.7,65,24.7,0.0,0.0,1,9.1,279,20.2,1011.2
2026-08-19T08:15,19.5,88,21.7,0.0,0.0,,3.2,243,5.0,
2026-08-19T08:45,20.1,85,22.1,0.0,0.0,,4.5,256,9.0,
2026-08-19T11:30,25.0,61,26.4,0.0,0.0,2,10.2,278,22.3,1011.0
2026-08-19T09:00,20.4,83,22.3,0.0,0.0,,5.1,262,11.2,
2026-08-19T09:30,21.3,78,22.9,0.0,0.0,,6.8,273,14.8,
2026-08-19T12:00,25.6,59,27.4,0.0,0.0,2,10.5,276,23.4,1010.9
2026-08-19T09:45,21.8,75,23.3,0.0,0.0,,7.6,275,16.6,
2026-08-19T12:45,26.3,56,28.2,0.0,0.0,2,11.2,270,24.1,1010.7
2026-08-19T10:15,22.8,69,23.9,0.0,0.0,,8.8,279,19.1,
2026-08-19T10:30,23.3,67,24.3,0.0,0.0,,9.1,279,19.8,
