timestamp,temperature_2m,relative_humidity_2m,apparent_temperature,precipitation,rain,weather_code,wind_speed_10m,wind_direction_10m,wind_gusts_10m,surface_pressure
2026-07-06T00:00,24.0,80,27.3,0.0,0.0,0,4.3,175,11.5,1016.1
2026-07-06T01:00,23.6,80,26.6,0.0,0.0,0,5.4,172,14.0,1016.0
2026-07-06T02:00,21.6,89,24.7,0.0,0.0,0,4.4,171,15.8,1015.5
2026-07-06T03:00,21.7,86,24.4,0.0,0.0,0,5.0,159,14.0,1015.0
2026-07-06T04:00,21.8,81,24.0,0.0,0.0,0,5.3,145,14.4,1014.7
2026-07-06T05:00,21.6,72,23.0,0.0,0.0,0,5.5,128,14.8,1014.5
2026-07-06T06:00,21.2,66,21.9,0.0,0.0,0,5.6,119,14.8,1014.6
2026-07-06T07:00,22.2,59,22.4,0.0,0.0,0,6.6,116,15.8,1014.7
2026-07-06T08:00,24.1,60,25.0,0.0,0.0,0,7.1,135,19.8,1014.7
2026-07-06T09:00,26.1,61,27.6,0.0,0.0,0,9.3,162,23.8,1014.9
2026-07-06T10:00,27.3,63,29.5,0.0,0.0,0,10.8,170,27.7,1015.1
2026-07-06T11:00,28.2,62,31.4,0.0,0.0,0,12.2,178,31.3,1015.1
2026-07-06T12:00,28.9,59,32.6,0.0,0.0,0,12.7,188,33.1,1015.2
2026-07-06T13:00,29.2,59,33.3,0.0,0.0,0,12.2,189,33.8,1015.3
2026-07-06T14:00,30.9,52,34.9,0.0,0.0,0,11.9,207,32.4,1014.9
2026-07-06T15:00,30.5,55,34.6,0.0,0.0,0,11.3,198,30.6,1014.8
2026-07-06T16:00,30.4,55,34.3,0.0,0.0,0,11.4,195,34.2,1014.5
2026-07-06T17:00,30.1,55,33.2,0.0,0.0,0,10.2,198,29.9,1014.4
2026-07-06T18:00,29.7,56,32.4,0.0,0.0,0,7.8,193,27.0,1014.1
2026-07-06T19:00,28.9,59,31.7,0.0,0.0,0,6.6,202,22.0,1013.8
2026-07-06T20:00,27.7,67,31.1,0.0,0.0,0,7.1,204,18.0,1013.7
2026-07-06T21:00,26.4,76,30.2,0.0,0.0,0,6.5,193,17.3,1013.9
2026-07-06T22:00,25.6,81,30.1,0.0,0.0,0,2.9,187,14.8,1014.5
2026-07-06T23:00,25.0,84,29.4,0.0,0.0,0,3.1,193,8.6,1015.1
2026-07-07T00:00,24.5,87,28.8,0.0,0.0,0,4.4,192,11.5,1015.4
2026-07-07T01:00,23.9,91,28.5,0.0,0.0,0,3.3,189,11.5,1015.7
2026-07-07T02:00,22.9,93,27.5,0.0,0.0,0,0.9,169,9.0,1015.8
2026-07-07T03:00,22.7,94,27.1,0.0,0.0,0,1.7,131,5.4,1015.5
2026-07-07T04:00,22.5,92,26.7,0.0,0.0,0,1.8,114,5.8,1015.3
2026-07-07T05:00,22.3,89,26.2,0.0,0.0,0,1.1,108,5.4,1015.3
2026-07-07T06:00,22.2,86,25.8,0.0,0.0,0,0.7,104,4.3,1015.5
2026-07-07T07:00,23.7,81,27.5,0.0,0.0,0,1.3,135,4.0,1015.8
2026-07-07T08:00,24.9,74,28.6,0.0,0.0,0,0.7,180,10.4,1016.1
2026-07-07T09:00,26.5,73,30.5,0.0,0.0,0,3.1,193,13.0,1016.5
2026-07-07T10:00,27.8,69,31.8,0.0,0.0,0,4.6,206,16.9,1016.4
2026-07-07T11:00,29.1,65,34.0,0.0,0.0,0,5.1,225,18.0,1016.6
2026-07-07T12:00,29.9,64,35.3,0.0,0.0,0,7.5,230,22.3,1016.8
2026-07-07T13:00,30.5,60,35.7,0.0,0.0,0,8.9,236,24.5,1016.9
2026-07-07T14:00,31.9,53,36.7,0.0,0.0,0,8.9,242,25.6,1016.3
2026-07-07T15:00,31.5,55,36.6,0.0,0.0,0,8.4,245,24.1,1016.1
2026-07-07T16:00,31.6,56,36.4,0.0,0.0,0,8.4,254,23.0,1015.7
2026-07-07T17:00,31.0,58,35.3,0.0,0.0,0,9.0,267,22.7,1015.7
2026-07-07T18:00,30.1,62,33.8,0.0,0.0,0,8.5,265,22.7,1015.4
2026-07-07T19:00,29.1,65,33.0,0.0,0.0,0,6.9,264,21.2,1015.1
2026-07-07T20:00,28.2,66,31.8,0.0,0.0,0,6.1,265,16.9,1014.9
2026-07-07T21:00,26.5,73,30.1,0.0,0.0,0,5.8,256,12.6,1014.9
2026-07-07T22:00,25.0,81,29.1,0.0,0.0,0,3.6,243,10.8,1015.3
2026-07-07T23:00,24.3,85,28.7,0.0,0.0,0,1.6,207,7.6,1015.6
2026-07-08T00:00,23.7,87,28.1,0.0,0.0,0,1.3,164,4.3,1015.5
2026-07-08T01:00,23.0,90,27.4,0.0,0.0,0,1.2,153,3.2,1015.4
2026-07-08T02:00,20.7,97,24.5,0.0,0.0,0,1.0,149,2.9,1014.5
2026-07-08T03:00,20.5,99,24.4,0.0,0.0,1,0.6,146,3.2,1014.3
2026-07-08T04:00,20.6,92,23.8,0.0,0.0,1,1.5,120,3.2,1014.2
2026-07-08T05:00,21.1,84,23.9,0.0,0.0,2,1.7,131,4.3,1013.8
2026-07-08T06:00,21.4,83,24.2,0.0,0.0,1,2.0,135,4.3,1013.7
2026-07-08T07:00,22.9,73,25.3,0.0,0.0,1,2.4,132,5.8,1013.7
2026-07-08T08:00,23.9,84,27.7,0.0,0.0,2,3.7,169,10.8,1013.4
2026-07-08T09:00,26.1,74,29.6,0.0,0.0,0,6.3,207,17.3,1013.3
2026-07-08T10:00,27.6,69,31.1,0.0,0.0,0,7.5,207,21.2,1013.3
2026-07-08T11:00,28.9,64,33.3,0.0,0.0,0,7.9,210,22.3,1013.3
2026-07-08T12:00,29.7,60,34.3,0.0,0.0,0,10.3,218,27.0,1013.1
2026-07-08T13:00,30.3,54,34.3,0.0,0.0,0,12.3,218,31.7,1013.0
2026-07-08T14:00,31.6,45,34.8,0.0,0.0,0,13.7,218,33.1,1012.3
2026-07-08T15:00,30.8,51,34.4,0.0,0.0,0,14.8,212,36.4,1011.9
2026-07-08T16:00,30.4,56,34.3,0.0,0.0,0,13.8,207,36.4,1011.4
2026-07-08T17:00,30.0,60,33.8,0.0,0.0,0,12.4,199,33.8,1011.0
2026-07-08T18:00,29.3,65,32.6,0.0,0.0,0,11.6,204,31.0,1010.5
2026-07-08T19:00,28.3,71,31.9,0.0,0.0,0,11.2,199,28.8,1010.1
2026-07-08T20:00,27.5,76,31.4,0.0,0.0,0,10.1,209,26.6,1009.5
2026-07-08T21:00,26.1,84,30.3,0.0,0.0,0,8.9,205,22.7,1009.6
2026-07-08T22:00,25.1,88,29.9,0.0,0.0,0,4.5,180,19.1,1010.0
2026-07-08T23:00,24.1,89,28.7,0.0,0.0,0,2.9,137,10.8,1010.3
2026-07-09T00:00,23.5,87,27.5,0.0,0.0,0,3.1,135,8.3,1010.2
2026-07-09T01:00,22.7,83,26.0,0.0,0.0,0,3.2,128,8.6,1009.8
2026-07-09T02:00,20.0,86,22.0,0.0,0.0,0,4.8,121,9.4,1009.4
2026-07-09T03:00,20.1,75,21.4,0.0,0.0,0,3.9,103,11.9,1009.0
2026-07-09T04:00,20.1,68,20.9,0.0,0.0,0,3.6,99,10.4,1008.6
2026-07-09T05:00,20.0,66,20.5,0.0,0.0,0,3.7,101,10.4,1008.4
2026-07-09T06:00,20.1,68,20.8,0.0,0.0,0,3.6,110,10.4,1008.3
2026-07-09T07:00,22.1,65,23.2,0.0,0.0,0,3.5,114,10.8,1008.4
2026-07-09T08:00,24.5,64,26.4,0.0,0.0,0,4.7,137,14.8,1008.2
2026-07-09T09:00,26.1,70,29.2,0.0,0.0,0,5.4,174,17.3,1008.4
2026-07-09T10:00,27.5,68,31.0,0.0,0.0,0,5.2,186,18.7,1008.5
2026-07-09T11:00,28.5,65,33.2,0.0,0.0,0,5.4,200,19.8,1008.8
2026-07-09T12:00,29.3,62,35.0,0.0,0.0,0,4.7,203,19.8,1008.8
2026-07-09T13:00,30.2,57,36.0,0.0,0.0,0,3.9,208,19.1,1008.8
2026-07-09T14:00,32.3,48,37.7,0.0,0.0,0,3.2,196,17.6,1008.2
2026-07-09T15:00,33.0,47,38.1,0.0,0.0,0,3.2,232,17.3,1007.9
2026-07-09T16:00,33.1,47,37.2,0.0,0.0,0,4.9,280,16.9,1007.6
2026-07-09T17:00,32.9,48,36.5,0.0,0.0,0,6.8,287,20.2,1007.6
2026-07-09T18:00,32.5,49,35.5,0.0,0.0,0,6.6,279,19.1,1007.3
2026-07-09T19:00,31.7,51,34.6,0.0,0.0,0,7.0,270,17.6,1007.1
2026-07-09T20:00,30.7,54,33.7,0.0,0.0,0,6.8,267,16.6,1007.0
2026-07-09T21:00,28.8,63,32.4,0.0,0.0,0,5.2,241,13.3,1007.3
2026-07-09T22:00,27.6,70,31.9,0.0,0.0,0,3.2,232,9.4,1008.0
2026-07-09T23:00,26.9,72,31.0,0.0,0.0,0,3.5,219,7.9,1008.6
2026-07-10T00:00,26.4,71,30.2,0.0,0.0,0,2.4,197,8.6,1008.9
2026-07-10T01:00,26.1,70,30.0,0.0,0.0,0,0.6,108,6.1,1009.0
2026-07-10T02:00,23.9,77,27.1,0.0,0.0,0,3.3,84,8.3,1008.7
2026-07-10T03:00,23.0,81,26.2,0.0,0.0,0,2.6,102,10.1,1008.3
2026-07-10T04:00,22.5,84,25.8,0.0,0.0,0,2.4,126,7.2,1008.5
2026-07-10T05:00,22.6,81,25.8,0.0,0.0,0,2.3,129,6.8,1008.6
2026-07-10T06:00,22.8,79,26.0,0.0,0.0,0,1.3,106,6.5,1009.1
2026-07-10T07:00,24.3,70,27.1,0.0,0.0,0,2.1,75,6.1,1009.5
2026-07-10T08:00,25.5,67,28.6,0.0,0.0,0,1.3,74,10.8,1009.7
2026-07-10T09:00,27.6,57,30.3,0.0,0.0,0,2.2,35,12.2,1009.9
2026-07-10T10:00,29.4,48,31.8,0.0,0.0,0,1.6,6,13.0,1009.9
2026-07-10T11:00,31.3,44,34.5,0.0,0.0,0,3.4,302,15.1,1010.0
2026-07-10T12:00,32.4,44,36.4,0.0,0.0,0,6.7,279,20.2,1010.2
2026-07-10T13:00,32.5,49,37.2,0.0,0.0,0,9.5,289,24.8,1010.4
2026-07-10T14:00,33.8,43,38.0,0.0,0.0,0,10.7,306,25.6,1010.2
2026-07-10T15:00,33.5,43,37.0,0.0,0.0,0,12.2,304,30.2,1009.9
2026-07-10T16:00,32.9,44,35.6,0.0,0.0,0,14.3,301,31.7,1009.8
2026-07-10T17:00,32.6,45,34.8,0.0,0.0,0,11.7,313,32.0,1009.9
2026-07-10T18:00,32.0,51,34.4,0.0,0.0,0,11.8,316,28.1,1010.0
2026-07-10T19:00,31.3,55,34.6,0.0,0.0,0,7.8,304,27.4,1010.0
2026-07-10T20:00,30.3,60,34.2,0.0,0.0,0,5.8,290,18.0,1010.0
2026-07-10T21:00,28.6,69,33.6,0.0,0.0,0,0.9,233,10.4,1009.9
2026-07-10T22:00,27.9,71,32.4,0.0,0.0,0,3.4,174,10.4,1010.5
2026-07-10T23:00,27.5,70,32.0,0.0,0.0,0,1.5,194,10.4,1011.1
2026-07-11T00:00,27.0,70,31.2,0.0,0.0,0,0.6,124,5.4,1011.5
2026-07-11T01:00,25.9,72,29.9,0.0,0.0,0,0.4,90,3.6,1011.6
2026-07-11T02:00,22.8,83,26.3,0.0,0.0,0,1.1,72,5.8,1011.2
2026-07-11T03:00,22.3,81,25.4,0.0,0.0,0,1.1,81,6.1,1011.1
2026-07-11T04:00,22.3,74,24.7,0.0,0.0,0,1.4,90,5.8,1011.5
2026-07-11T05:00,22.5,64,23.8,0.0,0.0,0,3.4,87,9.4,1011.8
2026-07-11T06:00,22.5,57,23.3,0.0,0.0,0,2.9,94,9.4,1011.9
2026-07-11T07:00,24.1,51,24.7,0.0,0.0,0,2.9,90,8.3,1011.8
2026-07-11T08:00,25.9,53,27.5,0.0,0.0,0,1.1,72,9.0,1011.8
2026-07-11T09:00,29.3,53,32.1,0.0,0.0,0,2.5,176,11.5,1011.9
2026-07-11T10:00,31.0,48,33.8,0.0,0.0,0,3.1,208,14.4,1012.0
2026-07-11T11:00,32.7,41,36.0,0.0,0.0,2,3.4,252,14.8,1011.9
2026-07-11T12:00,33.6,41,37.4,0.0,0.0,2,5.4,264,22.0,1012.0
2026-07-11T13:00,33.4,48,37.5,0.0,0.0,3,11.9,281,31.7,1012.1
2026-07-11T14:00,35.1,41,39.0,0.1,0.1,51,8.5,299,31.7,1011.5
2026-07-11T15:00,35.0,41,39.1,0.0,0.0,0,7.9,303,27.4,1011.1
2026-07-11T16:00,36.1,36,40.1,0.0,0.0,2,4.8,245,22.3,1011.0
2026-07-11T17:00,35.5,38,38.3,0.0,0.0,2,6.7,224,21.6,1010.9
2026-07-11T18:00,34.5,42,37.0,0.0,0.0,2,8.8,296,20.2,1010.5
2026-07-11T19:00,33.9,37,34.6,0.0,0.0,2,12.3,338,31.0,1010.8
2026-07-11T20:00,32.2,46,34.7,0.0,0.0,0,6.8,299,30.2,1010.4
2026-07-11T21:00,30.1,57,34.2,0.0,0.0,0,0.6,198,15.1,1010.7
2026-07-11T22:00,29.1,61,32.6,0.0,0.0,0,5.3,168,11.5,1011.4
2026-07-11T23:00,28.3,71,32.5,0.0,0.0,0,7.3,173,16.6,1012.1
2026-07-12T00:00,27.4,78,32.3,0.0,0.0,0,4.7,182,16.6,1012.3
2026-07-12T01:00,26.7,78,31.4,0.0,0.0,0,3.3,202,12.6,1012.4
2026-07-12T02:00,25.6,79,29.9,0.0,0.0,0,2.8,198,9.0,1011.7
2026-07-12T03:00,25.3,80,29.8,0.0,0.0,0,2.1,200,9.4,1011.5
2026-07-12T04:00,24.9,78,28.9,0.0,0.0,0,2.0,63,6.8,1011.3
2026-07-12T05:00,24.6,74,27.9,0.0,0.0,0,2.7,58,7.2,1011.2
2026-07-12T06:00,24.4,71,27.4,0.0,0.0,0,1.8,66,7.6,1011.6
2026-07-12T07:00,25.6,65,28.4,0.0,0.0,0,2.3,51,6.1,1012.0
2026-07-12T08:00,26.8,63,29.6,0.0,0.0,0,4.0,51,15.5,1012.4
2026-07-12T09:00,27.8,68,32.1,0.0,0.0,0,2.2,5,13.7,1012.6
2026-07-12T10:00,29.1,68,33.8,0.0,0.0,0,3.4,264,14.4,1012.8
2026-07-12T11:00,30.3,65,35.8,0.0,0.0,0,5.4,255,18.0,1013.0
2026-07-12T12:00,31.1,62,36.5,0.0,0.0,0,9.7,258,25.9,1013.3
2026-07-12T13:00,31.5,60,37.4,0.0,0.0,0,9.4,272,27.0,1013.5
2026-07-12T14:00,32.7,57,38.3,0.0,0.0,0,10.7,264,25.2,1012.9
2026-07-12T15:00,32.1,59,37.8,0.0,0.0,0,10.7,264,30.6,1013.0
2026-07-12T16:00,31.6,60,36.6,0.0,0.0,0,11.7,250,29.5,1012.9
2026-07-12T17:00,31.2,60,35.6,0.0,0.0,0,9.8,244,29.5,1013.3
2026-07-12T18:00,30.7,61,34.6,0.0,0.0,0,8.4,255,25.2,1012.9
2026-07-12T19:00,30.2,63,34.4,0.0,0.0,0,6.0,261,21.6,1013.0
2026-07-12T20:00,29.7,66,34.3,0.0,0.0,0,4.1,293,16.2,1012.9
2026-07-12T21:00,28.2,71,32.6,0.0,0.0,0,4.7,279,10.8,1013.2
2026-07-12T22:00,27.2,75,31.5,0.0,0.0,0,4.7,298,10.8,1013.9
2026-07-12T23:00,26.4,80,31.2,0.0,0.0,1,2.6,326,9.7,1014.2
2026-07-13T00:00,25.8,84,30.9,0.0,0.0,1,1.6,63,6.5,1014.2
2026-07-13T01:00,25.5,85,30.5,0.0,0.0,1,2.5,82,7.9,1014.1
2026-07-13T02:00,24.1,87,28.6,0.0,0.0,1,2.3,90,8.6,1013.1
2026-07-13T03:00,23.6,85,27.6,0.0,0.0,1,2.2,85,9.0,1013.1
2026-07-13T04:00,23.3,82,26.8,0.0,0.0,0,2.0,80,7.6,1013.0
2026-07-13T05:00,22.9,80,26.1,0.0,0.0,0,1.7,77,6.8,1013.2
2026-07-13T06:00,23.0,75,25.6,0.0,0.0,0,2.3,72,6.5,1013.9
2026-07-13T07:00,24.4,65,26.3,0.0,0.0,0,4.4,83,10.4,1014.2
2026-07-13T08:00,26.6,62,29.1,0.0,0.0,1,4.6,103,12.6,1014.3
2026-07-13T09:00,28.9,63,32.1,0.0,0.0,1,8.4,214,21.2,1014.6
2026-07-13T10:00,29.5,61,33.1,0.0,0.0,0,6.3,250,23.8,1015.0
2026-07-13T11:00,30.8,54,35.0,0.0,0.0,0,5.3,280,19.1,1015.6
2026-07-13T12:00,31.8,51,37.2,0.0,0.0,1,3.2,270,18.4,1016.0
2026-07-13T13:00,32.7,47,38.1,0.0,0.0,1,4.7,220,18.7,1015.7
2026-07-13T14:00,32.6,44,37.4,0.0,0.0,1,5.8,231,21.2,1015.3
2026-07-13T15:00,33.7,37,37.7,0.0,0.0,2,5.2,256,19.8,1014.8
2026-07-13T16:00,33.9,36,37.0,0.0,0.0,1,5.9,297,19.8,1014.5
2026-07-13T17:00,34.4,35,36.6,0.0,0.0,2,7.1,354,20.9,1014.1
2026-07-13T18:00,34.8,34,36.3,0.0,0.0,1,5.4,360,21.2,1013.4
2026-07-13T19:00,34.0,36,35.6,0.0,0.0,1,6.1,310,16.6,1013.3
2026-07-13T20:00,32.1,44,34.3,0.0,0.0,3,5.3,288,14.4,1013.3
2026-07-13T21:00,30.0,55,33.4,0.0,0.0,3,2.1,308,9.4,1013.6
2026-07-13T22:00,29.4,57,32.8,0.0,0.0,1,2.7,37,6.8,1014.0
2026-07-13T23:00,28.1,59,31.0,0.0,0.0,0,3.9,28,8.6,1014.3
2026-07-14T00:00,27.2,61,30.1,0.0,0.0,2,2.3,58,9.4,1014.2
2026-07-14T01:00,26.6,61,29.6,0.0,0.0,1,0.7,90,6.8,1014.0
2026-07-14T02:00,25.2,73,28.9,0.0,0.0,1,1.8,246,6.8,1014.4
2026-07-14T03:00,25.1,78,29.2,0.0,0.0,0,1.1,288,5.8,1014.1
2026-07-14T04:00,24.7,80,28.7,0.0,0.0,0,2.4,333,7.2,1014.4
2026-07-14T05:00,24.8,67,27.2,0.0,0.0,0,4.4,58,9.7,1014.7
2026-07-14T06:00,25.0,56,26.7,0.0,0.0,0,1.7,58,9.7,1014.9
2026-07-14T07:00,26.2,54,28.0,0.0,0.0,0,1.8,45,5.0,1015.1
2026-07-14T08:00,27.8,47,29.0,0.0,0.0,0,5.1,63,9.0,1015.0
2026-07-14T09:00,31.4,36,32.4,0.0,0.0,0,2.8,108,11.9,1015.0
2026-07-14T10:00,33.5,31,34.4,0.0,0.0,0,2.4,171,12.2,1015.1
2026-07-14T11:00,34.6,30,36.6,0.0,0.0,0,3.3,202,14.8,1014.9
2026-07-14T12:00,35.6,30,38.4,0.0,0.0,0,5.5,221,18.0,1014.5
2026-07-14T13:00,36.3,31,39.8,0.0,0.0,0,7.1,218,21.2,1014.0
2026-07-14T14:00,38.2,29,41.7,0.0,0.0,0,8.2,241,25.9,1013.2
2026-07-14T15:00,36.7,29,38.7,0.0,0.0,0,12.9,258,31.0,1013.4
2026-07-14T16:00,35.4,31,37.4,0.0,0.0,0,11.1,292,31.0,1014.0
2026-07-14T17:00,34.7,34,36.6,0.0,0.0,0,9.6,298,27.4,1013.9
2026-07-14T18:00,34.2,37,35.7,0.0,0.0,0,7.7,301,23.8,1013.6
2026-07-14T19:00,33.1,42,34.9,0.0,0.0,0,8.3,309,20.5,1013.4
2026-07-14T20:00,31.8,48,34.4,0.0,0.0,0,7.1,306,20.2,1013.0
2026-07-14T21:00,29.5,60,33.4,0.0,0.0,0,3.8,295,14.8,1012.8
2026-07-14T22:00,28.0,70,32.5,0.0,0.0,0,3.6,330,8.6,1013.4
2026-07-14T23:00,27.0,75,31.6,0.0,0.0,0,2.9,349,8.3,1013.8
2026-07-15T00:00,26.3,78,30.9,0.0,0.0,0,2.4,297,7.2,1014.2
2026-07-15T01:00,26.0,79,30.8,0.0,0.0,0,1.2,333,6.5,1014.3
2026-07-15T02:00,25.0,77,28.9,0.0,0.0,0,2.0,315,7.2,1014.4
2026-07-15T03:00,25.2,73,28.9,0.0,0.0,0,0.9,349,7.2,1014.2
2026-07-15T04:00,24.7,73,28.1,0.0,0.0,0,1.2,309,4.7,1013.6
2026-07-15T05:00,24.2,75,27.6,0.0,0.0,0,1.2,309,6.5,1013.4
2026-07-15T06:00,24.2,73,27.4,0.0,0.0,0,0.4,27,5.0,1013.6
2026-07-15T07:00,25.1,78,29.3,0.0,0.0,0,1.5,256,4.7,1014.2
2026-07-15T08:00,26.9,65,30.3,0.0,0.0,0,2.1,110,7.9,1014.9
2026-07-15T09:00,28.4,65,32.0,0.0,0.0,0,5.1,276,16.6,1015.6
2026-07-15T10:00,30.0,59,34.2,0.0,0.0,0,1.5,240,15.8,1015.5
2026-07-15T11:00,31.2,59,36.3,0.0,0.0,0,5.0,268,18.4,1015.4
2026-07-15T12:00,32.5,56,38.6,0.0,0.0,0,5.0,268,18.0,1015.0
2026-07-15T13:00,32.5,57,38.5,0.0,0.0,0,9.6,262,27.7,1015.5
2026-07-15T14:00,32.5,59,39.3,0.0,0.0,0,8.5,249,25.9,1015.4
2026-07-15T15:00,32.3,61,38.7,0.0,0.0,0,10.1,250,27.0,1015.2
2026-07-15T16:00,32.3,61,39.0,0.0,0.0,0,6.8,253,27.0,1014.9
2026-07-15T17:00,32.4,62,38.7,0.0,0.0,0,5.7,246,20.9,1014.5
2026-07-15T18:00,32.5,64,38.0,0.0,0.0,0,6.3,231,18.7,1013.4
2026-07-15T19:00,31.0,68,35.8,0.0,0.0,0,10.3,258,24.1,1014.2
2026-07-15T20:00,29.1,73,33.5,0.0,0.0,0,10.1,289,28.1,1015.3
2026-07-15T21:00,27.9,76,32.5,0.0,0.0,0,7.3,290,20.5,1015.3
2026-07-15T22:00,26.9,82,32.4,0.0,0.0,0,2.8,342,15.5,1015.6
2026-07-15T23:00,25.7,90,31.4,0.0,0.0,0,1.8,315,9.0,1015.6
2026-07-16T00:00,25.2,92,30.6,0.0,0.0,0,3.3,257,10.1,1016.1
2026-07-16T01:00,24.9,92,30.5,0.0,0.0,0,0.9,79,10.4,1016.7
2026-07-16T02:00,24.1,88,28.4,0.0,0.0,0,4.2,80,6.5,1016.0
2026-07-16T03:00,24.5,83,29.0,0.0,0.0,0,0.4,207,8.3,1015.3
2026-07-16T04:00,24.0,89,28.5,0.0,0.0,0,3.0,237,9.7,1015.3
2026-07-16T05:00,24.2,86,28.9,0.0,0.0,0,0.6,18,9.4,1015.3
2026-07-16T06:00,23.9,82,27.9,0.0,0.0,0,1.7,311,7.2,1015.3
2026-07-16T07:00,25.2,78,29.5,0.0,0.0,0,0.8,333,7.6,1015.1
2026-07-16T08:00,26.8,74,31.2,0.0,0.0,0,2.6,282,13.7,1015.0
2026-07-16T09:00,29.3,63,33.5,0.0,0.0,0,2.7,302,13.0,1015.3
2026-07-16T10:00,31.2,56,34.4,0.0,0.0,0,8.6,272,22.0,1015.9
2026-07-16T11:00,32.7,51,37.4,0.0,0.0,0,4.8,259,23.0,1016.1
2026-07-16T12:00,33.8,48,38.7,0.0,0.0,0,7.6,284,22.0,1016.3
2026-07-16T13:00,34.1,48,39.4,0.0,0.0,0,8.6,280,25.6,1016.2
2026-07-16T14:00,36.2,42,42.1,0.0,0.0,0,6.1,265,23.8,1015.2
2026-07-16T15:00,37.2,40,43.7,0.0,0.0,0,1.5,249,18.7,1014.2
2026-07-16T16:00,36.6,42,41.5,0.0,0.0,0,9.3,242,24.1,1014.1
2026-07-16T17:00,35.7,44,39.8,0.0,0.0,0,9.2,244,25.2,1014.4
2026-07-16T18:00,34.2,47,37.3,0.0,0.0,1,9.3,294,23.8,1014.6
2026-07-16T19:00,32.6,56,36.9,0.0,0.0,1,6.2,282,25.2,1014.5
2026-07-16T20:00,32.4,55,36.5,0.0,0.0,0,6.8,305,15.1,1013.7
2026-07-16T21:00,30.0,69,35.4,0.0,0.0,0,3.1,306,15.5,1014.0
2026-07-16T22:00,28.8,77,35.0,0.0,0.0,0,0.7,76,7.6,1014.8
2026-07-16T23:00,28.3,73,33.1,0.0,0.0,0,4.0,129,9.7,1014.3
2026-07-17T00:00,27.7,70,31.7,0.0,0.0,0,5.5,128,14.0,1013.3
2026-07-17T01:00,26.9,65,29.9,0.0,0.0,0,5.5,126,16.2,1012.5
2026-07-17T02:00,26.2,58,28.0,0.0,0.0,0,4.8,121,15.5,1011.8
2026-07-17T03:00,26.7,41,26.5,0.0,0.0,0,6.1,93,18.7,1010.8
2026-07-17T04:00,26.4,40,26.1,0.0,0.0,0,5.8,106,23.0,1010.2
2026-07-17T05:00,26.9,46,27.3,0.0,0.0,0,5.8,129,20.5,1010.9
2026-07-17T06:00,26.7,48,27.6,0.0,0.0,0,4.9,327,20.2,1012.7
2026-07-17T07:00,27.3,47,28.7,0.0,0.0,0,1.8,96,13.3,1013.0
2026-07-17T08:00,29.3,46,30.8,0.0,0.0,0,4.8,124,13.0,1012.1
2026-07-17T09:00,32.8,40,34.4,0.0,0.0,0,7.2,161,19.1,1011.7
2026-07-17T10:00,33.9,37,34.8,0.0,0.0,0,11.4,191,27.7,1011.3
2026-07-17T11:00,33.0,53,36.4,0.0,0.0,0,15.9,194,38.5,1011.4
2026-07-17T12:00,32.5,64,38.3,0.0,0.0,0,15.0,200,39.2,1011.7
2026-07-17T13:00,32.7,64,39.3,0.0,0.0,0,13.2,215,37.4,1012.0
2026-07-17T14:00,33.7,60,41.0,0.0,0.0,0,9.7,222,33.8,1011.3
2026-07-17T15:00,34.0,58,41.2,0.0,0.0,0,8.6,240,26.6,1011.1
2026-07-17T16:00,33.5,59,39.8,0.0,0.0,0,10.4,244,27.4,1010.9
2026-07-17T17:00,32.9,59,38.1,0.0,0.0,0,10.2,253,28.1,1010.9
2026-07-17T18:00,32.1,59,36.3,0.0,0.0,0,9.2,264,26.3,1010.8
2026-07-17T19:00,31.0,62,35.2,0.0,0.0,0,8.3,270,23.4,1010.7
2026-07-17T20:00,30.2,65,34.5,0.0,0.0,0,7.2,273,20.5,1010.6
2026-07-17T21:00,28.7,71,33.2,0.0,0.0,0,6.3,267,15.5,1010.8
2026-07-17T22:00,27.5,79,32.8,0.0,0.0,0,2.7,278,13.3,1011.6
2026-07-17T23:00,26.7,84,32.3,0.0,0.0,0,2.2,256,7.6,1012.2
2026-07-18T00:00,26.1,87,31.9,0.0,0.0,0,1.0,211,7.2,1012.4
2026-07-18T01:00,25.6,89,31.4,0.0,0.0,0,0.4,243,5.0,1012.6
2026-07-18T02:00,24.3,94,29.7,0.0,0.0,0,1.1,279,5.4,1012.5
2026-07-18T03:00,24.2,94,29.7,0.0,0.0,0,0.6,18,5.8,1012.1
2026-07-18T04:00,23.9,95,29.2,0.0,0.0,0,1.0,301,6.1,1011.9
2026-07-18T05:00,23.7,96,28.8,0.0,0.0,0,2.3,293,7.9,1011.9
2026-07-18T06:00,23.5,90,27.8,0.0,0.0,0,3.6,45,7.9,1011.7
2026-07-18T07:00,24.5,81,28.7,0.0,0.0,0,1.8,349,8.6,1011.6
2026-07-18T08:00,26.3,76,30.6,0.0,0.0,0,3.3,279,13.0,1011.8
2026-07-18T09:00,28.3,67,32.5,0.0,0.0,0,3.1,273,12.6,1012.2
2026-07-18T10:00,30.1,62,34.8,0.0,0.0,0,1.8,233,13.3,1012.1
2026-07-18T11:00,31.5,60,36.9,0.0,0.0,0,5.1,247,17.3,1012.3
2026-07-18T12:00,32.0,60,38.1,0.0,0.0,0,8.5,245,24.8,1012.5
2026-07-18T13:00,33.2,58,40.3,0.0,0.0,0,6.2,253,23.8,1012.1
2026-07-18T14:00,34.9,48,40.9,0.0,0.0,1,8.6,268,24.1,1011.3
2026-07-18T15:00,33.8,50,39.3,0.0,0.0,0,9.0,260,26.3,1011.3
2026-07-18T16:00,34.0,50,39.7,0.0,0.0,0,6.5,256,24.1,1010.8
2026-07-18T17:00,33.8,53,38.7,0.0,0.0,0,8.9,246,23.4,1010.6
2026-07-18T18:00,32.5,53,35.6,0.0,0.0,0,10.5,263,26.6,1010.7
2026-07-18T19:00,31.6,51,34.6,0.0,0.0,0,6.7,286,24.8,1010.7
2026-07-18T20:00,31.1,53,34.5,0.0,0.0,0,5.2,299,17.3,1009.8
2026-07-18T21:00,29.0,64,32.6,0.0,0.0,0,6.0,286,14.0,1010.1
2026-07-18T22:00,27.7,72,32.4,0.0,0.0,0,2.0,360,13.0,1010.8
2026-07-18T23:00,27.0,76,31.9,0.0,0.0,0,0.9,217,6.1,1011.0
2026-07-19T00:00,26.3,80,31.4,0.0,0.0,0,0.9,191,6.5,1011.5
2026-07-19T01:00,25.4,85,30.3,0.0,0.0,0,2.4,163,6.5,1011.2
2026-07-19T02:00,24.9,82,29.5,0.0,0.0,0,0.6,162,7.2,1010.6
2026-07-19T03:00,24.7,89,29.7,0.0,0.0,0,1.5,173,6.8,1010.7
2026-07-19T04:00,24.5,86,29.2,0.0,0.0,0,0.8,117,6.1,1010.5
2026-07-19T05:00,24.3,89,29.1,0.0,0.0,0,1.6,174,6.1,1010.5
2026-07-19T06:00,24.0,97,29.5,0.0,0.0,0,1.7,193,6.8,1010.5
2026-07-19T07:00,25.1,95,31.0,0.0,0.0,0,2.1,165,6.1,1010.6
2026-07-19T08:00,26.7,88,32.9,0.0,0.0,1,1.7,311,11.2,1010.4
2026-07-19T09:00,28.6,75,34.0,0.0,0.0,0,3.8,278,14.4,1010.2
2026-07-19T10:00,30.3,66,34.9,0.0,0.0,0,6.8,258,19.1,1010.6
2026-07-19T11:00,31.5,61,36.8,0.0,0.0,0,6.8,272,22.7,1011.4
2026-07-19T12:00,32.4,56,38.3,0.0,0.0,0,6.2,285,20.9,1011.4
2026-07-19T13:00,33.2,53,39.1,0.0,0.0,0,7.8,278,23.0,1011.3
2026-07-19T14:00,33.7,48,39.8,0.0,0.0,1,4.6,296,25.6,1010.2
2026-07-19T15:00,33.7,50,38.4,0.0,0.0,0,11.3,268,29.5,1010.6
2026-07-19T16:00,33.4,48,37.9,0.0,0.0,0,9.1,285,28.1,1010.7
2026-07-19T17:00,32.9,47,36.5,0.0,0.0,0,7.6,275,25.6,1010.6
2026-07-19T18:00,32.7,46,35.2,0.0,0.0,0,7.9,269,20.9,1010.6
2026-07-19T19:00,31.4,47,33.7,0.0,0.0,0,6.5,267,21.6,1011.0
2026-07-19T20:00,31.0,50,33.9,0.0,0.0,1,4.2,288,16.6,1010.6
2026-07-19T21:00,29.6,58,33.6,0.0,0.0,0,0.2,270,9.4,1010.4
2026-07-19T22:00,28.3,62,31.5,0.0,0.0,0,4.7,266,10.4,1011.4
2026-07-19T23:00,27.3,68,31.5,0.0,0.0,1,0.6,162,10.4,1011.8
2026-07-20T00:00,26.7,73,31.2,0.0,0.0,3,0.8,225,4.3,1012.2
2026-07-20T01:00,26.6,73,31.1,0.0,0.0,3,0.4,63,4.3,1012.3
2026-07-20T02:00,26.0,74,30.0,0.0,0.0,1,3.1,87,9.7,1010.9
2026-07-20T03:00,25.7,79,29.6,0.0,0.0,0,5.7,242,12.6,1011.2
2026-07-20T04:00,24.6,83,29.0,0.0,0.0,0,2.0,90,14.0,1011.5
2026-07-20T05:00,24.3,72,27.3,0.0,0.0,0,1.6,90,7.2,1011.8
2026-07-20T06:00,24.2,62,26.2,0.0,0.0,1,1.6,90,4.7,1011.8
2026-07-20T07:00,25.3,64,28.0,0.0,0.0,0,1.1,189,5.4,1012.2
2026-07-20T08:00,27.6,65,31.1,0.0,0.0,0,3.9,208,10.8,1011.5
2026-07-20T09:00,29.4,63,33.2,0.0,0.0,0,5.6,253,16.6,1011.8
2026-07-20T10:00,30.9,57,34.2,0.0,0.0,1,8.7,253,23.0,1012.9
2026-07-20T11:00,32.6,49,36.9,0.0,0.0,0,4.4,279,22.7,1012.7
2026-07-20T12:00,33.6,46,37.6,0.0,0.0,0,10.6,267,26.3,1013.2
2026-07-20T13:00,34.1,44,38.8,0.0,0.0,0,8.6,268,28.1,1013.1
2026-07-20T14:00,34.3,43,39.8,0.0,0.0,1,3.2,297,24.1,1011.9
2026-07-20T15:00,33.9,45,37.4,0.0,0.0,0,14.2,269,37.8,1012.8
2026-07-20T16:00,34.3,41,38.1,0.0,0.0,0,8.1,276,32.4,1012.6
2026-07-20T17:00,34.4,41,37.5,0.0,0.0,0,7.1,276,22.3,1012.4
2026-07-20T18:00,34.2,42,36.6,0.0,0.0,0,7.6,274,19.8,1011.8
2026-07-20T19:00,32.7,45,34.8,0.0,0.0,0,8.5,270,21.2,1012.3
2026-07-20T20:00,31.5,51,34.8,0.0,0.0,0,4.4,263,19.4,1012.0
2026-07-20T21:00,29.4,66,33.8,0.0,0.0,0,5.0,244,10.4,1012.0
2026-07-20T22:00,28.0,81,34.1,0.0,0.0,0,1.5,234,11.2,1012.7
2026-07-20T23:00,27.2,86,33.3,0.0,0.0,0,2.2,189,5.8,1013.0
2026-07-21T00:00,26.6,89,32.9,0.0,0.0,0,1.5,173,7.9,1013.2
2026-07-21T01:00,26.0,88,31.6,0.0,0.0,1,1.8,143,5.4,1012.5
2026-07-21T02:00,25.1,82,29.6,0.0,0.0,0,2.4,103,6.1,1011.5
2026-07-21T03:00,24.8,86,29.4,0.0,0.0,0,3.5,201,8.6,1011.9
2026-07-21T04:00,24.9,91,30.5,0.0,0.0,0,0.6,124,11.5,1012.5
2026-07-21T05:00,24.7,74,27.9,0.0,0.0,0,3.7,67,6.8,1013.0
2026-07-21T06:00,24.7,56,25.8,0.0,0.0,1,4.8,53,10.4,1012.7
2026-07-21T07:00,25.7,54,27.5,0.0,0.0,1,1.5,54,10.4,1012.7
2026-07-21T08:00,27.9,47,28.9,0.0,0.0,0,4.8,75,7.6,1012.1
2026-07-21T09:00,31.2,39,32.9,0.0,0.0,1,0.8,315,9.4,1012.3
2026-07-21T10:00,32.4,38,33.9,0.0,0.0,2,4.3,197,15.8,1012.4
2026-07-21T11:00,33.6,38,35.7,0.0,0.0,1,3.7,209,15.1,1011.8
2026-07-21T12:00,33.9,47,38.2,0.0,0.0,0,9.4,227,24.8,1011.7
2026-07-21T13:00,32.8,58,38.6,0.0,0.0,0,12.0,215,32.4,1012.1
2026-07-21T14:00,33.4,50,37.7,0.0,0.0,0,15.5,275,36.4,1012.0
2026-07-21T15:00,34.0,49,39.9,0.0,0.0,1,6.0,307,41.4,1011.7
2026-07-21T16:00,35.0,45,39.9,0.0,0.0,0,7.7,282,20.2,1010.8
2026-07-21T17:00,33.6,50,37.3,0.0,0.0,0,11.7,279,30.2,1011.2
2026-07-21T18:00,32.4,53,35.6,0.0,0.0,0,10.1,286,27.7,1011.7
2026-07-21T19:00,31.3,56,34.8,0.0,0.0,0,8.2,296,24.1,1011.8
2026-07-21T20:00,31.0,60,35.4,0.0,0.0,0,5.4,307,20.2,1011.3
2026-07-21T21:00,29.3,68,34.4,0.0,0.0,0,2.1,290,11.9,1010.8
2026-07-21T22:00,27.9,77,33.1,0.0,0.0,0,4.3,265,10.4,1011.7
2026-07-21T23:00,26.8,85,32.5,0.0,0.0,2,2.8,333,11.9,1012.0
2026-07-22T00:00,26.3,87,32.3,0.0,0.0,1,0.5,135,8.6,1012.8
2026-07-22T01:00,25.8,85,30.9,0.0,0.0,0,2.3,90,8.3,1013.1
2026-07-22T02:00,24.5,82,28.5,0.0,0.0,0,3.0,142,8.6,1012.6
2026-07-22T03:00,24.0,80,27.6,0.0,0.0,0,2.7,98,8.6,1012.4
2026-07-22T04:00,23.1,70,25.2,0.0,0.0,0,4.0,87,10.4,1012.0
2026-07-22T05:00,22.4,64,23.6,0.0,0.0,0,3.2,93,10.4,1011.7
2026-07-22T06:00,21.8,56,22.1,0.0,0.0,0,3.2,90,9.7,1011.6
2026-07-22T07:00,22.8,47,22.7,0.0,0.0,0,2.5,94,8.6,1011.8
2026-07-22T08:00,26.6,43,26.7,0.0,0.0,0,5.5,103,8.3,1012.0
2026-07-22T09:00,30.4,29,30.1,0.0,0.0,0,2.6,115,11.9,1012.4
2026-07-22T10:00,32.1,25,31.8,0.0,0.0,0,1.0,149,11.5,1012.8
2026-07-22T11:00,33.3,28,34.7,0.0,0.0,0,1.8,259,12.6,1013.0
2026-07-22T12:00,33.7,35,36.5,0.0,0.0,0,6.8,270,19.8,1013.4
2026-07-22T13:00,34.0,40,38.2,0.0,0.0,0,7.6,284,22.3,1013.4
2026-07-22T14:00,34.1,45,39.3,0.0,0.0,0,8.5,270,27.0,1013.2
2026-07-22T15:00,34.2,44,39.2,0.0,0.0,0,7.2,274,23.8,1012.8
2026-07-22T16:00,33.7,40,37.0,0.0,0.0,0,9.6,262,25.6,1013.0
2026-07-22T17:00,33.3,38,35.7,0.0,0.0,0,6.5,265,24.8,1013.1
2026-07-22T18:00,32.4,40,33.9,0.0,0.0,0,6.7,254,19.4,1012.9
2026-07-22T19:00,31.3,43,33.0,0.0,0.0,0,5.6,263,18.0,1013.0
2026-07-22T20:00,30.5,47,32.7,0.0,0.0,0,4.1,270,14.4,1012.4
2026-07-22T21:00,28.3,61,31.7,0.0,0.0,0,2.9,281,9.0,1012.7
2026-07-22T22:00,27.2,71,31.7,0.0,0.0,0,1.2,309,7.9,1013.2
2026-07-22T23:00,26.5,74,30.9,0.0,0.0,0,1.0,329,5.4,1013.3
2026-07-23T00:00,25.9,76,30.2,0.0,0.0,0,0.7,14,5.8,1013.5
2026-07-23T01:00,25.4,73,29.4,0.0,0.0,0,0.3,135,5.0,1013.5
2026-07-23T02:00,24.4,65,26.9,0.0,0.0,0,0.7,76,5.8,1013.5
2026-07-23T03:00,24.2,53,25.1,0.0,0.0,0,2.4,81,6.1,1012.7
2026-07-23T04:00,24.0,50,24.9,0.0,0.0,0,0.4,117,5.8,1012.8
2026-07-23T05:00,23.8,48,24.4,0.0,0.0,0,0.4,90,4.7,1012.8
2026-07-23T06:00,23.4,47,23.5,0.0,0.0,0,1.8,79,5.0,1012.8
2026-07-23T07:00,23.8,48,24.1,0.0,0.0,0,2.7,70,7.6,1012.6
2026-07-23T08:00,26.1,43,26.7,0.0,0.0,1,1.2,27,9.0,1012.3
2026-07-23T09:00,28.4,40,29.2,0.0,0.0,1,2.2,270,10.1,1012.0
2026-07-23T10:00,29.5,46,30.9,0.0,0.0,1,5.9,243,17.6,1012.1
2026-07-23T11:00,30.1,56,33.7,0.0,0.0,0,7.8,238,22.3,1012.2
2026-07-23T12:00,31.0,57,36.0,0.0,0.0,0,7.8,247,22.7,1012.1
2026-07-23T13:00,31.9,52,36.9,0.0,0.0,0,9.2,258,25.2,1011.8
2026-07-23T14:00,33.8,40,37.3,0.0,0.0,0,11.6,277,29.2,1010.8
2026-07-23T15:00,32.8,40,35.2,0.0,0.0,0,14.8,267,33.8,1010.7
2026-07-23T16:00,32.2,40,34.0,0.0,0.0,0,14.6,269,34.2,1010.7
2026-07-23T17:00,31.7,40,33.0,0.0,0.0,0,12.6,273,33.1,1010.6
2026-07-23T18:00,31.3,40,31.7,0.0,0.0,0,11.2,285,29.2,1010.2
2026-07-23T19:00,30.5,40,30.9,0.0,0.0,0,9.8,293,26.3,1010.0
2026-07-23T20:00,29.9,41,30.3,0.0,0.0,0,9.3,311,22.7,1009.3
2026-07-23T21:00,27.5,54,29.7,0.0,0.0,0,3.2,313,19.4,1009.4
2026-07-23T22:00,26.1,61,28.8,0.0,0.0,0,0.6,34,8.6,1009.7
2026-07-23T23:00,24.3,64,26.7,0.0,0.0,1,1.0,45,5.4,1009.7
2026-07-24T00:00,23.0,61,24.2,0.0,0.0,0,2.9,83,7.2,1009.9
2026-07-24T01:00,22.2,59,22.9,0.0,0.0,0,3.0,107,7.2,1009.8
2026-07-24T02:00,21.3,74,23.0,0.0,0.0,0,3.9,127,8.6,1009.5
2026-07-24T03:00,22.1,65,23.2,0.0,0.0,0,4.3,105,11.5,1009.2
2026-07-24T04:00,22.2,50,21.8,0.0,0.0,0,4.7,94,13.0,1008.8
2026-07-24T05:00,21.7,40,20.6,0.0,0.0,0,3.1,80,11.9,1008.6
2026-07-24T06:00,21.1,38,19.8,0.0,0.0,0,2.4,77,9.0,1008.9
2026-07-24T07:00,21.4,40,20.0,0.0,0.0,0,4.0,69,10.8,1009.5
2026-07-24T08:00,24.1,45,23.6,0.0,0.0,0,6.1,50,13.7,1009.8
2026-07-24T09:00,28.3,42,29.0,0.0,0.0,0,4.1,13,16.2,1010.2
2026-07-24T10:00,29.7,43,31.0,0.0,0.0,0,4.4,289,14.8,1010.4
2026-07-24T11:00,30.3,45,32.4,0.0,0.0,0,8.6,262,22.7,1010.8
2026-07-24T12:00,30.8,49,34.5,0.0,0.0,0,8.3,256,25.2,1011.3
2026-07-24T13:00,31.3,51,35.9,0.0,0.0,1,6.6,254,24.5,1011.7
2026-07-24T14:00,31.2,49,34.7,1.5,1.5,61,8.8,271,22.7,1011.5
2026-07-24T15:00,30.6,54,35.5,0.9,0.9,53,5.4,244,23.8,1011.4
2026-07-24T16:00,31.3,51,36.1,0.6,0.6,53,2.8,252,19.1,1011.1
2026-07-24T17:00,31.3,51,35.0,0.1,0.1,51,5.2,276,17.3,1011.0
2026-07-24T18:00,30.9,51,33.7,0.0,0.0,0,4.8,285,17.6,1010.8
2026-07-24T19:00,30.1,51,32.7,0.0,0.0,0,4.7,288,15.8,1010.6
2026-07-24T20:00,29.2,53,32.0,0.0,0.0,0,2.9,353,13.3,1010.3
2026-07-24T21:00,27.3,64,30.6,0.0,0.0,0,2.8,35,9.7,1010.3
2026-07-24T22:00,26.1,68,29.4,0.0,0.0,0,2.4,54,7.9,1010.8
2026-07-24T23:00,24.9,72,28.4,0.0,0.0,0,1.4,67,7.2,1011.0
2026-07-25T00:00,24.0,74,27.2,0.0,0.0,0,2.0,100,5.8,1011.2
2026-07-25T01:00,23.8,75,26.8,0.0,0.0,0,3.4,106,9.4,1011.0
2026-07-25T02:00,21.2,79,23.7,0.0,0.0,0,1.3,82,9.0,1010.9
2026-07-25T03:00,21.4,75,23.5,0.0,0.0,0,2.2,81,7.2,1010.9
2026-07-25T04:00,21.1,72,22.6,0.0,0.0,0,3.7,79,10.1,1010.6
2026-07-25T05:00,21.2,68,22.3,0.0,0.0,0,4.0,82,10.4,1010.5
2026-07-25T06:00,20.8,68,21.7,0.0,0.0,0,4.0,85,11.9,1010.0
2026-07-25T07:00,21.3,65,22.1,0.0,0.0,0,4.5,88,11.5,1009.9
2026-07-25T08:00,23.8,62,25.7,0.0,0.0,1,1.7,41,14.0,1010.2
2026-07-25T09:00,28.4,49,30.3,0.0,0.0,0,3.1,66,13.7,1009.9
2026-07-25T10:00,30.5,38,31.6,0.0,0.0,0,2.7,328,13.3,1010.0
2026-07-25T11:00,31.8,34,33.1,0.0,0.0,0,5.4,244,17.3,1009.9
2026-07-25T12:00,33.3,29,34.9,0.0,0.0,0,6.7,214,20.9,1009.5
2026-07-25T13:00,34.1,29,35.2,0.0,0.0,2,12.9,215,32.4,1009.7
2026-07-25T14:00,33.6,32,35.0,0.1,0.1,51,11.7,234,34.2,1008.9
2026-07-25T15:00,34.3,31,35.7,0.0,0.0,0,11.4,237,29.5,1009.0
2026-07-25T16:00,34.1,31,35.8,0.0,0.0,2,8.9,246,28.4,1008.6
2026-07-25T17:00,32.9,33,33.5,0.0,0.0,0,7.0,266,23.0,1009.0
2026-07-25T18:00,32.8,32,33.7,0.0,0.0,2,2.2,85,18.7,1007.8
2026-07-25T19:00,32.2,33,32.8,0.0,0.0,2,4.0,58,13.7,1007.6
2026-07-25T20:00,30.8,36,31.8,0.0,0.0,1,2.7,143,23.8,1006.7
2026-07-25T21:00,28.7,40,29.3,0.0,0.0,1,3.9,68,14.0,1006.0
2026-07-25T22:00,27.7,48,29.5,0.0,0.0,1,1.3,74,10.8,1007.2
2026-07-25T23:00,27.3,51,28.8,0.0,0.0,1,4.7,118,14.0,1008.2
2026-07-26T00:00,26.8,58,28.8,0.0,0.0,3,5.5,117,15.1,1008.1
2026-07-26T01:00,25.2,77,27.8,0.3,0.3,51,11.2,196,20.5,1008.4
2026-07-26T02:00,23.9,85,27.1,1.2,1.2,55,8.0,99,35.6,1007.2
2026-07-26T03:00,22.8,95,25.9,1.0,1.0,55,11.9,65,22.0,1007.2
2026-07-26T04:00,23.0,94,26.1,0.1,0.1,51,12.0,82,21.6,1006.7
2026-07-26T05:00,23.2,94,27.1,0.0,0.0,0,7.4,93,21.6,1006.5
2026-07-26T06:00,22.8,94,26.9,0.0,0.0,0,4.9,118,14.0,1006.9
2026-07-26T07:00,23.7,91,28.5,0.9,0.9,53,0.9,217,11.2,1007.7
2026-07-26T08:00,26.2,78,30.7,0.3,0.3,51,3.1,62,15.5,1007.5
2026-07-26T09:00,27.8,68,31.8,0.0,0.0,0,3.8,11,13.7,1008.0
2026-07-26T10:00,28.4,64,31.4,0.2,0.2,51,8.9,320,23.0,1008.6
2026-07-26T11:00,28.9,65,32.6,0.2,0.2,51,10.8,317,28.8,1008.7
2026-07-26T12:00,29.3,65,33.7,0.0,0.0,1,12.4,304,32.8,1009.5
2026-07-26T13:00,29.5,62,34.1,0.0,0.0,0,12.1,290,34.9,1009.6
2026-07-26T14:00,30.6,54,34.5,0.0,0.0,1,13.9,295,37.8,1009.4
2026-07-26T15:00,30.4,53,33.9,0.0,0.0,0,13.5,286,32.8,1009.3
2026-07-26T16:00,29.5,57,32.3,0.0,0.0,1,15.5,292,39.6,1009.6
2026-07-26T17:00,29.1,56,31.5,0.0,0.0,1,11.8,279,36.7,1009.8
2026-07-26T18:00,28.0,61,30.1,0.0,0.0,0,11.3,280,35.6,1010.0
2026-07-26T19:00,26.7,64,28.6,0.0,0.0,0,11.9,292,28.4,1010.1
2026-07-26T20:00,26.5,65,28.4,0.0,0.0,0,11.6,288,27.0,1009.9
2026-07-26T21:00,25.1,72,28.3,0.0,0.0,0,3.6,297,23.4,1009.9
2026-07-26T22:00,24.2,77,27.5,0.0,0.0,0,3.3,315,8.6,1010.7
2026-07-26T23:00,23.5,81,27.2,0.0,0.0,1,0.6,342,8.3,1011.0
2026-07-27T00:00,22.9,83,26.1,0.2,0.2,51,3.6,90,6.5,1011.2
2026-07-27T01:00,22.2,83,25.1,0.0,0.0,1,4.1,92,10.4,1011.0
2026-07-27T02:00,21.5,82,23.1,0.4,0.4,51,9.8,96,14.0,1010.8
2026-07-27T03:00,21.3,79,22.6,0.0,0.0,0,9.0,96,20.5,1010.3
2026-07-27T04:00,21.3,78,22.9,0.0,0.0,0,6.2,100,17.3,1010.2
2026-07-27T05:00,20.9,80,22.9,0.0,0.0,0,4.7,97,13.0,1010.2
2026-07-27T06:00,20.6,83,22.7,0.0,0.0,0,4.3,95,10.4,1010.1
2026-07-27T07:00,21.5,80,23.6,0.0,0.0,1,4.8,103,10.4,1010.6
2026-07-27T08:00,24.9,70,27.2,0.0,0.0,3,7.7,115,14.8,1010.9
2026-07-27T09:00,27.1,63,30.0,0.0,0.0,1,5.2,158,18.4,1011.1
2026-07-27T10:00,28.1,62,31.3,0.0,0.0,0,4.9,197,16.9,1011.3
2026-07-27T11:00,29.1,59,32.5,0.0,0.0,0,7.7,219,21.6,1011.7
2026-07-27T12:00,29.8,57,33.6,0.0,0.0,2,11.4,229,28.1,1012.2
2026-07-27T13:00,29.5,60,33.3,0.0,0.0,2,14.4,227,34.9,1012.5
2026-07-27T14:00,30.2,56,34.3,0.0,0.0,0,12.0,226,36.7,1012.4
2026-07-27T15:00,29.9,57,33.8,0.0,0.0,1,13.0,226,32.8,1012.6
2026-07-27T16:00,29.5,58,32.9,0.0,0.0,0,13.0,229,32.8,1012.7
2026-07-27T17:00,28.7,60,31.4,0.0,0.0,0,12.4,222,32.0,1012.8
2026-07-27T18:00,27.9,62,30.1,0.0,0.0,0,10.3,218,30.6,1012.7
2026-07-27T19:00,27.2,64,29.6,0.0,0.0,0,8.8,211,25.2,1012.8
2026-07-27T20:00,26.8,64,29.5,0.0,0.0,0,6.0,207,22.0,1012.7
2026-07-27T21:00,25.7,68,28.6,0.0,0.0,0,4.4,192,13.7,1013.1
2026-07-27T22:00,25.1,70,28.0,0.0,0.0,0,4.0,175,10.8,1014.0
2026-07-27T23:00,24.4,74,27.4,0.0,0.0,0,3.6,153,10.1,1014.4
2026-07-28T00:00,23.7,79,27.0,0.0,0.0,0,2.9,133,9.4,1014.7
2026-07-28T01:00,23.3,82,26.7,0.0,0.0,0,2.7,127,8.3,1014.9
2026-07-28T02:00,22.1,89,25.6,0.0,0.0,0,2.5,94,7.9,1014.9
2026-07-28T03:00,22.5,83,25.7,0.0,0.0,0,2.2,99,7.6,1014.8
2026-07-28T04:00,22.3,84,25.6,0.0,0.0,0,2.1,110,7.2,1014.9
2026-07-28T05:00,22.2,83,25.3,0.0,0.0,0,2.4,107,7.9,1014.9
2026-07-28T06:00,21.9,83,24.9,0.0,0.0,0,2.5,111,7.9,1015.0
2026-07-28T07:00,22.7,80,25.6,0.0,0.0,0,2.6,115,8.3,1015.3
2026-07-28T08:00,24.2,76,27.4,0.0,0.0,0,3.8,131,12.6,1015.8
2026-07-28T09:00,26.0,66,28.7,0.0,0.0,0,4.3,178,15.1,1016.2
2026-07-28T10:00,27.3,60,29.9,0.0,0.0,0,5.0,193,17.6,1016.6
2026-07-28T11:00,28.5,57,32.1,0.0,0.0,0,4.1,203,18.0,1016.8
2026-07-28T12:00,29.8,54,34.7,0.0,0.0,0,2.3,252,17.3,1016.9
2026-07-28T13:00,30.5,54,35.7,0.0,0.0,0,4.9,280,18.7,1017.1
2026-07-28T14:00,31.2,55,36.8,0.0,0.0,1,6.0,279,26.3,1017.1
2026-07-28T15:00,30.8,58,35.8,0.0,0.0,1,7.6,295,23.4,1017.2
2026-07-28T16:00,30.9,56,35.3,0.0,0.0,2,6.1,315,23.4,1017.0
2026-07-28T17:00,30.8,52,33.9,0.0,0.0,1,6.1,332,20.9,1016.8
2026-07-28T18:00,30.8,48,33.2,0.0,0.0,0,5.4,346,20.5,1016.4
2026-07-28T19:00,30.2,47,32.2,0.0,0.0,1,5.6,360,18.0,1016.3
2026-07-28T20:00,29.5,47,31.2,0.0,0.0,0,4.7,28,16.9,1016.3
2026-07-28T21:00,28.2,51,30.4,0.0,0.0,0,2.3,90,13.0,1016.5
2026-07-28T22:00,27.3,56,29.8,0.0,0.0,0,1.4,90,7.2,1017.0
2026-07-28T23:00,26.5,59,29.1,0.0,0.0,0,1.1,81,5.8,1017.4
2026-07-29T00:00,26.6,65,29.5,0.0,0.0,,4.8,48,10.1,
2026-07-29T00:15,26.5,64,29.2,0.0,0.0,,5.1,45,10.4,
2026-07-29T00:30,26.5,62,29.0,0.0,0.0,,5.1,39,10.8,
2026-07-29T00:45,26.5,61,28.7,0.0,0.0,,5.4,37,10.8,
2026-07-29T01:00,26.4,59,28.4,0.0,0.0,,5.4,37,11.2,
2026-07-29T01:15,26.3,58,28.2,0.0,0.0,,5.4,37,11.2,
2026-07-29T01:30,26.2,57,27.9,0.0,0.0,,5.6,40,11.5,
2026-07-29T01:45,26.1,56,27.6,0.0,0.0,,5.6,45,11.5,
2026-07-29T02:00,26.0,55,27.3,0.0,0.0,,5.6,45,11.5,
2026-07-29T02:15,25.9,54,27.0,0.0,0.0,,5.6,45,11.5,
2026-07-29T02:30,25.8,53,26.8,0.0,0.0,,5.4,42,11.9,
2026-07-29T02:45,25.7,52,26.6,0.0,0.0,,5.4,42,11.9,
2026-07-29T03:00,25.6,51,26.4,0.0,0.0,,5.1,39,11.9,
2026-07-29T03:15,25.5,51,26.3,0.0,0.0,,5.1,39,11.5,
2026-07-29T03:30,25.5,51,26.3,0.0,0.0,,4.9,36,11.5,
2026-07-29T03:45,25.4,51,26.1,0.0,0.0,,4.9,36,11.2,
2026-07-29T04:00,25.3,51,26.0,0.0,0.0,,4.9,36,10.8,
2026-07-29T04:15,25.1,51,25.8,0.0,0.0,,4.9,36,10.8,
2026-07-29T04:30,25.0,51,25.6,0.0,0.0,,4.8,42,10.4,
2026-07-29T04:45,24.8,52,25.5,0.0,0.0,,4.8,48,10.4,
2026-07-29T05:00,24.7,52,25.3,0.0,0.0,,4.8,48,10.4,
2026-07-29T05:15,24.5,52,25.1,0.0,0.0,,4.8,48,10.4,
2026-07-29T05:30,24.4,52,25.0,0.0,0.0,,4.6,45,10.4,
2026-07-29T05:45,24.2,53,24.9,0.0,0.0,,4.3,42,10.1,
2026-07-29T06:00,24.1,53,24.7,0.0,0.0,,4.3,42,10.1,
2026-07-29T06:15,23.9,53,24.5,0.0,0.0,,4.3,42,10.1,
2026-07-29T06:30,23.8,54,24.4,0.0,0.0,,4.3,42,9.7,
2026-07-29T06:45,23.7,55,24.4,0.0,0.0,,4.3,42,9.4,
2026-07-29T07:00,23.8,55,24.6,0.0,0.0,,4.1,45,9.4,
2026-07-29T07:15,24.2,55,25.2,0.0,0.0,,3.8,49,9.4,
2026-07-29T07:30,24.8,55,26.0,0.0,0.0,,3.4,58,9.4,
2026-07-29T07:45,25.4,55,26.9,0.0,0.0,,3.2,63,9.0,
2026-07-29T08:00,26.1,55,27.9,0.0,0.0,,2.6,74,9.0,
2026-07-29T08:15,26.7,54,28.8,0.0,0.0,,1.4,90,8.6,
2026-07-29T08:30,27.4,53,29.8,0.0,0.0,,0.4,180,8.3,
2026-07-29T08:45,28.1,52,30.4,0.0,0.0,,1.8,233,7.9,
2026-07-29T09:00,28.6,51,30.9,0.0,0.0,,2.9,240,7.9,
2026-07-29T09:15,29.1,50,31.3,0.0,0.0,,3.4,238,8.3,
2026-07-29T09:30,29.5,50,31.8,0.0,0.0,,3.6,233,9.0,
2026-07-29T09:45,29.8,50,32.3,0.0,0.0,,3.6,233,10.1,
2026-07-29T10:00,30.1,50,32.7,0.0,0.0,,3.8,229,10.8,
2026-07-29T10:15,30.3,50,33.3,0.0,0.0,,4.3,228,11.5,
2026-07-29T10:30,30.6,51,33.9,0.0,0.0,,4.9,234,12.2,
2026-07-29T10:45,30.8,52,34.5,0.0,0.0,,5.4,233,13.0,
2026-07-29T11:00,31.0,52,35.0,0.0,0.0,,6.0,237,14.0,
2026-07-29T11:15,31.3,52,35.4,0.0,0.0,,6.8,238,15.5,
2026-07-29T11:30,31.6,51,35.8,0.0,0.0,,7.4,241,17.3,
2026-07-29T11:45,31.8,51,36.1,0.0,0.0,,8.5,242,19.1,
2026-07-29T12:00,32.0,51,36.4,0.0,0.0,,9.2,244,20.5,
2026-07-29T12:15,32.2,52,36.8,0.0,0.0,,9.8,246,21.6,
2026-07-29T12:30,32.2,53,37.0,0.0,0.0,,10.5,248,22.7,
2026-07-29T12:45,32.3,54,37.3,0.0,0.0,,11.0,251,23.8,
2026-07-29T13:00,32.4,54,37.4,0.0,0.0,,11.3,253,24.5,
2026-07-29T13:15,32.5,54,37.5,0.0,0.0,,11.5,256,25.2,
2026-07-29T13:30,32.6,53,37.5,0.0,0.0,,11.4,259,25.6,
2026-07-29T13:45,32.7,51,37.3,0.0,0.0,,11.6,263,25.6,
2026-07-29T14:00,32.8,50,37.3,0.0,0.0,,11.5,266,25.9,
2026-07-29T14:15,33.0,48,37.0,0.0,0.0,,11.5,268,25.9,
2026-07-29T14:30,33.1,46,36.8,0.0,0.0,,11.5,270,25.9,
2026-07-29T14:45,33.3,44,36.6,0.0,0.0,,11.5,272,25.9,
2026-07-29T15:00,33.4,43,36.6,0.0,0.0,,11.5,274,25.9,
2026-07-29T15:15,33.4,43,36.6,0.0,0.0,,11.2,276,25.9,
2026-07-29T15:30,33.4,43,36.6,0.0,0.0,,11.3,279,25.9,
2026-07-29T15:45,33.4,44,36.7,0.0,0.0,,11.0,281,25.9,
2026-07-29T16:00,33.4,44,36.5,0.0,0.0,,10.7,284,25.9,
2026-07-29T16:15,33.4,44,36.3,0.0,0.0,,10.8,285,25.6,
2026-07-29T16:30,33.4,44,36.0,0.0,0.0,,10.8,285,25.2,
2026-07-29T16:45,33.3,44,35.8,0.0,0.0,,10.5,286,24.8,
2026-07-29T17:00,33.3,44,35.5,0.0,0.0,,10.5,286,24.5,
2026-07-29T17:15,33.2,44,35.2,0.0,0.0,,10.5,286,24.5,
2026-07-29T17:30,33.1,45,35.3,0.0,0.0,,10.2,288,24.5,
2026-07-29T17:45,33.1,45,35.2,0.0,0.0,,9.9,289,24.5,
2026-07-29T18:00,33.0,45,35.2,0.0,0.0,,9.6,290,24.1,
2026-07-29T18:15,32.9,45,35.1,0.0,0.0,,8.9,291,23.8,
2026-07-29T18:30,32.8,45,35.1,0.0,0.0,,8.4,295,23.4,
2026-07-29T18:45,32.7,45,35.0,0.0,0.0,,7.7,298,22.7,
2026-07-29T19:00,32.6,45,34.9,0.0,0.0,,7.1,300,22.0,
2026-07-29T19:15,32.4,46,35.0,0.0,0.0,,6.3,301,20.9,
2026-07-29T19:30,32.3,46,34.9,0.0,0.0,,5.5,302,19.4,
2026-07-29T19:45,32.1,47,34.9,0.0,0.0,,4.7,302,17.6,
2026-07-29T20:00,31.9,48,34.9,0.0,0.0,,3.9,304,16.2,
2026-07-29T20:15,31.7,49,34.9,0.0,0.0,,3.1,306,14.4,
2026-07-29T20:30,31.4,49,34.6,0.0,0.0,,2.6,304,13.0,
2026-07-29T20:45,31.2,50,34.4,0.0,0.0,,2.3,309,11.2,
2026-07-29T21:00,30.9,51,34.4,0.0,0.0,,1.5,315,9.7,
2026-07-29T21:15,30.7,52,34.2,0.0,0.0,,1.1,342,8.3,
2026-07-29T21:30,30.4,54,34.1,0.0,0.0,,1.1,18,7.2,
2026-07-29T21:45,30.1,56,33.9,0.0,0.0,,1.5,45,6.5,
2026-07-29T22:00,29.8,57,33.5,0.0,0.0,,2.1,59,5.8,
2026-07-29T22:15,29.5,58,33.1,0.0,0.0,,2.7,67,5.8,
2026-07-29T22:30,29.1,58,32.5,0.0,0.0,,3.1,69,6.1,
2026-07-29T22:45,28.8,58,32.0,0.0,0.0,,3.4,72,6.8,
2026-07-29T23:00,28.5,58,31.6,0.0,0.0,,3.8,73,7.2,
2026-07-29T23:15,28.3,57,31.1,0.0,0.0,,3.8,73,7.6,
2026-07-29T23:30,28.2,57,30.9,0.0,0.0,,3.9,68,7.6,
2026-07-29T23:45,28.0,56,30.6,0.0,0.0,,3.5,66,7.9,
2026-07-30T00:00,27.9,55,30.2,0.0,0.0,,3.7,61,7.9,
2026-07-30T00:15,27.7,55,30.0,0.0,0.0,,3.6,53,7.9,
2026-07-30T00:30,27.5,55,29.7,0.0,0.0,,3.8,49,7.9,
2026-07-30T00:45,27.4,56,29.6,0.0,0.0,,3.8,41,7.9,
2026-07-30T01:00,27.2,56,29.4,0.0,0.0,,4.1,38,7.9,
2026-07-30T01:15,27.1,56,29.2,0.0,0.0,,4.1,38,7.9,
2026-07-30T01:30,27.1,57,29.3,0.0,0.0,,4.1,45,7.9,
2026-07-30T01:45,27.0,58,29.3,0.0,0.0,,4.1,52,8.3,
2026-07-30T02:00,26.9,58,29.2,0.0,0.0,,4.1,52,8.3,
2026-07-30T02:15,26.8,58,29.0,0.0,0.0,,4.1,52,8.3,
2026-07-30T02:30,26.7,59,29.0,0.0,0.0,,4.1,45,8.6,
2026-07-30T02:45,26.5,59,28.8,0.0,0.0,,3.8,41,8.6,
2026-07-30T03:00,26.4,59,28.5,0.0,0.0,,4.1,38,8.6,
2026-07-30T03:15,26.3,59,28.4,0.0,0.0,,4.4,35,8.6,
2026-07-30T03:30,26.2,59,28.3,0.0,0.0,,4.4,35,8.6,
2026-07-30T03:45,26.2,59,28.2,0.0,0.0,,4.7,32,9.0,
2026-07-30T04:00,26.1,59,28.0,0.0,0.0,,4.7,32,9.0,
2026-07-30T04:15,26.0,59,27.9,0.0,0.0,,4.9,36,9.0,
2026-07-30T04:30,25.9,59,27.7,0.0,0.0,,4.8,42,9.4,
2026-07-30T04:45,25.8,60,27.7,0.0,0.0,,4.6,45,9.7,
2026-07-30T05:00,25.7,60,27.6,0.0,0.0,,4.8,48,9.7,
2026-07-30T05:15,25.6,60,27.5,0.0,0.0,,4.8,48,9.7,
2026-07-30T05:30,25.6,60,27.4,0.0,0.0,,4.8,48,10.1,
2026-07-30T05:45,25.5,61,27.5,0.0,0.0,,4.8,42,10.1,
2026-07-30T06:00,25.5,61,27.5,0.0,0.0,,4.8,42,10.1,
2026-07-30T06:15,25.5,62,27.5,0.0,0.0,,4.8,42,10.1,
2026-07-30T06:30,25.4,62,27.4,0.0,0.0,,4.9,36,10.1,
2026-07-30T06:45,25.4,63,27.5,0.0,0.0,,4.7,32,9.7,
2026-07-30T07:00,25.5,63,27.7,0.0,0.0,,4.7,32,9.7,
2026-07-30T07:15,25.8,62,28.0,0.0,0.0,,4.4,35,9.7,
2026-07-30T07:30,26.2,61,28.5,0.0,0.0,,4.3,42,9.7,
2026-07-30T07:45,26.7,59,29.0,0.0,0.0,,4.1,45,9.7,
2026-07-30T08:00,27.3,58,29.8,0.0,0.0,,3.3,49,9.7,
2026-07-30T08:15,27.9,57,30.8,0.0,0.0,,2.0,45,9.4,
2026-07-30T08:30,28.7,56,32.0,0.0,0.0,,0.8,333,9.0,
2026-07-30T08:45,29.5,55,32.8,0.0,0.0,,2.2,270,9.0,
2026-07-30T09:00,30.1,53,33.1,0.0,0.0,,3.7,259,9.4,
2026-07-30T09:15,30.5,51,33.3,0.0,0.0,,4.9,253,10.8,
2026-07-30T09:30,30.8,48,33.1,0.0,0.0,,5.7,252,12.6,
2026-07-30T09:45,31.1,45,32.9,0.0,0.0,,6.3,246,14.8,
2026-07-30T10:00,31.3,44,33.0,0.0,0.0,,7.1,246,16.6,
2026-07-30T10:15,31.5,44,33.4,0.0,0.0,,7.9,246,17.6,
2026-07-30T10:30,31.6,45,33.9,0.0,0.0,,8.4,245,18.7,
2026-07-30T10:45,31.7,47,34.5,0.0,0.0,,9.2,244,19.4,
2026-07-30T11:00,31.8,48,35.0,0.0,0.0,,9.5,245,20.2,
2026-07-30T11:15,32.0,49,35.5,0.0,0.0,,9.7,248,21.2,
2026-07-30T11:30,32.1,50,35.9,0.0,0.0,,10.2,252,22.0,
2026-07-30T11:45,32.2,51,36.4,0.0,0.0,,10.5,254,23.0,
2026-07-30T12:00,32.4,51,36.7,0.0,0.0,,10.7,256,23.8,
2026-07-30T12:15,32.6,50,36.9,0.0,0.0,,11.0,259,24.5,
2026-07-30T12:30,32.8,48,36.9,0.0,0.0,,11.4,259,25.2,
2026-07-30T12:45,33.0,46,36.9,0.0,0.0,,11.7,261,25.9,
2026-07-30T13:00,33.1,45,36.9,0.0,0.0,,12.0,263,26.3,
2026-07-30T13:15,33.1,44,36.7,0.0,0.0,,12.3,265,26.6,
2026-07-30T13:30,33.1,44,36.7,0.0,0.0,,12.2,268,27.0,
2026-07-30T13:45,33.0,44,36.5,0.0,0.0,,12.6,272,27.0,
2026-07-30T14:00,33.0,44,36.3,0.0,0.0,,12.6,275,27.4,
2026-07-30T14:15,33.0,44,36.2,0.0,0.0,,12.7,278,27.7,
2026-07-30T14:30,33.0,43,36.0,0.0,0.0,,12.5,282,27.7,
2026-07-30T14:45,33.0,43,35.8,0.0,0.0,,12.7,285,28.1,
2026-07-30T15:00,33.1,42,35.7,0.0,0.0,,12.5,288,28.1,
2026-07-30T15:15,33.1,41,35.4,0.0,0.0,,12.3,291,28.1,
2026-07-30T15:30,33.1,41,35.4,0.0,0.0,,12.0,291,28.1,
2026-07-30T15:45,33.1,40,35.1,0.0,0.0,,12.0,291,28.1,
2026-07-30T16:00,33.1,40,35.0,0.0,0.0,,11.6,292,27.7,
2026-07-30T16:15,33.1,40,34.9,0.0,0.0,,11.6,292,27.4,
2026-07-30T16:30,33.1,40,34.6,0.0,0.0,,11.6,292,27.0,
2026-07-30T16:45,33.0,41,34.6,0.0,0.0,,11.2,291,26.6,
2026-07-30T17:00,33.0,41,34.4,0.0,0.0,,11.2,291,26.3,
2026-07-30T17:15,32.9,41,34.1,0.0,0.0,,10.8,291,25.9,
2026-07-30T17:30,32.8,41,34.1,0.0,0.0,,10.4,290,25.6,
2026-07-30T17:45,32.6,41,33.9,0.0,0.0,,10.0,291,25.2,
2026-07-30T18:00,32.5,41,33.8,0.0,0.0,,9.7,292,24.8,
2026-07-30T18:15,32.4,41,33.8,0.0,0.0,,9.0,293,24.1,
2026-07-30T18:30,32.3,41,33.6,0.0,0.0,,8.7,294,23.4,
2026-07-30T18:45,32.2,41,33.6,0.0,0.0,,8.0,297,22.7,
2026-07-30T19:00,32.0,41,33.5,0.0,0.0,,7.4,299,21.6,
2026-07-30T19:15,31.9,42,33.5,0.0,0.0,,6.9,298,20.5,
2026-07-30T19:30,31.7,42,33.4,0.0,0.0,,6.3,294,19.4,
2026-07-30T19:45,31.5,43,33.3,0.0,0.0,,5.8,292,18.0,
2026-07-30T20:00,31.3,44,33.3,0.0,0.0,,5.4,290,16.9,
2026-07-30T20:15,31.1,45,33.1,0.0,0.0,,5.0,291,15.8,
2026-07-30T20:30,30.8,45,32.8,0.0,0.0,,4.5,299,14.4,
2026-07-30T20:45,30.6,46,32.7,0.0,0.0,,4.1,308,13.0,
2026-07-30T21:00,30.3,47,32.4,0.0,0.0,,4.1,315,11.9,
2026-07-30T21:15,30.0,48,32.2,0.0,0.0,,3.8,319,10.4,
2026-07-30T21:30,29.7,50,32.1,0.0,0.0,,3.9,326,9.4,
2026-07-30T21:45,29.4,52,32.0,0.0,0.0,,3.5,336,7.9,
2026-07-30T22:00,29.1,54,31.9,0.0,0.0,,3.4,342,7.2,
2026-07-30T22:15,28.8,56,31.8,0.0,0.0,,2.9,353,6.8,
2026-07-30T22:30,28.4,58,31.6,0.0,0.0,,2.5,360,6.8,
2026-07-30T22:45,28.1,60,31.4,0.0,0.0,,2.3,18,6.8,
2026-07-30T23:00,27.8,62,31.2,0.0,0.0,,2.4,27,6.8,
2026-07-30T23:15,27.5,63,30.9,0.0,0.0,,2.4,27,6.8,
2026-07-30T23:30,27.2,63,30.4,0.0,0.0,,2.6,16,6.5,
2026-07-30T23:45,26.9,63,30.0,0.0,0.0,,3.0,14,6.1,
2026-07-31T00:00,26.7,63,29.6,0.0,0.0,,2.9,7,6.1,
2026-07-31T00:15,26.5,63,29.3,0.0,0.0,,2.9,7,6.1,
2026-07-31T00:30,26.3,64,29.2,0.0,0.0,,2.9,7,6.1,
2026-07-31T00:45,26.1,64,29.0,0.0,0.0,,2.9,7,6.5,
2026-07-31T01:00,26.0,64,28.7,0.0,0.0,,2.9,7,6.5,
2026-07-31T01:15,25.8,64,28.5,0.0,0.0,,3.0,14,6.5,
2026-07-31T01:30,25.7,64,28.3,0.0,0.0,,3.1,21,6.8,
2026-07-31T01:45,25.6,65,28.3,0.0,0.0,,3.1,21,7.2,
2026-07-31T02:00,25.4,65,28.0,0.0,0.0,,3.2,27,7.2,
2026-07-31T02:15,25.3,66,27.9,0.0,0.0,,3.2,27,7.2,
2026-07-31T02:30,25.2,66,27.7,0.0,0.0,,3.5,24,7.6,
2026-07-31T02:45,25.0,67,27.6,0.0,0.0,,3.4,18,7.6,
2026-07-31T03:00,24.9,68,27.6,0.0,0.0,,3.4,18,7.6,
2026-07-31T03:15,24.8,69,27.6,0.0,0.0,,3.4,18,7.6,
2026-07-31T03:30,24.7,69,27.4,0.0,0.0,,3.4,18,7.6,
2026-07-31T03:45,24.6,70,27.3,0.0,0.0,,3.5,24,7.9,
2026-07-31T04:00,24.5,70,27.2,0.0,0.0,,3.5,24,7.9,
2026-07-31T04:15,24.3,70,26.9,0.0,0.0,,3.5,24,8.3,
2026-07-31T04:30,24.2,70,26.7,0.0,0.0,,3.7,29,8.3,
2026-07-31T04:45,24.0,70,26.5,0.0,0.0,,3.6,37,8.6,
2026-07-31T05:00,23.9,70,26.3,0.0,0.0,,3.6,37,8.6,
2026-07-31T05:15,23.8,70,26.1,0.0,0.0,,3.6,37,8.6,
2026-07-31T05:30,23.6,70,25.9,0.0,0.0,,3.6,37,8.6,
2026-07-31T05:45,23.5,71,25.9,0.0,0.0,,3.6,37,8.3,
2026-07-31T06:00,23.5,71,25.8,0.0,0.0,,3.6,37,8.3,
2026-07-31T06:15,23.4,72,25.8,0.0,0.0,,3.6,37,8.3,
2026-07-31T06:30,23.4,72,25.8,0.0,0.0,,3.6,37,8.3,
2026-07-31T06:45,23.4,73,25.9,0.0,0.0,,3.6,37,8.3,
2026-07-31T07:00,23.5,73,26.1,0.0,0.0,,3.6,37,8.3,
2026-07-31T07:15,23.8,72,26.4,0.0,0.0,,3.6,37,8.3,
2026-07-31T07:30,24.2,71,26.9,0.0,0.0,,3.3,41,7.9,
2026-07-31T07:45,24.7,69,27.5,0.0,0.0,,3.1,45,7.9,
2026-07-31T08:00,25.3,67,28.1,0.0,0.0,,2.5,45,7.9,
2026-07-31T08:15,25.9,65,28.9,0.0,0.0,,1.6,27,7.9,
2026-07-31T08:30,26.6,63,29.8,0.0,0.0,,1.0,315,8.3,
2026-07-31T08:45,27.3,61,30.4,0.0,0.0,,2.2,279,8.6,
2026-07-31T09:00,27.9,59,30.9,0.0,0.0,,3.2,270,9.0,
2026-07-31T09:15,28.4,58,31.4,0.0,0.0,,3.6,264,9.7,
2026-07-31T09:30,28.9,58,32.0,0.0,0.0,,4.0,265,10.4,
2026-07-31T09:45,29.3,57,32.5,0.0,0.0,,4.0,260,11.5,
2026-07-31T10:00,29.6,57,32.9,0.0,0.0,,4.4,261,12.2,
2026-07-31T10:15,30.0,57,33.6,0.0,0.0,,4.7,261,13.0,
2026-07-31T10:30,30.3,57,34.2,0.0,0.0,,5.4,262,14.0,
2026-07-31T10:45,30.6,57,34.8,0.0,0.0,,6.1,267,14.8,
2026-07-31T11:00,30.9,57,35.4,0.0,0.0,,6.5,267,15.5,
2026-07-31T11:15,31.2,56,35.8,0.0,0.0,,6.8,267,16.2,
2026-07-31T11:30,31.4,54,36.0,0.0,0.0,,7.2,264,16.9,
2026-07-31T11:45,31.7,52,36.2,0.0,0.0,,7.6,265,17.6,
2026-07-31T12:00,31.9,50,36.3,0.0,0.0,,8.0,262,18.4,
2026-07-31T12:15,32.2,48,36.4,0.0,0.0,,8.4,260,18.7,
2026-07-31T12:30,32.4,47,36.7,0.0,0.0,,8.4,260,19.1,
2026-07-31T12:45,32.7,45,36.8,0.0,0.0,,8.5,258,19.4,
2026-07-31T13:00,32.8,44,36.8,0.0,0.0,,8.8,258,19.8,
2026-07-31T13:15,32.9,43,36.7,0.0,0.0,,9.5,259,20.5,
2026-07-31T13:30,32.9,43,36.6,0.0,0.0,,10.2,260,21.2,
2026-07-31T13:45,32.9,42,36.3,0.0,0.0,,10.9,262,22.0,
2026-07-31T14:00,32.9,42,36.2,0.0,0.0,,11.6,263,23.0,
2026-07-31T14:15,32.9,42,36.0,0.0,0.0,,12.0,263,24.1,
2026-07-31T14:30,32.9,42,36.0,0.0,0.0,,11.9,265,25.2,
2026-07-31T14:45,32.9,42,35.8,0.0,0.0,,12.3,267,25.9,
2026-07-31T15:00,32.8,42,35.6,0.0,0.0,,12.2,268,27.0,
2026-07-31T15:15,32.7,42,35.3,0.0,0.0,,12.6,272,28.1,
2026-07-31T15:30,32.6,43,35.0,0.0,0.0,,13.4,275,28.8,
2026-07-31T15:45,32.4,44,34.7,0.0,0.0,,13.8,279,29.5,
2026-07-31T16:00,32.2,44,34.3,0.0,0.0,,14.0,282,30.2,
2026-07-31T16:15,32.1,44,33.9,0.0,0.0,,13.8,285,30.6,
2026-07-31T16:30,31.9,43,33.3,0.0,0.0,,13.3,289,31.0,
2026-07-31T16:45,31.7,42,32.8,0.0,0.0,,12.8,292,31.0,
2026-07-31T17:00,31.6,42,32.5,0.0,0.0,,12.2,294,30.6,
2026-07-31T17:15,31.5,42,32.3,0.0,0.0,,11.3,297,29.9,
2026-07-31T17:30,31.4,42,32.4,0.0,0.0,,10.3,299,29.2,
2026-07-31T17:45,31.4,43,32.6,0.0,0.0,,9.2,301,28.1,
2026-07-31T18:00,31.3,43,32.7,0.0,0.0,,8.4,301,26.6,
2026-07-31T18:15,31.2,43,32.6,0.0,0.0,,8.1,302,25.2,
2026-07-31T18:30,31.1,44,32.7,0.0,0.0,,7.6,301,23.4,
2026-07-31T18:45,31.1,44,32.6,0.0,0.0,,7.3,303,21.6,
2026-07-31T19:00,31.0,44,32.6,0.0,0.0,,6.8,302,20.2,
2026-07-31T19:15,30.9,44,32.6,0.0,0.0,,5.8,300,19.1,
2026-07-31T19:30,30.9,44,32.8,0.0,0.0,,4.5,299,18.7,
2026-07-31T19:45,30.9,44,32.9,0.0,0.0,,3.2,297,18.0,
2026-07-31T20:00,30.8,44,32.9,0.0,0.0,,2.6,286,16.9,
2026-07-31T20:15,30.6,45,32.8,0.0,0.0,,2.5,278,15.5,
2026-07-31T20:30,30.4,46,32.6,0.0,0.0,,3.2,270,13.3,
2026-07-31T20:45,30.1,47,32.3,0.0,0.0,,4.0,270,11.5,
2026-07-31T21:00,29.9,48,32.0,0.0,0.0,,4.0,270,10.1,
2026-07-31T21:15,29.7,49,32.0,0.0,0.0,,3.2,270,9.4,
2026-07-31T21:30,29.5,51,32.2,0.0,0.0,,2.2,279,9.4,
2026-07-31T21:45,29.3,53,32.4,0.0,0.0,,0.8,297,9.4,
2026-07-31T22:00,29.0,55,32.4,0.0,0.0,,0.4,360,9.0,
2026-07-31T22:15,28.7,57,32.2,0.0,0.0,,0.4,90,7.9,
2026-07-31T22:30,28.4,60,32.2,0.0,0.0,,0.4,180,6.1,
2026-07-31T22:45,28.1,62,31.9,0.0,0.0,,0.7,180,4.3,
2026-07-31T23:00,27.9,64,31.8,0.0,0.0,,0.8,207,3.6,
2026-07-31T23:15,27.7,65,31.7,0.0,0.0,,0.8,243,4.0,
2026-07-31T23:30,27.6,65,31.4,0.0,0.0,,1.6,297,5.0,
2026-07-31T23:45,27.4,65,31.1,0.0,0.0,,2.3,309,6.5,
2026-08-01T00:00,27.3,66,30.9,0.0,0.0,,2.8,320,7.2,
2026-08-01T00:15,27.1,67,30.7,0.0,0.0,,2.9,330,7.6,
2026-08-01T00:30,26.8,69,30.7,0.0,0.0,,2.2,351,7.6,
2026-08-01T00:45,26.6,70,30.4,0.0,0.0,,2.2,9,7.2,
2026-08-01T01:00,26.4,72,30.3,0.0,0.0,,2.4,27,7.2,
2026-08-01T01:15,26.2,73,30.1,0.0,0.0,,2.6,34,7.2,
2026-08-01T01:30,26.0,75,30.0,0.0,0.0,,2.8,40,7.6,
2026-08-01T01:45,25.8,76,29.8,0.0,0.0,,3.3,41,7.6,
2026-08-01T02:00,25.6,77,29.7,0.0,0.0,,3.3,41,7.9,
2026-08-01T02:15,25.5,78,29.5,0.0,0.0,,3.4,32,8.3,
2026-08-01T02:30,25.3,79,29.4,0.0,0.0,,3.2,27,8.3,
2026-08-01T02:45,25.1,79,29.1,0.0,0.0,,3.3,13,8.6,
2026-08-01T03:00,25.0,80,29.1,0.0,0.0,,3.3,6,8.6,
2026-08-01T03:15,25.0,81,29.1,0.0,0.0,,3.3,6,8.6,
2026-08-01T03:30,24.9,81,29.0,0.0,0.0,,3.3,6,8.6,
2026-08-01T03:45,24.9,82,29.2,0.0,0.0,,2.9,7,8.6,
2026-08-01T04:00,24.9,82,29.1,0.0,0.0,,2.9,7,8.6,
2026-08-01T04:15,24.8,82,29.0,0.0,0.0,,2.9,7,8.6,
2026-08-01T04:30,24.7,82,28.8,0.0,0.0,,3.0,14,9.0,
2026-08-01T04:45,24.6,82,28.7,0.0,0.0,,3.0,14,9.0,
2026-08-01T05:00,24.5,82,28.5,0.0,0.0,,3.1,21,9.0,
2026-08-01T05:15,24.4,82,28.4,0.0,0.0,,3.2,27,9.0,
2026-08-01T05:30,24.4,82,28.3,0.0,0.0,,3.4,32,9.0,
2026-08-01T05:45,24.3,81,28.2,0.0,0.0,,3.1,36,9.0,
2026-08-01T06:00,24.3,81,28.1,0.0,0.0,,3.1,36,9.0,
2026-08-01T06:15,24.2,81,28.1,0.0,0.0,,2.7,23,8.6,
2026-08-01T06:30,24.1,81,27.9,0.0,0.0,,2.5,8,8.3,
2026-08-01T06:45,24.1,80,27.8,0.0,0.0,,2.6,344,7.9,
2026-08-01T07:00,24.2,80,27.9,0.0,0.0,,2.9,330,7.6,
2026-08-01T07:15,24.5,79,28.2,0.0,0.0,,2.8,320,7.2,
2026-08-01T07:30,24.9,79,28.8,0.0,0.0,,3.1,306,7.2,
2026-08-01T07:45,25.3,78,29.3,0.0,0.0,,3.2,297,6.8,
2026-08-01T08:00,25.7,77,29.8,0.0,0.0,,3.1,291,6.8,
2026-08-01T08:15,26.1,76,30.4,0.0,0.0,,3.0,284,6.8,
2026-08-01T08:30,26.5,76,31.0,0.0,0.0,,2.6,286,7.2,
2026-08-01T08:45,26.9,75,31.5,0.0,0.0,,2.3,288,7.6,
2026-08-01T09:00,27.3,74,32.0,0.0,0.0,,2.2,279,8.3,
2026-08-01T09:15,27.7,72,32.4,0.0,0.0,,2.2,261,9.0,
2026-08-01T09:30,28.0,70,32.6,0.0,0.0,,2.7,247,10.1,
2026-08-01T09:45,28.4,68,32.8,0.0,0.0,,3.7,241,10.8,
2026-08-01T10:00,28.7,67,33.0,0.0,0.0,,4.2,239,11.9,
2026-08-01T10:15,29.0,67,33.3,0.0,0.0,,4.8,243,13.0,
2026-08-01T10:30,29.2,69,34.0,0.0,0.0,,5.6,255,13.7,
2026-08-01T10:45,29.3,70,34.5,0.0,0.0,,6.2,260,14.8,
2026-08-01T11:00,29.5,71,35.1,0.0,0.0,,6.9,261,15.5,
2026-08-01T11:15,29.8,70,35.5,0.0,0.0,,7.0,258,16.2,
2026-08-01T11:30,30.0,69,35.8,0.0,0.0,,7.3,250,16.6,
2026-08-01T11:45,30.3,67,36.1,0.0,0.0,,7.2,243,17.3,
2026-08-01T12:00,30.5,66,36.5,0.0,0.0,,7.6,239,18.0,
2026-08-01T12:15,30.7,65,36.6,0.0,0.0,,8.2,241,19.1,
2026-08-01T12:30,30.8,63,36.6,0.0,0.0,,8.9,243,20.5,
2026-08-01T12:45,30.9,62,36.6,0.0,0.0,,9.7,248,22.0,
2026-08-01T13:00,31.0,62,36.7,0.0,0.0,,10.4,250,23.0,
2026-08-01T13:15,31.0,63,36.8,0.0,0.0,,11.0,251,23.8,
2026-08-01T13:30,30.9,64,36.8,0.0,0.0,,11.7,252,24.5,
2026-08-01T13:45,30.9,65,36.7,0.0,0.0,,12.0,254,25.2,
2026-08-01T14:00,30.8,66,36.5,0.0,0.0,,12.3,255,25.6,
2026-08-01T14:15,30.8,66,36.2,0.0,0.0,,12.2,256,25.9,
2026-08-01T14:30,30.7,65,35.7,0.0,0.0,,11.8,258,26.3,
2026-08-01T14:45,30.6,64,35.3,0.0,0.0,,11.1,257,26.3,
2026-08-01T15:00,30.5,64,35.0,0.0,0.0,,10.7,258,26.3,
2026-08-01T15:15,30.4,64,34.6,0.0,0.0,,10.3,258,25.9,
2026-08-01T15:30,30.4,64,34.5,0.0,0.0,,9.6,257,25.6,
2026-08-01T15:45,30.3,65,34.4,0.0,0.0,,9.3,254,24.8,
2026-08-01T16:00,30.3,65,34.4,0.0,0.0,,9.0,254,24.1,
2026-08-01T16:15,30.4,65,34.6,0.0,0.0,,8.7,253,23.0,
2026-08-01T16:30,30.5,66,35.0,0.0,0.0,,8.8,251,22.0,
2026-08-01T16:45,30.7,66,35.4,0.0,0.0,,8.4,250,20.9,
2026-08-01T17:00,30.8,66,35.4,0.0,0.0,,8.4,250,20.2,
2026-08-01T17:15,30.7,66,35.4,0.0,0.0,,8.4,250,19.8,
2026-08-01T17:30,30.6,66,35.2,0.0,0.0,,8.6,248,19.8,
2026-08-01T17:45,30.4,67,35.0,0.0,0.0,,8.6,248,19.8,
2026-08-01T18:00,30.3,67,34.8,0.0,0.0,,8.6,248,19.8,
2026-08-01T18:15,30.1,68,34.7,0.0,0.0,,8.6,248,19.8,
2026-08-01T18:30,30.0,68,34.4,0.0,0.0,,8.7,246,19.4,
2026-08-01T18:45,29.8,69,34.3,0.0,0.0,,8.4,245,19.4,
2026-08-01T19:00,29.6,70,34.1,0.0,0.0,,8.4,245,19.1,
2026-08-01T19:15,29.3,71,33.9,0.0,0.0,,7.9,246,18.7,
2026-08-01T19:30,29.0,72,33.6,0.0,0.0,,7.8,248,18.4,
2026-08-01T19:45,28.6,73,33.2,0.0,0.0,,7.3,250,18.0,
2026-08-01T20:00,28.3,74,33.0,0.0,0.0,,6.8,252,17.6,
2026-08-01T20:15,28.1,75,32.8,0.0,0.0,,6.0,253,16.9,
2026-08-01T20:30,27.9,76,32.8,0.0,0.0,,5.6,255,16.2,
2026-08-01T20:45,27.7,76,32.6,0.0,0.0,,4.9,253,15.5,
2026-08-01T21:00,27.6,77,32.6,0.0,0.0,,4.1,255,14.4,
2026-08-01T21:15,27.4,77,32.4,0.0,0.0,,3.8,253,13.3,
2026-08-01T21:30,27.3,78,32.4,0.0,0.0,,3.3,257,11.9,
2026-08-01T21:45,27.2,78,32.2,0.0,0.0,,3.0,256,10.4,
2026-08-01T22:00,27.1,78,32.1,0.0,0.0,,2.6,254,9.4,
2026-08-01T22:15,27.0,78,32.0,0.0,0.0,,2.3,252,8.3,
2026-08-01T22:30,26.9,79,32.0,0.0,0.0,,1.8,233,7.2,
2026-08-01T22:45,26.8,79,31.9,0.0,0.0,,1.5,225,6.5,
2026-08-01T23:00,26.6,80,31.9,0.0,0.0,,1.1,198,5.8,
2026-08-01T23:15,26.4,81,31.7,0.0,0.0,,1.1,162,5.4,
2026-08-01T23:30,26.2,82,31.5,0.0,0.0,,1.0,135,5.0,
2026-08-01T23:45,26.0,82,31.0,0.0,0.0,,1.6,117,4.7,
2026-08-02T00:00,25.7,83,30.7,0.0,0.0,,1.8,101,4.7,
2026-08-02T00:15,25.5,84,30.4,0.0,0.0,,2.2,90,4.7,
2026-08-02T00:30,25.2,84,30.0,0.0,0.0,,2.2,90,5.0,
2026-08-02T00:45,25.0,84,29.6,0.0,0.0,,2.2,81,5.8,
2026-08-02T01:00,24.8,84,29.3,0.0,0.0,,2.3,72,6.1,
2026-08-02T01:15,24.6,83,28.8,0.0,0.0,,2.7,67,6.5,
2026-08-02T01:30,24.4,81,28.4,0.0,0.0,,2.7,67,7.2,
2026-08-02T01:45,24.3,79,27.9,0.0,0.0,,3.2,63,7.6,
2026-08-02T02:00,24.2,77,27.5,0.0,0.0,,3.2,63,7.9,
2026-08-02T02:15,24.0,75,27.0,0.0,0.0,,3.4,58,8.3,
2026-08-02T02:30,23.9,73,26.7,0.0,0.0,,3.4,58,8.3,
2026-08-02T02:45,23.8,71,26.4,0.0,0.0,,3.3,49,8.3,
2026-08-02T03:00,23.7,69,26.0,0.0,0.0,,3.3,49,8.3,
2026-08-02T03:15,23.6,68,25.8,0.0,0.0,,3.3,49,8.3,
2026-08-02T03:30,23.6,68,25.7,0.0,0.0,,3.6,45,8.3,
2026-08-02T03:45,23.5,67,25.4,0.0,0.0,,3.6,45,8.3,
2026-08-02T04:00,23.4,67,25.3,0.0,0.0,,3.6,45,8.3,
2026-08-02T04:15,23.2,66,25.0,0.0,0.0,,3.6,45,8.3,
2026-08-02T04:30,23.0,66,24.6,0.0,0.0,,3.8,49,8.6,
2026-08-02T04:45,22.8,65,24.2,0.0,0.0,,4.1,52,8.6,
2026-08-02T05:00,22.6,64,23.9,0.0,0.0,,4.1,52,9.0,
2026-08-02T05:15,22.5,63,23.6,0.0,0.0,,4.1,52,9.4,
2026-08-02T05:30,22.4,63,23.4,0.0,0.0,,4.1,45,9.4,
2026-08-02T05:45,22.3,62,23.3,0.0,0.0,,3.8,41,9.7,
2026-08-02T06:00,22.3,62,23.2,0.0,0.0,,3.8,41,9.7,
2026-08-02T06:15,22.2,62,23.2,0.0,0.0,,3.8,41,9.7,
2026-08-02T06:30,22.2,62,23.2,0.0,0.0,,3.6,45,9.4,
2026-08-02T06:45,22.3,61,23.2,0.0,0.0,,3.6,53,9.4,
2026-08-02T07:00,22.5,61,23.5,0.0,0.0,,3.4,58,9.0,
2026-08-02T07:15,22.9,60,23.9,0.0,0.0,,3.2,63,9.0,
2026-08-02T07:30,23.4,60,24.6,0.0,0.0,,3.5,66,8.6,
2026-08-02T07:45,24.0,59,25.3,0.0,0.0,,3.4,72,8.6,
2026-08-02T08:00,24.5,58,26.0,0.0,0.0,,3.0,76,8.3,
2026-08-02T08:15,25.1,57,26.8,0.0,0.0,,2.2,81,7.9,
2026-08-02T08:30,25.7,57,27.8,0.0,0.0,,0.7,90,7.2,
2026-08-02T08:45,26.3,56,28.5,0.0,0.0,,0.8,207,6.8,
2026-08-02T09:00,26.8,56,29.1,0.0,0.0,,1.8,233,6.8,
2026-08-02T09:15,27.2,57,29.8,0.0,0.0,,2.3,231,7.6,
2026-08-02T09:30,27.6,58,30.4,0.0,0.0,,2.8,230,8.6,
2026-08-02T09:45,28.0,59,31.0,0.0,0.0,,3.1,225,9.7,
2026-08-02T10:00,28.3,60,31.6,0.0,0.0,,3.6,225,11.2,
2026-08-02T10:15,28.7,61,32.3,0.0,0.0,,4.3,228,12.2,
2026-08-02T10:30,29.0,62,33.1,0.0,0.0,,5.4,228,13.7,
2026-08-02T10:45,29.4,63,33.8,0.0,0.0,,6.4,232,15.1,
2026-08-02T11:00,29.7,63,34.3,0.0,0.0,,7.2,233,16.2,
2026-08-02T11:15,29.9,63,34.8,0.0,0.0,,8.0,234,17.3,
2026-08-02T11:30,30.1,63,35.2,0.0,0.0,,8.3,236,18.4,
2026-08-02T11:45,30.3,62,35.5,0.0,0.0,,8.6,237,19.1,
2026-08-02T12:00,30.5,62,35.8,0.0,0.0,,8.9,238,20.2,
2026-08-02T12:15,30.7,62,36.1,0.0,0.0,,9.5,241,21.2,
2026-08-02T12:30,30.9,61,36.3,0.0,0.0,,9.7,243,22.0,
2026-08-02T12:45,31.0,60,36.3,0.0,0.0,,10.3,245,22.7,
2026-08-02T13:00,31.1,60,36.5,0.0,0.0,,10.5,248,23.4,
2026-08-02T13:15,31.2,60,36.7,0.0,0.0,,10.7,250,23.8,
2026-08-02T13:30,31.3,60,36.8,0.0,0.0,,10.9,253,23.8,
2026-08-02T13:45,31.4,60,37.0,0.0,0.0,,10.7,256,23.4,
2026-08-02T14:00,31.5,60,37.1,0.0,0.0,,10.7,258,23.4,
2026-08-02T14:15,31.6,59,37.1,0.0,0.0,,10.6,260,23.4,
2026-08-02T14:30,31.7,59,37.3,0.0,0.0,,10.2,262,23.4,
2026-08-02T14:45,31.8,58,37.3,0.0,0.0,,9.8,264,23.4,
2026-08-02T15:00,31.9,57,37.3,0.0,0.0,,9.4,266,23.4,
2026-08-02T15:15,32.0,57,37.3,0.0,0.0,,9.4,268,23.0,
2026-08-02T15:30,32.0,56,37.0,0.0,0.0,,9.0,268,22.7,
2026-08-02T15:45,32.0,56,36.9,0.0,0.0,,9.0,270,22.0,
2026-08-02T16:00,32.0,56,36.7,0.0,0.0,,9.0,272,21.6,
2026-08-02T16:15,32.1,56,36.5,0.0,0.0,,9.0,275,21.2,
2026-08-02T16:30,32.1,55,36.2,0.0,0.0,,8.8,279,20.9,
2026-08-02T16:45,32.1,54,35.8,0.0,0.0,,8.8,282,20.9,
2026-08-02T17:00,32.1,54,35.7,0.0,0.0,,8.6,285,20.5,
2026-08-02T17:15,32.1,54,35.5,0.0,0.0,,8.3,288,20.2,
2026-08-02T17:30,32.0,53,35.2,0.0,0.0,,8.3,288,19.8,
2026-08-02T17:45,31.9,53,35.1,0.0,0.0,,8.1,291,19.4,
2026-08-02T18:00,31.7,53,34.9,0.0,0.0,,7.8,292,19.1,
2026-08-02T18:15,31.6,53,34.8,0.0,0.0,,7.4,293,18.7,
2026-08-02T18:30,31.4,53,34.6,0.0,0.0,,7.2,297,18.7,
2026-08-02T18:45,31.3,54,34.6,0.0,0.0,,6.6,299,18.4,
2026-08-02T19:00,31.1,54,34.3,0.0,0.0,,6.3,301,18.0,
2026-08-02T19:15,30.9,54,34.2,0.0,0.0,,6.0,303,17.3,
2026-08-02T19:30,30.7,55,34.1,0.0,0.0,,5.4,307,16.2,
2026-08-02T19:45,30.6,55,33.9,0.0,0.0,,5.1,309,15.5,
2026-08-02T20:00,30.3,56,33.8,0.0,0.0,,4.8,312,14.4,
2026-08-02T20:15,30.1,57,33.5,0.0,0.0,,4.8,312,13.7,
2026-08-02T20:30,29.7,59,33.3,0.0,0.0,,4.6,309,13.0,
2026-08-02T20:45,29.4,61,33.2,0.0,0.0,,4.6,309,12.6,
2026-08-02T21:00,29.1,62,32.9,0.0,0.0,,4.1,308,11.5,
2026-08-02T21:15,28.7,63,32.6,0.0,0.0,,3.6,307,10.1,
2026-08-02T21:30,28.4,64,32.2,0.0,0.0,,3.1,315,8.6,
2026-08-02T21:45,28.0,65,32.0,0.0,0.0,,2.3,321,6.8,
2026-08-02T22:00,27.7,66,31.7,0.0,0.0,,1.6,333,5.8,
2026-08-02T22:15,27.4,69,31.7,0.0,0.0,,1.1,360,5.0,
2026-08-02T22:30,27.0,72,31.5,0.0,0.0,,1.0,45,4.7,
2026-08-02T22:45,26.7,75,31.4,0.0,0.0,,1.5,76,4.7,
2026-08-02T23:00,26.5,77,31.1,0.0,0.0,,2.2,90,4.7,
2026-08-02T23:15,26.2,77,30.7,0.0,0.0,,2.5,90,4.7,
2026-08-02T23:30,26.0,75,30.1,0.0,0.0,,2.5,82,5.0,
2026-08-02T23:45,25.8,73,29.6,0.0,0.0,,2.6,74,5.8,
2026-08-03T00:00,25.7,70,29.0,0.0,0.0,,2.7,67,6.1,
2026-08-03T00:15,25.5,66,28.3,0.0,0.0,,2.9,60,6.5,
2026-08-03T00:30,25.4,62,27.7,0.0,0.0,,3.4,58,7.2,
2026-08-03T00:45,25.3,58,27.1,0.0,0.0,,3.4,58,7.9,
2026-08-03T01:00,25.2,55,26.5,0.0,0.0,,3.9,56,8.3,
2026-08-03T01:15,25.0,54,26.0,0.0,0.0,,4.4,55,8.6,
2026-08-03T01:30,24.7,54,25.7,0.0,0.0,,4.4,55,9.0,
2026-08-03T01:45,24.5,55,25.4,0.0,0.0,,4.9,54,9.4,
2026-08-03T02:00,24.3,55,25.2,0.0,0.0,,4.9,54,9.7,
2026-08-03T02:15,24.2,54,24.8,0.0,0.0,,5.1,51,9.7,
2026-08-03T02:30,24.1,53,24.6,0.0,0.0,,4.8,48,9.7,
2026-08-03T02:45,24.0,52,24.4,0.0,0.0,,4.8,42,9.7,
2026-08-03T03:00,23.9,51,24.2,0.0,0.0,,4.6,39,9.7,
2026-08-03T03:15,23.8,50,24.0,0.0,0.0,,4.9,36,9.7,
2026-08-03T03:30,23.8,50,23.9,0.0,0.0,,4.9,36,10.1,
2026-08-03T03:45,23.8,50,23.9,0.0,0.0,,5.2,34,10.4,
2026-08-03T04:00,23.7,49,23.7,0.0,0.0,,5.2,34,10.4,
2026-08-03T04:15,23.7,47,23.4,0.0,0.0,,5.2,34,10.4,
2026-08-03T04:30,23.6,45,23.1,0.0,0.0,,5.4,37,10.8,
2026-08-03T04:45,23.6,43,22.9,0.0,0.0,,5.6,40,10.8,
2026-08-03T05:00,23.6,42,22.7,0.0,0.0,,5.6,40,10.8,
2026-08-03T05:15,23.6,42,22.7,0.0,0.0,,5.6,40,10.8,
2026-08-03T05:30,23.5,42,22.7,0.0,0.0,,5.7,35,11.2,
2026-08-03T05:45,23.5,43,22.7,0.0,0.0,,5.8,30,11.2,
2026-08-03T06:00,23.5,43,22.8,0.0,0.0,,5.6,27,11.2,
2026-08-03T06:15,23.5,43,22.8,0.0,0.0,,5.6,27,11.2,
2026-08-03T06:30,23.5,42,22.6,0.0,0.0,,5.6,27,11.2,
2026-08-03T06:45,23.5,42,22.7,0.0,0.0,,5.3,28,10.8,
2026-08-03T07:00,23.7,42,22.9,0.0,0.0,,5.3,28,10.8,
2026-08-03T07:15,23.9,43,23.3,0.0,0.0,,5.3,28,10.8,
2026-08-03T07:30,24.2,45,23.9,0.0,0.0,,5.2,34,10.4,
2026-08-03T07:45,24.7,48,24.9,0.0,0.0,,4.9,36,10.4,
2026-08-03T08:00,25.3,49,25.8,0.0,0.0,,4.6,39,10.1,
2026-08-03T08:15,26.1,50,27.2,0.0,0.0,,3.8,41,9.7,
2026-08-03T08:30,27.2,50,28.8,0.0,0.0,,2.5,45,9.4,
2026-08-03T08:45,28.2,50,30.4,0.0,0.0,,1.3,34,9.0,
2026-08-03T09:00,29.2,49,31.8,0.0,0.0,,0.0,270,9.0,
2026-08-03T09:15,30.0,46,32.3,0.0,0.0,,1.3,236,9.7,
2026-08-03T09:30,30.7,42,32.5,0.0,0.0,,2.9,240,11.2,
2026-08-03T09:45,31.4,37,32.4,0.0,0.0,,4.2,239,12.2,
2026-08-03T10:00,31.9,34,32.5,0.0,0.0,,5.2,236,13.3,
2026-08-03T10:15,32.4,33,33.1,0.0,0.0,,5.4,233,14.0,
2026-08-03T10:30,32.7,33,33.8,0.0,0.0,,5.6,230,14.4,
2026-08-03T10:45,33.0,34,34.7,0.0,0.0,,5.1,225,14.8,
2026-08-03T11:00,33.3,34,35.3,0.0,0.0,,5.4,222,15.1,
2026-08-03T11:15,33.6,34,35.7,0.0,0.0,,5.9,223,15.5,
2026-08-03T11:30,33.8,33,36.0,0.0,0.0,,6.4,223,16.2,
2026-08-03T11:45,34.0,32,36.2,0.0,0.0,,6.6,225,16.6,
2026-08-03T12:00,34.2,32,36.5,0.0,0.0,,7.1,225,17.3,
2026-08-03T12:15,34.4,32,36.8,0.0,0.0,,7.6,225,18.4,
2026-08-03T12:30,34.6,32,37.0,0.0,0.0,,8.2,229,19.4,
2026-08-03T12:45,34.7,33,37.4,0.0,0.0,,8.7,228,20.5,
2026-08-03T13:00,34.8,34,37.7,0.0,0.0,,9.2,231,21.6,
2026-08-03T13:15,34.8,36,38.0,0.0,0.0,,9.6,236,22.7,
2026-08-03T13:30,34.8,38,38.3,0.0,0.0,,10.0,240,23.4,
2026-08-03T13:45,34.8,40,38.5,0.0,0.0,,10.5,243,24.1,
2026-08-03T14:00,34.7,41,38.5,0.0,0.0,,10.6,246,24.8,
2026-08-03T14:15,34.7,41,38.4,0.0,0.0,,10.8,249,25.2,
2026-08-03T14:30,34.7,41,38.2,0.0,0.0,,10.8,249,25.6,
2026-08-03T14:45,34.7,40,38.1,0.0,0.0,,10.4,250,25.6,
2026-08-03T15:00,34.7,40,38.0,0.0,0.0,,10.2,252,25.6,
2026-08-03T15:15,34.7,40,38.0,0.0,0.0,,10.1,253,25.2,
2026-08-03T15:30,34.7,40,38.0,0.0,0.0,,9.7,255,24.5,
2026-08-03T15:45,34.7,41,38.1,0.0,0.0,,9.5,259,24.1,
2026-08-03T16:00,34.7,41,38.0,0.0,0.0,,9.1,261,23.4,
2026-08-03T16:15,34.6,41,37.7,0.0,0.0,,9.1,263,23.0,
2026-08-03T16:30,34.6,42,37.7,0.0,0.0,,8.7,265,22.7,
2026-08-03T16:45,34.5,42,37.4,0.0,0.0,,8.6,268,22.0,
2026-08-03T17:00,34.4,42,37.1,0.0,0.0,,8.3,270,21.6,
2026-08-03T17:15,34.4,42,36.9,0.0,0.0,,7.9,273,21.2,
2026-08-03T17:30,34.3,42,36.8,0.0,0.0,,7.6,275,20.5,
2026-08-03T17:45,34.2,42,36.7,0.0,0.0,,6.9,276,20.2,
2026-08-03T18:00,34.1,42,36.6,0.0,0.0,,6.6,279,19.4,
2026-08-03T18:15,33.9,42,36.5,0.0,0.0,,6.2,280,18.7,
2026-08-03T18:30,33.8,42,36.4,0.0,0.0,,5.9,281,18.0,
2026-08-03T18:45,33.7,43,36.4,0.0,0.0,,5.2,282,17.3,
2026-08-03T19:00,33.5,43,36.2,0.0,0.0,,4.8,283,16.6,
2026-08-03T19:15,33.3,43,36.0,0.0,0.0,,4.5,284,15.5,
2026-08-03T19:30,33.1,44,36.0,0.0,0.0,,3.8,287,14.4,
2026-08-03T19:45,32.8,44,35.7,0.0,0.0,,3.4,288,13.0,
2026-08-03T20:00,32.6,45,35.6,0.0,0.0,,2.7,293,11.9,
2026-08-03T20:15,32.3,46,35.4,0.0,0.0,,2.3,309,10.8,
2026-08-03T20:30,32.0,47,35.2,0.0,0.0,,2.1,329,9.4,
2026-08-03T20:45,31.7,48,34.9,0.0,0.0,,2.2,360,8.6,
2026-08-03T21:00,31.3,49,34.5,0.0,0.0,,2.6,16,7.9,
2026-08-03T21:15,30.9,50,33.9,0.0,0.0,,3.2,27,7.9,
2026-08-03T21:30,30.5,51,33.4,0.0,0.0,,3.6,37,8.6,
2026-08-03T21:45,30.0,51,32.6,0.0,0.0,,4.3,42,9.4,
2026-08-03T22:00,29.6,52,32.1,0.0,0.0,,4.8,48,10.1,
2026-08-03T22:15,29.2,53,31.7,0.0,0.0,,5.1,51,10.4,
2026-08-03T22:30,28.9,54,31.3,0.0,0.0,,5.2,56,10.4,
2026-08-03T22:45,28.6,55,31.0,0.0,0.0,,5.2,56,10.8,
2026-08-03T23:00,28.3,56,30.8,0.0,0.0,,5.0,60,10.8,
2026-08-03T23:15,28.1,57,30.7,0.0,0.0,,4.7,58,10.8,
2026-08-03T23:30,27.9,57,30.5,0.0,0.0,,4.4,55,10.8,
2026-08-03T23:45,27.8,57,30.3,0.0,0.0,,3.9,56,10.8,
2026-08-04T00:00,27.6,58,30.2,0.0,0.0,,3.6,53,10.4,
2026-08-04T00:15,27.3,60,30.1,0.0,0.0,,3.4,58,10.1,
2026-08-04T00:30,27.1,62,30.1,0.0,0.0,,3.4,58,9.4,
2026-08-04T00:45,26.9,65,30.1,0.0,0.0,,3.2,63,8.6,
2026-08-04T01:00,26.7,66,30.0,0.0,0.0,,3.1,69,7.9,
2026-08-04T01:15,26.7,66,30.0,0.0,0.0,,3.0,76,7.6,
2026-08-04T01:30,26.7,65,29.9,0.0,0.0,,2.9,83,7.6,
2026-08-04T01:45,26.7,64,29.9,0.0,0.0,,2.5,90,7.6,
2026-08-04T02:00,26.7,63,29.8,0.0,0.0,,2.5,90,7.2,
2026-08-04T02:15,26.7,62,29.6,0.0,0.0,,2.5,90,6.8,
2026-08-04T02:30,26.7,61,29.4,0.0,0.0,,2.5,90,6.1,
2026-08-04T02:45,26.6,59,29.1,0.0,0.0,,2.5,90,5.8,
2026-08-04T03:00,26.6,58,28.9,0.0,0.0,,2.5,82,5.8,
2026-08-04T03:15,26.5,57,28.6,0.0,0.0,,3.0,76,6.5,
2026-08-04T03:30,26.4,56,28.4,0.0,0.0,,3.4,72,7.6,
2026-08-04T03:45,26.3,56,28.1,0.0,0.0,,4.0,63,8.6,
2026-08-04T04:00,26.1,55,27.7,0.0,0.0,,4.5,61,9.4,
2026-08-04T04:15,25.9,55,27.3,0.0,0.0,,4.7,58,9.7,
2026-08-04T04:30,25.6,54,26.8,0.0,0.0,,5.0,60,9.7,
2026-08-04T04:45,25.3,54,26.4,0.0,0.0,,5.2,56,9.7,
2026-08-04T05:00,25.1,54,26.0,0.0,0.0,,5.2,56,9.7,
2026-08-04T05:15,24.9,54,25.8,0.0,0.0,,5.2,56,10.1,
2026-08-04T05:30,24.8,55,25.7,0.0,0.0,,5.4,53,10.8,
2026-08-04T05:45,24.7,56,25.7,0.0,0.0,,5.4,53,11.2,
2026-08-04T06:00,24.6,56,25.6,0.0,0.0,,5.4,53,11.5,
2026-08-04T06:15,24.5,56,25.5,0.0,0.0,,5.4,48,11.5,
2026-08-04T06:30,24.5,56,25.4,0.0,0.0,,5.1,45,11.5,
2026-08-04T06:45,24.5,56,25.4,0.0,0.0,,5.4,42,11.2,
2026-08-04T07:00,24.6,56,25.6,0.0,0.0,,5.1,39,11.2,
2026-08-04T07:15,25.0,56,26.1,0.0,0.0,,5.1,39,11.2,
2026-08-04T07:30,25.5,55,26.7,0.0,0.0,,5.4,42,11.2,
2026-08-04T07:45,26.1,54,27.5,0.0,0.0,,5.1,45,10.8,
2026-08-04T08:00,26.8,52,28.2,0.0,0.0,,4.8,48,10.8,
2026-08-04T08:15,27.7,49,29.2,0.0,0.0,,4.3,48,10.4,
2026-08-04T08:30,28.8,44,30.0,0.0,0.0,,3.9,56,10.4,
2026-08-04T08:45,29.8,40,30.9,0.0,0.0,,2.9,60,10.1,
2026-08-04T09:00,30.5,37,31.6,0.0,0.0,,1.9,68,10.1,
2026-08-04T09:15,31.0,37,32.4,0.0,0.0,,0.4,90,10.4,
2026-08-04T09:30,31.2,39,32.7,0.0,0.0,,2.4,243,11.2,
2026-08-04T09:45,31.3,41,32.9,0.0,0.0,,4.3,246,11.9,
2026-08-04T10:00,31.5,42,33.2,0.0,0.0,,5.2,245,12.2,
2026-08-04T10:15,31.7,43,33.8,0.0,0.0,,4.2,239,12.6,
2026-08-04T10:30,32.0,43,34.4,0.0,0.0,,2.6,214,12.6,
2026-08-04T10:45,32.2,43,34.9,0.0,0.0,,1.9,158,13.0,
2026-08-04T11:00,32.5,43,35.1,0.0,0.0,,2.9,120,13.0,
2026-08-04T11:15,32.7,42,35.0,0.0,0.0,,3.9,112,13.0,
2026-08-04T11:30,32.9,39,34.7,0.0,0.0,,4.5,104,13.0,
2026-08-04T11:45,33.1,37,34.6,0.0,0.0,,4.8,103,13.3,
2026-08-04T12:00,33.2,36,34.6,0.0,0.0,,4.2,110,13.7,
2026-08-04T12:15,33.2,37,35.1,0.0,0.0,,2.8,140,14.8,
2026-08-04T12:30,33.2,38,35.1,0.0,0.0,,3.4,198,16.6,
2026-08-04T12:45,33.1,40,35.0,0.0,0.0,,5.9,227,18.4,
2026-08-04T13:00,33.1,42,35.1,0.0,0.0,,8.0,234,19.4,
2026-08-04T13:15,33.1,44,35.3,0.0,0.0,,8.6,237,19.8,
2026-08-04T13:30,33.1,46,36.0,0.0,0.0,,8.3,236,19.8,
2026-08-04T13:45,33.2,48,36.7,0.0,0.0,,7.5,235,19.4,
2026-08-04T14:00,33.2,49,37.1,0.0,0.0,,7.0,235,19.4,
2026-08-04T14:15,33.3,49,37.2,0.0,0.0,,6.8,238,19.1,
2026-08-04T14:30,33.5,49,37.3,0.0,0.0,,7.1,240,19.1,
2026-08-04T14:45,33.6,48,37.3,0.0,0.0,,7.2,243,18.7,
2026-08-04T15:00,33.6,49,37.3,0.0,0.0,,7.8,248,19.1,
2026-08-04T15:15,33.4,51,37.2,0.0,0.0,,8.7,253,20.2,
2026-08-04T15:30,33.1,54,37.2,0.0,0.0,,9.5,259,22.0,
2026-08-04T15:45,32.8,57,37.1,0.0,0.0,,10.5,262,23.8,
2026-08-04T16:00,32.6,59,36.9,0.0,0.0,,11.2,266,24.8,
2026-08-04T16:15,32.5,59,36.8,0.0,0.0,,10.8,272,25.6,
2026-08-04T16:30,32.4,58,36.6,0.0,0.0,,10.2,278,25.6,
2026-08-04T16:45,32.4,57,36.4,0.0,0.0,,9.3,283,25.6,
2026-08-04T17:00,32.4,56,36.3,0.0,0.0,,8.8,289,25.2,
2026-08-04T17:15,32.4,56,36.4,0.0,0.0,,8.1,291,24.1,
2026-08-04T17:30,32.5,55,36.5,0.0,0.0,,7.3,290,22.7,
2026-08-04T17:45,32.5,55,36.5,0.0,0.0,,6.8,288,20.9,
2026-08-04T18:00,32.4,55,36.5,0.0,0.0,,6.4,286,19.8,
2026-08-04T18:15,32.3,55,36.3,0.0,0.0,,6.6,283,19.1,
2026-08-04T18:30,32.1,56,36.0,0.0,0.0,,7.2,276,18.7,
2026-08-04T18:45,31.9,56,35.7,0.0,0.0,,7.6,273,18.7,
2026-08-04T19:00,31.6,57,35.4,0.0,0.0,,7.9,270,18.4,
2026-08-04T19:15,31.4,58,35.2,0.0,0.0,,7.6,270,18.0,
2026-08-04T19:30,31.1,59,35.0,0.0,0.0,,7.2,270,18.0,
2026-08-04T19:45,30.8,61,34.9,0.0,0.0,,6.5,270,17.6,
2026-08-04T20:00,30.5,62,34.7,0.0,0.0,,5.8,270,17.3,
2026-08-04T20:15,30.2,63,34.5,0.0,0.0,,5.1,274,16.6,
2026-08-04T20:30,29.9,65,34.5,0.0,0.0,,4.7,274,15.8,
2026-08-04T20:45,29.7,66,34.4,0.0,0.0,,4.0,280,14.8,
2026-08-04T21:00,29.4,67,34.2,0.0,0.0,,3.4,288,13.7,
2026-08-04T21:15,29.2,68,34.1,0.0,0.0,,2.9,300,12.2,
2026-08-04T21:30,29.0,68,33.9,0.0,0.0,,2.3,321,10.8,
2026-08-04T21:45,28.8,69,33.7,0.0,0.0,,2.6,344,9.4,
2026-08-04T22:00,28.7,69,33.5,0.0,0.0,,2.5,360,8.3,
2026-08-04T22:15,28.5,69,33.2,0.0,0.0,,2.6,16,7.6,
2026-08-04T22:30,28.4,69,33.1,0.0,0.0,,2.1,31,7.2,
2026-08-04T22:45,28.2,69,32.8,0.0,0.0,,2.0,45,7.2,
2026-08-04T23:00,28.1,70,32.8,0.0,0.0,,1.8,53,7.6,
2026-08-04T23:15,27.9,71,32.6,0.0,0.0,,1.6,63,8.6,
2026-08-04T23:30,27.6,73,32.5,0.0,0.0,,1.3,56,10.4,
2026-08-04T23:45,27.4,74,32.4,0.0,0.0,,1.0,45,11.9,
2026-08-05T21:15,28.8,73,33.9,0.0,0.0,0,4.9,306,15.5,1012.5
2026-08-05T21:30,28.7,74,33.9,0.0,0.0,0,4.6,309,14.4,1012.7
2026-08-05T00:00,27.2,75,32.3,0.0,0.0,,0.5,45,13.0,
2026-08-05T00:15,27.1,75,32.2,0.0,0.0,,0.4,90,13.0,
2026-08-05T00:30,27.0,75,32.0,0.0,0.0,,0.4,180,12.2,
2026-08-05T00:45,27.0,75,31.9,0.0,0.0,,0.7,180,11.5,
2026-08-05T01:00,26.9,75,31.7,0.0,0.0,,1.1,162,10.8,
2026-08-05T01:15,26.9,75,31.6,0.0,0.0,,1.5,135,10.1,
2026-08-05T01:30,26.9,74,31.4,0.0,0.0,,1.9,112,9.0,
2026-08-05T01:45,26.8,73,31.1,0.0,0.0,,2.9,97,8.3,
2026-08-05T02:00,26.8,73,30.9,0.0,0.0,,3.6,90,7.9,
2026-08-05T02:15,26.7,73,30.7,0.0,0.0,,4.0,85,7.9,
2026-08-05T02:30,26.5,72,30.3,0.0,0.0,,4.3,85,8.3,
2026-08-05T02:45,26.3,72,29.9,0.0,0.0,,4.7,81,8.6,
2026-08-05T03:00,26.2,72,29.7,0.0,0.0,,4.7,81,9.4,
2026-08-05T03:15,26.0,72,29.5,0.0,0.0,,4.7,81,10.4,
2026-08-05T03:30,25.8,71,29.1,0.0,0.0,,4.5,76,12.2,
2026-08-05T03:45,25.7,71,29.0,0.0,0.0,,3.8,73,13.7,
2026-08-05T04:00,25.5,71,28.8,0.0,0.0,,3.8,73,14.8,
2026-08-05T04:15,25.4,72,28.7,0.0,0.0,,3.8,73,15.1,
2026-08-05T04:30,25.2,72,28.4,0.0,0.0,,4.0,80,15.1,
2026-08-05T04:45,25.1,73,28.3,0.0,0.0,,4.4,81,14.8,
2026-08-05T05:00,25.0,74,28.1,0.0,0.0,,4.7,81,14.0,
2026-08-05T05:15,24.9,74,28.0,0.0,0.0,,4.7,81,13.0,
2026-08-05T05:30,24.7,75,27.9,0.0,0.0,,4.5,76,11.5,
2026-08-05T05:45,24.6,75,27.8,0.0,0.0,,4.5,76,10.1,
2026-08-05T06:00,24.5,75,27.7,0.0,0.0,,4.2,70,9.0,
2026-08-05T06:15,24.4,75,27.4,0.0,0.0,,4.3,66,8.6,
2026-08-05T06:30,24.2,75,27.2,0.0,0.0,,4.2,59,8.6,
2026-08-05T06:45,24.1,75,27.0,0.0,0.0,,4.4,55,9.0,
2026-08-05T07:00,24.2,75,27.1,0.0,0.0,,4.4,55,9.0,
2026-08-05T07:15,24.5,75,27.6,0.0,0.0,,4.4,55,9.0,
2026-08-05T07:30,24.9,74,28.1,0.0,0.0,,4.7,58,9.4,
2026-08-05T07:45,25.5,73,28.8,0.0,0.0,,4.5,61,9.4,
2026-08-05T08:00,26.0,72,29.5,0.0,0.0,,4.0,63,9.4,
2026-08-05T08:15,26.4,71,30.2,0.0,0.0,,3.2,63,9.4,
2026-08-05T08:30,26.9,69,30.8,0.0,0.0,,2.3,72,9.0,
2026-08-05T08:45,27.3,68,31.4,0.0,0.0,,1.1,72,8.6,
2026-08-05T09:00,27.7,67,32.0,0.0,0.0,,0.5,135,8.6,
2026-08-05T09:15,28.0,66,32.3,0.0,0.0,,0.8,207,8.6,
2026-08-05T09:30,28.4,66,32.7,0.0,0.0,,1.6,207,8.6,
2026-08-05T09:45,28.7,66,33.1,0.0,0.0,,2.1,211,9.0,
2026-08-05T10:00,29.0,66,33.5,0.0,0.0,,2.8,220,9.4,
2026-08-05T10:15,29.3,66,33.8,0.0,0.0,,3.6,225,10.1,
2026-08-05T10:30,29.6,67,34.5,0.0,0.0,,4.6,231,11.5,
2026-08-05T10:45,29.8,68,35.1,0.0,0.0,,5.7,235,12.6,
2026-08-05T11:00,30.1,68,35.7,0.0,0.0,,6.3,239,14.0,
2026-08-05T11:15,30.4,67,36.1,0.0,0.0,,6.9,242,15.5,
2026-08-05T11:30,30.7,66,36.5,0.0,0.0,,7.6,245,16.9,
2026-08-05T11:45,31.0,65,36.9,0.0,0.0,,8.1,249,18.4,
2026-08-05T12:00,31.2,64,37.0,0.0,0.0,,8.8,251,19.8,
2026-08-05T12:15,31.4,64,37.3,0.0,0.0,,9.1,252,20.9,
2026-08-05T12:30,31.4,64,37.4,0.0,0.0,,9.3,254,21.6,
2026-08-05T12:45,31.5,64,37.5,0.0,0.0,,9.7,255,22.0,
2026-08-05T13:00,31.5,64,37.5,0.0,0.0,,10.0,257,22.7,
2026-08-05T13:15,31.6,63,37.4,0.0,0.0,,10.2,260,23.4,
2026-08-05T13:30,31.8,61,37.3,0.0,0.0,,10.9,262,24.1,
2026-08-05T13:45,31.9,60,37.2,0.0,0.0,,11.2,266,24.5,
2026-08-05T14:00,32.0,59,37.0,0.0,0.0,,11.5,268,25.2,
2026-08-05T14:15,31.9,60,37.0,0.0,0.0,,11.9,270,25.9,
2026-08-05T14:30,31.8,61,36.9,0.0,0.0,,11.9,272,27.0,
2026-08-05T14:45,31.6,62,36.6,0.0,0.0,,12.3,273,27.7,
2026-08-05T15:00,31.5,63,36.5,0.0,0.0,,12.3,273,28.1,
2026-08-05T15:15,31.4,63,36.4,0.0,0.0,,12.3,273,28.1,
2026-08-05T15:30,31.4,62,36.0,0.0,0.0,,12.3,273,27.7,
2026-08-05T15:45,31.4,62,35.9,0.0,0.0,,12.3,273,27.4,
2026-08-05T16:00,31.4,61,35.6,0.0,0.0,,12.3,273,27.0,
2026-08-05T16:15,31.4,61,35.5,0.0,0.0,,12.3,273,27.0,
2026-08-05T16:30,31.4,61,35.4,0.0,0.0,,11.9,275,27.4,
2026-08-05T16:45,31.4,61,35.2,0.0,0.0,,12.0,277,27.7,
2026-08-05T17:00,31.3,61,35.0,0.0,0.0,,11.6,277,27.7,
2026-08-05T17:15,31.3,61,35.0,0.0,0.0,,11.3,277,27.4,
2026-08-05T17:30,31.2,62,35.1,0.0,0.0,,10.9,276,27.0,
2026-08-05T17:45,31.1,63,35.2,0.0,0.0,,10.1,276,26.6,
2026-08-05T18:00,31.0,63,35.1,0.0,0.0,,9.8,276,25.9,
2026-08-05T18:15,30.9,63,35.0,0.0,0.0,,9.1,279,25.2,
2026-08-05T18:30,30.8,63,35.0,0.0,0.0,,8.5,282,24.1,
2026-08-05T18:45,30.7,64,35.1,0.0,0.0,,7.9,286,23.0,
2026-08-05T19:00,30.6,64,35.0,0.0,0.0,,7.6,289,22.0,
2026-08-05T19:15,30.5,65,35.0,0.0,0.0,,7.4,293,20.9,
2026-08-05T19:30,30.3,66,34.8,0.0,0.0,,7.4,293,19.4,
2026-08-05T19:45,30.0,67,34.5,0.0,0.0,,7.6,295,18.4,
2026-08-05T20:00,29.8,68,34.4,0.0,0.0,,7.2,297,17.3,
2026-08-05T20:15,29.6,69,34.3,0.0,0.0,,6.9,298,16.9,
2026-08-05T20:30,29.4,70,34.1,0.0,0.0,,6.3,301,16.6,
2026-08-05T20:45,29.2,71,34.0,0.0,0.0,,5.8,300,16.6,
2026-08-05T21:00,29.0,72,33.9,0.0,0.0,,5.2,304,16.2,
2026-08-05T21:45,28.6,74,33.8,0.0,0.0,0,4.1,315,13.0,1012.9
2026-08-05T22:00,28.5,75,33.8,0.0,0.0,0,3.8,319,11.9,1013.1
2026-08-05T22:15,28.3,76,33.7,0.0,0.0,0,3.4,328,10.8,1013.1
2026-08-05T22:30,28.1,77,33.6,0.0,0.0,0,2.7,337,9.7,1013.1
2026-08-05T22:45,28.0,78,33.5,0.0,0.0,0,2.6,344,8.6,1013.1
2026-08-05T23:00,27.8,79,33.4,0.0,0.0,0,2.2,360,7.6,1013.1
2026-08-06T10:00,28.7,75,34.0,0.0,0.0,2,4.6,225,12.2,1014.0
2026-08-05T23:15,27.7,78,33.3,0.0,0.0,,1.3,34,5.4,
2026-08-05T23:30,27.5,79,33.1,0.0,0.0,,1.8,53,5.0,
2026-08-05T23:45,27.3,80,32.9,0.0,0.0,,1.9,68,5.0,
2026-08-06T00:00,27.2,81,32.7,0.0,0.0,,2.3,72,5.0,
2026-08-06T00:15,27.0,82,32.5,0.0,0.0,,2.6,74,5.0,
2026-08-06T00:30,26.9,83,32.4,0.0,0.0,,2.6,74,5.4,
2026-08-06T00:45,26.7,84,32.3,0.0,0.0,,2.6,74,5.8,
2026-08-06T01:00,26.6,85,32.2,0.0,0.0,,2.6,74,6.1,
2026-08-06T01:15,26.5,86,32.1,0.0,0.0,,2.6,74,6.1,
2026-08-06T01:30,26.4,86,32.1,0.0,0.0,,2.3,72,6.1,
2026-08-06T01:45,26.3,86,32.0,0.0,0.0,,1.9,68,6.1,
2026-08-06T02:00,26.3,86,31.9,0.0,0.0,,1.9,68,6.1,
2026-08-06T02:15,26.2,86,31.8,0.0,0.0,,1.9,68,6.1,
2026-08-06T02:30,26.2,86,31.7,0.0,0.0,,2.1,59,5.8,
2026-08-06T02:45,26.1,85,31.5,0.0,0.0,,2.1,59,5.8,
2026-08-06T03:00,26.1,85,31.5,0.0,0.0,,2.1,59,5.8,
2026-08-06T03:15,26.1,85,31.5,0.0,0.0,,2.1,59,6.1,
2026-08-06T03:30,26.0,84,31.2,0.0,0.0,,2.4,63,6.1,
2026-08-06T03:45,26.0,83,31.1,0.0,0.0,,2.4,63,6.5,
2026-08-06T04:00,26.0,83,31.0,0.0,0.0,,2.7,67,6.8,
2026-08-06T04:15,25.9,83,30.8,0.0,0.0,,3.1,69,6.8,
2026-08-06T04:30,25.7,82,30.4,0.0,0.0,,3.1,69,7.2,
2026-08-06T04:45,25.6,82,30.1,0.0,0.0,,3.4,72,7.2,
2026-08-06T05:00,25.4,82,29.9,0.0,0.0,,3.4,72,7.2,
2026-08-06T05:15,25.3,82,29.7,0.0,0.0,,3.8,73,7.6,
2026-08-06T05:30,25.2,82,29.5,0.0,0.0,,3.8,73,7.9,
2026-08-06T05:45,25.1,83,29.5,0.0,0.0,,4.1,75,8.3,
2026-08-06T06:00,25.0,83,29.3,0.0,0.0,,4.1,75,8.3,
2026-08-06T06:15,24.9,83,29.1,0.0,0.0,,4.1,75,8.3,
2026-08-06T06:30,24.8,83,28.9,0.0,0.0,,3.9,68,7.9,
2026-08-06T06:45,24.7,83,28.9,0.0,0.0,,3.5,66,7.9,
2026-08-06T07:00,24.8,83,29.0,0.0,0.0,,3.2,63,7.6,
2026-08-06T07:15,25.0,82,29.3,0.0,0.0,,3.1,69,7.2,
2026-08-06T07:30,25.4,81,29.9,0.0,0.0,,2.6,74,7.2,
2026-08-06T07:45,25.8,79,30.3,0.0,0.0,,2.5,82,6.8,
2026-08-06T08:00,26.2,78,30.9,0.0,0.0,,2.2,90,6.8,
2026-08-06T08:15,26.6,77,31.4,0.0,0.0,,1.5,104,6.8,
2026-08-06T08:30,26.9,77,31.9,0.0,0.0,,1.1,162,6.8,
2026-08-06T08:45,27.2,77,32.4,0.0,0.0,,1.6,207,6.8,
2026-08-06T09:00,27.5,77,32.7,0.0,0.0,,2.3,219,7.2,
2026-08-06T09:15,27.8,77,33.1,0.0,0.0,,3.1,225,8.3,
2026-08-06T09:30,28.1,76,33.4,0.0,0.0,,3.6,225,9.7,
2026-08-06T09:45,28.4,76,33.8,0.0,0.0,,4.1,225,11.2,
2026-08-06T10:15,29.0,73,34.2,0.0,0.0,1,4.8,222,13.0,1014.0
2026-08-06T11:15,30.3,66,36.0,0.0,0.0,0,5.8,210,14.8,1014.0
2026-08-06T10:30,29.4,71,34.7,0.0,0.0,,4.9,216,13.3,
2026-08-06T10:45,29.7,69,35.2,0.0,0.0,,5.0,210,13.3,
2026-08-06T11:00,30.0,67,35.5,0.0,0.0,,5.3,208,14.0,
2026-08-06T11:30,30.5,65,36.4,0.0,0.0,0,6.1,208,15.8,1014.0
2026-08-06T11:45,31.0,64,36.9,0.0,0.0,1,7.5,215,18.4,1013.8
2026-08-06T13:30,31.9,60,37.4,0.0,0.0,0,12.7,235,28.1,1013.6
2026-08-06T12:00,31.2,64,37.3,0.0,0.0,,8.2,218,19.8,
2026-08-06T12:15,31.4,63,37.4,0.0,0.0,,9.2,222,21.6,
2026-08-06T12:30,31.5,63,37.5,0.0,0.0,,9.9,226,23.4,
2026-08-06T12:45,31.7,62,37.5,0.0,0.0,,11.0,229,25.2,
2026-08-06T13:00,31.8,61,37.4,0.0,0.0,,11.8,232,26.6,
2026-08-06T13:15,31.9,60,37.3,0.0,0.0,,12.4,234,27.7,
2026-08-06T14:15,31.9,60,37.3,0.0,0.0,1,12.9,240,28.4,1013.7
2026-08-06T13:45,31.8,61,37.3,0.0,0.0,,13.1,238,28.4,
2026-08-06T14:00,31.9,61,37.4,0.0,0.0,,12.9,240,28.4,
2026-08-06T14:30,32.0,59,37.3,0.0,0.0,1,12.7,241,28.4,1013.6
2026-08-06T14:45,32.1,58,37.1,0.0,0.0,1,12.6,243,28.4,1013.6
2026-08-06T15:00,32.1,58,37.1,0.0,0.0,1,12.6,243,28.4,1013.5
2026-08-06T15:15,32.1,58,37.1,0.0,0.0,1,12.1,243,28.4,1013.4
2026-08-06T15:30,32.1,59,37.1,0.0,0.0,1,11.8,243,28.1,1013.3
2026-08-06T15:45,32.0,60,37.1,0.0,0.0,1,11.3,243,27.7,1013.2
2026-08-06T16:00,32.0,60,36.9,0.0,0.0,1,10.9,243,27.4,1013.1
2026-08-06T16:15,32.0,60,36.8,0.0,0.0,1,10.6,242,27.0,1013.0
2026-08-06T16:30,32.0,60,36.7,0.0,0.0,1,10.3,241,26.3,1012.8
2026-08-06T16:45,31.9,60,36.4,0.0,0.0,1,9.8,242,25.6,1012.7
2026-08-06T17:45,31.5,63,36.0,0.0,0.0,0,9.1,252,23.0,1012.3
2026-08-06T18:15,31.3,63,35.8,0.0,0.0,0,8.3,252,22.3,1012.2
2026-08-07T08:30,27.0,56,29.4,0.0,0.0,0,2.2,81,9.7,1013.1
2026-08-06T17:00,31.9,62,36.5,0.0,0.0,,10.0,249,24.1,
2026-08-06T17:15,31.9,62,36.3,0.0,0.0,,9.9,251,23.8,
2026-08-06T17:30,31.8,62,36.2,0.0,0.0,,9.4,252,23.8,
2026-08-06T18:00,31.5,63,36.1,0.0,0.0,,9.0,254,23.0,
2026-08-06T18:30,31.2,64,35.9,0.0,0.0,,7.9,254,22.3,
2026-08-06T18:45,31.1,65,35.9,0.0,0.0,,7.1,255,22.0,
2026-08-06T19:00,30.9,66,35.8,0.0,0.0,,6.7,254,21.2,
2026-08-06T19:15,30.7,67,35.7,0.0,0.0,,6.4,254,20.2,
2026-08-06T19:30,30.4,67,35.3,0.0,0.0,,6.4,254,19.1,
2026-08-06T19:45,30.2,68,35.2,0.0,0.0,,6.3,257,17.6,
2026-08-06T20:00,30.0,69,35.0,0.0,0.0,,5.9,256,16.6,
2026-08-06T20:15,29.7,70,34.8,0.0,0.0,,5.5,259,15.8,
2026-08-06T20:30,29.5,72,34.8,0.0,0.0,,5.2,258,15.1,
2026-08-06T20:45,29.3,74,34.8,0.0,0.0,,4.7,261,14.4,
2026-08-06T21:00,29.1,75,34.6,0.0,0.0,,4.3,265,13.7,
2026-08-06T21:15,28.9,76,34.5,0.0,0.0,,4.0,270,13.0,
2026-08-06T21:30,28.7,77,34.4,0.0,0.0,,3.3,276,12.2,
2026-08-06T21:45,28.5,78,34.4,0.0,0.0,,2.5,278,11.5,
2026-08-06T22:00,28.3,79,34.3,0.0,0.0,,1.9,292,10.8,
2026-08-06T22:15,28.1,79,34.0,0.0,0.0,,1.3,326,9.7,
2026-08-06T22:30,27.9,79,33.7,0.0,0.0,,1.1,18,8.3,
2026-08-06T22:45,27.7,79,33.3,0.0,0.0,,2.0,45,6.8,
2026-08-06T23:00,27.5,79,32.9,0.0,0.0,,2.6,56,6.1,
2026-08-06T23:15,27.3,79,32.5,0.0,0.0,,3.2,63,6.5,
2026-08-06T23:30,27.1,80,32.3,0.0,0.0,,3.4,72,7.2,
2026-08-06T23:45,26.9,81,32.0,0.0,0.0,,3.7,79,7.9,
2026-08-07T00:00,26.7,81,31.7,0.0,0.0,,3.7,79,8.6,
2026-08-07T00:15,26.5,81,31.5,0.0,0.0,,3.7,79,8.6,
2026-08-07T00:30,26.4,80,31.1,0.0,0.0,,3.7,79,8.3,
2026-08-07T00:45,26.3,80,31.0,0.0,0.0,,3.4,72,8.3,
2026-08-07T01:00,26.1,79,30.6,0.0,0.0,,3.4,72,7.9,
2026-08-07T01:15,26.0,78,30.3,0.0,0.0,,3.4,72,7.9,
2026-08-07T01:30,25.8,77,30.0,0.0,0.0,,3.4,72,7.9,
2026-08-07T01:45,25.7,75,29.5,0.0,0.0,,3.4,72,8.3,
2026-08-07T02:00,25.5,74,29.2,0.0,0.0,,3.4,72,8.3,
2026-08-07T02:15,25.4,72,28.8,0.0,0.0,,3.4,72,8.3,
2026-08-07T02:30,25.3,70,28.4,0.0,0.0,,3.1,69,7.9,
2026-08-07T02:45,25.2,68,28.1,0.0,0.0,,2.7,67,7.9,
2026-08-07T03:00,25.1,67,27.8,0.0,0.0,,2.7,67,7.9,
2026-08-07T03:15,25.0,66,27.6,0.0,0.0,,2.7,67,7.9,
2026-08-07T03:30,24.9,66,27.3,0.0,0.0,,3.2,63,8.3,
2026-08-07T03:45,24.8,65,27.0,0.0,0.0,,3.5,66,8.6,
2026-08-07T04:00,24.7,65,26.9,0.0,0.0,,3.9,68,9.0,
2026-08-07T04:15,24.6,65,26.7,0.0,0.0,,4.2,70,9.4,
2026-08-07T04:30,24.5,65,26.6,0.0,0.0,,4.5,76,9.7,
2026-08-07T04:45,24.5,65,26.4,0.0,0.0,,4.8,77,10.1,
2026-08-07T05:00,24.4,65,26.3,0.0,0.0,,4.8,77,10.4,
2026-08-07T05:15,24.3,65,26.1,0.0,0.0,,4.9,73,10.4,
2026-08-07T05:30,24.2,64,25.9,0.0,0.0,,4.6,72,10.8,
2026-08-07T05:45,24.1,64,25.8,0.0,0.0,,4.3,66,10.8,
2026-08-07T06:00,24.0,63,25.6,0.0,0.0,,4.5,61,10.8,
2026-08-07T06:15,23.9,63,25.4,0.0,0.0,,4.5,61,10.8,
2026-08-07T06:30,23.8,62,25.1,0.0,0.0,,5.0,60,10.8,
2026-08-07T08:45,27.8,54,30.2,0.0,0.0,0,1.9,112,9.4,1013.1
2026-08-07T06:45,23.7,62,25.0,0.0,0.0,,5.0,60,10.8,
2026-08-07T10:00,29.7,58,33.2,0.0,0.0,0,4.4,171,13.3,1013.0
2026-08-07T07:00,23.8,61,25.1,0.0,0.0,,5.0,60,10.8,
2026-08-07T07:15,24.1,60,25.3,0.0,0.0,,5.0,60,10.8,
2026-08-07T07:30,24.5,60,25.9,0.0,0.0,,4.7,58,10.8,
2026-08-07T07:45,25.0,59,26.6,0.0,0.0,,4.2,59,10.4,
2026-08-07T08:00,25.5,58,27.3,0.0,0.0,,3.7,61,10.4,
2026-08-07T11:15,30.9,65,36.5,0.0,0.0,0,8.4,190,19.8,1013.0
2026-08-07T08:15,26.2,57,28.2,0.0,0.0,,3.1,69,10.1,
2026-08-07T09:00,28.4,54,31.1,0.0,0.0,,2.0,135,9.4,
2026-08-07T09:15,28.9,54,31.7,0.0,0.0,,2.4,153,10.1,
2026-08-07T12:15,31.3,68,37.7,0.0,0.0,1,11.4,204,25.2,1012.6
2026-08-07T09:30,29.5,56,32.7,0.0,0.0,,4.0,180,11.2,
2026-08-07T09:45,29.7,58,33.1,0.0,0.0,,4.7,184,13.3,
2026-08-07T10:15,30.1,61,34.2,0.0,0.0,,6.2,187,16.2,
2026-08-07T13:15,31.4,68,37.9,0.0,0.0,0,12.6,211,28.4,1012.5
2026-08-07T10:30,30.3,63,34.9,0.0,0.0,,6.9,186,17.3,
2026-08-07T10:45,30.5,64,35.5,0.0,0.0,,7.6,188,18.4,
2026-08-07T11:00,30.7,65,36.0,0.0,0.0,,8.4,190,19.4,
2026-08-07T14:00,31.0,64,36.5,0.0,0.0,1,13.3,213,30.2,1012.2
2026-08-07T11:30,31.0,66,36.8,0.0,0.0,,9.7,195,22.0,
2026-08-07T11:45,31.2,66,37.1,0.0,0.0,,10.6,198,23.4,
2026-08-07T12:00,31.2,67,37.3,0.0,0.0,,11.2,201,24.5,
2026-08-07T15:30,31.0,59,35.5,0.0,0.0,0,12.0,221,29.2,1012.0
2026-08-07T12:30,31.2,70,37.7,0.0,0.0,,12.4,206,27.0,
2026-08-07T12:45,31.1,71,37.7,0.0,0.0,,13.0,208,28.1,
2026-08-07T13:00,31.1,71,37.7,0.0,0.0,,13.2,209,28.8,
2026-08-07T13:30,31.0,68,37.1,0.0,0.0,,13.4,211,29.9,
2026-08-07T16:00,31.0,61,35.6,0.0,0.0,0,11.5,226,28.1,1011.9
2026-08-07T13:45,31.0,66,36.8,0.0,0.0,,13.6,212,29.9,
2026-08-07T16:15,31.0,62,35.6,0.0,0.0,1,11.5,229,27.4,1011.8
2026-08-07T14:15,31.0,62,36.3,0.0,0.0,,13.0,214,30.2,
2026-08-07T16:30,31.0,62,35.4,0.0,0.0,1,11.0,232,27.0,1011.7
2026-08-07T14:30,31.0,60,35.9,0.0,0.0,,12.9,216,30.6,
2026-08-07T16:45,30.9,62,35.0,0.0,0.0,1,11.1,234,26.3,1011.6
2026-08-07T14:45,31.0,59,35.8,0.0,0.0,,12.6,217,30.6,
2026-08-07T17:45,30.5,66,34.8,0.0,0.0,1,9.8,242,25.6,1011.8
2026-08-07T15:00,31.2,57,35.6,0.0,0.0,,12.8,218,30.6,
2026-08-07T15:15,31.2,57,35.6,0.0,0.0,,12.5,219,30.2,
2026-08-07T15:45,31.2,59,35.7,0.0,0.0,,12.0,224,29.2,
2026-08-07T18:45,29.6,73,34.6,0.0,0.0,2,8.7,246,21.6,1011.7
2026-08-07T19:45,28.7,76,33.9,0.0,0.0,2,6.6,248,19.1,1012.0
2026-08-07T17:00,30.9,62,34.8,0.0,0.0,,11.2,237,27.0,
2026-08-07T17:15,30.8,63,34.6,0.0,0.0,,11.0,238,26.6,
2026-08-07T17:30,30.6,65,34.8,0.0,0.0,,10.3,241,26.3,
2026-08-07T20:45,28.1,77,33.4,0.0,0.0,2,4.5,241,15.5,1012.1
2026-08-07T18:00,30.4,66,34.8,0.0,0.0,,8.9,238,24.1,
2026-08-07T18:15,30.2,68,34.8,0.0,0.0,,8.7,240,23.0,
2026-08-07T18:30,30.0,70,34.8,0.0,0.0,,8.4,239,22.0,
2026-08-07T21:45,27.7,78,33.0,0.0,0.0,2,3.7,241,10.8,1012.7
2026-08-07T19:00,29.5,73,34.6,0.0,0.0,,7.9,240,20.2,
2026-08-07T19:15,29.3,74,34.5,0.0,0.0,,7.4,241,19.4,
2026-08-07T19:30,29.1,74,34.1,0.0,0.0,,7.4,241,18.7,
2026-08-07T22:30,27.5,79,32.8,0.0,0.0,2,3.2,243,8.3,1013.0
2026-08-07T20:00,28.7,75,33.7,0.0,0.0,,6.4,243,17.6,
2026-08-07T20:15,28.5,76,33.6,0.0,0.0,,6.0,245,16.9,
2026-08-07T20:30,28.3,76,33.4,0.0,0.0,,5.3,242,16.2,
2026-08-07T23:15,27.3,79,32.6,0.0,0.0,2,2.6,236,6.5,1013.2
2026-08-07T21:00,28.0,77,33.2,0.0,0.0,,4.2,239,14.4,
2026-08-07T21:15,27.9,77,33.1,0.0,0.0,,3.9,236,13.3,
2026-08-08T00:00,26.9,80,32.3,0.0,0.0,2,1.3,214,4.3,1013.5
2026-08-07T21:30,27.7,79,33.0,0.0,0.0,,4.0,243,12.2,
2026-08-07T22:00,27.5,80,32.9,0.0,0.0,,4.0,243,10.4,
2026-08-08T00:45,26.6,83,32.0,0.0,0.0,2,1.9,112,5.4,1013.3
2026-08-07T22:15,27.4,80,32.7,0.0,0.0,,4.0,243,9.7,
2026-08-07T22:45,27.3,81,32.6,0.0,0.0,,3.8,253,9.0,
2026-08-08T01:30,26.1,87,31.6,0.0,0.0,2,3.3,103,6.8,1013.1
2026-08-07T23:00,27.2,81,32.5,0.0,0.0,,3.4,252,8.3,
2026-08-07T23:30,27.1,80,32.4,0.0,0.0,,2.4,243,6.1,
2026-08-08T02:00,25.5,88,30.7,0.0,0.0,2,3.6,96,7.6,1013.2
2026-08-07T23:45,26.8,80,32.0,0.0,0.0,,1.8,217,5.0,
2026-08-08T04:15,24.1,82,27.8,0.0,0.0,2,4.0,85,8.6,1012.6
2026-08-08T00:15,26.6,81,31.9,0.0,0.0,,1.5,166,4.3,
2026-08-08T00:30,26.5,82,31.7,0.0,0.0,,2.0,135,5.0,
2026-08-08T01:00,26.1,84,31.3,0.0,0.0,,3.1,111,6.5,
2026-08-08T01:15,26.0,85,31.1,0.0,0.0,,3.4,108,6.8,
2026-08-08T01:45,25.7,87,30.8,0.0,0.0,,3.6,96,7.2,
2026-08-08T02:15,25.4,89,30.6,0.0,0.0,,3.6,96,7.6,
2026-08-08T05:45,23.7,68,25.6,0.0,0.0,2,4.8,77,10.1,1012.4
2026-08-08T02:30,25.2,91,30.5,0.0,0.0,,4.0,90,7.9,
2026-08-08T02:45,25.1,91,30.3,0.0,0.0,,3.6,90,8.3,
2026-08-08T03:00,24.9,91,30.1,0.0,0.0,,3.6,90,8.3,
2026-08-08T03:15,24.8,90,29.8,0.0,0.0,,3.6,90,8.3,
2026-08-08T03:30,24.7,89,29.5,0.0,0.0,,3.6,90,7.9,
2026-08-08T03:45,24.6,88,29.2,0.0,0.0,,3.6,84,7.9,
2026-08-08T06:45,23.1,67,24.6,0.0,0.0,2,5.6,63,11.5,1013.0
2026-08-08T04:00,24.5,86,28.8,0.0,0.0,,3.6,84,7.9,
2026-08-08T04:30,24.2,80,27.8,0.0,0.0,,3.6,84,8.3,
2026-08-08T04:45,24.1,76,27.1,0.0,0.0,,4.0,80,8.6,
2026-08-08T07:30,23.7,65,25.2,0.0,0.0,2,5.8,60,11.9,1013.3
2026-08-08T08:15,25.2,65,27.5,0.0,0.0,2,4.6,72,10.8,1013.5
2026-08-08T05:00,23.7,76,26.6,0.0,0.0,,4.0,90,9.0,
2026-08-08T05:15,23.6,74,26.3,0.0,0.0,,4.0,90,9.0,
2026-08-08T05:30,23.5,72,25.9,0.0,0.0,,4.3,85,9.4,
2026-08-08T06:00,23.4,69,25.4,0.0,0.0,,4.5,76,9.4,
2026-08-08T06:15,23.4,68,25.2,0.0,0.0,,4.6,72,9.7,
2026-08-08T09:15,27.0,68,30.8,0.0,0.0,1,2.3,129,11.2,1013.7
2026-08-08T06:30,23.3,68,25.0,0.0,0.0,,4.9,73,10.1,
2026-08-08T07:00,23.4,67,25.1,0.0,0.0,,5.0,69,10.4,
2026-08-08T07:15,23.6,66,25.3,0.0,0.0,,5.0,69,10.4,
2026-08-08T10:00,27.9,68,31.9,0.0,0.0,1,3.8,197,11.2,1013.8
2026-08-08T07:45,24.3,65,26.2,0.0,0.0,,5.2,65,10.8,
2026-08-08T08:00,24.7,65,26.8,0.0,0.0,,5.0,69,10.8,
2026-08-08T10:45,28.7,67,33.2,0.0,0.0,1,6.4,207,15.1,1013.8
2026-08-08T08:30,25.7,66,28.4,0.0,0.0,,4.0,80,11.2,
2026-08-08T08:45,26.2,67,29.3,0.0,0.0,,3.2,90,11.2,
2026-08-08T11:45,29.9,64,35.0,0.0,0.0,1,8.5,216,19.4,1014.1
2026-08-08T09:00,26.6,68,30.2,0.0,0.0,,2.6,106,11.2,
2026-08-08T09:30,27.3,68,31.2,0.0,0.0,,2.3,162,10.8,
2026-08-08T09:45,27.6,68,31.6,0.0,0.0,,2.9,187,10.8,
2026-08-08T12:15,30.7,60,35.9,0.0,0.0,0,9.2,219,20.9,1013.7
2026-08-08T10:15,28.5,66,32.5,0.0,0.0,,4.3,204,11.5,
2026-08-08T13:00,31.3,59,36.6,0.0,0.0,0,10.7,225,24.5,1013.6
2026-08-08T10:30,28.8,65,33.0,0.0,0.0,,5.0,210,13.0,
2026-08-08T11:00,29.4,64,34.0,0.0,0.0,,6.3,211,15.5,
2026-08-08T13:30,31.5,59,36.8,0.0,0.0,1,11.8,230,26.6,1013.7
2026-08-08T11:15,29.7,63,34.5,0.0,0.0,,6.8,212,16.6,
2026-08-08T11:30,30.0,63,35.0,0.0,0.0,,7.5,215,17.6,
2026-08-08T14:00,31.3,60,36.7,0.0,0.0,1,11.8,230,27.0,1013.8
2026-08-08T12:00,30.2,63,35.4,0.0,0.0,,8.9,220,20.5,
2026-08-08T15:00,31.3,62,36.5,0.0,0.0,1,12.2,236,28.8,1013.4
2026-08-08T12:30,30.6,61,35.8,0.0,0.0,,9.7,222,22.3,
2026-08-08T12:45,30.8,61,36.2,0.0,0.0,,9.9,224,23.0,
2026-08-08T15:45,31.1,64,36.2,0.0,0.0,1,11.2,237,27.7,1013.3
2026-08-08T13:15,31.1,60,36.5,0.0,0.0,,10.4,226,24.5,
2026-08-08T13:45,31.3,60,36.6,0.0,0.0,,11.5,229,26.3,
2026-08-08T16:30,30.8,65,35.4,0.0,0.0,1,10.9,236,26.3,1013.0
2026-08-08T14:15,31.3,60,36.6,0.0,0.0,,12.0,231,27.7,
2026-08-08T14:30,31.3,61,36.6,0.0,0.0,,12.1,233,28.1,
2026-08-08T17:00,30.6,66,34.9,0.0,0.0,1,10.6,235,25.2,1012.7
2026-08-08T14:45,31.3,61,36.5,0.0,0.0,,12.4,234,28.4,
2026-08-08T17:45,30.3,67,34.7,0.0,0.0,1,8.9,238,24.5,1012.6
2026-08-08T15:15,31.2,63,36.6,0.0,0.0,,11.2,237,28.8,
2026-08-08T15:30,31.2,63,36.3,0.0,0.0,,11.2,237,28.4,
2026-08-08T18:15,29.8,69,34.4,0.0,0.0,1,7.9,240,23.0,1012.7
2026-08-08T16:00,30.8,64,35.5,0.0,0.0,,11.1,234,25.6,
2026-08-08T16:15,30.7,65,35.4,0.0,0.0,,11.1,234,25.6,
2026-08-08T19:00,29.3,71,34.1,0.0,0.0,1,6.8,238,19.8,1012.7
2026-08-08T16:45,30.4,66,34.8,0.0,0.0,,10.6,235,25.6,
2026-08-08T19:45,28.7,74,33.8,0.0,0.0,1,4.9,234,16.6,1013.0
2026-08-08T17:15,30.2,67,34.5,0.0,0.0,,9.9,237,25.2,
2026-08-08T17:30,30.1,68,34.6,0.0,0.0,,9.4,238,24.8,
2026-08-08T20:30,28.3,75,33.4,0.0,0.0,2,3.8,229,12.2,1013.4
2026-08-08T18:00,30.0,68,34.6,0.0,0.0,,8.4,239,23.4,
2026-08-08T18:30,29.7,69,34.4,0.0,0.0,,7.4,241,21.6,
2026-08-08T21:15,27.8,78,33.1,0.0,0.0,1,3.3,221,8.6,1013.8
2026-08-08T18:45,29.6,69,34.2,0.0,0.0,,6.8,238,20.5,
2026-08-08T19:15,29.2,71,34.2,0.0,0.0,,5.5,238,18.4,
2026-08-08T21:45,27.4,82,33.2,0.0,0.0,1,2.6,214,6.8,1013.9
2026-08-08T19:30,29.0,72,34.0,0.0,0.0,,5.2,236,17.3,
2026-08-08T22:15,27.0,84,32.9,0.0,0.0,1,1.5,194,5.4,1014.1
2026-08-08T20:00,28.6,74,33.8,0.0,0.0,,4.1,232,15.1,
2026-08-08T20:15,28.4,75,33.7,0.0,0.0,,3.8,229,13.7,
2026-08-08T22:45,26.4,84,31.9,0.0,0.0,1,1.8,127,4.7,1014.2
2026-08-08T20:45,28.1,76,33.3,0.0,0.0,,3.8,229,10.8,
2026-08-08T23:30,25.5,88,30.8,0.0,0.0,1,2.9,90,5.4,1014.2
2026-08-08T21:00,27.9,77,33.2,0.0,0.0,,3.6,225,9.7,
2026-08-08T21:30,27.6,80,33.2,0.0,0.0,,2.8,220,7.6,
2026-08-09T00:00,24.8,91,30.0,0.0,0.0,1,3.1,69,6.8,1014.3
2026-08-08T22:00,27.2,81,32.8,0.0,0.0,,1.8,191,4.3,
2026-08-09T00:45,24.4,89,29.1,0.0,0.0,2,3.1,54,7.2,1014.4
2026-08-08T22:30,26.5,84,32.1,0.0,0.0,,1.5,135,4.3,
2026-08-09T01:15,24.1,87,28.5,0.0,0.0,2,3.1,54,7.2,1014.4
2026-08-08T23:00,25.7,86,31.0,0.0,0.0,,2.5,98,5.0,
2026-08-08T23:15,25.5,87,30.6,0.0,0.0,,2.9,90,5.4,
2026-08-09T01:45,24.0,86,28.1,0.0,0.0,2,3.4,58,7.6,1014.4
2026-08-08T23:45,25.0,90,30.2,0.0,0.0,,3.0,76,6.5,
2026-08-09T03:15,23.5,86,27.4,0.0,0.0,2,3.3,49,7.6,1013.8
2026-08-09T00:15,24.6,92,29.8,0.0,0.0,,3.1,69,6.5,
2026-08-09T00:30,24.5,92,29.6,0.0,0.0,,2.9,60,6.8,
2026-08-09T01:00,24.2,90,29.0,0.0,0.0,,3.1,54,6.8,
2026-08-09T05:15,23.5,83,27.2,0.0,0.0,1,2.6,56,6.1,1013.5
2026-08-09T01:30,24.0,88,28.4,0.0,0.0,,3.6,53,7.2,
2026-08-09T02:00,23.9,87,28.0,0.0,0.0,,3.6,53,7.2,
2026-08-09T02:15,23.8,87,27.9,0.0,0.0,,3.6,53,7.2,
2026-08-09T02:30,23.7,86,27.7,0.0,0.0,,3.6,53,7.6,
2026-08-09T02:45,23.6,86,27.6,0.0,0.0,,3.3,49,7.6,
2026-08-09T03:00,23.6,86,27.5,0.0,0.0,,3.3,49,7.6,
2026-08-09T06:45,23.0,83,26.3,0.0,0.0,0,3.7,61,7.6,1013.9
2026-08-09T03:30,22.8,87,26.3,0.0,0.0,,3.9,34,7.9,
2026-08-09T03:45,22.7,87,26.2,0.0,0.0,,3.9,34,7.9,
2026-08-09T04:00,22.7,86,26.1,0.0,0.0,,3.9,34,7.9,
2026-08-09T04:15,22.7,85,26.0,0.0,0.0,,3.9,34,7.9,
2026-08-09T04:30,22.7,85,26.0,0.0,0.0,,3.6,37,7.9,
2026-08-09T04:45,22.7,84,26.0,0.0,0.0,,3.8,41,7.9,
2026-08-09T07:30,23.7,79,26.9,0.0,0.0,0,3.4,58,7.9,1014.0
2026-08-09T05:00,22.8,84,26.1,0.0,0.0,,3.6,45,7.9,
2026-08-09T05:30,22.9,83,26.1,0.0,0.0,,3.4,58,7.6,
2026-08-09T08:30,25.8,73,29.8,0.0,0.0,0,0.8,27,6.5,1014.1
2026-08-09T05:45,22.7,84,26.0,0.0,0.0,,3.2,63,7.2,
2026-08-09T06:00,22.8,83,26.1,0.0,0.0,,3.2,63,6.8,
2026-08-09T06:15,22.9,83,26.2,0.0,0.0,,3.2,63,6.8,
2026-08-09T06:30,22.9,82,26.1,0.0,0.0,,3.5,66,6.8,
2026-08-09T09:30,28.0,70,32.5,0.0,0.0,0,2.6,236,7.9,1014.3
2026-08-09T07:00,23.2,81,26.4,0.0,0.0,,3.7,61,7.2,
2026-08-09T07:15,23.5,79,26.6,0.0,0.0,,3.7,61,7.2,
2026-08-09T10:15,29.3,66,34.0,0.0,0.0,0,4.1,232,12.2,1014.3
2026-08-09T07:45,24.3,75,27.5,0.0,0.0,,3.1,54,7.2,
2026-08-09T08:00,24.7,74,28.1,0.0,0.0,,2.8,50,7.2,
2026-08-09T08:15,25.2,73,28.8,0.0,0.0,,2.0,45,6.8,
2026-08-09T11:00,30.4,65,35.8,0.0,0.0,0,6.7,234,16.6,1014.4
2026-08-09T08:45,26.4,73,30.7,0.0,0.0,,0.8,297,6.1,
2026-08-09T09:00,26.9,73,31.4,0.0,0.0,,1.5,256,6.1,
2026-08-09T11:45,31.1,60,36.3,0.0,0.0,0,9.2,239,20.9,1014.5
2026-08-09T09:15,27.5,69,31.7,0.0,0.0,,2.2,261,7.6,
2026-08-09T09:45,28.5,66,32.7,0.0,0.0,,2.6,236,9.4,
2026-08-09T12:30,31.6,58,36.8,0.0,0.0,0,10.6,246,23.8,1014.7
2026-08-09T10:00,28.9,65,33.2,0.0,0.0,,3.3,229,10.4,
2026-08-09T10:30,29.7,65,34.5,0.0,0.0,,4.8,228,13.3,
2026-08-09T13:00,31.9,58,37.3,0.0,0.0,0,11.2,249,24.8,1014.6
2026-08-09T10:45,30.0,64,35.0,0.0,0.0,,5.6,230,14.8,
2026-08-09T13:30,32.1,56,37.5,0.0,0.0,1,10.5,254,25.2,1014.7
2026-08-09T11:15,30.6,63,36.0,0.0,0.0,,7.2,233,17.6,
2026-08-09T11:30,30.9,62,36.2,0.0,0.0,,8.1,238,19.4,
2026-08-09T14:15,32.6,50,37.2,0.0,0.0,0,10.1,264,23.4,1014.3
2026-08-09T12:00,31.5,57,36.4,0.0,0.0,,9.5,245,21.6,
2026-08-09T12:15,31.6,57,36.7,0.0,0.0,,10.2,247,22.3,
2026-08-09T15:30,33.1,48,37.1,0.0,0.0,1,10.1,270,23.4,1013.8
2026-08-09T16:00,33.1,46,36.4,0.0,0.0,1,10.1,276,23.0,1013.6
2026-08-09T12:45,31.9,56,37.1,0.0,0.0,,10.4,250,23.4,
2026-08-09T13:15,32.2,55,37.4,0.0,0.0,,10.5,254,23.8,
2026-08-09T13:45,32.4,52,37.3,0.0,0.0,,10.2,260,23.4,
2026-08-09T14:00,32.5,51,37.3,0.0,0.0,,10.2,262,23.4,
2026-08-09T16:45,33.0,44,35.4,0.0,0.0,1,9.5,281,23.0,1013.5
2026-08-09T14:30,32.8,50,37.4,0.0,0.0,,10.1,264,23.4,
2026-08-09T14:45,32.9,50,37.4,0.0,0.0,,10.1,264,23.4,
2026-08-09T17:15,32.9,42,34.6,0.0,0.0,0,9.0,286,22.7,1013.5
2026-08-09T15:00,33.0,49,37.3,0.0,0.0,,10.1,266,23.4,
2026-08-09T15:15,33.0,48,37.1,0.0,0.0,,10.1,268,23.4,
2026-08-09T17:45,32.5,40,33.8,0.0,0.0,0,8.3,288,20.9,1013.5
2026-08-09T15:45,32.7,47,36.2,0.0,0.0,,9.7,272,23.8,
2026-08-09T18:45,32.1,36,32.9,0.0,0.0,0,6.3,294,19.4,1013.4
2026-08-09T16:15,32.7,45,35.5,0.0,0.0,,9.4,277,23.0,
2026-08-09T16:30,32.7,44,35.2,0.0,0.0,,9.4,277,22.7,
2026-08-09T19:15,31.9,36,32.8,0.0,0.0,0,5.0,300,17.6,1013.4
2026-08-09T17:00,32.7,42,34.4,0.0,0.0,,9.1,279,21.6,
2026-08-09T20:00,31.4,37,32.5,0.0,0.0,0,3.3,311,13.7,1013.2
2026-08-09T17:30,32.5,40,33.8,0.0,0.0,,8.6,285,21.2,
2026-08-09T18:00,32.4,39,33.5,0.0,0.0,,8.1,291,20.5,
2026-08-09T21:00,29.9,44,31.8,0.0,0.0,0,2.3,321,7.9,1013.3
2026-08-09T18:15,32.4,38,33.5,0.0,0.0,,7.1,294,20.2,
2026-08-09T18:30,32.3,38,33.5,0.0,0.0,,6.8,295,19.4,
2026-08-09T19:00,32.1,38,33.4,0.0,0.0,,5.5,302,18.0,
2026-08-09T21:30,28.9,48,31.0,0.0,0.0,0,2.2,9,7.2,1013.5
2026-08-09T19:30,31.8,38,33.1,0.0,0.0,,4.4,305,15.5,
2026-08-09T22:00,28.0,51,29.9,0.0,0.0,0,3.4,32,7.2,1013.6
2026-08-09T19:45,31.7,38,33.0,0.0,0.0,,4.1,308,14.4,
2026-08-09T22:45,26.9,55,28.8,0.0,0.0,0,4.1,38,8.3,1013.7
2026-08-09T20:15,31.1,40,32.7,0.0,0.0,,3.3,311,11.5,
2026-08-09T20:30,30.8,41,32.4,0.0,0.0,,2.8,310,10.1,
2026-08-09T20:45,30.4,43,32.2,0.0,0.0,,2.5,315,9.0,
2026-08-09T23:15,26.3,56,28.1,0.0,0.0,0,4.1,38,9.0,1013.7
2026-08-09T21:15,29.5,46,31.4,0.0,0.0,,2.3,342,7.6,
2026-08-10T00:00,25.7,56,27.3,0.0,0.0,0,4.3,42,9.0,1013.8
2026-08-09T21:45,28.5,51,30.7,0.0,0.0,,2.7,23,6.5,
2026-08-10T00:30,25.4,55,26.6,0.0,0.0,0,4.6,45,9.4,1013.9
2026-08-09T22:15,27.6,54,29.8,0.0,0.0,,3.3,41,7.2,
2026-08-09T22:30,27.3,56,29.5,0.0,0.0,,3.8,41,7.6,
2026-08-10T01:00,25.0,54,26.0,0.0,0.0,0,4.8,42,9.7,1013.9
2026-08-09T23:00,26.7,57,28.7,0.0,0.0,,4.1,45,8.3,
2026-08-10T01:45,24.6,55,25.5,0.0,0.0,0,5.1,39,10.1,1013.8
2026-08-09T23:30,26.2,57,28.0,0.0,0.0,,4.3,42,8.6,
2026-08-09T23:45,25.9,56,27.5,0.0,0.0,,4.3,42,9.0,
2026-08-10T03:15,23.9,59,25.0,0.0,0.0,0,4.8,42,9.7,1013.8
2026-08-10T00:15,25.7,54,26.9,0.0,0.0,,4.6,39,9.0,
2026-08-10T00:45,25.3,53,26.3,0.0,0.0,,4.9,36,9.4,
2026-08-10T01:15,25.0,53,25.9,0.0,0.0,,4.9,36,9.7,
2026-08-10T05:15,23.1,61,24.1,0.0,0.0,0,4.8,48,9.7,1013.6
2026-08-10T01:30,24.8,53,25.6,0.0,0.0,,4.9,36,9.7,
2026-08-10T02:00,24.5,54,25.3,0.0,0.0,,4.9,36,9.7,
2026-08-10T02:15,24.4,55,25.2,0.0,0.0,,4.9,36,9.7,
2026-08-10T02:30,24.2,56,25.1,0.0,0.0,,4.9,36,9.7,
2026-08-10T02:45,24.1,57,25.0,0.0,0.0,,4.8,42,9.7,
2026-08-10T03:00,24.0,58,25.0,0.0,0.0,,4.8,42,9.7,
2026-08-10T07:00,22.8,62,23.7,0.0,0.0,0,5.1,39,10.1,1013.8
2026-08-10T03:30,23.6,62,24.9,0.0,0.0,,4.9,36,10.4,
2026-08-10T03:45,23.5,63,24.8,0.0,0.0,,5.1,39,10.1,
2026-08-10T04:00,23.4,63,24.8,0.0,0.0,,4.8,42,10.1,
2026-08-10T04:15,23.4,63,24.7,0.0,0.0,,5.1,45,10.1,
2026-08-10T04:30,23.3,64,24.7,0.0,0.0,,4.8,48,10.1,
2026-08-10T04:45,23.3,64,24.6,0.0,0.0,,5.1,51,10.1,
2026-08-10T05:00,23.2,64,24.5,0.0,0.0,,5.1,51,10.1,
2026-08-10T08:30,26.6,53,28.4,0.0,0.0,0,2.9,30,9.7,1014.1
2026-08-10T05:30,22.6,65,23.7,0.0,0.0,,5.1,45,10.1,
2026-08-10T05:45,22.5,64,23.5,0.0,0.0,,5.4,42,10.4,
2026-08-10T06:00,22.5,64,23.6,0.0,0.0,,5.1,39,10.4,
2026-08-10T06:15,22.5,63,23.4,0.0,0.0,,5.4,37,10.4,
2026-08-10T06:30,22.4,63,23.3,0.0,0.0,,5.4,37,10.8,
2026-08-10T10:15,31.9,34,32.8,0.0,0.0,0,3.5,246,10.4,1014.6
2026-08-10T06:45,22.4,62,23.2,0.0,0.0,,5.5,32,10.8,
2026-08-10T07:15,22.8,60,23.5,0.0,0.0,,5.5,32,10.8,
2026-08-10T07:30,23.2,59,24.0,0.0,0.0,,5.3,28,10.8,
2026-08-10T07:45,23.7,57,24.5,0.0,0.0,,5.0,30,10.8,
2026-08-10T08:00,24.4,56,25.5,0.0,0.0,,4.5,29,10.4,
2026-08-10T08:15,25.4,55,26.8,0.0,0.0,,3.7,29,10.1,
2026-08-10T11:45,33.6,36,36.2,0.0,0.0,0,7.1,229,17.3,1014.6
2026-08-10T08:45,28.0,50,30.0,0.0,0.0,,1.9,22,9.4,
2026-08-10T09:00,29.1,48,31.4,0.0,0.0,,1.1,360,9.4,
2026-08-10T09:15,29.9,45,32.1,0.0,0.0,,0.8,297,9.4,
2026-08-10T09:30,30.5,41,32.2,0.0,0.0,,1.8,270,9.7,
2026-08-10T09:45,31.1,37,32.2,0.0,0.0,,2.5,262,10.1,
2026-08-10T13:00,34.5,39,37.7,0.0,0.0,0,11.5,250,25.2,1014.6
2026-08-10T10:00,31.5,34,32.2,0.0,0.0,,3.4,252,10.4,
2026-08-10T10:30,32.3,33,33.3,0.0,0.0,,4.7,238,11.9,
2026-08-10T10:45,32.5,33,33.8,0.0,0.0,,5.1,231,13.0,
2026-08-10T11:00,32.8,34,34.5,0.0,0.0,,5.6,230,14.0,
2026-08-10T13:45,34.5,38,37.5,0.0,0.0,0,12.0,254,26.6,1014.3
2026-08-10T11:15,33.1,35,35.2,0.0,0.0,,6.1,230,15.1,
2026-08-10T11:30,33.4,35,35.6,0.0,0.0,,6.6,229,16.2,
2026-08-10T15:15,34.9,35,37.4,0.0,0.0,0,10.3,258,25.6,1013.7
2026-08-10T12:00,33.8,38,36.7,0.0,0.0,,8.3,236,19.4,
2026-08-10T12:15,34.0,39,37.2,0.0,0.0,,8.9,238,20.5,
2026-08-10T12:30,34.2,39,37.5,0.0,0.0,,9.3,242,21.6,
2026-08-10T12:45,34.3,40,37.9,0.0,0.0,,9.8,246,22.7,
2026-08-10T13:15,34.5,40,38.1,0.0,0.0,,10.6,252,24.1,
2026-08-10T16:30,34.8,33,36.1,0.0,0.0,0,9.6,257,23.8,1013.2
2026-08-10T13:30,34.5,40,38.0,0.0,0.0,,11.3,253,24.8,
2026-08-10T14:00,34.5,39,37.8,0.0,0.0,,11.5,256,25.9,
2026-08-10T14:15,34.6,38,37.7,0.0,0.0,,11.4,257,26.3,
2026-08-10T14:30,34.7,38,37.8,0.0,0.0,,11.1,257,26.3,
2026-08-10T17:30,34.4,35,35.5,0.0,0.0,0,8.6,255,22.7,1013.2
2026-08-10T14:45,34.8,37,37.8,0.0,0.0,,10.7,258,26.3,
2026-08-10T15:00,34.9,36,37.6,0.0,0.0,,10.3,258,25.9,
2026-08-10T15:30,34.9,35,37.2,0.0,0.0,,10.3,258,25.2,
2026-08-10T18:30,33.1,41,35.0,0.0,0.0,0,7.3,259,20.5,1012.9
2026-08-10T15:45,34.5,36,36.7,0.0,0.0,,9.9,260,24.5,
2026-08-10T16:00,34.5,35,36.4,0.0,0.0,,9.9,260,24.1,
2026-08-10T16:15,34.4,34,36.0,0.0,0.0,,9.5,259,23.8,
2026-08-10T19:30,32.0,49,35.0,0.0,0.0,0,5.5,259,18.4,1012.8
2026-08-10T16:45,34.4,33,35.4,0.0,0.0,,9.2,259,23.4,
2026-08-10T17:00,34.3,33,35.1,0.0,0.0,,8.8,258,23.0,
2026-08-10T17:15,34.2,33,34.8,0.0,0.0,,8.5,258,22.7,
2026-08-10T20:30,30.4,64,35.4,0.0,0.0,0,2.9,263,14.0,1012.8
2026-08-10T17:45,33.9,38,35.3,0.0,0.0,,8.5,258,21.6,
2026-08-10T18:00,33.6,40,35.4,0.0,0.0,,8.1,257,21.2,
2026-08-10T18:15,33.4,42,35.5,0.0,0.0,,7.8,257,20.9,
2026-08-10T21:30,28.9,72,34.5,0.0,0.0,0,0.7,360,8.3,1013.3
2026-08-10T18:45,32.8,48,35.8,0.0,0.0,,6.6,257,20.2,
2026-08-10T19:00,32.5,50,35.8,0.0,0.0,,6.3,257,19.8,
2026-08-10T19:15,32.2,52,35.7,0.0,0.0,,5.9,256,19.1,
2026-08-10T22:15,27.8,72,32.6,0.0,0.0,0,2.3,39,6.1,1013.7
2026-08-10T19:45,31.6,56,35.6,0.0,0.0,,4.8,257,17.3,
2026-08-10T20:00,31.2,58,35.5,0.0,0.0,,4.1,255,16.2,
2026-08-10T20:15,30.8,61,35.5,0.0,0.0,,3.3,257,15.1,
2026-08-10T23:00,26.7,68,30.1,0.0,0.0,0,3.9,34,9.0,1013.7
2026-08-10T20:45,30.0,68,35.5,0.0,0.0,,2.2,270,13.0,
2026-08-10T21:00,29.6,70,35.2,0.0,0.0,,1.5,284,11.5,
2026-08-10T23:45,26.0,62,28.4,0.0,0.0,0,3.9,34,9.7,1014.1
2026-08-10T21:15,29.2,74,35.2,0.0,0.0,,0.4,270,9.0,
2026-08-10T21:45,28.4,74,33.9,0.0,0.0,,1.1,72,6.5,
2026-08-11T00:30,25.6,59,27.5,0.0,0.0,0,4.0,27,9.7,1014.2
2026-08-10T22:00,28.0,74,33.1,0.0,0.0,,1.9,68,5.8,
2026-08-10T22:30,27.2,73,31.6,0.0,0.0,,3.1,54,6.8,
2026-08-11T01:15,25.3,60,27.2,0.0,0.0,1,3.9,22,9.7,1014.1
2026-08-10T22:45,26.8,72,30.8,0.0,0.0,,3.3,49,7.9,
2026-08-10T23:15,26.3,68,29.5,0.0,0.0,,3.8,41,9.0,
2026-08-11T02:00,25.0,67,27.6,0.0,0.0,0,3.4,32,9.0,1014.1
2026-08-10T23:30,26.1,67,29.2,0.0,0.0,,3.6,45,9.0,
2026-08-11T00:00,25.9,62,28.2,0.0,0.0,,3.7,29,9.0,
2026-08-11T04:15,23.8,64,25.5,0.0,0.0,0,3.9,34,9.4,1014.2
2026-08-11T00:15,25.6,61,27.7,0.0,0.0,,4.0,27,9.0,
2026-08-11T00:45,25.4,61,27.5,0.0,0.0,,3.9,22,9.0,
2026-08-11T01:00,25.3,62,27.4,0.0,0.0,,3.9,22,9.0,
2026-08-11T01:30,25.0,64,27.2,0.0,0.0,,3.7,29,9.0,
2026-08-11T01:45,24.9,66,27.3,0.0,0.0,,3.4,32,9.0,
2026-08-11T02:15,24.6,68,27.2,0.0,0.0,,3.4,32,9.0,
2026-08-11T05:45,23.2,55,23.8,0.0,0.0,0,3.5,24,9.7,1013.8
2026-08-11T02:30,24.1,68,26.4,0.0,0.0,,3.9,34,9.0,
2026-08-11T02:45,24.0,68,26.3,0.0,0.0,,3.7,29,9.0,
2026-08-11T03:00,23.9,67,26.0,0.0,0.0,,3.9,22,9.0,
2026-08-11T03:15,23.8,66,25.8,0.0,0.0,,3.9,22,9.0,
2026-08-11T03:30,23.8,64,25.4,0.0,0.0,,4.2,20,9.4,
2026-08-11T03:45,23.7,63,25.2,0.0,0.0,,4.3,24,9.7,
2026-08-11T07:15,23.1,54,23.6,0.0,0.0,2,4.1,45,9.4,1014.1
2026-08-11T04:00,23.6,61,24.9,0.0,0.0,,4.3,24,9.7,
2026-08-11T04:30,23.5,58,24.4,0.0,0.0,,4.5,29,10.1,
2026-08-11T04:45,23.4,57,24.1,0.0,0.0,,4.5,29,10.1,
2026-08-11T05:00,23.3,56,24.0,0.0,0.0,,4.5,29,10.1,
2026-08-11T05:15,23.3,55,23.8,0.0,0.0,,4.5,29,10.1,
2026-08-11T08:00,24.3,54,25.1,0.0,0.0,1,3.8,49,10.1,1014.2
2026-08-11T05:30,22.8,56,23.4,0.0,0.0,,4.2,31,10.1,
2026-08-11T06:00,22.7,56,23.2,0.0,0.0,,4.0,27,10.1,
2026-08-11T09:30,29.5,45,31.1,0.0,0.0,3,4.1,225,10.4,1014.7
2026-08-11T06:15,22.6,56,23.1,0.0,0.0,,4.2,31,10.1,
2026-08-11T06:30,22.6,55,22.9,0.0,0.0,,4.4,35,10.4,
2026-08-11T06:45,22.5,54,22.7,0.0,0.0,,4.6,39,10.4,
2026-08-11T07:00,22.6,54,22.8,0.0,0.0,,4.8,42,10.4,
2026-08-11T07:30,23.2,55,23.6,0.0,0.0,,4.8,48,10.4,
2026-08-11T10:30,30.3,60,33.9,0.0,0.0,3,7.1,240,16.6,1015.4
2026-08-11T07:45,23.6,55,24.3,0.0,0.0,,4.3,48,10.4,
2026-08-11T08:15,25.2,51,26.3,0.0,0.0,,2.3,51,9.7,
2026-08-11T08:30,26.4,47,27.7,0.0,0.0,,0.8,63,9.0,
2026-08-11T11:30,30.9,68,36.3,0.0,0.0,3,6.3,257,20.5,1015.9
2026-08-11T08:45,27.6,44,28.8,0.0,0.0,,1.0,225,8.3,
2026-08-11T09:00,28.5,42,29.6,0.0,0.0,,2.5,225,8.3,
2026-08-11T09:15,29.1,43,30.4,0.0,0.0,,3.6,225,9.0,
2026-08-11T12:30,32.1,62,38.3,0.0,0.0,3,5.1,266,20.5,1015.8
2026-08-11T09:45,30.2,44,31.8,0.0,0.0,,4.6,219,10.8,
2026-08-11T10:00,30.4,47,32.5,0.0,0.0,,5.4,222,12.2,
2026-08-11T10:15,30.6,51,33.1,0.0,0.0,,6.4,227,14.0,
2026-08-11T13:30,33.9,48,38.8,0.0,0.0,3,3.6,276,14.8,1015.1
2026-08-11T10:45,30.7,62,34.7,0.0,0.0,,8.7,240,18.7,
2026-08-11T11:00,30.8,66,35.4,0.0,0.0,,9.2,244,20.5,
2026-08-11T11:15,30.9,68,35.9,0.0,0.0,,8.9,249,22.0,
2026-08-11T14:15,34.8,44,39.7,0.0,0.0,3,4.7,274,17.3,1014.6
2026-08-11T11:45,31.3,66,36.7,0.0,0.0,,7.7,242,19.8,
2026-08-11T12:00,31.5,65,37.2,0.0,0.0,,7.9,246,19.4,
2026-08-11T12:15,31.9,63,37.8,0.0,0.0,,7.8,248,19.4,
2026-08-11T15:45,34.0,44,36.6,0.0,0.0,3,9.1,277,25.9,1014.3
2026-08-11T12:45,32.7,58,38.8,0.0,0.0,,7.1,255,19.4,
2026-08-11T13:00,33.1,55,39.0,0.0,0.0,,6.6,261,19.1,
2026-08-11T13:15,33.5,53,39.4,0.0,0.0,,5.8,266,18.4,
2026-08-11T13:45,34.2,48,39.7,0.0,0.0,,4.1,285,16.9,
2026-08-11T16:45,33.6,43,35.9,0.0,0.0,2,8.2,293,22.3,1013.9
2026-08-11T14:00,34.5,46,39.8,0.0,0.0,,4.1,285,16.9,
2026-08-11T14:30,35.1,42,39.3,0.0,0.0,,6.2,260,18.4,
2026-08-11T14:45,35.4,40,38.7,0.0,0.0,,8.0,252,19.8,
2026-08-11T17:45,32.7,44,34.8,0.0,0.0,2,8.1,291,24.8,1013.8
2026-08-11T15:00,35.1,37,37.2,0.0,0.0,,11.7,252,26.3,
2026-08-11T15:15,34.8,38,36.7,0.0,0.0,,11.5,256,27.7,
2026-08-11T15:30,34.3,39,35.9,0.0,0.0,,10.5,264,29.2,
2026-08-11T19:00,32.1,46,34.4,0.0,0.0,0,7.3,290,18.4,1013.7
2026-08-11T16:00,33.5,42,35.4,0.0,0.0,,9.5,281,29.9,
2026-08-11T16:15,33.4,43,35.3,0.0,0.0,,9.8,287,28.8,
2026-08-11T16:30,33.3,43,35.2,0.0,0.0,,10.0,291,26.6,
2026-08-11T17:00,33.2,43,35.0,0.0,0.0,,10.5,297,23.0,
2026-08-11T20:00,31.2,48,34.0,0.0,0.0,0,2.9,330,14.0,1013.7
2026-08-11T17:15,32.5,46,34.8,0.0,0.0,,8.7,294,22.3,
2026-08-11T17:30,32.5,46,34.9,0.0,0.0,,8.2,293,22.0,
2026-08-11T18:00,32.5,45,34.8,0.0,0.0,,7.3,290,21.2,
2026-08-11T21:15,29.2,58,32.7,0.0,0.0,1,2.9,353,7.6,1013.8
2026-08-11T18:15,32.4,45,34.7,0.0,0.0,,7.0,291,20.5,
2026-08-11T18:30,32.4,45,34.7,0.0,0.0,,6.6,292,19.4,
2026-08-11T18:45,32.3,46,34.8,0.0,0.0,,6.4,297,18.7,
2026-08-11T19:15,31.9,46,34.5,0.0,0.0,,5.2,304,16.9,
2026-08-11T22:00,27.6,66,31.2,0.0,0.0,1,4.2,31,9.7,1014.2
2026-08-11T19:30,31.7,47,34.5,0.0,0.0,,4.3,312,16.2,
2026-08-11T19:45,31.5,47,34.3,0.0,0.0,,3.3,319,15.1,
2026-08-11T23:00,26.6,64,29.3,0.0,0.0,2,4.8,42,10.4,1014.5
2026-08-11T20:15,30.9,49,33.8,0.0,0.0,,2.7,337,12.6,
2026-08-11T20:30,30.5,51,33.6,0.0,0.0,,2.7,337,10.4,
2026-08-11T20:45,30.1,53,33.3,0.0,0.0,,2.9,330,8.6,
2026-08-11T21:00,29.7,55,33.0,0.0,0.0,,2.7,337,7.6,
2026-08-12T00:00,26.1,53,27.3,0.0,0.0,1,5.4,37,11.2,1015.0
2026-08-11T21:30,28.8,60,32.3,0.0,0.0,,2.7,23,6.5,
2026-08-11T21:45,28.2,63,31.9,0.0,0.0,,3.1,21,7.2,
2026-08-12T01:00,25.5,51,26.4,0.0,0.0,1,4.3,24,10.4,1015.2
2026-08-11T22:15,27.4,64,30.7,0.0,0.0,,3.7,29,8.3,
2026-08-11T22:30,27.2,63,30.1,0.0,0.0,,4.4,35,9.0,
2026-08-11T22:45,26.9,62,29.6,0.0,0.0,,4.6,39,9.7,
2026-08-12T01:45,25.0,52,25.8,0.0,0.0,1,4.2,31,9.4,1015.0
2026-08-11T23:15,26.5,58,28.5,0.0,0.0,,5.1,39,10.4,
2026-08-11T23:30,26.4,56,28.0,0.0,0.0,,5.4,42,10.8,
2026-08-11T23:45,26.3,54,27.6,0.0,0.0,,5.4,37,11.2,
2026-08-12T04:30,23.6,52,24.1,0.0,0.0,0,3.9,34,9.0,1015.2
2026-08-12T00:15,26.2,52,27.3,0.0,0.0,,5.0,30,10.4,
2026-08-12T00:30,26.0,52,27.1,0.0,0.0,,4.8,27,10.4,
2026-08-12T00:45,25.8,52,26.9,0.0,0.0,,4.3,24,10.4,
2026-08-12T01:15,25.5,52,26.5,0.0,0.0,,4.2,20,9.7,
2026-08-12T01:30,25.3,52,26.2,0.0,0.0,,4.2,20,9.4,
2026-08-12T02:00,24.9,52,25.8,0.0,0.0,,4.0,27,8.6,
2026-08-12T02:15,24.7,52,25.5,0.0,0.0,,4.2,31,8.6,
2026-08-12T02:30,24.6,52,25.3,0.0,0.0,,3.9,34,9.0,
2026-08-12T06:15,23.0,52,23.1,0.0,0.0,0,4.8,27,10.8,1015.1
2026-08-12T02:45,23.8,54,24.4,0.0,0.0,,4.5,29,9.0,
2026-08-12T03:00,23.7,54,24.3,0.0,0.0,,4.5,29,9.4,
2026-08-12T03:15,23.6,54,24.2,0.0,0.0,,4.5,29,9.4,
2026-08-12T03:30,23.6,54,24.1,0.0,0.0,,4.3,24,9.4,
2026-08-12T03:45,23.5,55,24.2,0.0,0.0,,4.3,24,9.7,
2026-08-12T04:00,23.5,55,24.1,0.0,0.0,,4.3,24,9.7,
2026-08-12T04:15,23.4,55,24.0,0.0,0.0,,4.3,24,9.7,
2026-08-12T07:45,24.3,49,24.5,0.0,0.0,1,4.7,9,11.5,1015.3
2026-08-12T04:45,23.3,58,24.1,0.0,0.0,,4.5,29,10.4,
2026-08-12T05:00,23.2,58,24.0,0.0,0.0,,4.5,29,10.4,
2026-08-12T05:15,23.2,58,24.0,0.0,0.0,,4.5,29,10.4,
2026-08-12T05:30,23.1,57,23.8,0.0,0.0,,4.5,29,10.4,
2026-08-12T05:45,23.1,57,23.7,0.0,0.0,,4.8,27,10.4,
2026-08-12T09:15,30.2,41,32.0,0.0,0.0,2,0.8,297,9.4,1015.5
2026-08-12T06:00,22.7,56,23.1,0.0,0.0,,4.9,17,10.8,
2026-08-12T06:30,22.7,54,22.8,0.0,0.0,,5.0,21,11.2,
2026-08-12T06:45,22.8,53,22.9,0.0,0.0,,5.2,25,11.5,
2026-08-12T07:00,23.0,52,23.0,0.0,0.0,,5.2,25,11.5,
2026-08-12T07:15,23.3,51,23.3,0.0,0.0,,5.2,25,11.5,
2026-08-12T10:45,32.5,37,34.0,0.0,0.0,2,4.9,234,14.0,1016.0
2026-08-12T07:30,23.7,50,23.8,0.0,0.0,,5.0,21,11.5,
2026-08-12T08:00,24.9,48,25.2,0.0,0.0,,4.6,18,11.5,
2026-08-12T08:15,25.9,47,26.5,0.0,0.0,,3.8,17,11.2,
2026-08-12T08:30,27.1,47,28.3,0.0,0.0,,3.0,14,10.8,
2026-08-12T08:45,28.4,46,30.0,0.0,0.0,,1.8,360,10.1,
2026-08-12T12:00,33.4,44,36.6,0.0,0.0,2,9.7,239,22.0,1016.1
2026-08-12T09:00,28.8,46,30.6,0.0,0.0,,1.5,315,10.4,
2026-08-12T09:30,30.6,39,32.0,0.0,0.0,,1.8,259,9.7,
2026-08-12T09:45,31.4,35,32.4,0.0,0.0,,2.4,243,9.7,
2026-08-12T10:00,32.1,33,32.8,0.0,0.0,,3.1,234,10.1,
2026-08-12T13:00,33.8,48,38.3,0.0,0.0,1,10.5,248,24.8,1016.1
2026-08-12T10:15,32.5,33,33.2,0.0,0.0,,4.1,232,11.2,
2026-08-12T10:30,32.7,33,33.5,0.0,0.0,,4.9,234,13.3,
2026-08-12T11:00,33.0,36,34.4,0.0,0.0,,7.0,235,16.9,
2026-08-12T13:45,34.5,45,39.1,0.0,0.0,1,9.5,261,24.5,1016.0
2026-08-12T11:15,33.1,38,35.2,0.0,0.0,,6.8,245,18.4,
2026-08-12T11:30,33.2,40,35.7,0.0,0.0,,7.4,241,19.8,
2026-08-12T11:45,33.3,42,36.1,0.0,0.0,,8.4,239,20.9,
2026-08-12T15:15,35.1,36,37.5,0.0,0.0,3,10.9,264,24.8,1015.7
2026-08-12T12:15,33.2,45,36.3,0.0,0.0,,9.5,241,21.2,
2026-08-12T12:30,33.3,46,36.7,0.0,0.0,,9.7,243,22.3,
2026-08-12T12:45,33.4,46,36.8,0.0,0.0,,10.2,247,23.0,
2026-08-12T13:15,33.7,45,37.4,0.0,0.0,,10.1,253,23.8,
2026-08-12T16:30,34.3,40,36.1,0.0,0.0,3,10.9,264,26.6,1015.7
2026-08-12T13:30,34.0,45,38.0,0.0,0.0,,10.0,257,23.4,
2026-08-12T14:00,34.5,42,38.4,0.0,0.0,,9.4,263,23.4,
2026-08-12T14:15,34.7,40,38.3,0.0,0.0,,9.4,263,23.4,
2026-08-12T14:30,34.9,39,38.4,0.0,0.0,,9.8,264,23.8,
2026-08-12T17:30,33.7,43,35.8,0.0,0.0,3,9.5,261,25.2,1015.4
2026-08-12T14:45,35.1,37,38.1,0.0,0.0,,10.1,264,23.8,
2026-08-12T15:00,35.1,36,37.8,0.0,0.0,,10.5,264,24.1,
2026-08-12T15:30,34.9,37,37.3,0.0,0.0,,11.2,266,25.6,
2026-08-12T18:30,33.1,43,35.1,0.0,0.0,2,8.6,268,23.4,1015.3
2026-08-12T15:45,34.8,37,37.0,0.0,0.0,,11.2,266,25.9,
2026-08-12T16:00,34.7,37,36.7,0.0,0.0,,11.2,266,25.9,
2026-08-12T16:15,34.7,37,36.5,0.0,0.0,,11.2,266,25.9,
2026-08-12T19:30,31.8,50,34.8,0.0,0.0,0,6.6,261,19.8,1015.6
2026-08-12T16:45,34.5,38,36.1,0.0,0.0,,10.9,264,25.6,
2026-08-12T17:00,34.3,38,35.7,0.0,0.0,,10.5,264,25.6,
2026-08-12T17:15,34.2,38,35.5,0.0,0.0,,10.5,264,25.2,
2026-08-12T20:30,30.2,62,34.5,0.0,0.0,0,4.0,260,15.5,1015.7
2026-08-12T17:45,33.8,39,35.1,0.0,0.0,,10.1,268,24.5,
2026-08-12T18:00,33.6,40,35.1,0.0,0.0,,9.7,268,24.1,
2026-08-12T18:15,33.3,41,35.0,0.0,0.0,,9.4,268,23.8,
2026-08-12T21:45,28.5,75,34.1,0.0,0.0,0,1.8,349,6.5,1016.1
2026-08-12T18:45,32.7,46,35.2,0.0,0.0,,7.9,273,23.0,
2026-08-12T19:00,32.4,48,35.2,0.0,0.0,,7.2,273,22.3,
2026-08-12T19:15,32.1,50,35.2,0.0,0.0,,6.8,270,21.2,
2026-08-12T19:45,31.5,53,34.8,0.0,0.0,,5.8,263,18.4,
2026-08-12T22:30,27.3,76,32.1,0.0,0.0,0,3.1,36,6.1,1016.2
2026-08-12T20:00,31.1,55,34.7,0.0,0.0,,5.4,262,17.3,
2026-08-12T20:15,30.7,58,34.7,0.0,0.0,,4.7,266,16.2,
2026-08-12T23:15,26.2,73,29.9,0.0,0.0,0,4.1,52,9.0,1016.2
2026-08-12T20:45,29.8,66,34.6,0.0,0.0,,3.3,276,14.8,
2026-08-12T21:00,29.4,69,34.5,0.0,0.0,,2.6,286,13.3,
2026-08-12T21:15,29.0,71,34.3,0.0,0.0,,2.1,301,11.2,
2026-08-13T00:00,25.6,63,27.9,0.0,0.0,0,4.6,45,9.7,1016.6
2026-08-12T21:30,28.9,70,34.0,0.0,0.0,,1.8,349,9.0,
2026-08-12T22:00,28.3,72,33.3,0.0,0.0,,2.4,27,5.8,
2026-08-13T01:00,25.1,64,27.1,0.0,0.0,0,5.1,39,9.7,1016.5
2026-08-12T22:15,27.8,72,32.5,0.0,0.0,,2.8,40,5.8,
2026-08-12T22:45,26.9,70,30.6,0.0,0.0,,4.1,52,8.3,
2026-08-12T23:00,26.5,69,29.8,0.0,0.0,,4.4,55,9.0,
2026-08-13T01:45,24.9,67,27.1,0.0,0.0,0,5.4,42,10.1,1016.5
2026-08-12T23:30,26.0,66,28.7,0.0,0.0,,4.6,51,9.7,
2026-08-12T23:45,25.8,64,28.2,0.0,0.0,,4.3,48,9.7,
2026-08-13T04:00,24.2,75,27.0,0.0,0.0,0,5.1,39,10.1,1016.2
2026-08-13T00:15,25.3,62,27.3,0.0,0.0,,4.8,42,9.0,
2026-08-13T00:30,25.2,63,27.2,0.0,0.0,,4.8,42,9.4,
2026-08-13T00:45,25.1,64,27.1,0.0,0.0,,5.1,39,9.7,
2026-08-13T01:15,24.9,66,27.1,0.0,0.0,,5.1,39,9.7,
2026-08-13T01:30,24.9,67,27.1,0.0,0.0,,5.4,42,10.1,
2026-08-13T02:00,24.8,69,27.3,0.0,0.0,,5.1,45,10.1,
2026-08-13T06:15,24.2,67,26.2,0.0,0.0,0,5.2,34,10.4,1016.1
2026-08-13T02:15,24.5,70,26.9,0.0,0.0,,5.1,51,10.1,
2026-08-13T02:30,24.4,71,27.0,0.0,0.0,,5.1,51,10.1,
2026-08-13T02:45,24.3,72,26.9,0.0,0.0,,5.1,45,10.1,
2026-08-13T03:00,24.3,73,27.0,0.0,0.0,,5.1,45,10.1,
2026-08-13T03:15,24.2,74,27.0,0.0,0.0,,5.1,45,10.1,
2026-08-13T03:30,24.2,74,26.9,0.0,0.0,,5.4,42,10.4,
2026-08-13T03:45,24.1,74,26.8,0.0,0.0,,5.4,37,10.4,
2026-08-13T04:15,24.1,74,26.8,0.0,0.0,,5.4,37,10.4,
2026-08-13T07:45,25.6,59,27.4,0.0,0.0,0,5.0,30,10.4,1016.6
2026-08-13T04:30,24.1,73,26.7,0.0,0.0,,5.2,34,10.4,
2026-08-13T04:45,24.1,72,26.6,0.0,0.0,,5.2,34,10.4,
2026-08-13T05:00,24.1,71,26.5,0.0,0.0,,5.2,34,10.4,
2026-08-13T05:15,24.1,70,26.4,0.0,0.0,,5.2,34,10.4,
2026-08-13T05:30,24.1,70,26.4,0.0,0.0,,5.2,34,10.4,
2026-08-13T05:45,24.2,69,26.4,0.0,0.0,,5.2,34,10.4,
2026-08-13T09:15,31.1,43,33.4,0.0,0.0,0,0.8,243,8.6,1016.4
2026-08-13T06:00,23.8,73,26.3,0.0,0.0,,5.2,34,10.8,
2026-08-13T06:30,23.9,71,26.1,0.0,0.0,,5.3,28,10.8,
2026-08-13T06:45,23.9,70,26.1,0.0,0.0,,5.3,28,10.8,
2026-08-13T07:00,24.1,68,26.2,0.0,0.0,,5.3,28,10.8,
2026-08-13T07:15,24.5,66,26.5,0.0,0.0,,5.3,28,10.8,
2026-08-13T10:45,33.1,41,35.6,0.0,0.0,0,7.1,240,16.9,1016.8
2026-08-13T07:30,24.9,64,26.9,0.0,0.0,,5.0,30,10.8,
2026-08-13T08:00,26.1,59,28.2,0.0,0.0,,4.2,31,10.4,
2026-08-13T08:15,27.1,56,29.3,0.0,0.0,,3.4,32,10.1,
2026-08-13T08:30,28.3,52,30.6,0.0,0.0,,2.3,39,9.0,
2026-08-13T08:45,29.5,48,31.9,0.0,0.0,,1.0,45,8.6,
2026-08-13T12:00,33.8,46,37.7,0.0,0.0,0,10.9,243,24.5,1016.9
2026-08-13T09:00,30.5,45,33.0,0.0,0.0,,0.7,360,9.0,
2026-08-13T09:30,31.6,42,33.8,0.0,0.0,,2.3,252,10.1,
2026-08-13T09:45,32.0,41,34.0,0.0,0.0,,3.1,249,10.8,
2026-08-13T10:00,32.3,41,34.3,0.0,0.0,,4.3,246,11.9,
2026-08-13T13:00,34.1,44,38.0,0.0,0.0,0,11.8,247,27.7,1016.7
2026-08-13T10:15,32.6,41,34.7,0.0,0.0,,5.3,242,13.3,
2026-08-13T10:30,32.9,42,35.4,0.0,0.0,,6.1,242,15.1,
2026-08-13T11:00,33.3,43,36.3,0.0,0.0,,7.9,240,18.7,
2026-08-13T13:45,34.5,43,38.6,0.0,0.0,0,10.7,250,26.6,1016.7
2026-08-13T11:15,33.5,44,36.8,0.0,0.0,,8.7,240,20.2,
2026-08-13T11:30,33.6,44,37.0,0.0,0.0,,9.5,241,22.0,
2026-08-13T11:45,33.7,45,37.3,0.0,0.0,,10.3,241,23.4,
2026-08-13T15:30,34.9,39,37.8,0.0,0.0,0,10.6,260,25.6,1016.0
2026-08-13T12:15,33.9,45,37.6,0.0,0.0,,11.6,248,26.3,
2026-08-13T12:30,34.0,45,37.9,0.0,0.0,,11.6,248,27.0,
2026-08-13T12:45,34.0,44,37.9,0.0,0.0,,11.3,248,27.4,
2026-08-13T13:15,34.2,44,38.2,0.0,0.0,,11.2,249,27.7,
2026-08-13T13:30,34.3,43,38.2,0.0,0.0,,11.2,249,27.4,
2026-08-13T17:30,34.2,40,36.2,0.0,0.0,3,8.6,272,23.0,1015.6
2026-08-13T14:00,34.5,42,38.4,0.0,0.0,,10.9,253,26.3,
2026-08-13T14:15,34.7,41,38.4,0.0,0.0,,10.8,255,25.9,
2026-08-13T14:30,34.8,41,38.5,0.0,0.0,,10.7,256,25.9,
2026-08-13T14:45,34.9,40,38.4,0.0,0.0,,10.7,256,25.6,
2026-08-13T15:00,35.0,40,38.4,0.0,0.0,,10.7,258,25.6,
2026-08-13T15:15,34.9,40,38.2,0.0,0.0,,10.7,258,25.6,
2026-08-13T18:30,32.8,47,35.6,0.0,0.0,0,7.7,281,20.9,1015.4
2026-08-13T15:45,34.4,41,37.4,0.0,0.0,,10.5,266,24.5,
2026-08-13T16:00,34.3,41,37.1,0.0,0.0,,10.4,268,24.5,
2026-08-13T16:15,34.3,40,36.8,0.0,0.0,,10.1,270,24.5,
2026-08-13T16:30,34.3,39,36.4,0.0,0.0,,10.1,272,24.5,
2026-08-13T19:30,31.6,55,35.3,0.0,0.0,0,5.9,284,18.0,1015.3
2026-08-13T16:45,34.3,38,36.0,0.0,0.0,,9.7,272,24.5,
2026-08-13T17:00,34.3,38,35.8,0.0,0.0,,9.4,274,24.1,
2026-08-13T17:15,34.1,38,35.6,0.0,0.0,,9.0,275,23.8,
2026-08-13T20:30,30.3,60,34.5,0.0,0.0,0,3.9,304,14.0,1015.1
2026-08-13T17:45,33.7,43,35.9,0.0,0.0,,9.1,277,21.6,
2026-08-13T18:00,33.4,45,35.8,0.0,0.0,,9.1,279,20.9,
2026-08-13T18:15,33.1,47,35.8,0.0,0.0,,8.8,279,20.5,
2026-08-13T21:30,29.0,69,34.0,0.0,0.0,0,2.7,337,8.6,1015.5
2026-08-13T18:45,32.5,51,35.8,0.0,0.0,,7.7,281,20.9,
2026-08-13T19:00,32.2,52,35.6,0.0,0.0,,7.0,282,20.5,
2026-08-13T19:15,31.9,53,35.4,0.0,0.0,,6.6,283,19.8,
2026-08-13T22:15,28.2,74,33.3,0.0,0.0,0,2.5,360,5.8,1015.6
2026-08-13T19:45,31.3,54,34.8,0.0,0.0,,5.7,288,16.9,
2026-08-13T20:00,31.0,55,34.6,0.0,0.0,,5.0,291,15.8,
2026-08-13T20:15,30.7,57,34.5,0.0,0.0,,4.3,294,14.8,
2026-08-13T23:00,27.3,76,32.2,0.0,0.0,0,2.7,23,6.1,1015.6
2026-08-13T20:45,30.0,62,34.3,0.0,0.0,,3.6,307,13.0,
2026-08-13T21:00,29.6,65,34.3,0.0,0.0,,3.1,315,11.9,
2026-08-14T00:00,26.3,82,31.3,0.0,0.0,0,3.2,27,7.2,1015.8
2026-08-13T21:15,29.3,67,34.1,0.0,0.0,,2.7,337,10.4,
2026-08-13T21:45,28.6,70,33.5,0.0,0.0,,2.5,352,6.8,
2026-08-13T22:00,28.3,72,33.3,0.0,0.0,,2.5,360,5.8,
2026-08-14T01:00,25.7,76,29.5,0.0,0.0,0,3.8,41,8.3,1015.5
2026-08-13T22:30,27.7,75,32.7,0.0,0.0,,2.9,7,5.8,
2026-08-13T22:45,27.4,76,32.4,0.0,0.0,,3.0,14,6.1,
2026-08-14T01:45,25.4,70,28.5,0.0,0.0,0,3.9,34,8.6,1015.3
2026-08-13T23:15,26.9,79,32.0,0.0,0.0,,3.0,14,6.5,
2026-08-13T23:30,26.7,80,31.7,0.0,0.0,,3.1,21,6.8,
2026-08-13T23:45,26.5,82,31.7,0.0,0.0,,3.1,21,6.8,
2026-08-14T04:00,24.7,57,26.0,0.0,0.0,0,4.1,38,8.3,1014.8
2026-08-14T00:15,26.0,79,30.5,0.0,0.0,,3.2,27,7.2,
2026-08-14T00:30,25.9,78,30.2,0.0,0.0,,3.7,29,7.6,
2026-08-14T00:45,25.8,76,29.8,0.0,0.0,,3.7,29,7.6,
2026-08-14T01:15,25.6,73,29.1,0.0,0.0,,3.7,29,7.6,
2026-08-14T01:30,25.6,71,28.8,0.0,0.0,,3.7,29,7.9,
2026-08-14T02:00,25.4,67,28.2,0.0,0.0,,3.7,29,7.9,
2026-08-14T06:15,24.0,55,24.7,0.0,0.0,0,4.7,58,9.0,1014.7
2026-08-14T02:15,25.2,69,28.0,0.0,0.0,,3.6,37,7.9,
2026-08-14T02:30,25.1,67,27.8,0.0,0.0,,3.6,37,7.9,
2026-08-14T02:45,25.1,65,27.4,0.0,0.0,,3.7,29,7.6,
2026-08-14T03:00,25.0,64,27.3,0.0,0.0,,3.7,29,7.6,
2026-08-14T03:15,25.0,63,27.1,0.0,0.0,,3.7,29,7.6,
2026-08-14T03:30,24.9,61,26.8,0.0,0.0,,3.7,29,7.6,
2026-08-14T03:45,24.8,60,26.5,0.0,0.0,,3.7,29,7.6,
2026-08-14T04:15,24.7,58,26.1,0.0,0.0,,3.9,34,7.6,
2026-08-14T07:45,24.8,55,25.9,0.0,0.0,0,4.4,35,9.7,1014.9
2026-08-14T04:30,24.6,57,26.0,0.0,0.0,,3.6,37,7.6,
2026-08-14T04:45,24.5,57,25.8,0.0,0.0,,3.6,45,7.9,
2026-08-14T05:00,24.4,56,25.6,0.0,0.0,,3.8,49,7.9,
2026-08-14T05:15,24.3,56,25.4,0.0,0.0,,4.1,52,8.3,
2026-08-14T05:30,24.2,55,25.1,0.0,0.0,,4.4,55,8.6,
2026-08-14T05:45,24.2,55,25.0,0.0,0.0,,4.7,58,8.6,
2026-08-14T09:15,30.8,32,31.1,0.0,0.0,0,2.5,270,9.0,1015.1
2026-08-14T06:00,24.1,57,25.1,0.0,0.0,,4.3,48,8.6,
2026-08-14T06:30,23.9,57,24.8,0.0,0.0,,4.6,45,9.0,
2026-08-14T06:45,23.8,56,24.6,0.0,0.0,,4.8,42,9.4,
2026-08-14T07:00,23.9,56,24.7,0.0,0.0,,4.8,42,9.4,
2026-08-14T07:15,24.1,56,25.0,0.0,0.0,,4.8,42,9.4,
2026-08-14T10:30,32.4,45,35.3,0.0,0.0,0,5.0,249,13.7,1015.3
2026-08-14T07:30,24.4,56,25.4,0.0,0.0,,4.8,42,9.7,
2026-08-14T08:00,25.5,54,26.8,0.0,0.0,,3.8,41,9.7,
2026-08-14T08:15,26.5,49,27.7,0.0,0.0,,3.1,36,9.4,
2026-08-14T08:30,27.8,43,28.9,0.0,0.0,,1.8,11,9.0,
2026-08-14T11:30,32.8,57,38.3,0.0,0.0,1,8.0,252,19.4,1015.2
2026-08-14T08:45,29.1,37,29.9,0.0,0.0,,1.3,326,8.6,
2026-08-14T09:00,30.1,33,30.5,0.0,0.0,,1.8,281,8.6,
2026-08-14T09:30,31.3,33,31.8,0.0,0.0,,2.9,263,9.7,
2026-08-14T12:30,33.6,52,38.9,0.0,0.0,0,10.0,257,23.0,1014.5
2026-08-14T09:45,31.9,35,32.7,0.0,0.0,,4.3,270,11.5,
2026-08-14T10:00,32.2,37,33.4,0.0,0.0,,4.7,266,12.6,
2026-08-14T10:15,32.4,40,34.3,0.0,0.0,,5.1,262,13.7,
2026-08-14T13:15,34.1,47,38.7,0.0,0.0,0,10.8,255,23.8,1014.4
2026-08-14T10:45,32.7,49,36.5,0.0,0.0,,5.9,256,15.5,
2026-08-14T11:00,32.8,52,37.3,0.0,0.0,,6.4,254,16.6,
2026-08-14T11:15,32.9,54,38.0,0.0,0.0,,7.1,255,18.0,
2026-08-14T14:00,34.3,47,39.0,0.0,0.0,0,10.7,250,24.5,1014.1
2026-08-14T11:45,32.9,58,38.7,0.0,0.0,,9.0,254,21.2,
2026-08-14T12:00,33.1,57,38.8,0.0,0.0,,9.7,255,22.3,
2026-08-14T15:30,34.2,46,38.1,0.0,0.0,0,10.8,274,26.3,1013.9
2026-08-14T12:15,33.2,56,38.9,0.0,0.0,,10.0,255,22.7,
2026-08-14T12:45,33.6,52,38.9,0.0,0.0,,10.0,257,22.7,
2026-08-14T13:00,33.7,50,38.8,0.0,0.0,,10.0,257,22.7,
2026-08-14T13:30,34.0,48,38.9,0.0,0.0,,10.1,253,23.4,
2026-08-14T16:30,34.4,45,37.9,0.0,0.0,1,8.4,277,25.2,1013.3
2026-08-14T13:45,34.2,47,38.9,0.0,0.0,,10.7,250,24.1,
2026-08-14T14:15,34.3,47,38.9,0.0,0.0,,11.0,251,24.8,
2026-08-14T14:30,34.2,47,38.7,0.0,0.0,,11.3,253,25.6,
2026-08-14T17:30,33.9,54,38.2,0.0,0.0,0,8.7,265,23.4,1012.5
2026-08-14T14:45,34.2,47,38.6,0.0,0.0,,11.4,257,25.9,
2026-08-14T15:00,34.1,47,38.4,0.0,0.0,,11.3,261,26.3,
2026-08-14T15:15,34.1,47,38.3,0.0,0.0,,11.2,266,26.3,
2026-08-14T18:30,31.9,54,35.2,0.0,0.0,0,8.9,297,22.7,1012.4
2026-08-14T15:45,33.8,44,37.1,0.0,0.0,,10.4,268,25.9,
2026-08-14T16:00,33.8,44,37.0,0.0,0.0,,10.1,270,25.6,
2026-08-14T16:15,33.7,45,36.8,0.0,0.0,,10.1,272,24.8,
2026-08-14T19:30,30.9,57,34.4,0.0,0.0,0,7.3,303,19.8,1012.4
2026-08-14T16:45,33.4,47,36.3,0.0,0.0,,10.1,272,23.4,
2026-08-14T17:00,33.2,48,36.0,0.0,0.0,,10.1,274,23.0,
2026-08-14T17:15,33.0,49,35.9,0.0,0.0,,9.8,276,23.0,
2026-08-14T20:30,29.8,63,34.0,0.0,0.0,0,4.8,312,16.2,1012.4
2026-08-14T17:45,32.5,54,36.1,0.0,0.0,,9.3,283,22.7,
2026-08-14T18:00,32.3,55,35.9,0.0,0.0,,9.1,288,22.7,
2026-08-14T18:15,32.1,55,35.6,0.0,0.0,,8.9,291,22.3,
2026-08-14T21:30,28.6,71,33.5,0.0,0.0,0,3.4,342,10.4,1012.7
2026-08-14T18:45,31.7,55,35.1,0.0,0.0,,8.5,298,21.2,
2026-08-14T19:00,31.5,55,34.8,0.0,0.0,,8.4,301,20.9,
2026-08-14T19:15,31.2,56,34.7,0.0,0.0,,7.8,304,20.5,
2026-08-14T22:00,28.1,74,33.2,0.0,0.0,0,3.2,360,7.9,1012.8
2026-08-14T19:45,30.7,58,34.3,0.0,0.0,,6.7,306,19.1,
2026-08-14T20:00,30.4,60,34.3,0.0,0.0,,5.9,308,18.4,
2026-08-14T22:45,27.4,79,32.7,0.0,0.0,0,2.9,30,7.2,1012.8
2026-08-14T20:15,30.1,62,34.2,0.0,0.0,,5.1,309,17.3,
2026-08-14T20:45,29.5,65,33.9,0.0,0.0,,4.3,312,14.8,
2026-08-14T23:15,27.0,83,32.5,0.0,0.0,0,3.1,45,7.2,1012.8
2026-08-14T21:00,29.2,67,33.8,0.0,0.0,,3.8,319,13.3,
2026-08-14T21:15,28.9,69,33.6,0.0,0.0,,3.4,328,11.9,
2026-08-14T23:45,26.6,85,32.1,0.0,0.0,0,3.4,58,7.6,1012.8
2026-08-14T21:45,28.4,72,33.3,0.0,0.0,,3.3,347,9.0,
2026-08-15T00:15,26.2,86,31.5,0.0,0.0,0,3.6,53,7.6,1012.8
2026-08-14T22:15,27.9,74,32.8,0.0,0.0,,3.2,360,7.9,
2026-08-15T00:45,25.9,84,30.8,0.0,0.0,0,3.8,49,8.3,1013.0
2026-08-14T22:30,27.6,76,32.7,0.0,0.0,,3.0,14,7.6,
