timestamp,temperature_2m,relative_humidity_2m,apparent_temperature,precipitation,rain,weather_code,wind_speed_10m,wind_direction_10m,wind_gusts_10m,surface_pressure
2026-08-09T00:00,21.3,41,19.5,0.0,0.0,,7.9,39,11.9,
2026-08-09T00:15,21.1,42,19.3,0.0,0.0,,7.9,45,11.9,
2026-08-09T00:30,20.9,43,19.2,0.0,0.0,,7.9,50,12.2,
2026-08-09T00:45,20.6,44,18.9,0.0,0.0,,7.9,56,12.6,
2026-08-09T01:00,20.4,44,18.7,0.0,0.0,,7.9,61,12.6,
2026-08-09T01:15,20.2,44,18.5,0.0,0.0,,7.9,65,12.2,
2026-08-09T01:30,20.1,43,18.2,0.0,0.0,,7.6,70,11.9,
2026-08-09T01:45,19.9,43,18.1,0.0,0.0,,7.6,74,11.2,
2026-08-09T02:00,19.7,43,17.9,0.0,0.0,,7.2,78,10.8,
2026-08-09T02:15,19.5,44,17.8,0.0,0.0,,6.8,80,10.4,
2026-08-09T02:30,19.3,45,17.5,0.0,0.0,,6.8,82,10.4,
2026-08-09T02:45,19.0,46,17.4,0.0,0.0,,6.5,83,10.4,
2026-08-09T03:00,18.8,47,17.1,0.0,0.0,,6.5,85,10.1,
2026-08-09T03:15,18.5,48,16.9,0.0,0.0,,6.5,90,9.7,
2026-08-09T03:30,18.3,50,16.8,0.0,0.0,,6.1,96,9.4,
2026-08-09T03:45,18.0,51,16.5,0.0,0.0,,6.1,101,9.0,
2026-08-09T04:00,17.8,52,16.3,0.0,0.0,,6.1,106,9.0,
2026-08-09T04:15,17.6,52,16.1,0.0,0.0,,6.1,109,9.0,
2026-08-09T04:30,17.5,51,15.8,0.0,0.0,,6.5,112,9.4,
2026-08-09T04:45,17.3,50,15.5,0.0,0.0,,6.8,114,9.7,
2026-08-09T05:00,17.2,50,15.3,0.0,0.0,,6.8,117,9.7,
2026-08-09T05:15,16.9,50,15.0,0.0,0.0,,6.8,123,10.1,
2026-08-09T05:30,16.6,51,14.7,0.0,0.0,,7.2,129,10.1,
2026-08-09T05:45,16.3,51,14.3,0.0,0.0,,7.2,134,10.1,
2026-08-09T06:00,16.1,52,14.2,0.0,0.0,,6.8,140,9.7,
2026-08-09T06:15,16.0,53,14.2,0.0,0.0,,6.1,148,8.3,
2026-08-09T06:30,15.8,55,14.3,0.0,0.0,,4.7,156,6.1,
2026-08-09T06:45,15.8,56,14.5,0.0,0.0,,3.6,163,4.3,
2026-08-09T07:00,15.9,57,14.8,0.0,0.0,,2.9,171,3.2,
2026-08-09T07:15,16.1,57,15.1,0.0,0.0,,2.5,184,3.6,
2026-08-09T07:30,16.4,56,15.4,0.0,0.0,,2.9,196,4.7,
2026-08-09T07:45,16.8,54,15.8,0.0,0.0,,2.9,209,6.1,
2026-08-09T08:00,17.4,52,16.2,0.0,0.0,,3.2,221,7.2,
2026-08-09T08:15,18.0,50,16.9,0.0,0.0,,3.2,192,7.9,
2026-08-09T08:30,18.8,47,17.6,0.0,0.0,,3.6,162,8.3,
2026-08-09T08:45,19.6,43,18.3,0.0,0.0,,3.6,133,8.3,
2026-08-09T09:00,20.4,41,19.1,0.0,0.0,,3.6,103,8.6,
2026-08-09T09:15,21.1,39,19.8,0.0,0.0,,3.2,112,8.6,
2026-08-09T09:30,21.8,38,20.6,0.0,0.0,,2.9,121,8.6,
2026-08-09T09:45,22.5,37,21.4,0.0,0.0,,2.5,130,8.6,
2026-08-09T10:00,23.4,36,22.4,0.0,0.0,,2.5,139,9.0,
2026-08-09T10:15,24.5,34,23.4,0.0,0.0,,2.9,134,10.4,
2026-08-09T10:30,25.8,31,24.5,0.0,0.0,,4.0,128,12.2,
2026-08-09T10:45,27.0,29,25.7,0.0,0.0,,4.7,123,14.0,
2026-08-09T11:00,27.9,27,26.4,0.0,0.0,,5.4,117,15.1,
2026-08-09T11:15,28.3,26,26.7,0.0,0.0,,5.4,132,15.5,
2026-08-09T11:30,28.4,26,26.9,0.0,0.0,,5.0,146,15.1,
2026-08-09T11:45,28.3,26,26.8,0.0,0.0,,4.7,161,14.8,
2026-08-09T12:00,28.2,26,26.7,0.0,0.0,,4.7,175,14.4,
2026-08-09T12:15,28.0,25,26.4,0.0,0.0,,4.7,174,14.0,
2026-08-09T12:30,27.8,25,26.1,0.0,0.0,,5.0,173,13.0,
2026-08-09T12:45,27.6,24,25.6,0.0,0.0,,5.8,171,12.6,
2026-08-09T13:00,27.5,24,25.4,0.0,0.0,,6.1,170,13.0,
2026-08-09T13:15,27.6,25,25.5,0.0,0.0,,6.8,178,14.4,
2026-08-09T13:30,27.8,26,25.8,0.0,0.0,,7.6,185,16.9,
2026-08-09T13:45,28.0,27,26.1,0.0,0.0,,8.6,193,19.4,
2026-08-09T14:00,28.2,27,26.2,0.0,0.0,,9.4,200,21.2,
2026-08-09T14:15,28.3,26,26.0,0.0,0.0,,10.1,197,22.3,
2026-08-09T14:30,28.4,25,26.0,0.0,0.0,,10.4,193,22.7,
2026-08-09T14:45,28.4,23,25.7,0.0,0.0,,10.8,190,23.0,
2026-08-09T15:00,28.4,23,25.6,0.0,0.0,,11.2,186,23.0,
2026-08-09T15:15,28.1,24,25.4,0.0,0.0,,11.2,179,23.0,
2026-08-09T15:30,27.8,25,25.1,0.0,0.0,,11.5,171,22.7,
2026-08-09T15:45,27.4,27,24.9,0.0,0.0,,11.2,164,22.0,
2026-08-09T16:00,27.1,30,25.0,0.0,0.0,,11.2,156,21.6,
2026-08-09T16:15,27.0,34,25.4,0.0,0.0,,10.8,157,21.6,
2026-08-09T16:30,26.9,40,26.0,0.0,0.0,,10.8,159,21.6,
2026-08-09T16:45,26.9,44,26.6,0.0,0.0,,10.1,160,21.2,
2026-08-09T17:00,26.9,46,27.0,0.0,0.0,,9.4,161,20.2,
2026-08-09T17:15,27.1,43,27.1,0.0,0.0,,7.6,166,17.3,
2026-08-09T17:30,27.4,38,27.3,0.0,0.0,,5.0,171,13.3,
2026-08-09T17:45,27.7,32,27.2,0.0,0.0,,2.5,176,9.7,
2026-08-09T18:00,27.8,28,26.9,0.0,0.0,,1.8,181,7.9,
2026-08-09T18:15,27.6,28,26.5,0.0,0.0,,2.9,167,9.4,
2026-08-09T18:30,27.2,30,25.9,0.0,0.0,,5.8,154,12.6,
2026-08-09T18:45,26.9,32,25.3,0.0,0.0,,8.6,140,16.2,
2026-08-09T19:00,26.7,34,25.1,0.0,0.0,,10.4,126,18.7,
2026-08-09T19:15,27.0,35,25.5,0.0,0.0,,10.8,136,19.1,
2026-08-09T19:30,27.5,37,26.5,0.0,0.0,,10.4,145,18.7,
2026-08-09T19:45,28.0,38,27.4,0.0,0.0,,9.7,155,17.6,
2026-08-09T20:00,28.1,39,27.7,0.0,0.0,,9.4,164,17.3,
2026-08-09T20:15,27.7,40,27.2,0.0,0.0,,9.7,153,17.6,
2026-08-09T20:30,27.0,40,26.2,0.0,0.0,,10.4,142,18.4,
2026-08-09T20:45,26.2,41,25.2,0.0,0.0,,10.8,130,18.7,
2026-08-09T21:00,25.5,42,24.4,0.0,0.0,,11.2,119,18.7,
2026-08-09T21:15,25.0,44,24.0,0.0,0.0,,10.8,122,18.0,
2026-08-09T21:30,24.5,48,23.8,0.0,0.0,,10.4,124,16.6,
2026-08-09T21:45,24.1,51,23.7,0.0,0.0,,9.7,127,15.5,
2026-08-09T22:00,23.7,55,23.7,0.0,0.0,,9.4,129,14.4,
2026-08-09T22:15,23.4,59,23.8,0.0,0.0,,9.0,146,14.0,
2026-08-09T22:30,23.2,64,24.0,0.0,0.0,,8.6,162,13.7,
2026-08-09T22:45,23.0,68,24.2,0.0,0.0,,8.3,179,14.0,
2026-08-09T23:00,22.8,71,24.2,0.0,0.0,,8.3,195,14.4,
2026-08-09T23:15,22.7,71,24.0,0.0,0.0,,8.6,191,15.5,
2026-08-09T23:30,22.6,70,23.6,0.0,0.0,,9.4,187,17.3,
2026-08-09T23:45,22.5,68,23.1,0.0,0.0,,10.4,182,19.1,
2026-08-10T00:00,22.3,66,22.7,0.0,0.0,,10.8,178,20.2,
2026-08-10T00:15,22.2,65,22.4,0.0,0.0,,10.8,195,20.2,
2026-08-10T00:30,22.0,64,22.1,0.0,0.0,,10.8,212,19.8,
2026-08-10T00:45,21.9,62,21.8,0.0,0.0,,10.4,229,19.1,
2026-08-10T01:00,21.7,61,21.4,0.0,0.0,,10.4,246,18.7,
2026-08-10T01:15,21.5,59,20.9,0.0,0.0,,10.8,242,19.1,
2026-08-10T01:30,21.2,57,20.3,0.0,0.0,,11.5,238,19.4,
2026-08-10T01:45,20.9,55,19.7,0.0,0.0,,11.9,234,20.2,
2026-08-10T02:00,20.7,56,19.4,0.0,0.0,,12.2,230,20.5,
2026-08-10T02:15,20.4,61,19.4,0.0,0.0,,12.2,230,20.5,
2026-08-10T02:30,20.1,68,19.7,0.0,0.0,,11.9,230,20.2,
2026-08-10T02:45,19.8,75,19.9,0.0,0.0,,11.5,229,19.8,
2026-08-10T03:00,19.5,79,19.9,0.0,0.0,,11.2,229,19.4,
2026-08-10T03:15,19.4,77,19.5,0.0,0.0,,11.2,228,19.4,
2026-08-10T03:30,19.3,73,19.1,0.0,0.0,,11.2,227,19.4,
2026-08-10T03:45,19.1,67,18.4,0.0,0.0,,11.5,225,19.8,
2026-08-10T04:00,19.0,64,17.9,0.0,0.0,,11.5,224,19.8,
2026-08-10T04:15,18.7,64,17.5,0.0,0.0,,11.5,224,19.8,
2026-08-10T04:30,18.3,66,17.2,0.0,0.0,,11.5,223,19.4,
2026-08-10T04:45,18.0,69,17.0,0.0,0.0,,11.2,223,19.4,
2026-08-10T05:00,17.7,71,16.9,0.0,0.0,,11.2,222,19.4,
2026-08-10T05:15,17.7,72,16.9,0.0,0.0,,11.2,226,19.8,
2026-08-10T05:30,17.7,72,16.9,0.0,0.0,,11.5,230,19.8,
2026-08-10T05:45,17.8,72,16.9,0.0,0.0,,11.5,233,20.2,
2026-08-10T06:00,17.7,73,17.0,0.0,0.0,,11.5,237,20.2,
2026-08-10T06:15,17.4,75,16.7,0.0,0.0,,11.2,233,19.8,
2026-08-10T06:30,17.0,78,16.5,0.0,0.0,,10.4,229,19.1,
2026-08-10T06:45,16.7,80,16.3,0.0,0.0,,9.7,225,18.0,
2026-08-10T07:00,16.5,82,16.2,0.0,0.0,,9.4,221,17.6,
2026-08-10T07:15,16.5,83,16.3,0.0,0.0,,9.4,225,17.6,
2026-08-10T07:30,16.7,84,16.6,0.0,0.0,,9.7,228,18.0,
2026-08-10T07:45,17.0,85,17.1,0.0,0.0,,9.7,232,18.4,
2026-08-10T08:00,17.4,84,17.6,0.0,0.0,,9.7,235,18.4,
2026-08-10T08:15,18.0,82,18.3,0.0,0.0,,9.0,245,18.0,
2026-08-10T08:30,18.6,79,19.1,0.0,0.0,,7.9,255,16.9,
2026-08-10T08:45,19.3,76,20.0,0.0,0.0,,7.2,264,16.2,
2026-08-10T09:00,20.0,73,20.8,0.0,0.0,,6.5,274,15.8,
2026-08-10T09:15,20.6,70,21.3,0.0,0.0,,6.8,275,16.2,
2026-08-10T09:30,21.3,68,22.0,0.0,0.0,,7.2,276,16.9,
2026-08-10T09:45,21.9,65,22.4,0.0,0.0,,7.9,276,17.6,
2026-08-10T10:00,22.5,62,22.9,0.0,0.0,,8.3,277,18.4,
2026-08-10T10:15,23.1,59,23.5,0.0,0.0,,7.9,286,18.4,
2026-08-10T10:30,23.8,55,24.1,0.0,0.0,,7.2,296,18.4,
2026-08-10T10:45,24.4,52,24.8,0.0,0.0,,6.5,305,18.0,
2026-08-10T11:00,24.9,49,25.5,0.0,0.0,,6.1,314,18.0,
2026-08-10T11:15,25.3,48,26.1,0.0,0.0,,6.1,315,18.4,
2026-08-10T11:30,25.7,47,26.5,0.0,0.0,,6.5,316,19.1,
2026-08-10T11:45,26.0,47,27.1,0.0,0.0,,6.5,316,19.4,
2026-08-10T12:00,26.3,46,27.5,0.0,0.0,,6.8,317,20.2,
2026-08-10T12:15,26.6,45,27.9,0.0,0.0,,6.8,324,20.9,
2026-08-10T12:30,27.0,43,28.2,0.0,0.0,,7.2,330,21.6,
2026-08-10T12:45,27.4,42,28.7,0.0,0.0,,7.2,337,22.0,
2026-08-10T13:00,27.7,41,29.0,0.0,0.0,,7.6,343,22.7,
2026-08-10T13:15,28.0,40,29.2,0.0,0.0,,7.9,346,23.0,
2026-08-10T13:30,28.3,40,29.5,0.0,0.0,,7.9,348,23.4,
2026-08-10T13:45,28.5,40,29.8,0.0,0.0,,8.3,351,23.8,
2026-08-10T14:00,28.7,39,29.9,0.0,0.0,,9.0,353,24.5,
2026-08-10T14:15,28.9,38,29.9,0.0,0.0,,10.1,354,25.9,
2026-08-10T14:30,29.1,37,29.8,0.0,0.0,,11.5,356,27.7,
2026-08-10T14:45,29.2,36,29.5,0.0,0.0,,13.0,357,29.5,
2026-08-10T15:00,29.3,36,29.4,0.0,0.0,,14.0,358,30.6,
2026-08-10T15:15,29.3,36,29.2,0.0,0.0,,14.4,359,31.0,
2026-08-10T15:30,29.3,37,29.3,0.0,0.0,,14.0,1,30.6,
2026-08-10T15:45,29.2,38,29.2,0.0,0.0,,13.7,2,30.2,
2026-08-10T16:00,29.1,38,28.7,0.0,0.0,,14.0,3,30.6,
2026-08-10T16:15,29.1,38,28.2,0.0,0.0,,15.1,6,31.7,
2026-08-10T16:30,29.0,38,27.7,0.0,0.0,,16.2,9,33.1,
2026-08-10T16:45,28.9,38,27.3,0.0,0.0,,17.6,12,34.9,
2026-08-10T17:00,28.7,38,27.0,0.0,0.0,,18.4,15,35.6,
2026-08-10T17:15,28.4,39,26.8,0.0,0.0,,18.4,16,35.6,
2026-08-10T17:30,28.1,41,26.7,0.0,0.0,,17.6,18,34.9,
2026-08-10T17:45,27.7,42,26.4,0.0,0.0,,16.9,19,33.8,
2026-08-10T18:00,27.4,43,26.2,0.0,0.0,,16.6,20,33.1,
2026-08-10T18:15,27.2,43,26.0,0.0,0.0,,16.6,20,32.8,
2026-08-10T18:30,27.1,43,25.8,0.0,0.0,,16.6,21,32.4,
2026-08-10T18:45,27.0,43,25.6,0.0,0.0,,16.6,21,32.0,
2026-08-10T19:00,26.8,43,25.4,0.0,0.0,,16.6,21,32.0,
2026-08-10T19:15,26.4,44,25.0,0.0,0.0,,16.6,21,32.0,
2026-08-10T19:30,26.0,45,24.6,0.0,0.0,,16.2,22,32.0,
2026-08-10T19:45,25.5,47,24.2,0.0,0.0,,16.2,22,32.0,
2026-08-10T20:00,25.0,48,23.6,0.0,0.0,,16.2,22,32.4,
2026-08-10T20:15,24.5,49,23.0,0.0,0.0,,16.9,20,33.1,
2026-08-10T20:30,24.0,51,22.4,0.0,0.0,,17.6,18,33.8,
2026-08-10T20:45,23.5,53,21.9,0.0,0.0,,18.7,16,34.6,
2026-08-10T21:00,23.1,54,21.3,0.0,0.0,,19.1,14,34.6,
2026-08-10T21:15,22.7,55,21.0,0.0,0.0,,18.7,16,33.8,
2026-08-10T21:30,22.3,57,20.8,0.0,0.0,,18.0,18,32.4,
2026-08-10T21:45,22.0,58,20.7,0.0,0.0,,16.9,19,31.0,
2026-08-10T22:00,21.7,59,20.5,0.0,0.0,,16.2,21,29.9,
2026-08-10T22:15,21.5,60,20.3,0.0,0.0,,15.8,23,29.2,
2026-08-10T22:30,21.4,60,20.2,0.0,0.0,,15.5,24,28.4,
2026-08-10T22:45,21.2,61,20.1,0.0,0.0,,15.1,26,27.7,
2026-08-10T23:00,21.0,61,19.9,0.0,0.0,,14.8,27,26.6,
2026-08-10T23:15,20.7,62,19.6,0.0,0.0,,14.0,27,25.6,
2026-08-10T23:30,20.2,63,19.3,0.0,0.0,,13.0,26,24.1,
2026-08-10T23:45,19.8,63,18.8,0.0,0.0,,12.2,26,22.7,
2026-08-11T00:00,19.4,64,18.5,0.0,0.0,,11.5,25,21.6,
2026-08-11T00:15,19.2,64,18.2,0.0,0.0,,11.2,24,21.2,
2026-08-11T00:30,18.9,65,18.0,0.0,0.0,,11.2,23,21.2,
2026-08-11T00:45,18.8,65,17.8,0.0,0.0,,11.2,22,21.2,
2026-08-11T01:00,18.6,65,17.5,0.0,0.0,,11.2,21,21.2,
2026-08-11T01:15,18.4,66,17.4,0.0,0.0,,11.2,21,21.2,
2026-08-11T01:30,18.2,66,17.2,0.0,0.0,,11.2,22,20.9,
2026-08-11T01:45,18.0,67,17.0,0.0,0.0,,11.2,22,20.5,
2026-08-11T02:00,17.8,68,16.8,0.0,0.0,,10.8,22,20.2,
2026-08-11T02:15,17.6,69,16.6,0.0,0.0,,10.4,27,19.1,
2026-08-11T02:30,17.2,71,16.4,0.0,0.0,,9.7,32,18.0,
2026-08-11T02:45,16.9,72,16.1,0.0,0.0,,9.4,37,16.6,
2026-08-11T03:00,16.7,73,16.0,0.0,0.0,,9.0,42,15.8,
2026-08-11T03:15,16.6,72,15.8,0.0,0.0,,9.0,41,15.5,
2026-08-11T03:30,16.6,71,15.7,0.0,0.0,,9.0,41,15.1,
2026-08-11T03:45,16.6,70,15.6,0.0,0.0,,9.4,40,15.1,
2026-08-11T04:00,16.5,69,15.4,0.0,0.0,,9.7,39,15.5,
2026-08-11T04:15,16.4,69,15.2,0.0,0.0,,10.1,40,16.2,
2026-08-11T04:30,16.3,70,15.0,0.0,0.0,,10.8,42,16.9,
2026-08-11T04:45,16.2,71,14.8,0.0,0.0,,11.2,43,18.0,
2026-08-11T05:00,16.0,72,14.7,0.0,0.0,,11.5,44,18.7,
2026-08-11T05:15,15.8,74,14.4,0.0,0.0,,11.9,44,19.4,
2026-08-11T05:30,15.5,76,14.2,0.0,0.0,,11.9,45,19.8,
2026-08-11T05:45,15.2,77,13.9,0.0,0.0,,11.9,45,20.2,
2026-08-11T06:00,15.0,78,13.7,0.0,0.0,,11.9,45,20.2,
2026-08-11T06:15,14.9,77,13.5,0.0,0.0,,11.5,49,19.8,
2026-08-11T06:30,14.8,76,13.4,0.0,0.0,,11.2,52,19.1,
2026-08-11T06:45,14.8,74,13.4,0.0,0.0,,10.4,56,18.4,
2026-08-11T07:00,14.9,72,13.4,0.0,0.0,,10.4,59,18.7,
2026-08-11T07:15,15.1,71,13.5,0.0,0.0,,11.2,60,20.2,
2026-08-11T07:30,15.4,69,13.6,0.0,0.0,,11.9,61,22.3,
2026-08-11T07:45,15.7,68,13.8,0.0,0.0,,13.0,61,24.5,
2026-08-11T08:00,16.0,67,14.0,0.0,0.0,,13.7,62,25.9,
2026-08-11T08:15,16.2,66,14.2,0.0,0.0,,13.7,61,25.9,
2026-08-11T08:30,16.5,66,14.6,0.0,0.0,,13.3,61,25.6,
2026-08-11T08:45,16.7,66,15.0,0.0,0.0,,12.6,60,24.8,
2026-08-11T09:00,17.1,65,15.4,0.0,0.0,,12.6,59,24.5,
2026-08-11T09:15,17.6,63,15.8,0.0,0.0,,13.0,60,24.8,
2026-08-11T09:30,18.1,60,16.3,0.0,0.0,,13.3,61,25.9,
2026-08-11T09:45,18.7,57,16.7,0.0,0.0,,14.0,61,27.0,
2026-08-11T10:00,19.3,55,17.2,0.0,0.0,,14.4,62,27.7,
2026-08-11T10:15,19.8,53,17.7,0.0,0.0,,14.4,62,28.1,
2026-08-11T10:30,20.3,52,18.2,0.0,0.0,,14.8,61,28.8,
2026-08-11T10:45,20.9,50,18.9,0.0,0.0,,14.8,61,29.2,
2026-08-11T11:00,21.4,49,19.7,0.0,0.0,,14.8,60,29.5,
2026-08-11T11:15,21.8,48,20.3,0.0,0.0,,15.1,60,30.2,
2026-08-11T11:30,22.3,46,20.8,0.0,0.0,,15.5,60,31.0,
2026-08-11T11:45,22.7,45,21.3,0.0,0.0,,15.8,59,31.7,
2026-08-11T12:00,23.2,43,21.8,0.0,0.0,,15.8,59,32.0,
2026-08-11T12:15,23.6,41,22.4,0.0,0.0,,15.5,57,32.0,
2026-08-11T12:30,24.1,39,22.9,0.0,0.0,,15.1,56,31.7,
2026-08-11T12:45,24.5,36,23.3,0.0,0.0,,14.8,54,31.7,
2026-08-11T13:00,24.9,34,23.7,0.0,0.0,,14.4,52,31.3,
2026-08-11T13:15,25.3,32,24.0,0.0,0.0,,14.0,51,31.3,
2026-08-11T13:30,25.7,30,24.3,0.0,0.0,,14.0,50,31.0,
2026-08-11T13:45,26.0,28,24.6,0.0,0.0,,13.7,49,31.0,
2026-08-11T14:00,26.3,27,24.8,0.0,0.0,,13.7,48,31.0,
2026-08-11T14:15,26.7,26,25.1,0.0,0.0,,13.7,49,31.0,
2026-08-11T14:30,27.0,26,25.4,0.0,0.0,,14.0,51,31.0,
2026-08-11T14:45,27.3,25,25.5,0.0,0.0,,14.4,52,31.3,
2026-08-11T15:00,27.5,25,25.6,0.0,0.0,,14.8,53,31.7,
2026-08-11T15:15,27.6,25,25.5,0.0,0.0,,15.5,52,32.4,
2026-08-11T15:30,27.5,25,25.2,0.0,0.0,,16.2,50,33.5,
2026-08-11T15:45,27.5,25,24.9,0.0,0.0,,17.3,49,34.6,
2026-08-11T16:00,27.5,25,24.8,0.0,0.0,,17.6,47,34.9,
2026-08-11T16:15,27.6,25,24.8,0.0,0.0,,17.6,48,34.9,
2026-08-11T16:30,27.8,25,24.9,0.0,0.0,,17.3,48,34.2,
2026-08-11T16:45,27.9,24,24.8,0.0,0.0,,16.9,49,33.8,
2026-08-11T17:00,28.0,24,24.8,0.0,0.0,,16.9,49,33.5,
2026-08-11T17:15,28.0,24,24.6,0.0,0.0,,17.3,49,33.8,
2026-08-11T17:30,28.0,24,24.4,0.0,0.0,,17.6,50,34.6,
2026-08-11T17:45,28.0,23,24.2,0.0,0.0,,18.0,50,34.9,
2026-08-11T18:00,28.0,23,24.1,0.0,0.0,,18.0,50,34.9,
2026-08-11T18:15,27.9,23,24.2,0.0,0.0,,17.3,48,34.2,
2026-08-11T18:30,27.9,22,24.1,0.0,0.0,,16.6,45,32.8,
2026-08-11T18:45,27.8,22,24.2,0.0,0.0,,15.5,43,31.3,
2026-08-11T19:00,27.7,22,24.1,0.0,0.0,,14.8,40,30.2,
2026-08-11T19:15,27.4,22,23.8,0.0,0.0,,14.8,40,30.2,
2026-08-11T19:30,27.1,23,23.5,0.0,0.0,,15.1,40,30.6,
2026-08-11T19:45,26.7,23,23.0,0.0,0.0,,15.5,40,31.3,
2026-08-11T20:00,26.4,24,22.7,0.0,0.0,,15.8,40,31.3,
2026-08-11T20:15,26.0,25,22.4,0.0,0.0,,15.8,40,30.6,
2026-08-11T20:30,25.7,25,22.0,0.0,0.0,,15.8,40,29.5,
2026-08-11T20:45,25.3,26,21.7,0.0,0.0,,15.5,39,28.4,
2026-08-11T21:00,24.9,27,21.4,0.0,0.0,,15.1,39,27.4,
2026-08-11T21:15,24.6,28,21.2,0.0,0.0,,14.8,41,26.6,
2026-08-11T21:30,24.2,29,20.9,0.0,0.0,,14.4,43,25.9,
2026-08-11T21:45,23.9,29,20.6,0.0,0.0,,13.7,44,25.6,
2026-08-11T22:00,23.5,30,20.4,0.0,0.0,,13.3,46,24.8,
2026-08-11T22:15,23.2,30,20.0,0.0,0.0,,13.0,47,24.1,
2026-08-11T22:30,22.8,31,19.7,0.0,0.0,,12.2,47,23.4,
2026-08-11T22:45,22.4,31,19.4,0.0,0.0,,11.9,48,22.7,
2026-08-11T23:00,22.1,31,19.1,0.0,0.0,,11.5,48,22.3,
2026-08-11T23:15,21.9,31,18.7,0.0,0.0,,11.9,52,22.3,
2026-08-11T23:30,21.7,32,18.5,0.0,0.0,,12.2,55,22.7,
2026-08-11T23:45,21.5,32,18.2,0.0,0.0,,13.0,59,23.0,
2026-08-12T00:00,21.3,33,18.0,0.0,0.0,,13.3,62,23.4,
2026-08-12T00:15,21.1,34,17.8,0.0,0.0,,13.7,63,23.8,
2026-08-12T00:30,20.9,34,17.6,0.0,0.0,,14.0,63,24.5,
2026-08-12T00:45,20.7,35,17.4,0.0,0.0,,14.0,64,24.5,
2026-08-12T01:00,20.5,35,17.2,0.0,0.0,,14.0,64,24.5,
2026-08-12T01:15,20.3,35,16.9,0.0,0.0,,13.7,63,23.4,
2026-08-12T01:30,20.0,36,16.9,0.0,0.0,,12.6,62,22.0,
2026-08-12T01:45,19.7,36,16.6,0.0,0.0,,11.9,60,20.5,
2026-08-12T02:00,19.5,36,16.4,0.0,0.0,,11.5,59,19.8,
2026-08-12T02:15,19.4,36,16.3,0.0,0.0,,11.5,62,20.2,
2026-08-12T02:30,19.3,37,16.2,0.0,0.0,,12.2,65,21.2,
2026-08-12T02:45,19.2,37,16.0,0.0,0.0,,12.6,68,22.3,
2026-08-12T03:00,19.1,38,16.0,0.0,0.0,,12.6,71,22.7,
2026-08-12T03:15,18.9,38,15.8,0.0,0.0,,12.2,72,22.0,
2026-08-12T03:30,18.7,39,15.7,0.0,0.0,,11.2,73,20.2,
2026-08-12T03:45,18.4,39,15.5,0.0,0.0,,10.4,74,18.4,
2026-08-12T04:00,18.2,40,15.4,0.0,0.0,,9.7,75,17.3,
2026-08-12T04:15,18.0,41,15.3,0.0,0.0,,9.4,74,16.9,
2026-08-12T04:30,17.8,42,15.1,0.0,0.0,,9.7,73,16.6,
2026-08-12T04:45,17.6,42,14.9,0.0,0.0,,9.7,72,16.6,
2026-08-12T05:00,17.5,43,14.8,0.0,0.0,,9.7,71,16.6,
2026-08-12T05:15,17.4,43,14.7,0.0,0.0,,9.7,74,16.2,
2026-08-12T05:30,17.4,44,14.8,0.0,0.0,,9.4,77,15.8,
2026-08-12T05:45,17.3,44,14.8,0.0,0.0,,9.0,80,15.5,
2026-08-12T06:00,17.2,44,14.7,0.0,0.0,,9.0,83,15.1,
2026-08-12T06:15,16.9,45,14.4,0.0,0.0,,9.0,77,14.8,
2026-08-12T06:30,16.5,45,13.9,0.0,0.0,,9.0,71,14.8,
2026-08-12T06:45,16.2,46,13.6,0.0,0.0,,8.6,64,14.4,
2026-08-12T07:00,16.0,46,13.4,0.0,0.0,,8.6,58,14.4,
2026-08-12T07:15,16.2,46,13.6,0.0,0.0,,8.6,60,14.8,
2026-08-12T07:30,16.5,45,14.0,0.0,0.0,,8.3,62,15.1,
2026-08-12T07:45,16.9,45,14.5,0.0,0.0,,8.3,63,15.1,
2026-08-12T08:00,17.4,44,15.0,0.0,0.0,,7.9,65,15.5,
2026-08-12T08:15,17.8,43,15.5,0.0,0.0,,7.6,60,15.5,
2026-08-12T08:30,18.3,42,16.1,0.0,0.0,,7.2,55,15.1,
2026-08-12T08:45,18.8,40,16.6,0.0,0.0,,7.2,50,14.8,
2026-08-12T09:00,19.4,39,17.2,0.0,0.0,,6.8,45,14.8,
2026-08-12T09:15,19.9,38,17.8,0.0,0.0,,6.8,48,14.8,
2026-08-12T09:30,20.4,36,18.2,0.0,0.0,,6.8,52,14.8,
2026-08-12T09:45,21.0,34,18.7,0.0,0.0,,6.8,55,15.1,
2026-08-12T10:00,21.7,33,19.4,0.0,0.0,,6.8,58,15.1,
2026-08-12T10:15,22.5,32,20.3,0.0,0.0,,6.8,60,15.1,
2026-08-12T10:30,23.4,31,21.4,0.0,0.0,,6.5,62,15.5,
2026-08-12T10:45,24.3,30,22.6,0.0,0.0,,6.5,63,15.8,
2026-08-12T11:00,25.2,29,23.7,0.0,0.0,,6.5,65,16.2,
2026-08-12T11:15,25.9,28,24.6,0.0,0.0,,6.5,60,16.9,
2026-08-12T11:30,26.5,28,25.4,0.0,0.0,,6.8,55,17.3,
2026-08-12T11:45,27.1,27,26.1,0.0,0.0,,7.2,50,18.4,
2026-08-12T12:00,27.6,26,26.7,0.0,0.0,,7.6,45,19.1,
2026-08-12T12:15,28.2,25,27.3,0.0,0.0,,8.3,46,20.2,
2026-08-12T12:30,28.7,24,27.7,0.0,0.0,,9.0,47,21.6,
2026-08-12T12:45,29.2,23,28.2,0.0,0.0,,9.7,47,22.7,
2026-08-12T13:00,29.7,22,28.6,0.0,0.0,,10.4,48,23.8,
2026-08-12T13:15,30.3,21,29.2,0.0,0.0,,10.8,57,24.5,
2026-08-12T13:30,30.9,19,29.6,0.0,0.0,,11.2,66,25.2,
2026-08-12T13:45,31.5,17,29.9,0.0,0.0,,11.2,74,25.6,
2026-08-12T14:00,32.0,16,30.3,0.0,0.0,,11.2,83,25.6,
2026-08-12T14:15,32.3,15,30.6,0.0,0.0,,10.8,83,25.6,
2026-08-12T14:30,32.6,15,31.0,0.0,0.0,,10.4,84,25.2,
2026-08-12T14:45,32.8,15,31.2,0.0,0.0,,10.1,84,24.8,
2026-08-12T15:00,33.0,15,31.5,0.0,0.0,,9.7,84,24.5,
2026-08-12T15:15,33.2,15,31.6,0.0,0.0,,9.7,83,24.5,
2026-08-12T15:30,33.4,15,31.7,0.0,0.0,,9.7,83,24.8,
2026-08-12T15:45,33.5,15,31.6,0.0,0.0,,10.1,82,25.2,
2026-08-12T16:00,33.6,15,31.7,0.0,0.0,,10.1,81,25.2,
2026-08-12T16:15,33.8,15,31.7,0.0,0.0,,10.1,84,25.2,
2026-08-12T16:30,33.9,15,31.7,0.0,0.0,,10.1,87,24.8,
2026-08-12T16:45,34.1,15,31.7,0.0,0.0,,10.1,90,24.5,
2026-08-12T17:00,34.1,15,31.6,0.0,0.0,,10.1,93,24.5,
2026-08-12T17:15,34.1,15,31.3,0.0,0.0,,10.8,80,24.8,
2026-08-12T17:30,34.1,15,30.9,0.0,0.0,,11.5,67,25.9,
2026-08-12T17:45,34.0,16,30.9,0.0,0.0,,12.2,53,26.3,
2026-08-12T18:00,33.9,16,30.7,0.0,0.0,,12.6,40,26.6,
2026-08-12T18:15,33.8,16,30.7,0.0,0.0,,12.2,38,25.9,
2026-08-12T18:30,33.7,16,30.6,0.0,0.0,,11.9,36,24.8,
2026-08-12T18:45,33.5,17,30.7,0.0,0.0,,11.2,33,23.8,
2026-08-12T19:00,33.3,17,30.5,0.0,0.0,,11.2,31,23.0,
2026-08-12T19:15,33.1,18,30.3,0.0,0.0,,11.9,30,23.8,
2026-08-12T19:30,32.9,18,30.0,0.0,0.0,,12.6,29,24.8,
2026-08-12T19:45,32.7,19,29.7,0.0,0.0,,13.7,27,26.3,
2026-08-12T20:00,32.2,20,29.3,0.0,0.0,,14.0,26,26.3,
2026-08-12T20:15,31.5,21,28.7,0.0,0.0,,13.3,24,24.8,
2026-08-12T20:30,30.6,23,28.1,0.0,0.0,,12.2,21,22.3,
2026-08-12T20:45,29.7,24,27.4,0.0,0.0,,10.8,19,19.8,
2026-08-12T21:00,28.9,25,26.7,0.0,0.0,,10.1,16,18.0,
2026-08-12T21:15,28.3,26,26.1,0.0,0.0,,10.1,16,17.6,
2026-08-12T21:30,27.8,27,25.6,0.0,0.0,,10.1,16,17.6,
2026-08-12T21:45,27.4,27,25.0,0.0,0.0,,10.4,16,18.0,
2026-08-12T22:00,26.9,28,24.6,0.0,0.0,,10.4,16,18.0,
2026-08-12T22:15,26.5,29,24.2,0.0,0.0,,10.1,14,16.9,
2026-08-12T22:30,26.1,31,24.1,0.0,0.0,,9.4,12,15.8,
2026-08-12T22:45,25.6,32,23.8,0.0,0.0,,8.6,10,14.4,
2026-08-12T23:00,25.2,33,23.5,0.0,0.0,,8.3,8,13.3,
2026-08-12T23:15,24.8,34,23.0,0.0,0.0,,8.3,10,13.0,
2026-08-12T23:30,24.3,34,22.4,0.0,0.0,,8.6,11,13.3,
2026-08-12T23:45,23.9,34,21.9,0.0,0.0,,8.6,13,13.3,
2026-08-13T00:00,23.5,34,21.5,0.0,0.0,,8.6,14,13.3,
2026-08-13T00:15,23.2,33,21.0,0.0,0.0,,8.3,23,13.0,
2026-08-13T00:30,23.0,33,20.9,0.0,0.0,,7.9,33,12.2,
2026-08-13T00:45,22.8,32,20.6,0.0,0.0,,7.2,42,11.2,
2026-08-13T01:00,22.6,31,20.4,0.0,0.0,,6.5,51,10.4,
2026-08-13T01:15,22.5,30,20.2,0.0,0.0,,5.8,59,9.4,
2026-08-13T01:30,22.4,30,20.2,0.0,0.0,,5.0,68,7.9,
2026-08-13T01:45,22.3,30,20.2,0.0,0.0,,4.3,76,6.8,
2026-08-13T02:00,22.1,30,20.0,0.0,0.0,,4.0,84,6.1,
2026-08-13T02:15,21.8,31,19.8,0.0,0.0,,4.3,80,6.1,
2026-08-13T02:30,21.5,33,19.5,0.0,0.0,,4.7,76,6.8,
2026-08-13T02:45,21.2,34,19.1,0.0,0.0,,5.4,72,7.6,
2026-08-13T03:00,20.9,35,18.8,0.0,0.0,,5.4,68,7.6,
2026-08-13T03:15,20.6,35,18.6,0.0,0.0,,5.0,71,6.8,
2026-08-13T03:30,20.3,34,18.3,0.0,0.0,,4.3,75,5.4,
2026-08-13T03:45,20.1,33,18.1,0.0,0.0,,3.2,78,4.3,
2026-08-13T04:00,19.9,33,17.9,0.0,0.0,,2.5,81,3.2,
2026-08-13T04:15,19.7,34,17.9,0.0,0.0,,1.8,69,2.5,
2026-08-13T04:30,19.5,35,17.8,0.0,0.0,,1.4,58,2.2,
2026-08-13T04:45,19.4,36,17.8,0.0,0.0,,0.7,46,1.8,
2026-08-13T05:00,19.2,37,17.7,0.0,0.0,,0.7,34,1.8,
2026-08-13T05:15,18.9,38,17.4,0.0,0.0,,1.1,35,1.8,
2026-08-13T05:30,18.7,39,17.1,0.0,0.0,,1.4,36,2.2,
2026-08-13T05:45,18.4,40,16.8,0.0,0.0,,2.2,37,2.5,
2026-08-13T06:00,18.2,40,16.5,0.0,0.0,,2.9,38,3.2,
2026-08-13T06:15,18.0,40,16.1,0.0,0.0,,3.6,35,4.0,
2026-08-13T06:30,17.8,39,15.7,0.0,0.0,,4.3,32,5.0,
2026-08-13T06:45,17.7,38,15.4,0.0,0.0,,5.0,29,6.1,
2026-08-13T07:00,17.7,38,15.4,0.0,0.0,,5.4,26,6.5,
2026-08-13T07:15,18.0,39,15.8,0.0,0.0,,5.0,18,6.1,
2026-08-13T07:30,18.4,40,16.4,0.0,0.0,,4.3,11,5.4,
2026-08-13T07:45,18.9,41,17.3,0.0,0.0,,3.2,3,4.7,
2026-08-13T08:00,19.4,41,17.9,0.0,0.0,,2.9,355,4.7,
2026-08-13T08:15,19.8,40,18.3,0.0,0.0,,3.2,349,5.8,
2026-08-13T08:30,20.3,38,18.5,0.0,0.0,,4.3,342,7.2,
2026-08-13T08:45,20.8,36,18.9,0.0,0.0,,5.0,336,8.6,
2026-08-13T09:00,21.4,34,19.4,0.0,0.0,,5.4,329,9.7,
2026-08-13T09:15,22.1,32,20.1,0.0,0.0,,5.0,331,9.7,
2026-08-13T09:30,22.9,29,20.9,0.0,0.0,,4.3,333,9.7,
2026-08-13T09:45,23.8,27,21.8,0.0,0.0,,3.6,334,9.0,
2026-08-13T10:00,24.8,25,22.8,0.0,0.0,,2.9,336,9.0,
2026-08-13T10:15,25.9,24,24.0,0.0,0.0,,2.9,359,9.4,
2026-08-13T10:30,27.1,23,25.3,0.0,0.0,,2.9,22,9.7,
2026-08-13T10:45,28.3,23,26.9,0.0,0.0,,2.9,44,10.4,
2026-08-13T11:00,29.2,22,28.0,0.0,0.0,,3.2,67,11.2,
2026-08-13T11:15,29.7,21,28.7,0.0,0.0,,3.2,66,11.9,
2026-08-13T11:30,30.0,21,29.2,0.0,0.0,,3.6,65,12.2,
2026-08-13T11:45,30.3,21,29.7,0.0,0.0,,4.0,63,13.0,
2026-08-13T12:00,30.7,20,30.0,0.0,0.0,,4.3,62,14.0,
2026-08-13T12:15,31.2,19,30.5,0.0,0.0,,5.4,55,15.8,
2026-08-13T12:30,31.9,18,31.0,0.0,0.0,,6.5,48,18.0,
2026-08-13T12:45,32.5,17,31.5,0.0,0.0,,7.6,41,20.2,
2026-08-13T13:00,33.1,16,31.9,0.0,0.0,,8.6,34,22.0,
2026-08-13T13:15,33.7,16,32.6,0.0,0.0,,9.4,41,23.0,
2026-08-13T13:30,34.3,15,33.0,0.0,0.0,,10.1,47,24.1,
2026-08-13T13:45,34.8,15,33.5,0.0,0.0,,10.4,54,24.8,
2026-08-13T14:00,35.2,15,34.0,0.0,0.0,,10.4,60,25.2,
2026-08-13T14:15,35.4,15,34.2,0.0,0.0,,10.4,64,25.2,
2026-08-13T14:30,35.4,14,34.0,0.0,0.0,,9.7,68,24.5,
2026-08-13T14:45,35.3,14,34.0,0.0,0.0,,9.4,72,23.8,
2026-08-13T15:00,35.4,14,34.1,0.0,0.0,,9.0,76,23.4,
2026-08-13T15:15,35.5,14,34.2,0.0,0.0,,9.0,68,23.0,
2026-08-13T15:30,35.7,14,34.2,0.0,0.0,,9.0,60,23.0,
2026-08-13T15:45,35.9,14,34.4,0.0,0.0,,8.6,51,22.7,
2026-08-13T16:00,36.0,14,34.4,0.0,0.0,,8.6,43,22.3,
2026-08-13T16:15,36.2,14,34.5,0.0,0.0,,8.3,46,22.0,
2026-08-13T16:30,36.4,14,34.7,0.0,0.0,,7.6,49,21.2,
2026-08-13T16:45,36.5,13,34.5,0.0,0.0,,7.2,51,20.5,
2026-08-13T17:00,36.6,13,34.5,0.0,0.0,,6.8,54,20.2,
2026-08-13T17:15,36.6,13,34.3,0.0,0.0,,6.5,39,19.8,
2026-08-13T17:30,36.6,13,34.2,0.0,0.0,,6.5,24,19.1,
2026-08-13T17:45,36.5,13,34.0,0.0,0.0,,6.5,9,18.7,
2026-08-13T18:00,36.3,13,33.8,0.0,0.0,,6.8,354,18.7,
2026-08-13T18:15,36.2,13,33.5,0.0,0.0,,7.6,357,19.1,
2026-08-13T18:30,36.0,13,33.2,0.0,0.0,,8.6,360,20.2,
2026-08-13T18:45,35.7,14,32.9,0.0,0.0,,10.1,2,21.2,
2026-08-13T19:00,35.5,14,32.5,0.0,0.0,,10.8,5,21.6,
2026-08-13T19:15,35.2,14,32.1,0.0,0.0,,11.2,11,21.6,
2026-08-13T19:30,35.0,14,31.8,0.0,0.0,,11.5,17,21.2,
2026-08-13T19:45,34.7,15,31.6,0.0,0.0,,11.5,22,20.5,
2026-08-13T20:00,34.3,15,31.3,0.0,0.0,,11.2,28,19.4,
2026-08-13T20:15,33.9,15,30.9,0.0,0.0,,10.8,26,17.6,
2026-08-13T20:30,33.4,16,30.6,0.0,0.0,,10.1,24,15.1,
2026-08-13T20:45,32.9,16,30.1,0.0,0.0,,9.4,21,13.0,
2026-08-13T21:00,32.4,17,29.7,0.0,0.0,,8.6,19,11.2,
2026-08-13T21:15,31.8,18,29.3,0.0,0.0,,8.3,25,10.4,
2026-08-13T21:30,31.1,19,28.7,0.0,0.0,,7.9,32,10.4,
2026-08-13T21:45,30.5,20,28.1,0.0,0.0,,7.9,38,10.8,
2026-08-13T22:00,29.9,21,27.7,0.0,0.0,,7.6,44,10.8,
2026-08-13T22:15,29.5,21,27.2,0.0,0.0,,7.2,48,10.8,
2026-08-13T22:30,29.1,21,26.8,0.0,0.0,,7.2,53,10.8,
2026-08-13T22:45,28.8,22,26.6,0.0,0.0,,6.8,57,10.8,
2026-08-13T23:00,28.5,22,26.3,0.0,0.0,,6.5,61,10.4,
2026-08-13T23:15,28.1,23,26.0,0.0,0.0,,6.1,69,9.7,
2026-08-13T23:30,27.8,24,25.8,0.0,0.0,,5.8,76,8.6,
2026-08-13T23:45,27.4,26,25.7,0.0,0.0,,5.4,84,7.2,
2026-08-14T00:00,27.0,27,25.4,0.0,0.0,,5.0,91,6.5,
2026-08-14T00:15,26.6,28,25.0,0.0,0.0,,4.7,100,5.8,
2026-08-14T00:30,26.1,28,24.4,0.0,0.0,,4.7,109,5.4,
2026-08-14T00:45,25.6,29,24.1,0.0,0.0,,4.3,118,5.0,
2026-08-14T01:00,25.2,29,23.6,0.0,0.0,,4.3,127,5.0,
2026-08-14T01:15,24.9,29,23.2,0.0,0.0,,4.3,144,5.0,
2026-08-14T01:30,24.7,28,22.9,0.0,0.0,,4.3,161,5.0,
2026-08-14T01:45,24.5,28,22.7,0.0,0.0,,4.3,177,5.4,
2026-08-14T02:00,24.3,28,22.4,0.0,0.0,,4.3,194,5.4,
2026-08-14T02:15,24.0,29,22.1,0.0,0.0,,4.7,208,5.8,
2026-08-14T02:30,23.6,31,21.8,0.0,0.0,,5.0,222,6.1,
2026-08-14T02:45,23.2,33,21.5,0.0,0.0,,5.4,236,6.1,
2026-08-14T03:00,22.9,34,21.2,0.0,0.0,,5.4,250,6.1,
2026-08-14T03:15,22.6,34,20.9,0.0,0.0,,4.7,224,5.0,
2026-08-14T03:30,22.4,34,20.9,0.0,0.0,,3.2,198,3.6,
2026-08-14T03:45,22.2,34,20.8,0.0,0.0,,2.2,172,2.5,
2026-08-14T04:00,22.0,34,20.6,0.0,0.0,,1.8,146,2.2,
2026-08-14T04:15,21.9,34,20.3,0.0,0.0,,3.2,137,3.2,
2026-08-14T04:30,21.9,33,19.9,0.0,0.0,,5.4,127,5.4,
2026-08-14T04:45,21.9,33,19.5,0.0,0.0,,7.6,118,7.9,
2026-08-14T05:00,21.8,33,19.2,0.0,0.0,,9.0,108,9.4,
2026-08-14T05:15,21.6,33,19.0,0.0,0.0,,9.0,116,10.1,
2026-08-14T05:30,21.4,34,18.9,0.0,0.0,,8.3,123,10.1,
2026-08-14T05:45,21.1,34,18.8,0.0,0.0,,7.2,131,9.7,
2026-08-14T06:00,20.9,35,18.7,0.0,0.0,,6.5,138,9.0,
2026-08-14T06:15,20.6,36,18.6,0.0,0.0,,5.8,175,7.9,
2026-08-14T06:30,20.4,37,18.4,0.0,0.0,,5.4,212,6.8,
2026-08-14T06:45,20.2,38,18.4,0.0,0.0,,4.7,248,5.4,
2026-08-14T07:00,20.1,38,18.4,0.0,0.0,,4.0,285,4.3,
2026-08-14T07:15,20.3,38,18.7,0.0,0.0,,3.2,306,3.6,
2026-08-14T07:30,20.6,38,19.2,0.0,0.0,,2.2,327,2.5,
2026-08-14T07:45,21.0,38,19.9,0.0,0.0,,1.1,348,2.2,
2026-08-14T08:00,21.6,37,20.6,0.0,0.0,,0.7,9,2.2,
2026-08-14T08:15,22.5,35,21.4,0.0,0.0,,0.7,48,2.9,
2026-08-14T08:30,23.6,32,22.4,0.0,0.0,,1.4,86,4.3,
2026-08-14T08:45,24.7,29,23.3,0.0,0.0,,2.2,125,6.1,
2026-08-14T09:00,25.6,27,24.0,0.0,0.0,,2.5,163,7.2,
2026-08-14T09:15,26.2,26,24.6,0.0,0.0,,2.9,186,7.9,
2026-08-14T09:30,26.7,25,25.1,0.0,0.0,,2.9,210,8.6,
2026-08-14T09:45,27.1,24,25.4,0.0,0.0,,2.9,233,9.0,
2026-08-14T10:00,27.7,23,26.0,0.0,0.0,,2.9,256,9.4,
2026-08-14T10:15,28.5,22,26.8,0.0,0.0,,2.9,267,9.7,
2026-08-14T10:30,29.4,21,27.8,0.0,0.0,,2.5,278,9.7,
2026-08-14T10:45,30.3,20,28.9,0.0,0.0,,2.2,288,9.7,
2026-08-14T11:00,31.2,19,30.0,0.0,0.0,,2.2,299,10.1,
2026-08-14T11:15,32.1,18,31.0,0.0,0.0,,2.5,328,11.2,
2026-08-14T11:30,32.9,18,32.1,0.0,0.0,,2.9,356,12.6,
2026-08-14T11:45,33.6,18,33.0,0.0,0.0,,3.6,25,14.0,
2026-08-14T12:00,34.2,17,33.7,0.0,0.0,,3.6,53,14.8,
2026-08-14T12:15,34.6,16,34.2,0.0,0.0,,2.9,65,14.8,
2026-08-14T12:30,34.9,15,34.7,0.0,0.0,,1.8,77,14.4,
2026-08-14T12:45,35.1,14,35.1,0.0,0.0,,0.7,88,13.7,
2026-08-14T13:00,35.4,14,35.5,0.0,0.0,,0.4,100,13.7,
2026-08-14T13:15,35.7,14,35.9,0.0,0.0,,0.7,91,14.4,
2026-08-14T13:30,36.1,15,36.4,0.0,0.0,,1.8,82,15.8,
2026-08-14T13:45,36.4,16,36.9,0.0,0.0,,2.9,72,17.3,
2026-08-14T14:00,36.7,16,37.2,0.0,0.0,,3.2,63,18.0,
2026-08-14T14:15,36.9,16,37.4,0.0,0.0,,2.9,59,18.0,
2026-08-14T14:30,37.1,16,37.8,0.0,0.0,,2.2,55,17.6,
2026-08-14T14:45,37.3,16,38.0,0.0,0.0,,1.4,51,17.3,
2026-08-14T15:00,37.4,16,38.2,0.0,0.0,,1.1,47,17.3,
2026-08-14T15:15,37.6,16,38.3,0.0,0.0,,1.4,20,17.6,
2026-08-14T15:30,37.8,16,38.2,0.0,0.0,,2.5,353,18.7,
2026-08-14T15:45,38.0,15,37.9,0.0,0.0,,3.6,326,19.4,
2026-08-14T16:00,38.2,15,37.8,0.0,0.0,,4.7,299,20.2,
2026-08-14T16:15,38.3,15,37.6,0.0,0.0,,5.4,294,20.5,
2026-08-14T16:30,38.4,15,37.4,0.0,0.0,,6.1,289,21.2,
2026-08-14T16:45,38.4,15,37.3,0.0,0.0,,6.5,284,21.2,
2026-08-14T17:00,38.4,15,37.1,0.0,0.0,,6.5,279,21.2,
2026-08-14T17:15,38.4,15,36.9,0.0,0.0,,6.1,308,20.9,
2026-08-14T17:30,38.3,15,36.8,0.0,0.0,,5.4,338,19.8,
2026-08-14T17:45,38.3,15,36.9,0.0,0.0,,4.7,7,19.1,
2026-08-14T18:00,38.2,15,36.8,0.0,0.0,,4.0,36,18.0,
2026-08-14T18:15,38.1,15,36.8,0.0,0.0,,3.6,36,17.3,
2026-08-14T18:30,38.1,15,36.8,0.0,0.0,,3.6,36,16.2,
2026-08-14T18:45,38.0,15,36.7,0.0,0.0,,3.6,36,15.1,
2026-08-14T19:00,37.8,15,36.5,0.0,0.0,,3.6,36,14.4,
2026-08-14T19:15,37.7,15,36.3,0.0,0.0,,3.6,32,13.3,
2026-08-14T19:30,37.5,15,36.2,0.0,0.0,,3.2,29,11.9,
2026-08-14T19:45,37.2,15,35.8,0.0,0.0,,3.2,25,10.8,
2026-08-14T20:00,36.8,16,35.3,0.0,0.0,,4.3,21,11.5,
2026-08-14T20:15,36.0,18,34.4,0.0,0.0,,6.8,13,14.8,
2026-08-14T20:30,35.0,21,33.3,0.0,0.0,,10.8,5,19.8,
2026-08-14T20:45,34.0,24,32.1,0.0,0.0,,14.4,357,24.5,
2026-08-14T21:00,33.2,26,31.2,0.0,0.0,,16.2,349,26.6,
2026-08-14T21:15,32.8,27,30.9,0.0,0.0,,15.5,344,25.2,
2026-08-14T21:30,32.6,26,30.8,0.0,0.0,,13.7,339,21.2,
2026-08-14T21:45,32.4,26,31.0,0.0,0.0,,11.2,334,16.9,
2026-08-14T22:00,32.1,26,30.8,0.0,0.0,,9.4,329,14.0,
2026-08-14T22:15,31.6,27,30.4,0.0,0.0,,9.0,345,13.3,
2026-08-14T22:30,31.0,28,29.8,0.0,0.0,,9.4,0,14.0,
2026-08-14T22:45,30.4,29,29.1,0.0,0.0,,9.7,16,14.8,
2026-08-14T23:00,29.8,30,28.5,0.0,0.0,,9.4,31,14.4,
2026-08-14T23:15,29.2,31,28.1,0.0,0.0,,8.3,28,12.6,
2026-08-14T23:30,28.6,31,27.7,0.0,0.0,,6.5,24,9.7,
2026-08-14T23:45,28.1,31,27.3,0.0,0.0,,4.7,21,6.8,
2026-08-15T00:00,27.9,31,27.1,0.0,0.0,,4.0,17,5.8,
2026-08-15T00:15,28.0,31,27.1,0.0,0.0,,4.7,35,6.8,
2026-08-15T00:30,28.3,30,27.3,0.0,0.0,,5.8,53,9.7,
2026-08-15T00:45,28.7,29,27.3,0.0,0.0,,7.6,71,12.6,
2026-08-15T01:00,28.7,29,27.2,0.0,0.0,,8.3,89,14.4,
2026-08-15T01:15,28.2,30,26.8,0.0,0.0,,8.3,72,14.8,
2026-08-15T01:30,27.5,33,26.3,0.0,0.0,,7.6,56,14.4,
2026-08-15T01:45,26.7,35,25.7,0.0,0.0,,6.8,39,13.3,
2026-08-15T02:00,26.0,36,25.0,0.0,0.0,,6.5,22,12.6,
2026-08-15T02:15,25.4,36,24.3,0.0,0.0,,6.5,14,12.2,
2026-08-15T02:30,24.9,35,23.6,0.0,0.0,,6.5,7,11.5,
2026-08-15T02:45,24.5,34,23.0,0.0,0.0,,6.5,359,10.8,
2026-08-15T03:00,24.3,34,22.7,0.0,0.0,,6.1,351,9.7,
2026-08-15T03:15,24.3,34,23.0,0.0,0.0,,4.7,323,7.6,
2026-08-15T03:30,24.6,35,23.7,0.0,0.0,,2.9,295,4.3,
2026-08-15T03:45,24.9,36,24.4,0.0,0.0,,1.1,266,1.8,
2026-08-15T04:00,24.9,37,24.6,0.0,0.0,,0.7,238,1.1,
2026-08-15T04:15,24.7,37,24.2,0.0,0.0,,2.2,240,2.5,
2026-08-15T04:30,24.3,38,23.4,0.0,0.0,,4.7,243,5.8,
2026-08-15T04:45,23.9,38,22.6,0.0,0.0,,7.2,245,9.7,
2026-08-15T05:00,23.5,40,21.9,0.0,0.0,,9.4,247,13.0,
2026-08-15T05:15,23.0,44,21.5,0.0,0.0,,10.8,260,16.2,
2026-08-15T05:30,22.5,49,21.1,0.0,0.0,,11.9,274,19.4,
2026-08-15T05:45,22.0,54,20.9,0.0,0.0,,12.6,287,22.3,
2026-08-15T06:00,21.8,58,21.0,0.0,0.0,,12.6,300,23.4,
2026-08-15T06:15,21.8,59,21.2,0.0,0.0,,11.9,295,22.3,
2026-08-15T06:30,22.1,59,21.9,0.0,0.0,,10.1,291,19.4,
2026-08-15T06:45,22.5,59,22.6,0.0,0.0,,8.6,286,16.2,
2026-08-15T07:00,22.7,59,23.0,0.0,0.0,,7.6,281,14.0,
2026-08-15T07:15,22.6,60,23.0,0.0,0.0,,7.6,295,13.7,
2026-08-15T07:30,22.5,61,22.9,0.0,0.0,,7.9,310,14.8,
2026-08-15T07:45,22.3,61,22.6,0.0,0.0,,8.3,324,15.5,
2026-08-15T08:00,22.3,62,22.6,0.0,0.0,,8.3,338,15.5,
2026-08-15T08:15,22.3,62,22.8,0.0,0.0,,7.2,350,14.0,
2026-08-15T08:30,22.4,62,23.1,0.0,0.0,,5.8,2,11.9,
2026-08-15T08:45,22.5,62,23.5,0.0,0.0,,4.3,14,9.7,
2026-08-15T09:00,22.8,61,23.9,0.0,0.0,,3.6,26,9.0,
2026-08-15T09:15,23.2,59,24.2,0.0,0.0,,4.0,22,9.7,
2026-08-15T09:30,23.8,57,24.6,0.0,0.0,,5.0,17,11.5,
2026-08-15T09:45,24.4,55,25.1,0.0,0.0,,6.1,13,13.7,
2026-08-15T10:00,24.9,53,25.4,0.0,0.0,,7.2,8,15.8,
2026-08-15T10:15,25.2,52,25.6,0.0,0.0,,8.3,19,17.6,
2026-08-15T10:30,25.5,50,25.6,0.0,0.0,,9.4,31,19.8,
2026-08-15T10:45,25.7,49,25.6,0.0,0.0,,10.4,42,21.6,
2026-08-15T11:00,26.0,48,25.8,0.0,0.0,,10.8,53,22.3,
2026-08-15T11:15,26.1,47,25.9,0.0,0.0,,10.4,33,21.2,
2026-08-15T11:30,26.2,45,26.1,0.0,0.0,,9.4,12,19.4,
2026-08-15T11:45,26.4,44,26.5,0.0,0.0,,7.9,352,17.3,
2026-08-15T12:00,26.8,42,26.9,0.0,0.0,,7.6,331,16.6,
2026-08-15T12:15,27.5,39,27.4,0.0,0.0,,7.9,340,18.0,
2026-08-15T12:30,28.6,36,28.2,0.0,0.0,,9.4,348,20.9,
2026-08-15T12:45,29.6,33,29.0,0.0,0.0,,10.4,357,23.4,
2026-08-15T13:00,30.4,31,29.8,0.0,0.0,,10.8,5,25.2,
2026-08-15T13:15,30.9,30,30.5,0.0,0.0,,10.4,3,25.2,
2026-08-15T13:30,31.2,31,31.4,0.0,0.0,,9.0,1,24.1,
2026-08-15T13:45,31.4,32,32.1,0.0,0.0,,7.9,358,22.7,
2026-08-15T14:00,31.5,32,32.4,0.0,0.0,,7.2,356,22.0,
2026-08-15T14:15,31.7,32,32.5,0.0,0.0,,7.2,347,22.0,
2026-08-15T14:30,31.7,31,32.3,0.0,0.0,,7.2,338,22.0,
2026-08-15T14:45,31.8,31,32.3,0.0,0.0,,7.6,329,22.3,
2026-08-15T15:00,31.8,30,32.2,0.0,0.0,,7.9,320,22.3,
2026-08-15T15:15,32.0,29,32.2,0.0,0.0,,7.9,329,22.7,
2026-08-15T15:30,32.1,29,32.3,0.0,0.0,,7.9,339,22.7,
2026-08-15T15:45,32.3,28,32.1,0.0,0.0,,7.9,348,23.0,
2026-08-15T16:00,32.3,28,31.9,0.0,0.0,,7.9,357,22.7,
2026-08-15T16:15,32.3,29,31.8,0.0,0.0,,7.6,352,21.6,
2026-08-15T16:30,32.1,30,31.9,0.0,0.0,,6.5,347,19.8,
2026-08-15T16:45,31.9,31,31.9,0.0,0.0,,6.1,342,18.4,
2026-08-15T17:00,31.7,32,31.7,0.0,0.0,,6.5,337,18.4,
2026-08-15T17:15,31.5,32,31.2,0.0,0.0,,8.3,348,20.5,
2026-08-15T17:30,31.3,32,30.5,0.0,0.0,,11.2,358,24.5,
2026-08-15T17:45,31.0,31,29.6,0.0,0.0,,14.0,9,28.1,
2026-08-15T18:00,30.8,31,29.1,0.0,0.0,,15.5,19,30.2,
2026-08-15T18:15,30.7,31,29.0,0.0,0.0,,15.1,19,29.5,
2026-08-15T18:30,30.7,31,29.2,0.0,0.0,,14.0,19,27.4,
2026-08-15T18:45,30.7,31,29.4,0.0,0.0,,12.2,19,24.8,
2026-08-15T19:00,30.5,32,29.5,0.0,0.0,,11.2,19,23.0,
2026-08-15T19:15,30.3,33,29.4,0.0,0.0,,10.8,25,22.3,
2026-08-15T19:30,29.9,34,29.1,0.0,0.0,,10.4,32,21.6,
2026-08-15T19:45,29.5,35,28.8,0.0,0.0,,10.4,38,21.6,
2026-08-15T20:00,29.1,36,28.4,0.0,0.0,,10.4,44,21.2,
2026-08-15T20:15,28.8,37,28.1,0.0,0.0,,10.4,37,20.9,
2026-08-15T20:30,28.4,38,27.7,0.0,0.0,,10.4,30,20.2,
2026-08-15T20:45,28.0,39,27.3,0.0,0.0,,10.8,22,19.8,
2026-08-15T21:00,27.6,40,26.9,0.0,0.0,,11.2,15,20.2,
2026-08-15T21:15,27.3,42,26.6,0.0,0.0,,11.9,13,21.2,
2026-08-15T21:30,26.9,45,26.3,0.0,0.0,,12.6,10,23.4,
2026-08-15T21:45,26.5,48,26.1,0.0,0.0,,13.7,8,25.2,
2026-08-15T22:00,26.3,49,25.8,0.0,0.0,,14.0,5,25.9,
2026-08-15T22:15,26.2,48,25.5,0.0,0.0,,14.0,3,24.8,
2026-08-15T22:30,26.2,45,25.3,0.0,0.0,,13.3,1,23.0,
2026-08-15T22:45,26.1,43,25.1,0.0,0.0,,12.6,359,20.9,
2026-08-15T23:00,25.9,43,24.8,0.0,0.0,,12.2,357,19.4,
2026-08-15T23:15,25.3,47,24.5,0.0,0.0,,12.2,357,19.4,
2026-08-15T23:30,24.4,53,24.0,0.0,0.0,,12.2,357,20.2,
2026-08-15T23:45,23.6,60,23.6,0.0,0.0,,12.2,356,21.2,
2026-08-16T00:00,23.0,65,23.3,0.0,0.0,,12.2,356,22.0,
2026-08-16T00:15,22.8,67,23.2,0.0,0.0,,12.2,3,22.3,
2026-08-16T00:30,22.8,68,23.3,0.0,0.0,,12.6,9,23.0,
2026-08-16T00:45,23.0,68,23.5,0.0,0.0,,13.0,16,23.4,
2026-08-16T01:00,23.0,68,23.5,0.0,0.0,,13.0,22,23.4,
2026-08-16T01:15,22.9,69,23.4,0.0,0.0,,13.3,17,23.4,
2026-08-16T01:30,22.7,70,23.3,0.0,0.0,,13.3,13,23.0,
2026-08-16T01:45,22.5,70,23.0,0.0,0.0,,13.3,8,22.7,
2026-08-16T02:00,22.2,72,22.7,0.0,0.0,,13.3,3,22.0,
2026-08-16T02:15,21.7,74,22.3,0.0,0.0,,12.6,2,21.2,
2026-08-16T02:30,21.1,78,21.9,0.0,0.0,,11.9,2,20.5,
2026-08-16T02:45,20.5,81,21.4,0.0,0.0,,10.8,1,19.4,
2026-08-16T03:00,20.1,83,21.1,0.0,0.0,,10.1,0,18.7,
2026-08-16T03:15,20.0,84,21.2,0.0,0.0,,9.4,360,18.0,
2026-08-16T03:30,20.1,84,21.4,0.0,0.0,,9.0,360,17.3,
2026-08-16T03:45,20.2,84,21.6,0.0,0.0,,8.6,359,16.9,
2026-08-16T04:00,20.3,84,21.7,0.0,0.0,,8.6,359,16.6,
2026-08-16T04:15,20.2,83,21.5,0.0,0.0,,9.0,1,16.9,
2026-08-16T04:30,20.1,82,21.2,0.0,0.0,,9.4,4,17.6,
2026-08-16T04:45,20.0,81,20.9,0.0,0.0,,9.7,6,18.0,
2026-08-16T05:00,19.8,81,20.6,0.0,0.0,,10.1,8,18.4,
2026-08-16T05:15,19.5,82,20.2,0.0,0.0,,10.1,6,18.0,
2026-08-16T05:30,19.1,85,20.0,0.0,0.0,,9.7,3,16.9,
2026-08-16T05:45,18.8,87,19.8,0.0,0.0,,9.0,1,16.2,
2026-08-16T06:00,18.6,89,19.6,0.0,0.0,,9.0,358,15.8,
2026-08-16T06:15,18.5,89,19.5,0.0,0.0,,9.4,1,16.2,
2026-08-16T06:30,18.6,89,19.6,0.0,0.0,,9.7,4,17.3,
2026-08-16T06:45,18.7,88,19.6,0.0,0.0,,10.1,6,18.0,
2026-08-16T07:00,18.8,87,19.7,0.0,0.0,,10.1,9,18.4,
2026-08-16T07:15,18.9,85,19.7,0.0,0.0,,9.7,11,18.0,
2026-08-16T07:30,19.0,81,19.6,0.0,0.0,,9.0,14,17.3,
2026-08-16T07:45,19.0,78,19.5,0.0,0.0,,8.6,16,16.6,
2026-08-16T08:00,19.2,76,19.6,0.0,0.0,,7.9,18,15.8,
2026-08-16T08:15,19.3,76,19.9,0.0,0.0,,7.6,22,15.5,
2026-08-16T08:30,19.5,77,20.3,0.0,0.0,,7.2,25,15.5,
2026-08-16T08:45,19.8,77,20.7,0.0,0.0,,6.8,29,15.5,
2026-08-16T09:00,20.1,77,21.2,0.0,0.0,,6.8,32,15.5,
2026-08-16T09:15,20.6,75,21.7,0.0,0.0,,6.8,33,15.8,
2026-08-16T09:30,21.2,72,22.2,0.0,0.0,,7.2,33,16.2,
2026-08-16T09:45,21.8,69,22.7,0.0,0.0,,7.2,34,16.6,
2026-08-16T10:00,22.3,66,23.1,0.0,0.0,,7.6,34,17.3,
2026-08-16T10:15,22.6,65,23.4,0.0,0.0,,7.9,29,18.0,
2026-08-16T10:30,22.8,64,23.6,0.0,0.0,,7.9,23,18.4,
2026-08-16T10:45,23.1,63,23.8,0.0,0.0,,8.3,18,19.1,
2026-08-16T11:00,23.4,62,24.1,0.0,0.0,,8.3,12,19.8,
2026-08-16T11:15,23.8,60,24.5,0.0,0.0,,8.3,14,20.5,
2026-08-16T11:30,24.4,58,25.0,0.0,0.0,,8.6,17,21.2,
2026-08-16T11:45,24.9,57,25.6,0.0,0.0,,8.6,19,21.6,
2026-08-16T12:00,25.2,55,25.9,0.0,0.0,,8.6,21,22.0,
2026-08-16T12:15,25.4,54,26.0,0.0,0.0,,8.6,17,22.0,
2026-08-16T12:30,25.4,53,25.9,0.0,0.0,,9.0,13,22.0,
2026-08-16T12:45,25.4,52,25.7,0.0,0.0,,9.0,8,21.6,
2026-08-16T13:00,25.5,52,25.8,0.0,0.0,,9.0,4,21.6,
2026-08-16T13:15,25.5,52,25.9,0.0,0.0,,9.0,3,21.6,
2026-08-16T13:30,25.5,53,26.0,0.0,0.0,,9.0,2,21.2,
2026-08-16T13:45,25.6,53,26.1,0.0,0.0,,8.6,0,21.2,
2026-08-16T14:00,25.8,52,26.3,0.0,0.0,,8.6,359,21.2,
2026-08-16T14:15,26.3,50,26.9,0.0,0.0,,8.3,1,21.2,
2026-08-16T14:30,27.0,46,27.4,0.0,0.0,,7.9,2,21.2,
2026-08-16T14:45,27.7,42,27.9,0.0,0.0,,7.6,4,21.6,
2026-08-16T15:00,28.2,40,28.4,0.0,0.0,,7.6,5,21.6,
2026-08-16T15:15,28.3,40,28.6,0.0,0.0,,7.9,3,22.0,
2026-08-16T15:30,28.3,41,28.7,0.0,0.0,,8.3,2,22.3,
2026-08-16T15:45,28.1,42,28.6,0.0,0.0,,8.6,360,22.3,
2026-08-16T16:00,28.1,42,28.4,0.0,0.0,,9.0,358,22.7,
2026-08-16T16:15,28.1,41,28.3,0.0,0.0,,9.0,359,22.7,
2026-08-16T16:30,28.2,40,28.1,0.0,0.0,,9.0,1,22.7,
2026-08-16T16:45,28.2,39,27.9,0.0,0.0,,9.4,2,22.7,
2026-08-16T17:00,28.3,38,27.7,0.0,0.0,,9.4,3,22.7,
2026-08-16T17:15,28.4,37,27.7,0.0,0.0,,9.7,360,23.0,
2026-08-16T17:30,28.5,37,27.7,0.0,0.0,,10.4,357,23.4,
2026-08-16T17:45,28.5,36,27.6,0.0,0.0,,10.8,353,24.1,
2026-08-16T18:00,28.5,36,27.5,0.0,0.0,,11.2,350,24.5,
2026-08-16T18:15,28.4,36,27.4,0.0,0.0,,11.2,352,24.5,
2026-08-16T18:30,28.2,35,27.0,0.0,0.0,,11.2,354,24.5,
2026-08-16T18:45,28.0,35,26.7,0.0,0.0,,10.8,356,24.5,
2026-08-16T19:00,27.7,36,26.5,0.0,0.0,,11.2,358,24.8,
2026-08-16T19:15,27.4,37,26.0,0.0,0.0,,12.2,358,25.9,
2026-08-16T19:30,27.0,39,25.7,0.0,0.0,,13.3,358,27.7,
2026-08-16T19:45,26.6,41,25.2,0.0,0.0,,14.8,358,29.2,
2026-08-16T20:00,26.2,43,24.8,0.0,0.0,,15.5,358,30.2,
2026-08-16T20:15,25.8,44,24.4,0.0,0.0,,15.5,358,30.6,
2026-08-16T20:30,25.5,46,24.2,0.0,0.0,,15.1,359,30.6,
2026-08-16T20:45,25.1,47,23.9,0.0,0.0,,14.4,359,30.6,
2026-08-16T21:00,24.8,48,23.8,0.0,0.0,3,13.7,359,29.9,1011.6
2026-08-16T23:45,21.9,58,21.9,0.0,0.0,1,6.8,9,11.5,1012.1
2026-08-16T21:15,24.1,50,23.2,0.0,0.0,,13.0,16,31.0,
2026-08-16T21:30,23.9,51,23.1,0.0,0.0,,11.9,20,29.2,
2026-08-16T21:45,23.7,52,23.2,0.0,0.0,,10.4,23,27.4,
2026-08-16T22:00,23.8,51,23.6,0.0,0.0,,7.9,11,24.1,
2026-08-17T00:45,21.1,66,21.8,0.0,0.0,2,5.4,50,10.4,1012.0
2026-08-16T22:15,22.7,58,22.8,0.0,0.0,,8.3,32,16.9,
2026-08-16T22:30,22.5,59,22.8,0.0,0.0,,7.2,37,17.3,
2026-08-16T22:45,22.3,60,22.8,0.0,0.0,,6.5,41,17.6,
2026-08-16T23:00,22.1,61,22.6,0.0,0.0,,6.1,45,17.3,
2026-08-16T23:15,22.0,62,22.5,0.0,0.0,,6.1,42,15.8,
2026-08-17T01:45,20.9,65,21.3,0.0,0.0,3,6.1,82,12.6,1011.8
2026-08-17T03:30,20.4,66,21.0,0.0,0.0,3,4.0,146,10.4,1011.5
2026-08-16T23:30,21.7,58,21.6,0.0,0.0,,7.6,35,11.5,
2026-08-17T00:00,21.3,60,21.1,0.0,0.0,,8.6,21,13.7,
2026-08-17T00:15,21.1,61,21.0,0.0,0.0,,7.9,25,14.0,
2026-08-17T00:30,20.9,62,21.0,0.0,0.0,,6.8,30,14.4,
2026-08-17T01:00,20.6,64,21.0,0.0,0.0,,5.0,38,13.7,
2026-08-17T01:15,20.5,65,20.9,0.0,0.0,,5.0,44,12.6,
2026-08-17T01:30,20.5,65,20.9,0.0,0.0,,5.0,50,10.8,
2026-08-17T05:45,19.8,67,19.8,0.0,0.0,3,7.9,9,13.3,1011.0
2026-08-17T02:00,20.0,65,19.9,0.0,0.0,,7.6,70,10.8,
2026-08-17T02:15,20.0,65,20.0,0.0,0.0,,7.6,83,11.2,
2026-08-17T02:30,20.2,65,20.2,0.0,0.0,,7.6,97,11.2,
2026-08-17T02:45,20.4,65,20.4,0.0,0.0,,7.6,110,11.5,
2026-08-17T03:00,20.5,65,20.6,0.0,0.0,,7.2,123,11.5,
2026-08-17T03:15,20.4,65,20.6,0.0,0.0,,6.8,128,11.2,
2026-08-17T03:45,20.1,67,20.4,0.0,0.0,,6.1,137,10.1,
2026-08-17T04:00,20.0,67,20.3,0.0,0.0,,5.8,141,9.7,
2026-08-17T04:15,20.0,66,20.4,0.0,0.0,,5.4,109,9.4,
2026-08-17T04:30,20.2,65,20.5,0.0,0.0,,5.4,78,9.0,
2026-08-17T04:45,19.9,67,20.2,0.0,0.0,,6.5,176,11.2,
2026-08-17T05:00,19.9,67,20.0,0.0,0.0,,6.8,187,11.9,
2026-08-17T05:15,19.8,67,19.9,0.1,0.1,,6.8,229,12.2,
2026-08-17T05:30,19.7,68,19.9,0.1,0.1,,6.5,271,12.6,
2026-08-17T06:00,19.3,71,19.7,0.1,0.1,,6.1,354,14.0,
2026-08-17T09:00,18.5,81,19.4,0.0,0.0,3,6.1,131,15.1,1011.0
2026-08-17T06:15,19.4,71,19.4,0.3,0.3,,9.0,1,18.0,
2026-08-17T06:30,19.2,74,19.7,0.3,0.3,,6.8,3,19.4,
2026-08-17T06:45,18.9,78,19.9,0.3,0.3,,5.0,4,20.5,
2026-08-17T07:00,18.7,81,19.9,0.3,0.3,,4.0,5,20.9,
2026-08-17T07:15,17.7,90,19.5,0.1,0.1,,1.8,118,6.8,
2026-08-17T07:30,17.7,90,19.6,0.1,0.1,,1.8,103,7.2,
2026-08-17T07:45,17.8,89,19.5,0.1,0.1,,2.5,87,7.9,
2026-08-17T08:00,17.9,88,19.5,0.1,0.1,,2.9,71,8.6,
2026-08-17T10:45,19.6,80,21.1,0.0,0.0,3,3.6,163,11.2,1011.4
2026-08-17T08:15,18.0,87,19.4,0.0,0.0,,3.6,85,9.4,
2026-08-17T08:30,18.1,86,19.5,0.0,0.0,,4.3,98,10.1,
2026-08-17T08:45,18.3,84,19.4,0.0,0.0,,5.0,112,10.8,
2026-08-17T09:15,18.5,80,19.1,0.0,0.0,,7.6,131,14.4,
2026-08-17T09:30,18.7,79,19.3,0.0,0.0,,6.8,141,14.4,
2026-08-17T09:45,18.8,78,19.5,0.0,0.0,,6.5,150,14.4,
2026-08-17T10:00,18.9,78,19.8,0.0,0.0,,5.8,160,14.4,
2026-08-17T10:15,19.1,78,20.2,0.1,0.1,,5.0,159,14.0,
2026-08-17T10:30,19.4,79,20.8,0.1,0.1,,4.0,158,13.3,
2026-08-17T11:00,20.0,79,21.7,0.1,0.1,,2.9,156,12.2,
2026-08-17T13:45,21.4,78,23.3,0.0,0.0,1,5.0,321,14.8,1011.2
2026-08-17T14:30,22.1,74,23.6,0.0,0.0,2,7.6,349,17.3,1011.4
2026-08-17T11:15,19.2,81,20.8,0.0,0.0,,2.9,263,7.9,
2026-08-17T11:30,19.3,80,20.9,0.0,0.0,,2.9,258,7.9,
2026-08-17T11:45,19.5,80,21.1,0.0,0.0,,2.9,254,8.3,
2026-08-17T12:00,19.5,80,21.1,0.0,0.0,,3.2,249,9.0,
2026-08-17T12:15,19.5,81,21.1,0.0,0.0,,3.6,249,10.1,
2026-08-17T12:30,19.3,82,20.9,0.0,0.0,,3.6,249,11.9,
2026-08-17T12:45,19.2,83,20.8,0.0,0.0,,4.0,248,13.7,
2026-08-17T13:00,19.3,83,20.9,0.0,0.0,,4.3,248,14.8,
2026-08-17T13:15,19.8,82,21.5,0.0,0.0,,4.7,272,15.1,
2026-08-17T13:30,20.6,80,22.5,0.0,0.0,,4.7,297,15.1,
2026-08-17T14:00,21.9,76,23.8,0.0,0.0,,5.4,345,15.1,
2026-08-17T14:15,22.1,75,23.9,0.0,0.0,,6.1,347,15.8,
2026-08-17T14:45,22.0,74,23.4,0.0,0.0,,8.3,350,18.4,
2026-08-17T15:00,22.0,73,23.1,0.0,0.0,,9.0,352,19.1,
2026-08-17T15:15,22.0,72,23.0,0.0,0.0,,9.0,350,19.4,
2026-08-17T15:30,22.0,71,23.0,0.0,0.0,,8.3,349,19.1,
2026-08-17T15:45,22.0,71,23.1,0.0,0.0,,7.6,347,18.7,
2026-08-17T16:00,22.1,70,23.2,0.0,0.0,,7.2,345,18.4,
2026-08-17T16:15,22.3,69,23.5,0.0,0.0,,6.8,347,17.6,
2026-08-17T16:30,22.6,68,23.9,0.0,0.0,,6.8,349,16.9,
2026-08-17T19:00,22.4,69,23.6,0.0,0.0,2,7.2,22,16.2,1010.9
2026-08-17T16:45,22.9,68,24.3,0.0,0.0,,6.5,350,16.2,
2026-08-17T17:00,23.0,68,24.4,0.0,0.0,,6.5,352,16.2,
2026-08-17T19:45,22.6,66,23.4,0.0,0.0,3,8.6,29,16.2,1011.1
2026-08-17T17:15,22.8,70,24.1,0.0,0.0,,7.9,354,17.3,
2026-08-17T17:30,22.7,70,24.0,0.0,0.0,,7.6,356,19.4,
2026-08-17T17:45,22.6,70,24.0,0.0,0.0,,7.2,357,21.2,
2026-08-17T18:00,22.6,70,24.1,0.0,0.0,,6.8,359,22.0,
2026-08-17T18:15,22.7,70,24.1,0.0,0.0,,6.8,5,21.2,
2026-08-17T18:30,22.8,69,24.1,0.0,0.0,,7.2,11,19.4,
2026-08-17T18:45,22.9,69,24.2,0.0,0.0,,7.6,16,17.6,
2026-08-17T19:15,22.9,67,23.9,0.0,0.0,,8.3,24,15.8,
2026-08-17T19:30,22.8,67,23.8,0.0,0.0,,8.3,27,16.2,
2026-08-17T22:00,21.5,68,22.8,0.0,0.0,3,3.6,93,9.0,1011.6
2026-08-17T20:00,22.5,66,23.3,0.0,0.0,,8.3,31,16.2,
2026-08-17T22:30,21.2,69,22.5,0.0,0.0,3,3.2,138,8.3,1011.7
2026-08-17T20:15,22.4,66,23.2,0.0,0.0,,7.6,33,15.5,
2026-08-17T20:30,22.2,66,23.2,0.0,0.0,,6.5,35,14.8,
2026-08-17T20:45,22.1,67,23.3,0.0,0.0,,5.0,36,13.7,
2026-08-17T21:00,22.0,67,23.2,0.0,0.0,,4.3,38,12.6,
2026-08-17T21:15,21.9,67,23.2,0.0,0.0,,4.0,52,11.5,
2026-08-17T21:30,21.8,67,23.1,0.0,0.0,,3.6,66,10.8,
2026-08-17T21:45,21.7,68,23.0,0.0,0.0,,3.6,79,9.7,
2026-08-18T00:30,20.4,76,21.9,0.0,0.0,3,4.0,220,8.6,1011.8
2026-08-17T22:15,21.4,69,22.7,0.0,0.0,,3.6,115,8.6,
2026-08-18T01:00,20.6,76,22.0,0.0,0.0,3,5.0,220,9.0,1011.7
2026-08-17T22:45,21.0,70,22.3,0.0,0.0,,3.2,160,8.3,
2026-08-17T23:00,20.8,71,22.2,0.0,0.0,,3.2,182,8.3,
2026-08-18T01:30,20.3,78,21.6,0.0,0.0,3,6.1,223,11.5,1011.4
2026-08-17T23:15,20.7,72,22.1,0.0,0.0,,3.2,192,8.3,
2026-08-17T23:30,20.5,74,22.0,0.0,0.0,,3.2,201,8.6,
2026-08-17T23:45,20.3,75,21.8,0.0,0.0,,3.2,211,9.0,
2026-08-18T03:00,19.2,88,20.5,0.0,0.0,3,8.3,227,14.0,1010.9
2026-08-18T00:00,19.5,87,21.6,0.0,0.0,,3.6,205,6.5,
2026-08-18T00:15,19.4,88,21.4,0.0,0.0,,4.3,204,6.8,
2026-08-18T00:45,19.3,87,21.0,0.0,0.0,,5.4,203,7.9,
2026-08-18T01:15,19.6,76,20.5,0.0,0.0,,6.1,199,9.7,
2026-08-18T01:45,19.2,80,19.9,0.0,0.0,,8.3,193,13.3,
2026-08-18T02:00,19.0,82,19.7,0.0,0.0,,9.0,190,14.4,
2026-08-18T02:15,18.9,84,19.8,0.0,0.0,,9.0,199,15.1,
2026-08-18T02:30,19.4,85,20.4,0.0,0.0,,10.1,221,17.3,
2026-08-18T02:45,19.4,87,20.4,0.0,0.0,,10.8,226,19.4,
2026-08-18T03:15,19.3,89,20.3,0.0,0.0,,11.2,226,21.2,
2026-08-18T03:30,19.2,89,20.3,0.0,0.0,,10.4,222,21.2,
2026-08-18T03:45,19.1,88,20.2,0.0,0.0,,9.7,217,20.9,
2026-08-18T04:00,19.1,87,20.1,0.0,0.0,,9.7,212,20.9,
2026-08-18T06:45,19.7,85,19.9,0.0,0.0,3,16.2,228,29.9,1008.9
2026-08-18T04:15,19.1,87,20.1,0.0,0.0,,10.4,213,21.6,
2026-08-18T04:30,19.3,86,20.0,0.0,0.0,,11.5,214,22.7,
2026-08-18T04:45,19.4,86,20.0,0.0,0.0,,12.6,215,23.8,
2026-08-18T05:00,19.5,86,20.1,0.0,0.0,,13.3,216,24.5,
2026-08-18T05:15,19.5,86,20.1,0.0,0.0,,13.3,219,24.8,
2026-08-18T05:30,19.4,87,19.9,0.0,0.0,,14.0,221,24.8,
2026-08-18T05:45,19.3,88,19.8,0.0,0.0,,14.0,224,25.2,
2026-08-18T06:00,19.3,88,19.8,0.0,0.0,,14.4,226,25.6,
2026-08-18T06:15,19.3,88,19.8,0.0,0.0,,14.8,227,26.6,
2026-08-18T06:30,19.5,87,19.8,0.0,0.0,,15.5,227,28.1,
2026-08-18T10:45,20.7,73,20.0,0.0,0.0,3,17.6,255,37.4,1009.0
2026-08-18T07:00,19.7,85,19.8,0.0,0.0,,16.9,228,31.0,
2026-08-18T07:15,19.8,84,19.8,0.0,0.0,,17.6,229,31.7,
2026-08-18T07:30,20.0,83,19.8,0.0,0.0,,18.0,230,32.0,
2026-08-18T07:45,20.1,81,19.7,0.0,0.0,,18.7,231,32.4,
2026-08-18T08:00,20.2,80,19.8,0.0,0.0,,19.1,232,33.1,
2026-08-18T08:15,20.4,79,19.9,0.0,0.0,,19.4,235,33.8,
2026-08-18T08:30,20.6,77,20.0,0.0,0.0,,19.8,237,34.9,
2026-08-18T08:45,20.8,76,20.1,0.0,0.0,,20.2,240,36.0,
2026-08-18T09:00,21.0,75,20.3,0.0,0.0,,20.2,242,36.7,
2026-08-18T09:15,21.0,74,20.3,0.0,0.0,,19.8,245,37.4,
2026-08-18T09:30,21.0,73,20.3,0.0,0.0,,19.4,248,37.8,
2026-08-18T12:00,20.2,82,19.9,0.0,0.4,3,19.8,260,34.6,1008.9
2026-08-18T09:45,21.0,72,20.3,0.0,0.0,,18.7,250,38.5,
2026-08-18T10:00,21.0,72,20.3,0.0,0.0,,18.4,253,38.5,
2026-08-18T10:15,20.9,72,20.3,0.0,0.0,,18.0,254,38.5,
2026-08-18T10:30,20.8,72,20.1,0.0,0.0,,17.6,255,38.2,
2026-08-18T11:00,20.6,74,20.0,0.0,0.0,,17.6,256,37.1,
2026-08-18T13:30,20.2,84,20.3,0.0,0.0,3,17.6,252,34.6,1008.8
2026-08-18T11:15,20.1,81,20.4,0.0,0.0,,14.8,255,28.4,
2026-08-18T11:30,20.2,80,20.2,0.0,0.0,,16.2,255,31.3,
2026-08-18T11:45,20.4,80,20.2,0.0,0.0,,18.0,254,34.6,
2026-08-18T14:00,20.2,86,20.5,0.0,0.0,3,17.6,256,33.8,1008.7
2026-08-18T15:00,19.7,92,20.5,0.0,0.0,3,15.8,249,29.2,1007.3
2026-08-18T15:45,20.0,94,21.2,0.2,0.2,53,15.1,246,29.2,1007.3
2026-08-18T12:15,19.4,91,20.4,0.0,0.0,,12.6,248,25.2,
2026-08-18T12:30,19.5,92,20.6,0.0,0.0,,12.6,248,25.2,
2026-08-18T12:45,19.6,92,20.8,0.0,0.0,,12.6,248,24.8,
2026-08-18T13:00,19.7,92,20.9,0.0,0.0,,12.6,248,25.2,
2026-08-18T13:15,19.7,92,20.9,0.1,0.1,,13.3,247,25.9,
2026-08-18T13:45,19.7,92,20.6,0.1,0.1,,15.1,246,27.7,
2026-08-18T17:00,19.7,94,20.8,0.1,0.1,51,14.8,236,28.8,1006.4
2026-08-18T14:15,20.3,86,20.5,0.0,0.0,,18.4,257,34.9,
2026-08-18T14:30,20.4,88,20.7,0.0,0.0,,18.7,257,35.3,
2026-08-18T14:45,20.4,89,20.8,0.0,0.0,,18.7,256,35.6,
2026-08-18T15:15,19.7,93,20.7,0.0,0.0,,15.1,247,28.8,
2026-08-18T15:30,19.7,93,20.6,0.0,0.0,,15.8,247,29.5,
2026-08-18T19:00,19.8,96,21.1,0.0,0.0,3,14.8,237,29.9,1006.0
2026-08-18T16:00,20.1,94,21.2,0.0,0.0,,16.2,244,29.9,
2026-08-18T16:15,20.1,94,21.1,0.0,0.0,,16.2,242,30.2,
2026-08-18T16:30,19.9,94,20.9,0.0,0.0,,16.2,239,30.2,
2026-08-18T16:45,19.8,94,20.8,0.0,0.0,,16.2,237,30.2,
2026-08-18T20:00,20.0,96,21.5,0.0,0.0,3,13.7,243,29.2,1006.2
2026-08-18T17:15,19.7,94,21.2,0.1,0.1,,12.6,242,25.9,
2026-08-18T17:30,19.7,94,21.2,0.1,0.1,,12.6,243,26.6,
2026-08-18T17:45,19.8,94,21.2,0.1,0.1,,13.0,243,27.4,
2026-08-18T18:00,19.8,94,21.2,0.1,0.1,,13.0,243,27.7,
2026-08-18T18:15,19.9,93,21.0,0.0,0.0,,14.8,238,28.4,
2026-08-18T18:30,19.9,94,21.0,0.0,0.0,,15.5,241,29.2,
2026-08-18T18:45,19.9,94,20.9,0.0,0.0,,16.2,243,29.9,
2026-08-18T19:15,19.9,96,21.2,0.0,0.0,,15.5,245,30.6,
2026-08-18T19:30,20.0,96,21.4,0.0,0.0,,14.4,244,30.6,
2026-08-18T19:45,20.1,96,21.7,0.0,0.0,,13.3,235,26.6,
2026-08-18T20:15,20.3,95,22.1,0.0,0.0,,12.2,247,23.8,
2026-08-18T20:30,20.4,94,22.2,0.0,0.0,,11.9,245,23.8,
2026-08-18T20:45,20.5,93,22.3,0.0,0.0,,11.9,242,23.8,
2026-08-18T23:45,19.8,90,20.6,0.0,0.0,3,15.1,242,34.9,1006.6
2026-08-18T21:00,20.6,93,22.4,0.0,0.0,,12.6,252,24.1,
2026-08-18T21:15,20.6,93,22.5,0.0,0.0,,12.2,249,24.5,
2026-08-18T21:30,20.5,93,22.5,0.0,0.0,,11.2,246,24.8,
2026-08-18T21:45,20.4,92,22.3,0.0,0.0,,10.4,243,25.2,
2026-08-19T00:15,19.6,90,20.4,0.0,0.0,3,14.0,241,32.8,1006.6
2026-08-18T22:00,20.5,91,22.2,0.0,0.0,,11.9,255,23.0,
2026-08-18T22:15,20.5,91,22.1,0.0,0.0,,12.2,251,23.4,
2026-08-18T22:30,20.4,91,21.9,0.0,0.0,,13.0,247,24.5,
2026-08-18T22:45,20.3,92,21.7,0.0,0.0,,13.7,243,25.2,
2026-08-19T01:15,19.2,90,19.5,0.0,0.0,3,16.2,235,30.6,1006.3
2026-08-18T23:00,20.3,92,21.6,0.0,0.0,,14.0,239,25.9,
2026-08-18T23:15,20.2,92,21.5,0.0,0.0,,14.0,239,26.3,
2026-08-18T23:30,20.0,91,21.4,0.0,0.0,,12.6,245,28.1,
2026-08-19T03:00,18.8,90,19.2,0.0,0.0,3,14.8,229,29.2,1005.5
2026-08-19T04:30,18.0,91,18.3,0.0,0.0,2,14.0,231,27.0,1004.4
2026-08-19T00:00,19.7,90,20.7,0.0,0.0,,13.0,237,24.5,
2026-08-19T00:30,19.5,90,20.4,0.0,0.0,,13.3,237,25.9,
2026-08-19T00:45,19.4,90,20.2,0.0,0.0,,13.7,237,27.0,
2026-08-19T01:00,19.2,90,20.0,0.0,0.0,,13.7,237,27.7,
2026-08-19T01:30,18.8,91,19.5,0.0,0.0,,13.7,231,28.1,
2026-08-19T01:45,18.6,91,19.2,0.0,0.0,,13.3,227,28.1,
2026-08-19T02:00,18.5,91,19.0,0.0,0.0,,13.3,224,27.7,
2026-08-19T02:15,18.4,91,18.9,0.0,0.0,,13.3,224,27.0,
2026-08-19T02:30,18.3,91,18.8,0.0,0.0,,13.0,225,25.9,
2026-08-19T02:45,18.8,90,19.5,0.0,0.0,,12.6,219,24.8,
2026-08-19T03:15,18.6,90,19.3,0.0,0.0,,12.6,219,24.8,
2026-08-19T03:30,18.5,91,19.1,0.0,0.0,,13.0,220,24.8,
2026-08-19T03:45,18.3,92,18.9,0.0,0.0,,13.3,220,24.8,
2026-08-19T04:00,18.2,92,18.7,0.0,0.0,,13.7,221,24.8,
2026-08-19T06:45,18.1,89,18.0,0.0,0.0,3,15.1,233,27.7,1003.7
2026-08-19T07:15,18.1,88,18.0,0.0,0.0,3,15.5,237,28.8,1003.7
2026-08-19T04:15,18.0,91,18.2,0.0,0.0,,14.8,225,27.0,
2026-08-19T04:45,18.1,90,18.3,0.0,0.0,,14.4,233,27.0,
2026-08-19T05:00,18.1,90,18.3,0.0,0.0,,14.0,237,27.0,
2026-08-19T05:15,18.1,90,18.3,0.0,0.0,,14.0,233,26.6,
2026-08-19T05:30,18.1,91,18.5,0.0,0.0,,13.7,230,25.9,
2026-08-19T05:45,17.7,91,17.8,0.0,0.0,,14.0,224,27.0,
2026-08-19T06:00,17.8,90,17.7,0.0,0.0,,14.8,228,28.1,
2026-08-19T06:15,18.4,89,18.6,0.0,0.0,,14.0,211,26.6,
2026-08-19T06:30,18.4,88,18.3,0.0,0.0,,15.8,215,28.8,
2026-08-19T07:00,18.3,87,17.8,0.0,0.0,,18.0,224,32.8,
2026-08-19T07:30,18.1,89,18.1,0.1,0.1,,15.1,235,27.7,
2026-08-19T07:45,18.1,90,18.2,0.1,0.1,,15.1,238,27.7,
2026-08-19T08:00,18.1,91,18.3,0.1,0.1,,14.8,240,27.7,
2026-08-19T08:15,17.9,88,18.0,0.2,0.2,,13.3,232,26.3,
2026-08-19T08:30,17.9,90,18.3,0.2,0.2,,12.6,230,25.2,
2026-08-19T08:45,17.9,91,18.4,0.2,0.2,,11.9,229,23.8,
2026-08-19T09:00,17.9,92,18.6,0.2,0.2,,11.5,227,23.4,
2026-08-19T09:15,18.0,92,18.6,0.0,0.0,,11.9,227,24.1,
2026-08-19T09:30,18.0,92,18.5,0.0,0.0,,12.6,226,25.2,
2026-08-19T09:45,18.0,91,18.4,0.0,0.0,,13.3,226,26.6,
2026-08-19T10:00,18.1,91,18.4,0.0,0.0,,13.7,225,27.7,
2026-08-19T10:15,17.8,93,18.8,0.1,0.1,,9.4,227,19.8,
2026-08-19T10:30,17.9,93,18.9,0.1,0.1,,10.1,230,20.5,
2026-08-19T10:45,18.0,93,18.9,0.1,0.1,,10.8,232,21.2,
2026-08-19T11:00,18.1,93,18.9,0.1,0.1,,11.2,235,22.0,
2026-08-19T11:15,18.1,93,18.9,0.1,0.1,,11.5,231,22.3,
2026-08-19T13:45,18.3,90,19.6,0.1,0.1,51,6.8,199,19.8,1001.9
2026-08-19T14:30,16.9,88,18.0,1.5,1.2,63,4.3,351,20.2,1000.5
2026-08-19T11:30,18.4,89,19.2,0.1,0.1,,10.4,216,19.8,
2026-08-19T11:45,18.5,89,19.4,0.1,0.1,,9.4,218,18.4,
2026-08-19T12:00,18.5,90,19.6,0.1,0.1,,8.6,220,17.6,
2026-08-19T12:15,18.4,91,19.5,0.7,0.7,,9.0,226,18.0,
2026-08-19T12:30,18.2,92,19.3,0.7,0.7,,9.7,232,18.7,
2026-08-19T12:45,18.1,93,19.0,0.7,0.7,,10.8,237,19.8,
2026-08-19T13:00,17.9,93,18.7,0.7,0.7,,11.2,243,20.5,
2026-08-19T13:15,17.8,92,18.5,0.6,0.6,,11.2,253,21.2,
2026-08-19T13:30,17.7,90,18.3,0.6,0.6,,10.8,262,21.6,
2026-08-19T14:00,18.0,93,19.4,0.3,0.3,,7.6,178,22.0,
2026-08-19T14:15,17.9,93,19.4,1.3,1.3,,6.5,167,20.5,
2026-08-19T17:00,17.5,94,19.3,1.4,1.4,63,3.2,4,9.7,999.2
2026-08-19T14:45,18.2,94,20.6,1.4,1.4,,1.8,81,10.8,
2026-08-19T15:00,18.1,95,20.6,1.4,1.4,,1.1,53,10.8,
2026-08-19T17:45,16.7,95,17.6,0.2,0.2,53,7.9,54,14.8,998.9
2026-08-19T15:15,16.6,92,17.4,1.8,1.8,,6.5,68,10.4,
2026-08-19T15:30,16.6,93,17.6,1.8,1.8,,5.8,65,11.9,
2026-08-19T15:45,16.6,94,17.7,1.8,1.8,,5.4,62,13.3,
2026-08-19T16:00,16.6,95,17.9,1.8,1.8,,5.0,59,14.4,
2026-08-19T16:15,16.6,95,17.8,1.8,1.8,,5.4,72,14.4,
2026-08-19T16:30,16.7,95,17.8,1.8,1.8,,6.1,86,14.4,
2026-08-19T16:45,17.6,94,19.5,1.4,1.4,,3.2,88,11.5,
2026-08-19T17:15,17.6,94,19.4,0.5,0.5,,3.2,67,11.9,
2026-08-19T17:30,17.5,95,19.3,0.5,0.5,,4.0,41,11.9,
2026-08-19T18:00,16.8,95,17.3,4.2,4.2,,10.8,45,17.3,
2026-08-19T18:15,16.7,95,17.1,0.4,0.4,,10.8,47,19.4,
2026-08-19T18:30,16.6,95,17.2,0.4,0.4,,10.1,50,22.0,
2026-08-19T18:45,16.6,96,17.3,0.4,0.4,,9.0,52,24.1,
2026-08-19T19:00,16.5,96,17.4,0.4,0.4,,8.3,54,25.6,
2026-08-19T19:15,16.5,92,17.1,0.1,0.1,,7.9,36,5.8,
2026-08-19T19:30,16.5,93,17.2,0.1,0.1,,7.6,12,6.5,
2026-08-19T19:45,17.2,95,18.8,0.1,0.1,,4.7,339,10.1,
2026-08-19T20:00,17.1,96,18.5,0.1,0.1,,5.4,312,11.5,
2026-08-19T20:15,17.0,96,18.4,0.0,0.0,,5.8,300,11.9,
2026-08-19T20:30,17.0,95,18.3,0.0,0.0,,6.1,288,11.5,
2026-08-19T20:45,17.1,94,18.3,0.0,0.0,,6.1,276,11.2,
2026-08-19T21:00,17.1,94,18.3,0.0,0.0,,6.5,264,11.5,
2026-08-19T21:15,16.5,96,18.0,0.0,0.0,,4.0,223,7.9,
2026-08-19T21:30,16.5,95,17.8,0.0,0.0,,4.7,221,9.0,
2026-08-20T00:00,16.4,94,16.9,0.0,0.0,1,9.0,211,14.8,1002.0
2026-08-19T21:45,17.1,96,18.4,0.0,0.0,,6.1,228,11.2,
2026-08-19T22:00,17.2,96,18.5,0.0,0.0,,6.8,229,12.2,
2026-08-19T22:15,17.1,96,18.4,0.0,0.0,,7.2,222,12.6,
2026-08-19T22:30,17.0,97,18.2,0.0,0.0,,7.2,214,13.0,
2026-08-19T22:45,16.8,97,17.9,0.0,0.0,,7.2,207,13.0,
2026-08-19T23:00,16.6,97,17.7,0.0,0.0,,7.2,199,13.0,
2026-08-19T23:15,16.9,94,17.9,0.0,0.0,,7.2,195,13.7,
2026-08-19T23:30,16.8,94,17.8,0.0,0.0,,7.2,198,13.7,
2026-08-20T02:00,16.3,93,16.2,0.0,0.0,3,12.6,210,22.7,1002.5
2026-08-19T23:45,16.4,94,17.0,0.0,0.0,,8.6,201,14.8,
2026-08-20T00:15,16.1,94,16.6,0.0,0.0,,9.0,207,15.5,
2026-08-20T00:30,16.0,95,16.4,0.0,0.0,,9.0,210,15.5,
2026-08-20T00:45,15.9,96,16.3,0.0,0.0,,9.0,213,15.5,
2026-08-20T01:00,15.8,96,16.3,0.0,0.0,,9.0,216,16.2,
2026-08-20T01:15,15.9,96,16.3,0.0,0.0,,9.4,215,17.3,
2026-08-20T01:30,16.0,95,16.3,0.0,0.0,,10.1,214,18.7,
2026-08-20T01:45,16.1,95,16.4,0.0,0.0,,10.8,212,20.2,
2026-08-20T02:15,16.2,94,16.2,0.0,0.0,,12.2,211,23.0,
2026-08-20T02:30,16.1,93,15.9,0.0,0.0,,13.3,212,24.1,
2026-08-20T02:45,16.0,93,15.6,0.0,0.0,,14.4,212,25.6,
2026-08-20T05:30,15.3,95,14.7,0.0,0.0,0,14.8,219,27.0,1002.7
2026-08-20T03:00,15.9,93,15.4,0.0,0.0,,14.8,212,26.3,
2026-08-20T03:15,15.8,93,15.2,0.0,0.0,,14.8,213,27.0,
2026-08-20T03:30,15.7,93,15.1,0.0,0.0,,14.0,215,27.4,
2026-08-20T03:45,15.6,93,15.1,0.0,0.0,,13.7,219,24.5,
2026-08-20T04:00,15.6,93,15.0,0.0,0.0,,14.0,220,25.2,
2026-08-20T04:15,15.5,93,14.9,0.0,0.0,,14.4,219,25.9,
2026-08-20T09:15,16.2,90,15.2,0.0,0.0,1,17.3,209,33.1,1003.3
2026-08-20T04:30,15.3,95,14.8,0.0,0.0,,13.7,216,24.5,
2026-08-20T04:45,15.3,95,14.7,0.0,0.0,,14.0,215,25.6,
2026-08-20T05:00,15.3,95,14.7,0.0,0.0,,14.4,214,26.3,
2026-08-20T05:15,15.2,95,14.6,0.0,0.0,,14.4,212,26.3,
2026-08-20T05:45,15.0,94,14.4,0.0,0.0,,13.7,208,25.6,
2026-08-20T06:00,14.9,94,14.3,0.0,0.0,,13.3,206,25.2,
2026-08-20T06:15,14.8,94,14.2,0.0,0.0,,13.0,206,24.8,
2026-08-20T06:30,14.7,94,14.1,0.0,0.0,,13.0,206,24.8,
2026-08-20T06:45,14.7,94,14.1,0.0,0.0,,12.6,206,24.8,
2026-08-20T07:00,14.6,94,13.9,0.0,0.0,,13.0,206,25.2,
2026-08-20T07:15,14.7,94,13.9,0.0,0.0,,13.7,206,26.3,
2026-08-20T07:30,14.7,94,13.8,0.0,0.0,,14.8,207,28.1,
2026-08-20T07:45,14.8,93,13.9,0.0,0.0,,14.8,206,27.4,
2026-08-20T08:00,14.9,93,13.9,0.0,0.0,,15.5,206,28.4,
2026-08-20T08:15,15.5,92,14.8,0.0,0.0,,14.4,206,28.4,
2026-08-20T08:30,15.6,91,14.9,0.0,0.0,,14.0,206,29.2,
2026-08-20T08:45,15.7,90,15.0,0.0,0.0,,13.7,206,29.9,
2026-08-20T09:00,15.9,89,15.2,0.0,0.0,,13.7,206,30.6,
2026-08-20T11:30,18.9,76,17.9,0.0,0.0,2,18.0,229,35.6,1003.0
2026-08-20T09:30,16.5,89,15.6,0.0,0.0,,16.6,208,32.8,
2026-08-20T12:00,18.9,76,17.7,0.0,0.0,3,18.7,235,36.7,1003.1
2026-08-20T09:45,16.8,87,15.9,0.0,0.0,,16.9,210,33.5,
2026-08-20T10:00,17.2,86,16.3,0.0,0.0,,16.9,211,33.8,
2026-08-20T10:15,16.8,87,16.2,0.0,0.0,,14.8,213,29.9,
2026-08-20T10:30,17.4,84,16.7,0.0,0.0,,15.5,214,31.3,
2026-08-20T10:45,18.0,81,17.2,0.0,0.0,,16.2,214,32.8,
2026-08-20T11:00,18.5,79,17.6,0.0,0.0,,16.9,214,33.8,
2026-08-20T11:15,18.9,77,17.9,0.0,0.0,,17.3,218,34.2,
2026-08-20T11:45,19.5,73,18.6,0.0,0.0,,17.3,227,34.6,
2026-08-20T14:30,19.7,73,18.9,0.1,0.1,51,16.6,233,37.8,1003.8
2026-08-20T12:15,19.3,75,18.2,0.0,0.0,,18.0,231,35.6,
2026-08-20T12:30,19.6,73,18.4,0.0,0.0,,18.4,229,37.1,
2026-08-20T12:45,19.8,72,18.6,0.0,0.0,,18.7,226,38.2,
2026-08-20T13:00,20.0,71,18.8,0.0,0.0,,18.7,223,38.9,
2026-08-20T13:15,20.1,71,18.9,0.0,0.0,,18.7,224,39.2,
2026-08-20T13:30,20.0,71,18.8,0.0,0.0,,18.7,225,39.6,
2026-08-20T13:45,20.6,68,19.3,0.0,0.0,,18.7,225,38.2,
2026-08-20T14:00,20.8,67,19.5,0.0,0.0,,18.7,225,38.2,
2026-08-20T14:15,21.1,66,19.8,0.0,0.0,,19.1,226,38.5,
2026-08-20T14:45,21.7,64,20.9,0.0,0.0,,19.4,228,39.2,
2026-08-20T15:00,21.9,63,21.2,0.0,0.0,,19.8,229,40.0,
2026-08-20T15:15,19.0,80,19.4,0.4,0.4,,11.9,237,24.5,
2026-08-20T15:30,18.7,83,19.1,0.4,0.4,,11.2,246,22.3,
2026-08-20T15:45,18.4,85,18.8,0.4,0.4,,10.8,254,20.9,
2026-08-20T16:00,18.1,86,18.5,0.4,0.4,,10.8,262,21.6,
2026-08-20T16:15,17.9,86,18.1,0.6,0.6,,11.5,258,25.9,
2026-08-20T16:30,17.8,86,17.7,0.6,0.6,,13.0,254,33.1,
2026-08-20T16:45,17.6,85,17.2,0.6,0.6,,14.4,250,40.0,
2026-08-20T17:00,17.6,84,17.1,0.6,0.6,,15.1,246,43.9,
2026-08-20T17:15,20.3,77,20.7,0.0,0.0,,11.9,231,24.5,
2026-08-20T17:30,19.9,76,19.7,0.0,0.0,,14.4,228,28.8,
2026-08-20T17:45,19.5,75,18.7,0.0,0.0,,16.9,224,33.1,
2026-08-20T20:15,19.0,83,19.7,0.0,0.0,0,9.7,230,23.0,1003.4
2026-08-20T18:00,19.2,75,18.1,0.0,0.0,,18.4,221,36.0,
2026-08-20T18:15,19.2,75,18.2,0.0,0.0,,17.6,221,36.7,
2026-08-20T18:30,19.7,77,19.7,0.0,0.0,,13.0,246,25.6,
2026-08-20T18:45,19.8,78,19.9,0.0,0.0,,13.3,247,25.6,
2026-08-20T19:00,19.9,78,20.0,0.0,0.0,,13.3,249,25.9,
2026-08-20T19:15,19.0,81,19.5,0.0,0.0,,10.1,230,20.9,
2026-08-20T19:30,19.1,81,19.5,0.0,0.0,,10.8,230,21.6,
2026-08-20T19:45,19.1,81,19.4,0.0,0.0,,11.2,229,22.0,
2026-08-20T20:00,19.0,82,19.4,0.0,0.0,,11.5,229,22.3,
2026-08-20T20:30,18.9,83,19.9,0.0,0.0,,7.2,242,13.7,
2026-08-20T20:45,18.6,83,19.5,0.0,0.0,,6.8,250,12.2,
2026-08-20T21:00,18.4,83,19.2,0.0,0.0,,6.8,257,11.5,
2026-08-20T21:15,18.3,83,19.2,0.0,0.0,,6.8,256,11.2,
2026-08-20T21:30,18.4,83,19.3,0.0,0.0,,6.5,255,11.2,
2026-08-20T21:45,18.4,83,19.4,0.0,0.0,,6.5,253,11.5,
2026-08-20T22:00,18.5,83,19.4,0.0,0.0,,6.8,252,12.2,
2026-08-20T22:15,18.5,83,19.3,0.0,0.0,,7.2,251,13.0,
2026-08-20T22:30,16.9,90,17.5,0.0,0.0,,7.6,205,14.0,
2026-08-20T22:45,16.8,91,17.4,0.0,0.0,,8.3,198,14.4,
2026-08-21T01:15,15.8,90,15.7,0.0,0.0,0,10.4,212,18.4,1005.1
2026-08-20T23:00,16.7,91,17.2,0.0,0.0,,8.6,192,14.8,
2026-08-20T23:15,16.7,91,17.1,0.0,0.0,,9.0,198,15.1,
2026-08-21T01:45,15.7,89,15.2,0.0,0.0,0,12.6,203,22.3,1005.3
2026-08-20T23:30,16.4,86,16.2,0.0,0.0,,10.8,233,19.4,
2026-08-20T23:45,16.3,87,16.1,0.0,0.0,,11.2,233,19.8,
2026-08-21T03:00,15.5,89,14.9,0.0,0.0,2,12.6,209,21.6,1005.6
2026-08-21T00:00,17.6,84,17.4,0.0,0.0,,12.2,248,22.0,
2026-08-21T00:15,17.5,84,17.2,0.0,0.0,,12.6,245,22.3,
2026-08-21T00:30,17.2,85,17.0,0.0,0.0,,12.6,243,22.7,
2026-08-21T00:45,16.9,85,16.6,0.0,0.0,,12.2,240,22.7,
2026-08-21T01:00,16.7,86,16.3,0.0,0.0,,12.2,237,22.7,
2026-08-21T04:30,14.9,91,14.5,0.0,0.0,2,10.1,225,20.5,1005.2
2026-08-21T01:30,15.7,91,15.7,0.0,0.0,,9.7,200,18.0,
2026-08-21T02:00,15.7,90,15.4,0.0,0.0,,10.8,189,20.5,
2026-08-21T02:15,15.6,90,15.3,0.0,0.0,,11.5,193,21.2,
2026-08-21T02:30,15.6,89,15.1,0.0,0.0,,12.2,197,21.6,
2026-08-21T02:45,15.6,89,15.0,0.0,0.0,,12.6,200,22.0,
2026-08-21T03:15,15.5,89,14.9,0.0,0.0,,13.0,207,22.7,
2026-08-21T03:30,15.4,89,14.8,0.0,0.0,,12.6,211,23.4,
2026-08-21T03:45,15.3,89,14.7,0.0,0.0,,12.2,214,23.8,
2026-08-21T04:00,15.2,89,14.6,0.0,0.0,,11.9,217,23.8,
2026-08-21T04:15,15.2,89,14.5,0.0,0.0,,11.9,218,23.4,
2026-08-21T04:45,14.7,92,14.8,0.0,0.0,,7.2,216,14.4,
2026-08-21T05:00,14.6,92,14.9,0.0,0.0,,5.8,218,12.2,
2026-08-21T05:15,14.5,92,14.7,0.0,0.0,,5.4,214,11.5,
2026-08-21T05:30,14.3,92,14.5,0.0,0.0,,5.4,211,11.5,
2026-08-21T05:45,14.2,92,14.3,0.0,0.0,,5.8,207,12.2,
2026-08-21T06:00,14.5,90,14.1,0.0,0.0,,9.0,208,17.6,
2026-08-21T06:15,14.3,90,13.9,0.0,0.0,,9.0,208,18.0,
2026-08-21T06:30,14.1,91,13.8,0.0,0.0,,8.3,208,18.0,
2026-08-21T06:45,13.9,92,13.6,0.0,0.0,,7.9,207,18.0,
2026-08-21T07:00,13.8,92,13.5,0.0,0.0,,7.6,207,17.6,
2026-08-21T07:15,13.9,92,13.6,0.0,0.0,,7.9,209,17.3,
2026-08-21T07:30,14.0,91,13.6,0.0,0.0,,8.3,211,16.9,
2026-08-21T07:45,14.3,92,14.3,0.0,0.0,,6.5,210,11.9,
2026-08-21T08:00,14.5,91,14.6,0.0,0.0,,6.5,206,12.2,
2026-08-21T08:15,14.4,90,14.5,0.0,0.0,,5.4,218,10.1,
2026-08-21T08:30,14.7,90,14.9,0.0,0.0,,5.4,211,10.8,
2026-08-21T08:45,15.0,89,15.2,0.0,0.0,,5.4,205,11.5,
2026-08-21T09:00,15.3,88,15.6,0.0,0.0,,5.4,198,12.2,
2026-08-21T09:15,15.8,85,16.4,0.0,0.0,,3.2,283,10.4,
2026-08-21T09:30,16.2,84,16.8,0.0,0.0,,3.2,280,10.8,
2026-08-21T09:45,16.5,83,17.2,0.0,0.0,,3.2,277,11.2,
2026-08-21T10:00,16.9,86,18.0,0.0,0.0,,3.2,156,10.8,
2026-08-21T10:15,17.3,85,18.5,0.0,0.0,,3.2,175,10.8,
2026-08-21T10:30,17.7,84,18.9,0.0,0.0,,2.9,193,10.8,
2026-08-21T10:45,18.1,82,19.3,0.0,0.0,,2.9,212,10.8,
2026-08-21T13:15,20.0,70,20.5,0.0,0.0,3,6.5,318,15.8,1006.5
2026-08-21T11:00,18.4,81,19.7,0.0,0.0,,2.5,230,10.8,
2026-08-21T11:15,18.6,80,20.0,0.0,0.0,,2.2,244,10.8,
2026-08-21T13:45,21.5,56,21.6,0.0,0.0,3,5.0,344,15.5,1006.7
2026-08-21T11:30,19.2,70,19.9,0.0,0.0,,3.6,32,13.3,
2026-08-21T11:45,19.5,68,20.2,0.0,0.0,,2.9,17,13.3,
2026-08-21T12:00,19.9,69,20.5,0.0,0.0,,5.0,314,14.8,
2026-08-21T12:15,20.1,68,20.6,0.0,0.0,,5.4,316,15.1,
2026-08-21T12:30,20.2,68,20.7,0.0,0.0,,5.4,319,15.8,
2026-08-21T12:45,19.7,71,20.4,0.0,0.0,,5.4,311,14.4,
2026-08-21T13:00,19.7,71,20.3,0.0,0.0,,5.8,310,14.8,
2026-08-21T13:30,20.6,67,21.0,0.0,0.0,,6.8,329,16.6,
2026-08-21T14:00,20.8,65,20.9,0.0,0.0,,8.6,347,19.8,
2026-08-21T14:15,20.0,70,19.8,1.2,1.2,,10.8,346,22.7,
2026-08-21T17:00,16.4,81,16.3,0.3,0.3,55,7.6,345,15.8,1007.0
2026-08-21T14:30,20.6,63,21.1,0.1,0.1,,4.0,0,20.5,
2026-08-21T14:45,20.0,67,20.9,0.1,0.1,,1.8,2,22.0,
2026-08-21T15:00,19.4,71,20.6,0.1,0.1,,0.7,3,23.8,
2026-08-21T15:15,18.7,74,17.3,1.0,1.0,,18.7,342,37.4,
2026-08-21T15:30,18.0,77,17.0,1.0,1.0,,15.1,346,37.4,
2026-08-21T15:45,17.3,80,16.8,1.0,1.0,,11.5,349,36.7,
2026-08-21T18:30,18.0,81,18.3,0.0,0.0,3,8.6,349,27.4,1007.3
2026-08-21T19:45,17.1,84,17.4,0.0,0.0,2,7.9,337,21.2,1008.0
2026-08-21T16:00,16.4,85,16.6,1.0,1.0,,7.6,352,14.0,
2026-08-21T16:15,16.2,85,16.4,0.0,0.0,,6.8,348,12.6,
2026-08-21T16:30,16.3,83,16.3,0.0,0.0,,7.2,343,13.0,
2026-08-21T16:45,16.4,81,16.3,0.0,0.0,,7.9,339,14.0,
2026-08-21T17:15,16.4,81,16.1,0.1,0.1,,9.0,335,15.1,
2026-08-21T17:30,16.3,82,16.0,0.1,0.1,,9.0,337,15.8,
2026-08-21T17:45,16.2,84,16.0,0.1,0.1,,9.0,338,16.2,
2026-08-21T18:00,16.2,85,16.0,0.1,0.1,,9.4,339,16.9,
2026-08-21T18:15,16.3,85,16.2,0.0,0.0,,9.7,340,17.6,
2026-08-21T18:45,17.7,80,17.7,0.0,0.0,,9.4,359,19.8,
2026-08-21T19:00,17.6,80,17.6,0.0,0.0,,9.7,1,19.8,
2026-08-21T19:15,17.6,80,17.6,0.0,0.0,,9.4,356,19.4,
2026-08-21T19:30,17.6,81,17.7,0.0,0.0,,9.0,352,19.1,
2026-08-21T22:15,15.2,94,15.7,0.0,0.0,3,5.8,283,9.4,1010.2
2026-08-21T20:00,15.0,91,14.7,0.1,0.1,,10.1,327,33.5,
2026-08-21T20:15,15.0,92,14.9,0.3,0.3,,8.6,318,31.0,
2026-08-21T20:30,16.7,86,17.1,0.0,0.0,,7.2,333,13.3,
2026-08-21T20:45,16.5,86,16.7,0.0,0.0,,7.6,332,14.4,
2026-08-21T21:00,16.3,83,15.6,0.0,0.0,,13.0,322,22.3,
2026-08-21T21:15,16.1,83,15.3,0.0,0.0,,13.0,321,23.0,
2026-08-21T21:30,15.9,83,15.1,0.0,0.0,,12.6,321,23.4,
2026-08-21T21:45,15.8,84,15.0,0.0,0.0,,11.9,320,23.0,
2026-08-22T00:15,14.6,88,14.2,0.0,0.0,3,8.6,270,14.4,1010.7
2026-08-21T22:00,15.6,84,15.0,0.0,0.0,,10.8,319,22.7,
2026-08-21T22:30,15.2,94,15.8,0.0,0.0,,5.4,286,9.4,
2026-08-21T22:45,15.2,94,15.7,0.0,0.0,,6.1,286,10.4,
2026-08-21T23:00,15.3,93,15.7,0.0,0.0,,6.5,287,11.2,
2026-08-21T23:15,15.3,93,15.7,0.0,0.0,,6.5,289,11.2,
2026-08-21T23:30,15.5,92,15.8,0.0,0.0,,7.6,288,13.7,
2026-08-21T23:45,15.4,93,15.6,0.0,0.0,,7.9,287,15.5,
2026-08-22T03:00,13.2,88,11.8,0.0,0.0,2,11.9,295,23.4,1012.2
2026-08-22T00:00,14.8,86,14.4,0.0,0.0,,8.3,277,13.3,
2026-08-22T00:30,14.4,88,13.8,0.0,0.0,,9.4,275,15.5,
2026-08-22T00:45,14.2,90,13.6,0.0,0.0,,9.7,274,16.9,
2026-08-22T01:00,14.0,91,13.4,0.0,0.0,,10.1,273,17.6,
2026-08-22T04:15,13.0,94,12.6,0.0,0.0,0,7.6,293,16.6,1012.4
2026-08-22T01:15,14.2,93,13.6,0.0,0.0,,10.8,291,17.6,
2026-08-22T01:30,14.0,93,13.4,0.0,0.0,,10.4,292,17.6,
2026-08-22T01:45,13.9,93,13.2,0.0,0.0,,10.4,292,17.3,
2026-08-22T02:00,13.8,93,13.2,0.0,0.0,,10.1,293,17.6,
2026-08-22T02:15,13.8,93,13.2,0.0,0.0,,10.1,292,18.4,
2026-08-22T05:15,12.1,88,11.0,0.0,0.0,0,8.3,245,14.0,1012.7
2026-08-22T02:30,13.8,90,12.8,0.0,0.0,,11.2,294,19.1,
2026-08-22T02:45,13.5,89,12.4,0.0,0.0,,10.8,295,19.4,
2026-08-22T03:15,13.0,88,12.0,0.0,0.0,,9.7,296,19.8,
2026-08-22T03:30,12.8,88,11.9,0.0,0.0,,8.6,295,20.2,
2026-08-22T03:45,12.6,88,11.8,0.0,0.0,,7.6,295,20.2,
2026-08-22T04:00,12.5,88,11.7,0.0,0.0,,6.8,294,19.8,
2026-08-22T04:30,12.8,95,12.5,0.0,0.0,,6.5,276,13.0,
2026-08-22T04:45,12.6,95,12.3,0.0,0.0,,6.1,261,13.3,
2026-08-22T05:00,12.5,95,12.2,0.0,0.0,,5.8,247,13.3,
2026-08-22T05:30,11.7,87,10.4,0.0,0.0,,7.9,246,13.0,
2026-08-22T05:45,11.5,86,10.1,0.0,0.0,,7.9,246,12.6,
2026-08-22T06:00,11.3,86,9.9,0.0,0.0,,7.9,245,12.6,
2026-08-22T06:15,11.1,86,9.6,0.0,0.0,,7.9,239,13.0,
2026-08-22T06:30,10.9,86,9.5,0.0,0.0,,7.6,233,13.3,
2026-08-22T06:45,10.8,87,9.4,0.0,0.0,,7.2,226,13.7,
2026-08-22T07:00,10.8,87,9.4,0.0,0.0,,7.2,220,14.0,
2026-08-22T07:15,10.9,87,9.5,0.0,0.0,,7.2,227,14.0,
2026-08-22T07:30,11.6,94,10.6,0.0,0.0,,8.3,238,13.0,
2026-08-22T07:45,11.8,93,10.7,0.0,0.0,,8.6,239,14.8,
2026-08-22T08:00,12.0,92,11.0,0.0,0.0,,9.0,239,15.8,
2026-08-22T08:15,12.3,92,11.4,0.0,0.0,,9.0,244,16.6,
2026-08-22T08:30,12.6,90,11.8,0.0,0.0,,7.6,268,15.1,
2026-08-22T08:45,13.0,90,12.4,0.0,0.0,,7.2,273,15.5,
2026-08-22T09:00,13.5,89,13.0,0.0,0.0,,7.2,279,15.5,
2026-08-22T09:15,14.0,88,13.6,0.0,0.0,,7.2,284,15.8,
2026-08-22T09:30,14.5,87,14.2,0.0,0.0,,6.8,290,15.8,
2026-08-22T09:45,15.3,84,14.8,0.0,0.0,,8.6,306,19.8,
2026-08-22T12:15,18.7,70,18.3,0.0,0.0,3,9.7,337,22.3,1016.1
2026-08-22T10:00,15.8,83,15.4,0.0,0.0,,8.6,313,19.8,
2026-08-22T10:15,16.3,82,16.1,0.0,0.0,,8.3,316,19.4,
2026-08-22T10:30,15.4,87,15.3,0.0,0.0,,7.9,300,18.4,
2026-08-22T10:45,15.4,87,15.2,0.0,0.0,,8.3,302,19.1,
2026-08-22T11:00,15.6,86,15.4,0.0,0.0,,8.6,305,19.4,
2026-08-22T11:15,16.1,84,16.0,0.0,0.0,,8.6,313,19.4,
2026-08-22T11:30,18.1,74,18.2,0.0,0.0,,7.2,314,18.4,
2026-08-22T11:45,18.3,73,18.2,0.0,0.0,,7.9,310,19.1,
2026-08-22T12:00,18.4,72,18.2,0.0,0.0,,8.3,307,19.8,
2026-08-22T12:30,18.4,70,17.4,0.0,0.0,,12.6,337,25.6,
2026-08-22T12:45,18.1,72,17.0,0.0,0.0,,14.0,339,27.4,
2026-08-22T13:00,18.0,72,16.8,0.0,0.0,,14.8,342,28.4,
2026-08-22T13:15,19.1,63,18.4,0.0,0.0,,9.4,336,20.5,
2026-08-22T13:30,19.3,61,18.2,0.0,0.0,,10.8,334,22.0,
2026-08-22T16:00,19.9,59,18.4,0.0,0.0,3,13.7,6,28.4,1017.0
2026-08-22T13:45,19.4,60,18.1,0.0,0.0,,12.2,333,24.1,
2026-08-22T14:00,19.4,59,18.0,0.0,0.0,,13.0,331,26.6,
2026-08-22T14:15,20.3,57,19.4,0.0,0.0,,9.7,343,25.9,
2026-08-22T14:30,19.8,60,18.6,0.0,0.0,,11.9,345,33.5,
2026-08-22T14:45,19.2,64,17.8,0.0,0.0,,14.0,346,41.0,
2026-08-22T15:00,18.7,66,17.2,0.0,0.0,,15.1,347,45.0,
2026-08-22T15:15,18.5,66,17.0,0.0,0.0,,15.1,349,44.3,
2026-08-22T15:30,20.6,52,19.6,0.0,0.0,,11.9,358,25.9,
2026-08-22T15:45,20.7,53,19.7,0.0,0.0,,13.3,356,27.7,
2026-08-22T16:15,19.9,59,18.3,0.0,0.0,,14.4,6,30.6,
2026-08-22T16:30,19.7,60,18.2,0.0,0.0,,13.7,12,31.3,
2026-08-22T19:00,19.6,56,18.0,0.0,0.0,0,12.6,353,24.5,1017.9
2026-08-22T16:45,19.5,61,18.3,0.0,0.0,,12.6,17,32.0,
2026-08-22T17:00,19.5,61,18.3,0.0,0.0,,11.9,22,31.7,
2026-08-22T17:15,19.6,60,18.4,0.0,0.0,,11.5,15,30.6,
2026-08-22T17:30,19.7,59,18.5,0.0,0.0,,11.5,8,28.4,
2026-08-22T17:45,18.7,69,17.4,0.0,0.0,,14.8,321,31.3,
2026-08-22T18:00,18.3,71,17.0,0.0,0.0,,15.5,316,33.1,
2026-08-22T18:15,18.3,71,17.1,0.0,0.0,,14.4,326,33.1,
2026-08-22T18:30,20.2,56,18.8,0.0,0.0,,12.2,345,24.1,
2026-08-22T18:45,20.2,55,18.6,0.0,0.0,,13.0,351,25.2,
2026-08-22T19:15,19.9,55,18.0,0.0,0.0,,14.4,358,26.6,
2026-08-22T19:30,19.7,56,17.7,0.0,0.0,,14.8,0,27.0,
2026-08-22T19:45,18.9,61,17.5,0.0,0.0,,12.6,359,23.8,
2026-08-22T20:00,18.6,63,17.2,0.0,0.0,,12.6,359,23.8,
2026-08-22T20:15,18.2,65,16.8,0.0,0.0,,12.6,1,24.1,
2026-08-22T20:30,18.0,68,17.3,0.0,0.0,,9.7,18,20.5,
2026-08-22T20:45,17.7,70,17.1,0.0,0.0,,8.6,17,20.9,
2026-08-22T21:00,17.3,71,16.7,0.0,0.0,,8.3,15,20.5,
2026-08-22T21:15,16.9,72,16.3,0.0,0.0,,8.3,15,19.8,
2026-08-22T21:30,17.0,66,15.7,0.0,0.0,,10.8,18,21.2,
2026-08-22T21:45,16.7,67,15.4,0.0,0.0,,10.4,17,21.2,
2026-08-22T22:00,16.4,68,15.1,0.0,0.0,,10.1,17,20.9,
2026-08-22T22:15,15.3,77,14.3,0.0,0.0,,9.7,11,17.6,
2026-08-22T22:30,15.1,78,14.1,0.0,0.0,,9.4,10,17.6,
2026-08-22T22:45,14.9,78,14.0,0.0,0.0,,8.6,8,18.0,
2026-08-22T23:00,14.7,79,13.8,0.0,0.0,,8.3,7,17.6,
2026-08-22T23:15,14.4,80,13.6,0.0,0.0,,7.9,8,16.9,
2026-08-22T23:30,14.2,81,13.5,0.0,0.0,,7.6,9,15.5,
2026-08-23T01:45,13.1,85,12.5,0.0,0.0,1,5.4,2,10.4,1020.4
2026-08-22T23:45,14.3,80,13.3,0.0,0.0,,8.6,15,16.6,
2026-08-23T00:00,14.7,77,13.5,0.0,0.0,,9.4,22,15.5,
2026-08-23T00:15,14.6,77,13.4,0.0,0.0,,9.4,23,15.5,
2026-08-23T00:30,14.4,78,13.3,0.0,0.0,,9.0,24,15.8,
2026-08-23T00:45,14.3,79,13.3,0.0,0.0,,9.0,25,16.2,
2026-08-23T01:00,14.2,80,13.2,0.0,0.0,,8.6,26,16.2,
2026-08-23T04:30,11.3,89,10.6,0.0,0.0,2,4.0,350,6.1,1020.0
2026-08-23T01:15,13.1,85,12.4,0.0,0.0,,6.1,7,9.7,
2026-08-23T01:30,13.0,85,12.4,0.0,0.0,,5.4,2,8.3,
2026-08-23T02:00,12.7,85,12.2,0.0,0.0,,4.3,350,6.1,
2026-08-23T02:15,12.5,85,12.0,0.0,0.0,,4.0,349,5.8,
2026-08-23T02:30,12.3,86,11.7,0.0,0.0,,4.3,348,5.8,
2026-08-23T02:45,12.8,84,12.3,0.0,0.0,,4.0,355,5.4,
2026-08-23T03:00,12.7,84,12.2,0.0,0.0,,4.0,356,5.4,
2026-08-23T03:15,12.6,85,12.0,0.0,0.0,,4.3,353,5.8,
2026-08-23T03:30,12.3,85,11.7,0.0,0.0,,4.3,351,6.1,
2026-08-23T03:45,12.1,88,11.5,0.0,0.0,,5.0,358,7.2,
2026-08-23T04:00,11.9,89,11.2,0.0,0.0,,5.0,359,7.6,
2026-08-23T04:15,11.7,90,11.0,0.0,0.0,,5.0,357,7.9,
2026-08-23T04:45,11.2,90,10.5,0.0,0.0,,4.3,352,7.6,
2026-08-23T05:00,11.0,90,10.3,0.0,0.0,,4.0,349,7.6,
2026-08-23T05:15,10.6,90,9.8,0.0,0.0,,4.0,358,4.7,
2026-08-23T05:30,10.6,90,9.7,0.0,0.0,,4.3,359,4.7,
2026-08-23T05:45,10.5,89,9.5,0.0,0.0,,4.7,359,5.0,
2026-08-23T06:00,10.4,89,9.4,0.0,0.0,,4.7,359,5.0,
2026-08-23T06:15,10.3,89,9.3,0.0,0.0,,4.3,10,5.0,
2026-08-23T09:00,13.8,77,13.1,0.0,0.0,0,4.7,126,10.8,1020.8
2026-08-23T06:30,10.5,89,9.6,0.0,0.0,,4.0,62,6.8,
2026-08-23T06:45,10.5,88,9.7,0.0,0.0,,2.9,92,6.8,
2026-08-23T07:00,10.5,88,9.8,0.0,0.0,,2.5,123,6.8,
2026-08-23T07:15,10.6,88,9.8,0.0,0.0,,3.2,132,4.0,
2026-08-23T07:30,10.8,88,10.0,0.0,0.0,,3.2,131,4.7,
2026-08-23T07:45,11.0,88,10.3,0.0,0.0,,3.2,130,5.4,
2026-08-23T08:00,11.4,87,10.7,0.0,0.0,,3.2,129,6.1,
2026-08-23T08:15,11.8,85,11.3,0.0,0.0,,2.9,125,6.5,
2026-08-23T08:30,11.4,87,10.9,0.0,0.0,,2.5,358,6.5,
2026-08-23T08:45,11.9,86,11.5,0.0,0.0,,2.2,357,6.8,
2026-08-23T11:30,18.6,54,17.7,0.0,0.0,1,8.3,41,20.5,1021.4
2026-08-23T09:15,13.1,82,12.8,0.0,0.0,,2.5,5,8.3,
2026-08-23T09:30,13.8,80,13.6,0.0,0.0,,2.9,14,9.0,
2026-08-23T12:00,19.3,51,17.9,0.0,0.0,2,11.2,36,25.2,1021.3
2026-08-23T09:45,15.6,69,15.0,0.0,0.0,,4.3,48,11.9,
2026-08-23T10:00,16.1,67,15.5,0.0,0.0,,4.7,24,13.0,
2026-08-23T10:15,16.6,65,15.9,0.0,0.0,,5.0,25,14.4,
2026-08-23T10:30,17.1,62,16.3,0.0,0.0,,5.8,26,15.8,
2026-08-23T10:45,17.6,59,16.5,0.0,0.0,,6.8,35,17.6,
2026-08-23T11:00,18.0,57,16.8,0.0,0.0,,7.6,43,19.1,
2026-08-23T11:15,18.4,55,17.2,0.0,0.0,,8.3,42,20.2,
2026-08-23T11:45,19.0,52,17.5,0.0,0.0,,11.9,36,25.2,
2026-08-23T12:15,19.6,50,18.2,0.0,0.0,,12.6,33,27.4,
2026-08-23T12:30,19.9,49,18.7,0.0,0.0,,12.2,35,27.4,
2026-08-23T12:45,20.1,49,19.1,0.0,0.0,,11.9,36,27.0,
2026-08-23T13:00,20.4,48,19.4,0.0,0.0,,11.5,38,27.0,
2026-08-23T13:15,20.6,47,19.7,0.0,0.0,,11.5,38,27.0,
2026-08-23T13:30,20.7,46,19.6,0.0,0.0,,10.4,30,24.1,
2026-08-23T13:45,20.9,45,19.6,0.0,0.0,,10.4,28,24.5,
2026-08-23T16:15,21.3,48,19.8,0.0,0.0,1,11.5,27,31.3,1020.2
2026-08-23T14:00,21.0,45,19.5,0.0,0.0,,10.8,26,25.2,
2026-08-23T14:15,20.9,46,19.2,0.0,0.0,,11.9,24,27.0,
2026-08-23T14:30,20.9,49,20.0,0.0,0.0,,10.1,32,24.8,
2026-08-23T14:45,21.0,49,20.0,0.0,0.0,,9.7,32,24.8,
2026-08-23T17:15,21.2,48,19.3,0.0,0.0,2,13.0,30,29.5,1020.1
2026-08-23T15:00,21.1,49,19.6,0.0,0.0,,10.1,31,25.6,
2026-08-23T15:15,21.0,49,19.4,0.0,0.0,,11.2,30,27.4,
2026-08-23T15:30,21.3,47,19.0,0.0,0.0,,15.8,29,33.8,
2026-08-23T15:45,21.0,50,18.7,0.0,0.0,,16.2,26,35.3,
2026-08-23T16:00,20.7,52,18.6,0.0,0.0,,16.6,23,36.0,
2026-08-23T16:30,20.9,50,18.9,0.0,0.0,,13.7,25,28.8,
2026-08-23T16:45,20.7,51,18.7,0.0,0.0,,14.4,22,30.2,
2026-08-23T17:00,21.1,49,19.1,0.0,0.0,,13.7,36,28.1,
2026-08-23T17:30,21.0,48,19.0,0.0,0.0,,13.3,30,28.4,
2026-08-23T17:45,21.0,47,19.0,0.0,0.0,,13.0,27,28.4,
2026-08-23T18:00,21.0,47,18.9,0.0,0.0,,13.0,24,28.4,
2026-08-23T18:15,21.1,45,18.9,0.0,0.0,,13.0,37,26.6,
2026-08-23T18:30,21.0,46,18.9,0.0,0.0,,12.6,35,27.0,
2026-08-23T18:45,20.8,47,18.7,0.0,0.0,,12.6,32,27.4,
2026-08-23T19:00,20.6,48,18.6,0.0,0.0,,12.2,30,27.4,
2026-08-23T19:15,20.3,51,18.6,0.0,0.0,,11.9,28,23.8,
2026-08-23T19:30,20.0,51,18.3,0.0,0.0,,11.5,25,24.1,
2026-08-23T19:45,19.6,51,17.8,0.0,0.0,,11.2,20,24.1,
2026-08-23T20:00,19.4,52,17.7,0.0,0.0,,10.8,20,24.1,
2026-08-23T20:15,19.1,53,17.4,0.0,0.0,,10.4,20,23.4,
2026-08-23T20:30,18.9,52,16.8,0.0,0.0,,12.6,25,24.8,
2026-08-23T20:45,18.5,53,16.5,0.0,0.0,,11.9,21,24.8,
2026-08-23T21:00,18.1,54,16.1,0.0,0.0,,11.5,18,24.5,
2026-08-23T21:15,17.8,55,15.7,0.0,0.0,,11.5,19,24.1,
2026-08-23T21:30,17.7,57,16.0,0.0,0.0,,9.7,27,17.6,
2026-08-23T21:45,17.3,58,15.7,0.0,0.0,,9.4,24,18.0,
2026-08-23T22:00,17.0,59,15.5,0.0,0.0,,9.0,22,18.0,
2026-08-23T22:15,16.7,60,15.1,0.0,0.0,,9.0,22,17.6,
2026-08-23T22:30,16.0,61,14.2,0.0,0.0,,10.1,19,17.6,
2026-08-23T22:45,15.8,61,13.9,0.0,0.0,,10.1,21,18.0,
2026-08-24T01:15,13.7,72,11.9,0.0,0.0,0,10.1,41,17.3,1019.2
2026-08-23T23:00,15.6,59,13.8,0.0,0.0,,8.6,20,15.5,
2026-08-23T23:15,15.4,60,13.6,0.0,0.0,,8.6,21,15.5,
2026-08-23T23:30,15.2,62,13.3,0.0,0.0,,9.0,23,15.5,
2026-08-23T23:45,15.0,63,13.1,0.0,0.0,,9.4,24,15.5,
2026-08-24T00:00,14.7,65,12.9,0.0,0.0,,9.7,38,17.6,
2026-08-24T00:15,14.5,67,12.7,0.0,0.0,,9.7,40,17.3,
2026-08-24T00:30,14.2,68,12.4,0.0,0.0,,9.7,42,16.6,
2026-08-24T00:45,14.0,70,12.3,0.0,0.0,,9.7,43,16.2,
2026-08-24T01:00,13.8,71,12.1,0.0,0.0,,9.7,45,15.8,
2026-08-24T01:30,13.6,73,11.8,0.0,0.0,,10.4,50,17.3,
2026-08-24T01:45,13.6,74,11.8,0.0,0.0,,10.8,53,18.4,
2026-08-24T02:00,13.6,76,11.7,0.0,0.0,,11.9,57,19.8,
2026-08-24T02:15,13.5,77,11.6,0.0,0.0,,12.2,58,20.5,
2026-08-24T02:30,13.4,77,11.5,0.0,0.0,,12.2,59,20.9,
2026-08-24T02:45,13.3,77,11.4,0.0,0.0,,12.2,59,21.2,
2026-08-24T03:00,13.2,78,11.3,0.0,0.0,,12.2,60,21.2,
2026-08-24T03:15,13.1,77,11.2,0.0,0.0,,11.5,60,19.4,
2026-08-24T03:30,13.0,77,11.1,0.0,0.0,,11.5,58,20.2,
2026-08-24T03:45,12.9,78,11.0,0.0,0.0,,11.2,55,20.5,
2026-08-24T04:00,12.7,79,10.9,0.0,0.0,,11.2,53,20.9,
2026-08-24T04:15,12.7,77,10.7,0.0,0.0,,11.5,58,19.8,
2026-08-24T04:30,12.7,78,10.7,0.0,0.0,,11.5,61,20.2,
2026-08-24T04:45,12.7,78,10.8,0.0,0.0,,11.2,63,20.2,
2026-08-24T05:00,12.6,78,10.7,0.0,0.0,,11.2,65,20.5,
2026-08-24T05:15,12.3,85,10.5,0.0,0.0,,11.9,67,19.1,
2026-08-24T05:30,12.2,85,10.5,0.0,0.0,,11.9,65,19.4,
2026-08-24T05:45,12.1,85,10.4,0.0,0.0,,11.5,64,19.8,
2026-08-24T06:00,12.0,80,9.9,0.0,0.0,,11.9,68,18.7,
2026-08-24T06:15,11.9,80,9.8,0.0,0.0,,11.5,70,19.1,
2026-08-24T06:30,11.8,80,9.8,0.0,0.0,,11.2,73,19.4,
2026-08-24T06:45,11.8,79,9.8,0.0,0.0,,10.4,75,19.8,
2026-08-24T09:45,15.8,65,13.6,0.0,0.0,3,13.3,68,25.9,1016.4
2026-08-24T07:00,12.4,79,10.6,0.0,0.0,,10.4,56,18.7,
2026-08-24T07:15,12.5,79,10.7,0.0,0.0,,10.1,58,19.1,
2026-08-24T07:30,12.6,80,10.9,0.0,0.0,,10.1,61,19.4,
2026-08-24T07:45,12.7,81,11.1,0.0,0.0,,10.1,63,19.8,
2026-08-24T08:00,12.9,80,11.3,0.0,0.0,,10.1,65,20.2,
2026-08-24T08:15,13.2,78,11.6,0.0,0.0,,10.1,64,20.9,
2026-08-24T08:30,13.5,74,11.8,0.0,0.0,,10.4,63,21.6,
2026-08-24T08:45,13.9,70,12.0,0.0,0.0,,10.4,62,22.3,
2026-08-24T09:00,14.3,67,12.3,0.0,0.0,,10.8,61,23.0,
2026-08-24T09:15,14.8,65,12.7,0.0,0.0,,11.5,62,23.8,
2026-08-24T09:30,15.3,63,13.1,0.0,0.0,,12.2,64,24.5,
2026-08-24T10:00,16.4,60,14.1,0.0,0.0,,13.3,66,25.9,
2026-08-24T10:15,16.9,58,14.5,0.0,0.0,,13.7,68,27.0,
2026-08-24T13:00,21.5,39,18.9,0.0,0.0,3,17.3,75,36.0,1014.4
2026-08-24T10:30,17.4,58,15.0,0.0,0.0,,14.8,66,29.2,
2026-08-24T10:45,17.9,55,15.4,0.0,0.0,,15.5,66,31.0,
2026-08-24T11:00,18.4,53,15.7,0.0,0.0,,16.2,67,32.0,
2026-08-24T13:45,22.3,37,19.9,0.0,0.0,0,16.9,70,35.3,1013.9
2026-08-24T11:15,18.7,51,15.7,0.0,0.0,,17.3,71,33.1,
2026-08-24T11:30,19.0,50,16.0,0.0,0.0,,17.6,71,33.8,
2026-08-24T11:45,19.3,48,16.1,0.0,0.0,,18.0,70,34.6,
2026-08-24T12:00,19.6,47,16.5,0.0,0.0,,18.0,69,35.3,
2026-08-24T12:15,19.9,43,16.6,0.0,0.0,,17.3,67,33.5,
2026-08-24T12:30,19.8,42,16.3,0.0,0.0,,17.6,67,33.5,
2026-08-24T12:45,19.7,42,16.3,0.0,0.0,,17.3,68,33.5,
2026-08-24T13:15,19.8,40,16.3,0.0,0.0,,16.9,70,33.5,
2026-08-24T13:30,21.7,37,18.6,0.0,0.0,,18.0,71,36.7,
2026-08-24T14:00,22.0,35,19.2,0.0,0.0,,17.3,68,36.4,
2026-08-24T14:15,22.5,35,20.1,0.0,0.0,,16.9,77,34.6,
2026-08-24T14:30,22.6,35,20.3,0.0,0.0,,16.9,78,34.6,
2026-08-24T14:45,22.7,34,20.3,0.0,0.0,,16.9,78,34.6,
2026-08-24T15:00,22.9,34,20.4,0.0,0.0,,16.9,78,34.6,
2026-08-24T15:15,20.8,38,17.5,0.0,0.0,,15.8,67,29.5,
2026-08-24T15:30,21.5,37,18.2,0.0,0.0,,16.2,66,31.0,
2026-08-24T15:45,22.2,36,18.9,0.0,0.0,,16.6,66,32.4,
2026-08-24T16:00,22.6,35,19.3,0.0,0.0,,16.6,65,33.5,
2026-08-24T16:15,22.7,35,19.4,0.0,0.0,,16.6,66,33.8,
2026-08-24T16:30,22.6,35,19.3,0.0,0.0,,16.2,67,33.8,
2026-08-24T16:45,22.4,36,19.3,0.0,0.0,,15.8,67,33.5,
2026-08-24T17:00,22.3,36,19.1,0.0,0.0,,15.8,68,33.5,
2026-08-24T17:15,22.4,36,19.2,0.0,0.0,,16.2,69,33.5,
2026-08-24T19:45,22.2,41,19.0,0.0,0.0,1,19.1,71,34.2,1009.9
2026-08-24T17:30,22.7,37,19.5,0.0,0.0,,17.6,72,34.6,
2026-08-24T17:45,22.2,39,19.0,0.0,0.0,,17.6,69,34.6,
2026-08-24T18:00,21.8,40,18.7,0.0,0.0,,17.3,67,34.9,
2026-08-24T18:15,21.7,40,18.6,0.0,0.0,,16.6,67,35.3,
2026-08-24T18:30,21.7,40,18.7,0.0,0.0,,15.8,68,35.6,
2026-08-24T18:45,21.7,40,18.8,0.0,0.0,,15.1,68,35.6,
2026-08-24T21:15,19.1,52,16.6,0.0,0.0,0,15.5,59,28.1,1009.7
2026-08-24T19:00,21.6,41,19.0,0.0,0.0,,14.4,68,34.9,
2026-08-24T19:15,21.4,43,19.0,0.0,0.0,,14.0,65,33.1,
2026-08-24T19:30,22.3,42,19.7,0.0,0.0,,15.5,85,29.9,
2026-08-24T22:15,20.0,49,17.3,0.0,0.0,0,16.2,80,32.8,1009.6
2026-08-24T20:00,21.9,44,19.3,0.0,0.0,,15.8,90,30.2,
2026-08-24T20:15,21.7,45,19.1,0.0,0.0,,16.2,87,30.6,
2026-08-24T20:30,21.5,45,18.8,0.0,0.0,,16.9,84,31.0,
2026-08-24T20:45,21.2,44,18.8,0.0,0.0,,13.3,69,33.8,
2026-08-24T21:00,20.9,45,18.7,0.0,0.0,,12.2,69,33.1,
2026-08-24T21:30,18.8,53,16.6,0.0,0.0,,13.0,61,26.3,
2026-08-24T21:45,18.6,54,16.6,0.0,0.0,,12.2,64,26.6,
2026-08-24T22:00,18.4,54,16.4,0.0,0.0,,11.5,66,26.3,
2026-08-24T22:30,19.8,50,17.3,0.0,0.0,,15.5,77,30.6,
2026-08-24T22:45,19.5,52,17.3,0.0,0.0,,14.4,73,30.2,
2026-08-25T01:00,17.8,55,15.9,0.0,0.0,0,10.8,52,22.0,1009.3
2026-08-24T23:00,19.3,53,17.2,0.0,0.0,,13.7,70,29.9,
2026-08-24T23:15,18.8,54,16.5,0.0,0.0,,15.1,65,26.6,
2026-08-24T23:30,18.6,55,16.3,0.0,0.0,,14.8,66,26.6,
2026-08-24T23:45,18.5,55,16.2,0.0,0.0,,14.4,67,27.0,
2026-08-25T00:00,18.3,56,16.1,0.0,0.0,,14.0,68,27.0,
2026-08-25T03:15,15.2,60,12.8,0.0,0.0,3,11.9,53,21.2,1008.5
2026-08-25T00:15,16.7,57,14.6,0.0,0.0,,11.2,63,19.4,
2026-08-25T00:30,16.5,58,14.5,0.0,0.0,,10.8,61,19.4,
2026-08-25T00:45,16.4,58,14.4,0.0,0.0,,10.8,59,19.8,
2026-08-25T01:15,16.2,59,14.2,0.0,0.0,,10.4,56,19.4,
2026-08-25T01:30,16.0,60,14.1,0.0,0.0,,10.4,55,19.1,
2026-08-25T01:45,16.8,56,14.8,0.0,0.0,,9.7,48,16.2,
2026-08-25T02:00,16.5,57,14.6,0.0,0.0,,9.7,45,16.2,
2026-08-25T02:15,16.3,58,14.4,0.0,0.0,,9.7,47,16.6,
2026-08-25T02:30,16.2,59,14.2,0.0,0.0,,10.1,50,17.3,
2026-08-25T06:15,14.4,63,12.0,0.0,0.0,3,11.5,61,20.9,1007.7
2026-08-25T02:45,15.6,59,13.4,0.0,0.0,,11.2,52,18.4,
2026-08-25T03:00,15.4,60,13.1,0.0,0.0,,11.5,54,19.4,
2026-08-25T03:30,15.2,61,12.7,0.0,0.0,,13.0,58,22.3,
2026-08-25T03:45,15.1,61,12.6,0.0,0.0,,13.3,59,23.4,
2026-08-25T04:00,15.1,61,12.5,0.0,0.0,,13.7,61,24.5,
2026-08-25T04:15,15.0,61,12.4,0.0,0.0,,13.3,60,24.8,
2026-08-25T07:00,14.5,61,12.5,0.0,0.0,3,9.0,62,17.3,1007.5
2026-08-25T04:30,15.4,58,13.0,0.0,0.0,,11.9,54,21.6,
2026-08-25T04:45,15.3,58,12.8,0.0,0.0,,11.9,55,21.6,
2026-08-25T05:00,15.2,58,12.7,0.0,0.0,,11.9,55,21.6,
2026-08-25T05:15,15.0,58,12.5,0.0,0.0,,11.5,52,20.5,
2026-08-25T05:30,14.9,58,12.4,0.0,0.0,,11.2,55,20.9,
2026-08-25T05:45,14.7,59,12.4,0.0,0.0,,10.4,58,21.2,
2026-08-25T08:30,14.9,62,12.8,0.0,0.0,3,10.1,66,19.4,1007.7
2026-08-25T06:00,14.5,63,12.4,0.0,0.0,,10.1,61,19.1,
2026-08-25T06:30,14.2,63,12.1,0.0,0.0,,10.1,62,19.1,
2026-08-25T06:45,14.2,63,12.0,0.0,0.0,,10.1,62,19.1,
2026-08-25T07:15,14.1,63,11.9,0.0,0.0,,10.1,62,19.1,
2026-08-25T07:30,14.2,63,12.0,0.0,0.0,,10.4,62,19.1,
2026-08-25T07:45,14.7,61,12.6,0.0,0.0,,9.7,59,17.6,
2026-08-25T08:00,14.8,61,12.7,0.0,0.0,,9.7,59,18.0,
2026-08-25T08:15,15.0,60,12.9,0.0,0.0,,9.4,61,18.4,
2026-08-25T11:00,17.7,56,15.8,0.0,0.0,3,11.2,64,22.0,1007.6
2026-08-25T08:45,15.6,60,13.8,0.0,0.0,,8.6,66,16.9,
2026-08-25T09:00,15.9,59,14.1,0.0,0.0,,8.6,72,17.3,
2026-08-25T09:15,15.7,60,13.7,0.0,0.0,,10.1,73,19.4,
2026-08-25T09:30,16.0,60,14.1,0.0,0.0,,10.1,73,19.8,
2026-08-25T09:45,16.3,59,14.4,0.0,0.0,,10.1,74,19.8,
2026-08-25T10:00,16.5,58,14.6,0.0,0.0,,10.1,74,19.8,
2026-08-25T10:15,16.7,57,14.8,0.0,0.0,,10.1,73,19.8,
2026-08-25T10:30,16.9,57,15.1,0.0,0.0,,9.7,72,19.8,
2026-08-25T10:45,18.3,52,16.2,0.0,0.0,,11.5,76,22.3,
2026-08-25T11:15,17.9,55,15.9,0.0,0.0,,11.9,75,22.7,
2026-08-25T11:30,18.4,54,16.4,0.0,0.0,,11.5,79,22.7,
2026-08-25T11:45,18.8,52,16.9,0.0,0.0,,11.2,84,22.7,
2026-08-25T12:00,19.2,51,17.4,0.0,0.0,,10.8,88,22.7,
2026-08-25T12:15,18.3,55,17.1,0.0,0.0,,6.8,76,16.2,
2026-08-25T12:30,18.4,55,17.2,0.0,0.0,,6.8,83,16.2,
2026-08-25T12:45,18.5,56,17.3,0.0,0.0,,7.2,89,16.6,
2026-08-25T13:00,18.6,56,17.4,0.0,0.0,,7.2,95,16.6,
2026-08-25T13:15,18.6,57,17.6,0.0,0.0,,6.8,94,16.2,
2026-08-25T17:00,21.9,62,21.5,0.0,0.0,3,12.6,108,24.8,1007.1
2026-08-25T13:30,18.9,56,17.7,0.0,0.0,,7.9,91,17.6,
2026-08-25T13:45,18.9,57,17.8,0.0,0.0,,7.9,89,17.6,
2026-08-25T14:00,18.9,58,17.9,0.0,0.0,,8.3,87,17.6,
2026-08-25T14:15,19.1,58,18.1,0.0,0.0,,8.6,86,18.0,
2026-08-25T14:30,19.3,59,18.3,0.0,0.0,,9.4,85,19.1,
2026-08-25T14:45,19.6,59,18.6,0.0,0.0,,10.1,83,19.8,
2026-08-25T15:00,19.9,59,18.9,0.0,0.0,,10.4,82,20.5,
2026-08-25T15:15,19.6,60,18.7,0.0,0.0,,9.7,76,18.4,
2026-08-25T15:30,20.0,59,19.1,0.0,0.0,,9.7,74,19.4,
2026-08-25T15:45,20.4,59,19.6,0.0,0.0,,10.1,73,20.2,
2026-08-25T16:00,20.7,58,19.9,0.0,0.0,,10.1,71,20.5,
2026-08-25T19:30,22.1,64,22.0,0.0,0.0,0,11.9,100,24.1,1007.0
2026-08-25T16:15,21.7,58,21.1,0.0,0.0,,10.8,82,22.3,
2026-08-25T16:30,21.9,59,21.5,0.0,0.0,,11.2,88,22.7,
2026-08-25T16:45,22.1,59,21.7,0.0,0.0,,11.5,94,23.0,
2026-08-25T17:15,22.4,60,22.1,0.0,0.0,,12.2,100,23.8,
2026-08-25T17:30,22.5,61,22.3,0.0,0.0,,12.2,100,24.1,
2026-08-25T17:45,23.2,54,22.8,0.0,0.0,,9.7,91,20.9,
2026-08-25T18:00,23.3,54,23.0,0.0,0.0,,9.7,90,20.9,
2026-08-25T18:15,23.5,54,23.2,0.0,0.0,,9.7,72,20.5,
2026-08-25T18:30,23.6,54,23.4,0.0,0.0,,9.7,77,20.9,
2026-08-25T18:45,23.7,54,23.5,0.0,0.0,,10.1,83,21.2,
2026-08-25T19:00,23.7,55,23.6,0.0,0.0,,10.4,88,21.6,
2026-08-25T19:15,23.7,56,23.6,0.0,0.0,,10.8,93,21.6,
2026-08-25T19:45,22.6,63,22.8,0.0,0.0,,11.2,98,21.6,
2026-08-25T20:00,22.5,64,22.7,0.0,0.0,,11.2,95,21.6,
2026-08-25T20:15,22.2,66,22.4,0.0,0.0,,11.2,96,21.2,
2026-08-25T20:30,21.8,67,22.0,0.0,0.0,,11.2,97,21.2,
2026-08-25T20:45,22.3,59,22.3,0.0,0.0,,9.0,86,20.2,
2026-08-25T21:00,22.0,60,22.0,0.0,0.0,,9.0,89,20.2,
2026-08-25T21:15,21.3,70,21.9,0.0,0.0,,9.0,132,14.4,
2026-08-25T21:30,21.0,71,21.3,0.0,0.0,,10.4,128,17.3,
2026-08-25T21:45,20.6,72,20.7,0.0,0.0,,12.2,125,20.9,
2026-08-25T22:00,20.3,72,20.1,0.0,0.0,,13.0,121,23.0,
2026-08-26T00:45,17.8,82,17.9,0.0,0.0,2,10.1,119,21.2,1008.8
2026-08-25T22:15,19.9,77,20.0,0.0,0.0,,12.6,93,21.6,
2026-08-25T22:30,19.6,77,19.6,0.0,0.0,,13.0,102,22.3,
2026-08-25T22:45,19.4,78,19.4,0.0,0.0,,13.0,110,22.7,
2026-08-25T23:00,19.9,72,19.7,0.0,0.0,,12.2,117,22.7,
2026-08-25T23:15,19.7,72,19.5,0.0,0.0,,12.2,121,23.0,
2026-08-25T23:30,19.6,73,19.3,0.0,0.0,,12.2,126,23.0,
2026-08-25T23:45,19.4,74,19.2,0.0,0.0,,11.9,130,23.0,
2026-08-26T00:00,19.2,75,19.0,0.0,0.0,,11.5,134,23.0,
2026-08-26T03:45,17.0,84,17.1,0.0,0.0,3,9.0,99,16.9,1009.0
2026-08-26T00:15,18.0,77,17.9,0.0,0.0,,9.7,115,16.9,
2026-08-26T00:30,17.8,79,17.8,0.0,0.0,,9.4,115,16.6,
2026-08-26T01:00,17.5,83,17.7,0.0,0.0,,9.4,116,16.6,
2026-08-26T01:15,17.4,84,17.5,0.0,0.0,,9.7,116,17.3,
2026-08-26T01:30,17.2,84,17.3,0.0,0.0,,10.1,116,18.0,
2026-08-26T01:45,17.1,84,17.1,0.0,0.0,,10.4,116,19.1,
2026-08-26T02:00,18.0,81,18.2,0.0,0.0,,9.7,133,17.6,
2026-08-26T02:15,17.9,81,18.0,0.1,0.1,,9.4,135,16.9,
2026-08-26T02:30,17.6,81,17.8,0.1,0.1,,8.6,137,15.8,
2026-08-26T02:45,17.3,82,17.6,0.1,0.1,,7.9,138,14.8,
2026-08-26T03:00,17.0,83,17.3,0.1,0.1,,7.6,140,14.4,
2026-08-26T03:15,16.8,85,17.0,1.0,1.0,,8.3,137,15.1,
2026-08-26T03:30,16.5,89,16.7,1.0,1.0,,9.4,133,16.9,
2026-08-26T04:00,16.1,94,16.2,1.0,1.0,,10.8,126,19.8,
2026-08-26T04:15,16.9,85,17.2,0.6,0.6,,8.3,101,16.2,
2026-08-26T04:30,16.8,87,17.3,0.6,0.6,,7.2,103,16.2,
2026-08-26T04:45,16.7,89,17.5,0.6,0.6,,6.1,104,16.2,
2026-08-26T05:00,16.6,90,17.5,0.6,0.6,,5.8,106,15.8,
2026-08-26T05:15,16.6,90,17.5,0.0,0.0,,5.8,111,14.8,
2026-08-26T05:30,16.6,90,17.4,0.0,0.0,,6.1,116,13.7,
2026-08-26T05:45,17.2,87,17.9,0.0,0.0,,6.5,102,11.2,
2026-08-26T06:00,17.2,87,17.9,0.0,0.0,,6.5,101,11.5,
2026-08-26T06:15,16.2,93,16.8,0.0,0.0,,7.9,120,14.0,
2026-08-26T06:30,16.3,93,17.0,0.0,0.0,,6.8,118,12.2,
2026-08-26T06:45,16.4,92,17.3,0.0,0.0,,5.8,116,10.8,
2026-08-26T07:00,16.5,92,17.4,0.0,0.0,,5.4,114,9.7,
2026-08-26T07:15,16.6,92,17.6,0.0,0.0,,5.4,110,9.7,
2026-08-26T07:30,16.7,91,17.6,0.0,0.0,,5.8,107,10.4,
2026-08-26T07:45,16.8,91,17.7,0.0,0.0,,6.5,103,11.2,
2026-08-26T08:00,16.9,91,17.8,0.0,0.0,,6.8,99,12.2,
2026-08-26T08:15,17.0,88,17.8,0.0,0.0,,6.5,141,12.6,
2026-08-26T08:30,17.1,88,17.8,0.0,0.0,,6.5,143,13.7,
2026-08-26T08:45,17.2,88,17.9,0.0,0.0,,6.8,146,14.4,
2026-08-26T09:00,17.2,90,17.9,0.0,0.0,,8.6,140,18.0,
2026-08-26T09:15,17.5,90,18.3,0.0,0.0,,8.6,143,18.7,
2026-08-26T09:30,17.9,90,18.9,0.0,0.0,,7.9,146,18.7,
2026-08-26T09:45,18.3,90,19.6,0.0,0.0,,7.2,148,18.7,
2026-08-26T10:00,18.7,89,20.2,0.0,0.0,,6.8,151,18.4,
2026-08-26T10:15,19.1,88,20.7,0.0,0.0,,6.5,154,17.6,
2026-08-26T10:30,18.9,90,20.3,0.8,0.8,,8.6,152,23.0,
2026-08-26T10:45,18.7,92,20.3,0.8,0.8,,7.2,152,23.4,
2026-08-26T11:00,18.8,92,20.6,0.8,0.8,,6.1,152,22.7,
2026-08-26T11:15,22.2,77,24.1,0.0,0.0,,6.5,148,15.5,
2026-08-26T11:30,22.8,75,24.9,0.0,0.0,,6.8,153,16.2,
2026-08-26T11:45,23.3,72,25.8,0.0,0.0,,7.2,159,17.6,
2026-08-26T12:00,23.8,70,26.4,0.0,0.0,,7.6,164,18.7,
2026-08-26T12:15,24.3,67,26.9,0.0,0.0,,7.6,163,19.4,
2026-08-26T12:30,23.2,77,26.3,0.0,0.0,,7.2,163,14.0,
2026-08-26T12:45,23.7,74,26.8,0.0,0.0,,7.2,162,15.5,
2026-08-26T13:00,24.2,72,27.4,0.0,0.0,,7.2,161,16.6,
2026-08-26T13:15,24.6,70,27.8,0.0,0.0,,7.6,158,16.9,
2026-08-26T13:30,24.9,68,28.0,0.0,0.0,,7.9,155,17.3,
2026-08-26T13:45,24.2,72,27.7,0.0,0.0,,6.8,156,18.7,
2026-08-26T14:00,24.7,70,28.0,0.0,0.0,,6.5,156,18.7,
2026-08-26T14:15,25.0,68,28.0,0.0,0.0,,6.1,155,18.7,
2026-08-26T14:30,25.3,67,28.2,0.0,0.0,,5.4,155,18.4,
2026-08-26T18:00,26.9,57,28.3,0.0,0.0,3,9.7,92,21.6,1007.9
2026-08-26T14:45,27.0,55,29.0,0.0,0.0,,5.0,122,15.5,
2026-08-26T15:00,26.8,57,29.0,0.0,0.0,,4.3,115,15.5,
2026-08-26T15:15,26.5,59,28.7,0.0,0.0,,5.4,120,19.4,
2026-08-26T15:30,26.1,61,28.0,0.0,0.0,,7.9,124,26.3,
2026-08-26T15:45,25.8,62,27.2,0.0,0.0,,10.4,129,32.8,
2026-08-26T16:00,25.6,63,27.0,0.0,0.0,,11.9,133,36.4,
2026-08-26T18:45,23.2,76,25.0,0.0,0.0,3,10.1,83,25.6,1007.7
2026-08-26T16:15,26.8,57,29.3,0.0,0.0,,1.8,96,11.5,
2026-08-26T16:30,26.9,56,29.4,0.0,0.0,,1.1,70,10.4,
2026-08-26T16:45,26.9,55,29.3,0.0,0.0,,1.1,44,10.4,
2026-08-26T17:00,27.6,50,29.1,0.0,0.0,,5.0,142,14.4,
2026-08-26T17:15,27.7,50,29.0,0.0,0.0,,5.8,132,15.1,
2026-08-26T17:30,27.6,51,29.0,0.0,0.0,,6.1,123,15.8,
2026-08-26T17:45,27.5,53,29.1,0.0,0.0,,6.8,113,16.9,
2026-08-26T18:15,26.8,58,28.4,0.0,0.0,,8.6,118,20.9,
2026-08-26T18:30,26.3,61,27.7,0.0,0.0,,10.4,133,24.1,
2026-08-26T19:00,25.2,67,26.7,0.0,0.0,,12.2,162,28.8,
2026-08-26T23:30,22.2,78,23.4,0.0,0.0,2,13.0,77,23.8,1007.8
2026-08-26T19:15,23.3,73,24.9,0.0,0.0,,9.7,65,17.6,
2026-08-26T19:30,23.5,72,24.9,0.0,0.0,,10.4,70,19.4,
2026-08-26T19:45,23.7,70,24.9,0.0,0.0,,11.5,76,21.2,
2026-08-26T20:00,23.9,69,25.0,0.0,0.0,,11.9,81,22.3,
2026-08-26T20:15,23.9,70,25.2,0.0,0.0,,11.9,69,22.3,
2026-08-26T20:30,24.0,73,25.6,0.0,0.0,,11.5,57,21.2,
2026-08-26T20:45,23.9,75,25.8,0.0,0.0,,11.2,44,20.5,
2026-08-26T21:00,23.9,76,25.9,0.0,0.0,,10.8,32,19.8,
2026-08-26T21:15,23.7,75,25.5,0.0,0.0,,10.8,43,19.8,
2026-08-26T21:30,23.4,74,25.0,0.0,0.0,,10.8,55,20.2,
2026-08-26T21:45,23.1,72,24.4,0.0,0.0,,10.8,66,20.9,
2026-08-26T22:00,22.2,82,24.7,0.0,0.0,,6.1,67,13.0,
2026-08-26T22:15,22.2,82,24.7,0.0,0.0,,6.1,70,13.0,
2026-08-26T22:30,22.4,82,24.8,0.0,0.0,,6.8,73,14.0,
2026-08-26T22:45,22.6,81,24.9,0.0,0.0,,7.9,75,15.1,
2026-08-26T23:00,22.7,81,25.0,0.0,0.0,,8.6,78,16.2,
2026-08-26T23:15,22.8,81,25.0,0.0,0.0,,9.4,80,17.3,
2026-08-26T23:45,22.7,82,24.9,0.0,0.0,,10.1,83,20.2,
2026-08-27T00:00,22.6,82,24.7,0.0,0.0,,10.4,85,20.9,
2026-08-27T00:15,22.5,82,24.5,0.0,0.0,,10.4,84,21.2,
2026-08-27T00:30,22.4,83,24.4,0.0,0.0,,10.8,84,20.9,
2026-08-27T00:45,22.2,83,24.1,0.0,0.0,,10.4,83,20.5,
2026-08-27T01:00,22.0,83,23.9,0.0,0.0,,10.4,82,20.5,
2026-08-27T01:15,21.3,87,23.2,0.0,0.0,,10.1,96,15.8,
2026-08-27T01:30,21.4,86,23.4,0.0,0.0,,9.7,92,15.1,
2026-08-27T01:45,21.5,85,23.4,0.0,0.0,,9.7,89,15.1,
2026-08-27T02:00,21.5,84,23.3,0.0,0.0,,9.4,85,14.8,
2026-08-27T02:15,21.3,85,23.2,0.0,0.0,,9.0,86,14.4,
2026-08-27T02:30,21.0,86,22.9,0.0,0.0,,8.6,87,14.4,
2026-08-27T02:45,20.7,87,22.5,0.0,0.0,,8.6,87,14.0,
2026-08-27T03:00,20.4,88,22.3,0.0,0.0,,8.3,88,13.7,
2026-08-27T03:15,20.3,88,22.2,0.0,0.0,,7.9,88,13.3,
2026-08-27T03:30,20.2,88,22.1,0.0,0.0,,7.6,87,12.6,
2026-08-27T03:45,20.1,87,21.9,0.0,0.0,,7.2,87,11.9,
2026-08-27T04:00,20.0,86,21.7,0.0,0.0,,7.2,86,11.5,
2026-08-27T04:15,20.0,85,21.7,0.0,0.0,,7.2,78,11.2,
2026-08-27T04:30,20.0,83,21.4,0.0,0.0,,7.6,69,11.2,
2026-08-27T04:45,20.0,82,21.3,0.0,0.0,,7.9,61,11.2,
2026-08-27T05:00,20.0,81,21.2,0.0,0.0,,8.3,52,11.9,
2026-08-27T05:15,19.9,82,21.0,0.0,0.0,,9.0,60,13.3,
2026-08-27T05:30,19.8,83,20.8,0.0,0.0,,9.7,68,15.1,
2026-08-27T05:45,19.7,84,20.7,0.0,0.0,,10.4,76,16.9,
2026-08-27T06:00,19.6,85,20.5,0.0,0.0,,11.5,84,19.1,
2026-08-27T06:15,19.6,85,20.2,0.0,0.0,,13.0,112,21.6,
2026-08-27T06:30,19.5,84,19.8,0.0,0.0,,14.8,141,24.8,
2026-08-27T06:45,19.5,83,19.4,0.0,0.0,,16.2,169,27.4,
2026-08-27T07:00,19.4,83,19.2,0.0,0.0,,16.6,197,28.1,
2026-08-27T07:15,19.2,85,19.3,0.9,0.9,,15.1,239,25.6,
2026-08-27T07:30,18.9,89,19.5,0.9,0.9,,12.6,280,21.2,
2026-08-27T07:45,18.7,92,19.9,0.9,0.9,,9.7,322,16.6,
2026-08-27T08:00,18.6,94,20.2,0.9,0.9,,7.9,3,14.0,
2026-08-27T08:15,18.8,94,20.5,0.0,0.0,,7.9,42,14.8,
2026-08-27T08:30,19.2,93,20.9,0.0,0.0,,8.6,80,17.3,
2026-08-27T08:45,19.7,91,21.3,0.0,0.0,,9.4,119,20.2,
2026-08-27T09:00,20.1,89,21.6,0.0,0.0,,10.1,157,22.0,
2026-08-27T09:15,20.4,87,21.9,0.0,0.0,,10.1,156,22.3,
2026-08-27T09:30,20.7,85,22.3,0.0,0.0,,9.7,155,21.6,
2026-08-27T09:45,21.0,83,22.6,0.0,0.0,,9.4,154,20.9,
2026-08-27T10:00,21.3,81,22.9,0.0,0.0,,9.0,153,20.5,
2026-08-27T10:15,21.7,80,23.4,0.0,0.0,,8.3,167,20.9,
2026-08-27T10:30,22.0,79,23.8,0.0,0.0,,7.9,181,21.2,
2026-08-27T10:45,22.4,79,24.5,0.0,0.0,,7.2,195,21.6,
2026-08-27T11:00,22.7,78,24.9,0.0,0.0,,7.2,209,22.3,
2026-08-27T11:15,23.1,77,25.4,0.0,0.0,,7.9,205,23.0,
2026-08-27T11:30,24.1,76,26.8,0.0,0.0,,8.6,188,21.2,
2026-08-27T11:45,24.4,74,27.2,0.0,0.0,,8.6,190,20.9,
2026-08-27T12:00,24.7,72,27.6,0.0,0.0,,8.6,192,20.9,
2026-08-27T12:15,24.9,71,27.8,0.0,0.0,,9.4,195,22.0,
2026-08-27T12:30,25.1,69,27.8,0.0,0.0,,10.4,198,23.4,
2026-08-27T12:45,25.3,68,27.9,0.0,0.0,,11.5,201,24.8,
2026-08-27T13:00,25.5,67,27.9,0.0,0.0,,12.6,204,26.6,
2026-08-27T13:15,25.8,65,28.0,0.0,0.0,,14.0,208,28.8,
2026-08-27T13:30,26.2,64,28.2,0.0,0.0,,15.8,212,31.3,
2026-08-27T13:45,26.5,62,28.2,0.0,0.0,,17.3,216,33.5,
2026-08-27T14:00,26.8,61,28.5,0.0,0.0,,17.6,220,33.8,
2026-08-27T14:15,27.0,61,28.9,0.0,0.0,,16.6,223,31.7,
2026-08-27T14:30,27.1,61,29.3,0.0,0.0,,14.0,225,28.1,
2026-08-27T14:45,27.1,62,29.6,0.0,0.0,,11.9,228,24.1,
2026-08-27T15:00,27.1,62,29.4,0.0,0.0,,10.4,230,22.0,
2026-08-27T15:15,27.1,62,29.0,0.0,0.0,,10.4,231,22.3,
2026-08-27T15:30,26.9,61,28.5,0.0,0.0,,11.5,231,23.8,
2026-08-27T15:45,26.8,61,28.2,0.0,0.0,,12.6,232,25.6,
2026-08-27T16:00,26.8,60,28.0,0.0,0.0,,13.0,232,26.3,
2026-08-27T16:15,26.9,59,28.2,0.0,0.0,,12.2,231,25.2,
2026-08-27T16:30,27.1,58,28.5,0.0,0.0,,10.8,230,23.0,
2026-08-27T16:45,27.4,57,29.0,0.0,0.0,,9.0,228,20.9,
2026-08-27T17:00,27.5,56,29.2,0.0,0.0,,8.3,227,19.4,
2026-08-27T17:15,27.5,56,29.2,0.0,0.0,,8.3,226,19.4,
2026-08-27T17:30,27.6,55,29.1,0.0,0.0,,9.0,224,20.5,
2026-08-27T17:45,27.4,56,28.8,0.0,0.0,,10.1,223,21.6,
2026-08-27T18:00,27.0,57,28.3,0.0,0.0,,10.4,221,22.0,
2026-08-27T18:15,26.0,60,27.3,0.0,0.0,,10.1,238,21.2,
2026-08-27T18:30,24.6,64,25.8,0.0,0.0,,9.7,255,19.4,
2026-08-27T18:45,23.2,69,24.5,0.0,0.0,,9.0,271,18.0,
2026-08-27T19:00,22.3,73,23.5,0.0,0.0,,9.4,288,18.0,
2026-08-27T19:15,22.0,78,23.3,1.0,1.0,,10.8,274,19.4,
2026-08-27T19:30,22.0,82,23.5,1.0,1.0,,12.6,260,22.3,
2026-08-27T19:45,22.2,87,23.9,1.0,1.0,,14.8,245,25.2,
2026-08-27T20:00,22.2,90,24.0,1.0,1.0,,16.2,231,28.1,
2026-08-27T20:15,22.1,92,23.9,1.7,1.7,,16.9,236,30.6,
2026-08-27T20:30,21.9,93,23.6,1.7,1.7,,16.9,240,33.1,
2026-08-27T20:45,21.7,93,23.4,1.7,1.7,,16.6,245,35.3,
2026-08-27T21:00,21.4,93,23.0,1.7,1.7,,15.8,249,36.4,
2026-08-27T21:15,21.3,71,22.1,0.0,0.0,,8.3,322,14.4,
2026-08-27T21:30,20.4,77,21.4,0.0,0.0,,7.9,324,13.0,
2026-08-27T21:45,19.4,84,20.7,0.0,0.0,,7.6,325,11.5,
2026-08-27T22:00,18.8,89,20.3,0.0,0.0,,6.8,326,10.1,
2026-08-27T22:15,18.7,91,20.5,0.0,0.0,,5.8,316,9.0,
2026-08-27T22:30,18.9,92,21.0,0.0,0.0,,4.3,306,7.6,
2026-08-27T22:45,19.1,92,21.5,0.0,0.0,,2.9,295,6.8,
2026-08-27T23:00,19.3,92,21.8,0.0,0.0,,2.5,285,6.8,
2026-08-27T23:15,19.2,92,21.6,0.0,0.0,,3.2,246,7.9,
2026-08-27T23:30,19.1,92,21.2,0.0,0.0,,4.7,208,9.7,
2026-08-27T23:45,18.9,92,20.7,0.0,0.0,,6.5,169,11.5,
2026-08-28T00:00,18.8,92,20.4,0.0,0.0,,7.6,130,13.0,
2026-08-28T00:15,18.6,92,20.0,0.0,0.0,,7.9,154,13.0,
2026-08-28T00:30,18.4,93,19.9,0.0,0.0,,7.6,178,12.6,
2026-08-28T00:45,18.2,93,19.6,0.0,0.0,,7.2,202,12.2,
2026-08-28T01:00,18.1,93,19.5,0.0,0.0,,7.2,226,12.2,
2026-08-28T01:15,18.2,92,19.5,0.0,0.0,,7.9,210,13.3,
2026-08-28T01:30,18.4,90,19.5,0.0,0.0,,8.6,195,15.1,
2026-08-28T01:45,18.6,89,19.6,0.0,0.0,,9.4,179,16.6,
2026-08-28T02:00,18.7,88,19.6,0.0,0.0,,9.7,163,17.3,
2026-08-28T02:15,18.6,89,19.6,0.0,0.0,,9.0,176,16.2,
2026-08-28T02:30,18.4,91,19.7,0.0,0.0,,7.6,189,14.4,
2026-08-28T02:45,18.2,93,19.7,0.0,0.0,,6.5,202,11.9,
2026-08-28T03:00,18.0,94,19.8,0.0,0.0,,5.4,215,10.4,
2026-08-28T03:15,18.0,94,19.7,0.0,0.0,,5.0,222,9.7,
2026-08-28T03:30,17.9,94,19.7,0.0,0.0,,5.0,229,9.4,
2026-08-28T03:45,17.9,93,19.5,0.0,0.0,,5.4,236,9.0,
2026-08-28T04:00,17.9,93,19.5,0.0,0.0,,5.4,243,9.0,
2026-08-28T04:15,17.8,93,19.4,0.0,0.0,,5.4,233,9.0,
2026-08-28T04:30,17.8,92,19.3,0.0,0.0,,5.0,223,9.0,
2026-08-28T04:45,17.7,92,19.3,0.0,0.0,,4.7,213,9.0,
2026-08-28T05:00,17.6,92,19.1,0.0,0.0,,4.7,203,9.0,
2026-08-28T05:15,17.5,92,19.0,0.0,0.0,,4.7,192,8.6,
2026-08-29T03:00,15.8,89,14.7,0.0,0.0,0,16.2,201,29.5,1007.8
2026-08-28T05:30,17.4,97,19.0,0.0,0.0,,5.4,217,12.2,
2026-08-28T05:45,17.6,97,19.5,0.0,0.0,,4.7,223,11.2,
2026-08-28T06:00,17.7,96,19.6,0.0,0.0,,4.3,228,10.4,
2026-08-28T06:15,17.6,95,19.4,0.0,0.0,,4.7,220,10.1,
2026-08-28T06:30,17.5,95,19.1,0.0,0.0,,5.0,212,9.7,
2026-08-28T06:45,17.3,94,18.6,0.0,0.0,,5.8,204,9.7,
2026-08-28T07:00,17.2,94,18.4,0.0,0.0,,6.5,196,10.1,
2026-08-28T07:15,17.2,94,18.4,0.0,0.0,,7.2,193,11.5,
2026-08-28T07:30,17.3,95,18.5,0.0,0.0,,7.9,191,14.0,
2026-08-28T07:45,17.5,96,18.6,0.0,0.0,,8.6,188,15.8,
2026-08-28T08:00,17.7,96,18.9,0.0,0.0,,8.6,185,16.6,
2026-08-28T08:15,17.9,95,19.4,0.0,0.0,,7.6,176,15.1,
2026-08-28T08:30,18.2,94,20.0,0.0,0.0,,5.4,166,11.9,
2026-08-28T08:45,18.5,92,20.5,0.0,0.0,,3.6,157,9.0,
2026-08-28T09:00,18.7,91,20.9,0.0,0.0,,2.5,147,7.6,
2026-08-28T09:15,18.9,90,21.0,0.0,0.0,,3.2,161,8.6,
2026-08-28T09:30,19.0,89,20.9,0.0,0.0,,4.7,175,11.2,
2026-08-28T09:45,19.1,89,20.8,0.0,0.0,,6.5,188,13.7,
2026-08-28T10:00,19.1,89,20.6,0.0,0.0,,7.6,202,15.8,
2026-08-28T10:15,19.0,90,20.4,0.0,0.0,,7.9,194,16.6,
2026-08-28T10:30,18.7,91,20.0,0.0,0.0,,8.3,185,16.6,
2026-08-28T10:45,18.4,93,19.8,0.0,0.0,,8.3,177,16.6,
2026-08-28T11:00,18.2,93,19.4,0.0,0.0,,8.6,168,17.6,
2026-08-28T11:15,18.1,91,19.0,0.1,0.1,,9.7,177,20.2,
2026-08-28T11:30,18.0,88,18.5,0.1,0.1,,10.8,186,23.4,
2026-08-28T11:45,18.0,86,18.2,0.1,0.1,,11.9,194,26.6,
2026-08-28T12:00,17.9,84,17.8,0.1,0.1,,12.6,203,28.1,
2026-08-28T12:15,17.6,85,17.6,0.0,0.0,,12.2,197,26.6,
2026-08-28T12:30,17.3,87,17.4,0.0,0.0,,11.2,192,23.8,
2026-08-28T12:45,17.1,89,17.3,0.0,0.0,,10.4,186,20.5,
2026-08-28T13:00,17.0,90,17.2,0.0,0.0,,10.8,180,20.2,
2026-08-28T13:15,17.2,90,17.2,0.0,0.0,,13.0,186,23.4,
2026-08-28T13:30,17.6,90,17.2,0.0,0.0,,16.6,192,29.2,
2026-08-28T13:45,18.0,89,17.2,0.0,0.0,,20.2,198,35.3,
2026-08-28T14:00,18.3,88,17.2,0.0,0.0,,22.3,204,38.9,
2026-08-28T14:15,18.4,87,17.3,0.2,0.2,,22.3,214,39.2,
2026-08-28T14:30,18.4,85,17.3,0.2,0.2,,21.2,223,37.8,
2026-08-28T14:45,18.3,83,17.3,0.2,0.2,,19.8,233,35.6,
2026-08-28T15:00,18.3,82,17.3,0.2,0.2,,18.7,242,34.2,
2026-08-28T15:15,18.2,82,17.2,0.2,0.2,,18.4,240,33.8,
2026-08-28T15:30,18.1,82,17.0,0.2,0.2,,18.7,239,34.2,
2026-08-28T15:45,18.0,83,16.9,0.2,0.2,,18.7,237,34.2,
2026-08-28T16:00,17.9,83,16.9,0.2,0.2,,18.4,235,33.8,
2026-08-28T16:15,17.8,83,16.8,0.1,0.1,,17.6,234,32.8,
2026-08-28T16:30,17.7,82,16.9,0.1,0.1,,16.2,232,31.7,
2026-08-28T16:45,17.7,81,17.0,0.1,0.1,,15.1,231,30.2,
2026-08-28T17:00,17.8,81,17.3,0.1,0.1,,14.0,229,28.8,
2026-08-28T17:15,18.2,81,17.9,0.0,0.0,,13.0,228,27.7,
2026-08-28T17:30,18.7,81,18.7,0.0,0.0,,12.2,228,26.3,
2026-08-28T17:45,19.2,81,19.6,0.0,0.0,,11.5,227,25.2,
2026-08-28T18:00,19.6,81,20.1,0.0,0.0,,11.2,226,24.5,
2026-08-28T18:15,19.7,81,20.3,0.0,0.0,,11.5,223,24.5,
2026-08-28T18:30,19.8,81,20.2,0.0,0.0,,12.2,219,24.8,
2026-08-28T18:45,19.7,81,20.0,0.0,0.0,,13.0,216,25.2,
2026-08-28T19:00,19.6,81,19.8,0.0,0.0,,13.3,212,25.6,
2026-08-28T19:15,19.4,82,19.5,0.0,0.0,,13.7,210,25.9,
2026-08-28T19:30,19.0,84,19.2,0.0,0.0,,13.7,208,25.9,
2026-08-28T19:45,18.7,85,18.8,0.0,0.0,,13.7,205,25.9,
2026-08-28T20:00,18.5,86,18.6,0.0,0.0,,13.3,203,25.6,
2026-08-28T20:15,18.4,86,18.6,0.0,0.0,,13.0,208,24.5,
2026-08-28T20:30,18.5,85,18.7,0.0,0.0,,12.2,212,22.7,
2026-08-28T20:45,18.5,83,18.8,0.0,0.0,,11.5,217,21.2,
2026-08-28T21:00,18.5,83,18.7,0.0,0.0,,11.2,221,20.2,
2026-08-28T21:15,18.3,84,18.6,0.0,0.0,,10.8,216,19.8,
2026-08-28T21:30,18.0,85,18.2,0.0,0.0,,10.8,211,19.8,
2026-08-28T21:45,17.7,86,17.9,0.0,0.0,,10.8,206,19.8,
2026-08-28T22:00,17.5,87,17.6,0.0,0.0,,11.2,201,20.5,
2026-08-28T22:15,17.4,87,17.4,0.0,0.0,,11.9,201,21.6,
2026-08-28T22:30,17.4,87,17.3,0.0,0.0,,12.6,200,23.4,
2026-08-28T22:45,17.4,87,17.2,0.0,0.0,,13.3,200,25.2,
2026-08-28T23:00,17.3,87,17.1,0.0,0.0,,13.7,199,25.9,
2026-08-28T23:15,17.2,87,17.0,0.0,0.0,,13.3,197,25.2,
2026-08-28T23:30,17.1,86,16.9,0.0,0.0,,12.6,195,23.8,
2026-08-28T23:45,17.0,85,16.7,0.0,0.0,,11.9,192,22.0,
2026-08-29T00:00,16.8,85,16.6,0.0,0.0,,11.5,190,20.9,
2026-08-29T00:15,16.6,86,16.4,0.0,0.0,,11.2,193,20.5,
2026-08-29T00:30,16.4,87,16.2,0.0,0.0,,11.2,197,20.2,
2026-08-29T00:45,16.3,88,16.1,0.0,0.0,,11.2,200,20.5,
2026-08-29T01:00,16.1,89,15.9,0.0,0.0,,11.5,203,20.9,
2026-08-29T01:15,16.3,89,16.0,0.0,0.0,,12.6,195,24.1,
2026-08-29T01:30,16.1,88,15.2,0.0,0.0,,15.1,196,27.4,
2026-08-29T01:45,15.9,86,14.5,0.0,0.0,,17.3,196,30.6,
2026-08-29T02:00,15.7,85,14.0,0.0,0.0,,18.7,196,32.8,
2026-08-29T02:15,15.7,85,14.0,0.0,0.0,,18.7,196,33.1,
2026-08-29T02:30,15.7,87,14.2,0.0,0.0,,18.4,196,32.0,
2026-08-29T02:45,15.8,88,14.5,0.0,0.0,,17.3,196,31.0,
2026-08-29T03:15,15.9,90,14.9,0.0,0.0,,16.9,197,30.2,
2026-08-29T03:30,16.1,90,15.0,0.0,0.0,,17.3,198,30.2,
2026-08-29T03:45,16.2,91,15.2,0.0,0.0,,17.6,199,30.6,
2026-08-29T04:00,16.2,91,15.2,0.0,0.0,,17.6,200,30.2,
2026-08-29T04:15,16.1,92,15.3,0.0,0.0,,16.9,199,29.2,
2026-08-29T04:30,16.0,92,15.2,0.0,0.0,,16.2,199,28.1,
2026-08-29T04:45,15.8,93,15.2,0.0,0.0,,15.1,198,26.6,
2026-08-29T05:00,15.7,93,15.1,0.0,0.0,,14.4,197,25.9,
2026-08-29T05:15,15.6,93,15.0,0.0,0.0,,14.4,197,25.9,
2026-08-29T05:30,15.6,93,15.0,0.0,0.0,,14.8,198,26.6,
2026-08-29T05:45,15.6,93,14.9,0.0,0.0,,15.1,198,27.0,
2026-08-29T06:00,15.6,93,14.9,0.0,0.0,,15.1,198,27.0,
2026-08-29T06:15,15.5,93,14.8,0.0,0.0,,14.8,197,25.9,
2026-08-29T06:30,15.3,94,14.7,0.0,0.0,,14.0,195,24.5,
2026-08-29T06:45,15.2,95,14.7,0.0,0.0,,13.3,194,23.4,
2026-08-29T07:00,15.1,95,14.7,0.0,0.0,,13.0,192,22.7,
2026-08-29T07:15,15.1,95,14.6,0.0,0.0,,13.3,193,23.4,
2026-08-29T07:30,15.2,95,14.7,0.0,0.0,,14.0,193,24.8,
2026-08-29T07:45,15.3,95,14.7,0.0,0.0,,14.8,194,26.6,
2026-08-29T08:00,15.7,93,15.3,0.0,0.0,,13.7,194,26.3,
2026-08-29T08:15,16.0,92,15.6,0.0,0.0,,13.7,191,27.0,
2026-08-29T08:30,16.3,91,15.9,0.0,0.0,,14.0,187,27.4,
2026-08-29T08:45,16.7,90,16.3,0.0,0.0,,14.0,184,27.7,
2026-08-29T09:00,17.0,89,16.7,0.0,0.0,,14.4,180,28.4,
2026-08-29T09:15,17.3,88,17.0,0.0,0.0,,14.8,180,29.2,
2026-08-29T09:30,17.7,87,17.3,0.0,0.0,,15.5,181,30.2,
2026-08-29T09:45,18.0,86,17.5,0.0,0.0,,16.2,181,31.3,
2026-08-29T10:00,18.2,85,17.8,0.0,0.0,,16.6,181,32.0,
2026-08-29T10:15,18.5,84,18.0,0.0,0.0,,16.9,183,32.8,
2026-08-29T10:30,18.7,84,18.3,0.0,0.0,,16.9,184,33.1,
2026-08-29T10:45,18.8,83,18.3,0.0,0.0,,17.3,186,33.5,
2026-08-29T11:00,18.9,83,18.5,0.0,0.0,,17.3,187,33.8,
2026-08-29T11:15,18.9,83,18.4,0.0,0.0,,17.6,188,34.6,
2026-08-29T11:30,18.7,84,18.2,0.0,0.0,,18.0,189,34.9,
2026-08-29T11:45,18.6,85,18.0,0.0,0.0,,18.4,189,35.6,
2026-08-29T12:00,18.5,85,17.8,0.0,0.0,,18.4,190,35.6,
2026-08-29T12:15,18.5,85,17.9,0.0,0.0,,18.0,191,35.3,
2026-08-29T12:30,18.6,85,18.1,0.0,0.0,,17.6,192,34.6,
2026-08-29T12:45,18.6,85,18.2,0.0,0.0,,17.3,193,33.5,
2026-08-29T13:00,18.7,85,18.3,0.0,0.0,,16.9,194,33.1,
2026-08-29T13:15,18.6,86,18.3,0.1,0.1,,16.9,192,33.1,
2026-08-29T13:30,18.6,87,18.3,0.1,0.1,,16.9,190,33.1,
2026-08-29T13:45,18.3,87,17.7,0.1,0.1,,18.7,187,34.9,
2026-08-29T14:00,18.2,88,17.6,0.1,0.1,,19.4,184,35.6,
2026-08-29T14:15,18.2,88,17.5,0.1,0.1,,19.8,184,36.0,
2026-08-29T14:30,18.3,89,17.7,0.1,0.1,,19.8,183,36.0,
2026-08-29T14:45,18.4,89,17.9,0.1,0.1,,19.4,183,36.0,
2026-08-29T15:00,18.5,89,18.0,0.1,0.1,,19.4,182,36.0,
2026-08-29T15:15,18.5,89,18.0,0.6,0.6,,19.4,179,36.4,
2026-08-29T15:30,18.4,90,18.0,0.6,0.6,,19.1,176,36.4,
2026-08-29T15:45,18.4,91,18.0,0.6,0.6,,19.1,172,36.7,
2026-08-29T16:00,18.4,91,18.0,0.6,0.6,,19.1,169,37.4,
2026-08-29T16:15,18.5,91,18.1,0.0,0.0,,19.8,173,38.2,
2026-08-29T16:30,18.6,91,18.2,0.0,0.0,,20.5,176,39.6,
2026-08-29T16:45,18.8,91,18.2,0.0,0.0,,21.6,180,40.7,
2026-08-29T17:00,18.9,91,18.3,0.0,0.0,,22.3,183,41.8,
2026-08-29T17:15,19.0,91,18.4,0.0,0.0,,22.7,187,42.8,
2026-08-29T17:30,19.3,90,18.9,0.2,0.2,,22.0,185,44.3,
2026-08-29T17:45,19.4,90,19.1,0.2,0.2,,21.6,188,44.3,
2026-08-29T18:00,19.5,89,19.2,0.2,0.2,,21.2,191,43.9,
2026-08-29T18:15,19.5,88,19.2,0.0,0.0,,20.5,191,42.8,
2026-08-29T18:30,19.5,88,19.4,0.0,0.0,,19.4,191,41.0,
2026-08-29T18:45,19.5,87,19.4,0.0,0.0,,18.4,191,39.2,
2026-08-29T19:00,19.4,87,19.3,0.0,0.0,,18.4,191,38.9,
2026-08-29T19:15,19.4,87,19.1,0.0,0.0,,19.4,192,40.0,
2026-08-29T19:30,19.3,88,18.8,0.0,0.0,,21.2,194,42.1,
2026-08-29T19:45,19.2,88,18.4,0.0,0.0,,23.4,195,44.3,
2026-08-29T20:00,19.3,89,17.9,0.0,0.0,,28.1,193,52.2,
2026-08-29T20:15,19.2,89,17.7,0.0,0.0,,28.4,194,52.6,
2026-08-29T20:30,19.2,89,17.8,0.0,0.0,,27.7,195,51.5,
2026-08-29T20:45,19.1,89,17.8,0.0,0.0,,27.0,196,50.0,
2026-08-29T21:00,19.1,89,17.9,0.0,0.0,,25.9,197,49.3,
2026-08-29T21:15,19.1,89,18.0,0.0,0.0,,24.8,199,49.3,
2026-08-29T21:30,19.1,89,18.2,0.0,0.0,,23.8,201,50.0,
2026-08-29T21:45,19.1,90,18.4,0.0,0.0,,22.7,203,50.4,
2026-08-29T22:00,19.1,90,18.5,0.0,0.0,,22.0,205,50.0,
2026-08-29T22:15,19.1,90,18.6,0.5,0.5,,21.6,211,49.0,
2026-08-29T22:30,19.0,90,18.4,0.0,0.0,,21.6,206,41.4,
2026-08-29T22:45,18.8,91,18.5,0.0,0.0,,20.2,209,39.2,
2026-08-29T23:00,18.7,91,18.5,0.0,0.0,,19.4,213,38.2,
2026-08-29T23:15,18.7,91,18.4,0.0,0.0,,19.4,217,37.8,
2026-08-29T23:30,18.7,91,18.4,0.0,0.0,,19.8,220,37.8,
2026-08-29T23:45,18.7,91,18.3,0.0,0.0,,20.5,224,38.5,
2026-08-30T00:00,18.7,90,18.1,0.0,0.0,,21.2,227,39.2,
2026-08-30T00:15,18.6,88,17.7,0.0,0.0,,22.0,228,40.3,
2026-08-30T00:30,18.5,86,17.4,0.0,0.0,,22.3,228,41.8,
2026-08-30T07:45,17.0,87,15.8,0.0,0.0,3,19.1,223,37.8,1007.3
2026-08-30T00:45,18.8,85,18.2,0.0,0.0,,19.4,227,38.9,
2026-08-30T01:00,18.7,83,17.7,0.0,0.0,,20.9,228,41.8,
2026-08-30T01:15,18.5,83,17.2,0.0,0.0,,22.0,227,43.2,
2026-08-30T01:30,18.2,83,16.7,0.0,0.0,,22.7,226,43.6,
2026-08-30T01:45,17.9,83,16.3,0.0,0.0,,23.0,225,43.9,
2026-08-30T02:00,17.7,84,15.9,0.0,0.0,,23.4,224,43.9,
2026-08-30T02:15,17.5,84,15.7,0.0,0.0,,23.4,225,43.6,
2026-08-30T02:30,17.3,85,15.5,0.0,0.0,,23.4,226,43.2,
2026-08-30T02:45,17.2,86,15.4,0.0,0.0,,23.4,227,42.5,
2026-08-30T03:00,17.1,86,15.4,0.0,0.0,,23.0,228,41.8,
2026-08-30T03:15,17.1,86,15.3,0.0,0.0,,22.7,229,40.7,
2026-08-30T03:30,17.1,87,15.5,0.0,0.0,,22.0,229,39.6,
2026-08-30T03:45,17.1,87,15.6,0.0,0.0,,21.6,230,38.5,
2026-08-30T04:00,17.1,87,15.7,0.0,0.0,,21.2,230,38.2,
2026-08-30T04:15,17.1,87,15.7,0.0,0.0,,21.2,228,38.5,
2026-08-30T04:30,17.2,86,15.7,0.0,0.0,,21.2,226,39.2,
2026-08-30T04:45,17.2,86,15.7,0.0,0.0,,21.6,224,40.0,
2026-08-30T05:00,17.2,86,15.7,0.0,0.0,,21.6,222,40.7,
2026-08-30T05:15,17.2,86,15.7,0.0,0.0,,21.6,220,40.7,
2026-08-30T05:30,17.2,87,15.7,0.0,0.0,,21.6,219,40.7,
2026-08-30T05:45,17.1,88,15.7,0.0,0.0,,21.6,217,40.7,
2026-08-30T06:00,16.7,88,15.7,0.0,0.0,,17.6,219,33.5,
2026-08-30T06:15,16.7,88,15.7,0.0,0.0,,17.3,218,33.1,
2026-08-30T06:30,16.7,88,15.7,0.0,0.0,,17.6,218,33.5,
2026-08-30T06:45,16.7,88,15.7,0.0,0.0,,18.0,217,34.2,
2026-08-30T07:00,16.8,88,15.8,0.0,0.0,,18.0,216,34.6,
2026-08-30T07:15,16.8,88,15.8,0.0,0.0,,18.0,218,34.6,
2026-08-30T07:30,16.9,88,15.9,0.0,0.0,,17.6,220,34.6,
2026-08-30T08:00,17.0,87,16.1,0.0,0.0,,17.3,223,33.8,
2026-08-30T08:15,17.0,87,16.1,0.0,0.0,,16.9,224,33.1,
2026-08-30T08:30,16.9,87,16.0,0.0,0.0,,16.6,225,32.0,
2026-08-30T08:45,16.9,87,16.1,0.0,0.0,,16.2,225,31.0,
2026-08-30T09:00,17.0,87,16.2,0.0,0.0,,16.2,226,30.6,
2026-08-30T09:15,17.2,86,16.4,0.0,0.0,,16.6,226,31.3,
2026-08-30T09:30,17.6,85,16.9,0.0,0.0,,16.9,227,32.4,
2026-08-30T09:45,18.1,84,17.3,0.0,0.0,,17.6,227,33.8,
2026-08-30T10:00,18.4,83,17.7,0.0,0.0,,17.6,227,34.6,
2026-08-30T10:15,18.7,82,18.1,0.0,0.0,,17.3,227,34.9,
2026-08-30T10:30,19.0,81,18.6,0.0,0.0,,16.6,228,34.9,
2026-08-30T10:45,19.3,79,18.9,0.0,0.0,,15.8,228,34.9,
2026-08-30T11:00,19.5,78,19.2,0.0,0.0,,15.5,228,34.6,
2026-08-30T11:15,19.8,77,19.4,0.0,0.0,,15.5,227,33.8,
2026-08-30T17:15,21.9,66,21.8,0.0,0.0,3,12.6,194,25.6,1007.3
2026-08-30T11:30,18.8,81,18.9,0.0,0.0,,12.6,219,25.9,
2026-08-30T11:45,19.4,79,19.4,0.0,0.0,,13.3,217,27.7,
2026-08-30T12:00,19.8,77,19.8,0.0,0.0,,13.3,215,28.4,
2026-08-30T12:15,20.0,76,20.0,0.0,0.0,,13.0,214,28.1,
2026-08-30T12:30,20.1,74,20.1,0.0,0.0,,12.6,213,27.0,
2026-08-30T12:45,20.2,73,20.1,0.0,0.0,,12.2,212,25.9,
2026-08-30T13:00,20.2,73,20.3,0.0,0.0,,11.9,211,24.8,
2026-08-30T13:15,20.2,73,20.3,0.0,0.0,,11.5,210,23.8,
2026-08-30T13:30,20.1,74,20.2,0.0,0.0,,11.2,210,22.7,
2026-08-30T13:45,19.9,75,20.1,0.0,0.0,,11.2,209,22.0,
2026-08-30T14:00,20.0,75,20.2,0.0,0.0,,11.2,208,22.0,
2026-08-30T14:15,20.2,74,20.4,0.0,0.0,,11.5,208,23.0,
2026-08-30T14:30,20.6,73,20.7,0.0,0.0,,12.2,208,25.2,
2026-08-30T14:45,20.9,71,20.9,0.0,0.0,,13.0,207,27.0,
2026-08-30T15:00,21.2,70,21.2,0.0,0.0,,13.3,207,28.4,
2026-08-30T15:15,21.4,69,21.3,0.0,0.0,,13.3,207,28.8,
2026-08-30T23:30,19.0,83,19.2,1.0,1.0,63,12.6,219,24.8,1006.2
2026-08-30T15:30,22.6,59,22.1,0.0,0.0,,13.0,211,28.4,
2026-08-30T15:45,23.0,57,22.4,0.0,0.0,,13.0,208,28.1,
2026-08-30T16:00,23.2,56,22.6,0.0,0.0,,12.6,206,27.7,
2026-08-30T16:15,23.1,57,22.7,0.0,0.0,,11.9,203,26.3,
2026-08-30T16:30,22.8,60,22.7,0.0,0.0,,10.8,199,24.5,
2026-08-30T16:45,22.4,64,22.7,0.0,0.0,,9.7,196,22.3,
2026-08-30T17:00,22.1,66,22.6,0.0,0.0,,9.4,192,21.2,
2026-08-30T17:30,21.6,67,21.8,0.0,0.0,,10.8,188,22.3,
2026-08-30T17:45,21.4,67,21.4,0.0,0.0,,11.5,186,23.4,
2026-08-30T18:00,21.3,67,21.1,0.0,0.0,,12.2,184,23.8,
2026-08-30T18:15,21.3,67,21.1,0.0,0.0,,12.2,184,23.4,
2026-08-30T18:30,21.4,67,21.3,0.0,0.0,,11.9,184,22.3,
2026-08-30T18:45,21.5,67,21.6,0.0,0.0,,11.2,184,21.2,
2026-08-30T19:00,21.5,68,21.7,0.0,0.0,,10.8,184,20.5,
2026-08-30T19:15,21.4,69,21.7,0.0,0.0,,10.8,182,20.2,
2026-08-30T19:30,21.3,71,21.8,0.0,0.0,,10.8,180,20.2,
2026-08-30T19:45,21.2,73,21.7,0.0,0.0,,10.8,178,20.2,
2026-08-30T20:00,21.0,74,21.5,0.0,0.0,,10.8,176,20.2,
2026-08-30T20:15,20.7,75,21.3,0.0,0.0,,10.4,182,19.8,
2026-08-30T20:30,20.3,75,20.8,0.0,0.0,,10.4,189,18.7,
2026-08-30T20:45,20.0,75,20.3,0.0,0.0,,10.1,195,18.0,
2026-08-30T21:00,19.7,75,20.1,0.0,0.0,,9.7,201,17.6,
2026-08-30T21:15,19.6,76,20.0,0.0,0.0,,9.7,195,17.3,
2026-08-30T21:30,19.6,76,19.9,0.0,0.0,,9.7,189,17.3,
2026-08-30T21:45,19.5,73,19.8,0.0,0.0,,8.3,185,16.2,
2026-08-30T22:00,19.4,73,19.8,0.0,0.0,,7.9,180,15.5,
2026-08-30T22:15,19.4,75,19.9,0.0,0.0,,7.6,172,14.4,
2026-08-30T22:30,19.3,78,20.1,0.0,0.0,,7.2,165,13.0,
2026-08-30T22:45,19.2,82,20.3,0.0,0.0,,7.2,157,12.2,
2026-08-30T23:00,19.1,85,20.3,0.0,0.0,,7.6,149,12.6,
2026-08-30T23:15,19.0,88,20.2,1.1,1.1,,8.6,170,15.1,
2026-08-30T23:45,18.5,93,19.3,1.1,1.1,,12.6,211,22.7,
2026-08-31T05:30,16.0,90,14.3,0.0,0.0,2,22.0,212,42.1,1005.9
2026-08-31T00:00,18.2,91,18.8,1.1,1.1,,12.6,238,24.1,
2026-08-31T00:15,18.4,88,18.8,0.1,0.1,,12.2,231,23.8,
2026-08-31T00:30,18.7,82,19.1,0.1,0.1,,10.8,225,21.6,
2026-08-31T00:45,19.1,77,19.3,0.1,0.1,,9.7,218,19.8,
2026-08-31T01:00,19.1,74,19.2,0.1,0.1,,9.4,211,19.1,
2026-08-31T01:15,18.8,76,18.8,0.0,0.0,,10.4,210,20.5,
2026-08-31T01:30,18.3,80,18.1,0.0,0.0,,12.2,208,23.0,
2026-08-31T01:45,17.7,85,17.3,0.0,0.0,,14.4,207,25.9,
2026-08-31T02:00,17.2,88,16.7,0.0,0.0,,15.8,205,28.1,
2026-08-31T02:15,17.0,89,16.4,0.0,0.0,,16.6,204,29.5,
2026-08-31T02:30,16.9,89,16.2,0.0,0.0,,16.9,203,30.2,
2026-08-31T02:45,16.9,89,16.1,0.0,0.0,,17.3,202,31.0,
2026-08-31T03:00,16.8,89,15.9,0.0,0.0,,17.6,201,32.0,
2026-08-31T03:15,16.7,89,15.7,0.0,0.0,,18.4,202,33.5,
2026-08-31T03:30,16.6,88,15.3,0.0,0.0,,19.4,204,35.3,
2026-09-01T00:00,15.8,90,15.7,0.0,0.0,0,10.4,227,20.9,1014.5
2026-08-31T03:45,17.3,86,16.2,0.0,0.0,,18.7,207,32.8,
2026-08-31T04:00,17.2,86,16.1,0.0,0.0,,18.7,208,33.1,
2026-08-31T04:15,17.0,87,15.8,0.0,0.0,,19.4,208,34.9,
2026-08-31T04:30,16.7,88,15.2,0.0,0.0,,20.5,209,37.4,
2026-08-31T04:45,16.4,89,14.7,0.0,0.0,,21.6,209,40.0,
2026-08-31T05:00,16.2,90,14.5,0.0,0.0,,22.0,209,41.0,
2026-08-31T05:15,16.1,90,14.5,0.0,0.0,,21.6,209,40.3,
2026-08-31T05:45,16.3,89,15.0,0.0,0.0,,19.4,208,36.4,
2026-08-31T06:00,16.4,88,15.2,0.0,0.0,,18.7,207,35.3,
2026-08-31T06:15,16.6,85,15.2,0.0,0.0,,18.7,207,35.6,
2026-08-31T06:30,16.8,81,15.1,0.0,0.0,,19.1,206,37.1,
2026-08-31T06:45,16.9,78,15.1,0.0,0.0,,19.4,206,38.5,
2026-08-31T07:00,17.0,76,15.0,0.0,0.0,,19.8,205,39.6,
2026-08-31T07:15,16.9,77,15.0,0.0,0.0,,19.8,204,40.0,
2026-08-31T07:30,16.8,81,15.0,0.0,0.0,,19.8,204,39.6,
2026-08-31T07:45,16.6,85,15.1,0.0,0.0,,19.4,203,39.6,
2026-08-31T08:00,16.5,87,15.1,0.0,0.0,,19.4,202,39.2,
2026-08-31T08:15,16.5,87,15.1,0.0,0.0,,19.4,202,38.9,
2026-08-31T08:30,16.5,86,15.1,0.0,0.0,,19.1,202,38.5,
2026-08-31T08:45,16.6,85,15.2,0.0,0.0,,19.1,201,38.2,
2026-08-31T09:00,16.8,83,15.2,0.0,0.0,,19.4,201,38.5,
2026-08-31T09:15,17.0,81,15.3,0.0,0.0,,20.5,203,40.3,
2026-08-31T09:30,17.4,78,15.3,0.0,0.0,,22.0,206,43.2,
2026-08-31T09:45,17.7,75,15.4,0.0,0.0,,23.4,208,45.7,
2026-08-31T10:00,18.0,74,15.5,0.0,0.0,,24.1,210,46.8,
2026-08-31T10:15,18.0,75,15.8,0.0,0.0,,23.4,211,46.1,
2026-08-31T10:30,17.9,78,16.1,0.0,0.0,,22.0,211,43.6,
2026-08-31T10:45,17.9,81,16.4,0.0,0.0,,20.5,212,41.4,
2026-08-31T11:00,17.9,82,16.7,0.0,0.0,,19.8,212,40.3,
2026-08-31T11:15,18.2,81,16.9,0.0,0.0,,20.2,218,41.4,
2026-08-31T11:30,18.6,79,17.2,0.0,0.0,,21.2,224,43.6,
2026-08-31T11:45,19.0,76,17.3,0.0,0.0,,22.3,229,45.7,
2026-08-31T12:00,19.2,75,17.5,0.0,0.0,,22.7,235,46.8,
2026-08-31T12:15,19.1,75,17.3,0.4,0.4,,22.3,236,46.1,
2026-08-31T12:30,18.7,76,17.1,0.4,0.4,,21.2,238,44.6,
2026-08-31T12:45,18.4,78,16.9,0.4,0.4,,20.2,239,42.5,
2026-08-31T13:00,18.1,79,16.8,0.4,0.4,,19.4,240,41.0,
2026-08-31T13:15,18.1,80,16.8,0.1,0.1,,19.1,240,40.0,
2026-08-31T13:30,18.1,82,17.0,0.1,0.1,,19.1,240,39.2,
2026-08-31T13:45,18.3,84,17.6,0.1,0.1,,19.1,240,38.5,
2026-08-31T14:00,18.4,84,18.1,0.1,0.1,,19.1,240,38.5,
2026-08-31T14:15,18.6,83,18.4,0.0,0.0,,19.4,244,39.2,
2026-08-31T14:30,18.9,82,18.7,0.0,0.0,,19.8,248,40.3,
2026-08-31T14:45,19.2,79,18.8,0.0,0.0,,20.5,252,41.8,
2026-08-31T15:00,19.4,77,18.7,0.0,0.0,,20.9,256,42.8,
2026-08-31T15:15,19.7,74,18.6,0.0,0.0,,21.2,256,43.6,
2026-08-31T15:30,20.0,70,18.3,0.0,0.0,,21.6,255,44.3,
2026-08-31T15:45,20.3,67,18.4,0.0,0.0,,22.0,255,44.6,
2026-08-31T16:00,20.5,65,18.4,0.0,0.0,,22.3,254,45.0,
2026-08-31T16:15,20.5,65,18.4,0.0,0.0,,22.3,255,45.0,
2026-08-31T16:30,20.3,67,18.4,0.0,0.0,,22.3,255,44.6,
2026-08-31T16:45,20.1,69,18.3,0.0,0.0,,22.3,256,43.9,
2026-08-31T17:00,20.0,70,18.2,0.0,0.0,,22.3,256,43.6,
2026-08-31T17:15,20.0,71,18.3,0.0,0.0,,22.3,257,43.2,
2026-08-31T17:30,20.0,72,18.4,0.0,0.0,,22.0,258,42.8,
2026-08-31T17:45,20.1,72,18.6,0.0,0.0,,21.6,259,42.5,
2026-08-31T18:00,20.1,72,18.7,0.0,0.0,,21.2,260,41.8,
2026-08-31T18:15,20.2,71,18.7,0.0,0.0,,20.9,261,41.0,
2026-08-31T18:30,20.2,69,18.7,0.0,0.0,,20.5,262,40.3,
2026-08-31T18:45,20.3,67,18.6,0.0,0.0,,20.2,263,39.6,
2026-08-31T19:00,20.2,67,18.6,0.0,0.0,,19.4,264,38.2,
2026-08-31T19:15,19.9,69,18.6,0.0,0.0,,18.4,262,36.0,
2026-08-31T19:30,19.5,72,18.4,0.0,0.0,,17.3,260,33.5,
2026-08-31T19:45,19.1,75,18.3,0.0,0.0,,16.2,258,30.6,
2026-08-31T20:00,18.7,78,18.1,0.0,0.0,,15.1,256,28.4,
2026-08-31T20:15,18.4,80,17.9,0.0,0.0,,14.4,255,27.0,
2026-08-31T20:30,18.1,81,17.7,0.0,0.0,,13.7,254,25.6,
2026-08-31T20:45,17.7,82,17.4,0.0,0.0,,13.0,252,24.8,
2026-08-31T21:00,17.5,83,17.2,0.0,0.0,,12.6,251,24.1,
2026-08-31T21:15,17.3,84,17.0,0.0,0.0,,12.2,247,23.8,
2026-08-31T21:30,17.1,85,16.9,0.0,0.0,,11.9,243,24.1,
2026-08-31T21:45,16.9,86,16.8,0.0,0.0,,11.5,238,24.1,
2026-08-31T22:00,16.8,87,16.7,0.0,0.0,,11.2,234,24.1,
2026-08-31T22:15,17.6,81,17.2,0.0,0.0,,12.6,232,23.4,
2026-08-31T22:30,17.3,83,17.0,0.0,0.0,,12.2,229,22.7,
2026-08-31T22:45,17.0,85,16.8,0.0,0.0,,11.9,226,22.0,
2026-08-31T23:00,16.7,87,16.6,0.0,0.0,,11.5,223,20.9,
2026-08-31T23:15,16.5,88,16.4,0.0,0.0,,10.8,225,19.8,
2026-08-31T23:30,16.3,89,16.3,0.0,0.0,,10.1,228,18.4,
2026-08-31T23:45,16.1,90,16.1,0.0,0.0,,9.7,230,17.3,
2026-09-01T00:15,15.8,90,15.8,0.0,0.0,,9.7,230,17.3,
2026-09-01T00:30,15.7,90,15.6,0.0,0.0,,10.1,228,18.0,
2026-09-01T00:45,15.6,90,15.4,0.0,0.0,,10.8,225,19.1,
2026-09-01T01:00,15.6,90,15.2,0.0,0.0,,11.2,223,19.8,
2026-09-01T01:15,15.5,90,15.2,0.0,0.0,,10.8,223,19.8,
2026-09-01T01:30,15.8,89,15.3,0.0,0.0,,12.6,223,22.3,
2026-09-01T01:45,15.7,91,15.2,0.0,0.0,,13.0,221,22.7,
2026-09-01T02:00,15.6,92,15.1,0.0,0.0,,13.3,219,22.7,
2026-09-01T02:15,15.4,92,14.8,0.0,0.0,,13.3,219,22.7,
2026-09-01T02:30,15.3,92,14.7,0.0,0.0,,13.3,219,22.7,
2026-09-01T02:45,15.2,92,14.6,0.0,0.0,,13.0,219,22.3,
2026-09-01T03:00,15.1,92,14.5,0.0,0.0,,13.0,219,22.3,
2026-09-01T03:15,15.2,92,14.6,0.0,0.0,,13.0,221,22.3,
2026-09-01T03:30,15.3,91,14.6,0.0,0.0,,13.0,223,22.3,
2026-09-01T03:45,15.4,90,14.8,0.0,0.0,,13.0,225,22.3,
2026-09-01T04:00,15.5,90,14.8,0.0,0.0,,13.0,227,22.0,
2026-09-01T04:15,15.4,90,14.8,0.0,0.0,,12.6,225,21.6,
2026-09-01T04:30,15.4,91,14.9,0.0,0.0,,11.9,223,20.9,
2026-09-01T04:45,15.2,92,14.8,0.0,0.0,,11.5,220,20.2,
2026-09-01T05:00,15.1,92,14.8,0.0,0.0,,11.2,218,19.8,
2026-09-01T05:15,15.0,92,14.6,0.0,0.0,,11.2,218,20.2,
2026-09-01T05:30,14.9,92,14.3,0.0,0.0,,11.9,218,20.9,
2026-09-01T05:45,14.7,92,14.1,0.0,0.0,,12.2,218,21.6,
2026-09-01T06:00,14.6,92,13.8,0.0,0.0,,12.6,218,22.0,
2026-09-01T06:15,14.4,92,13.6,0.0,0.0,,12.6,218,22.3,
2026-09-01T06:30,14.3,92,13.5,0.0,0.0,,12.6,219,22.3,
2026-09-01T14:00,22.0,48,21.0,0.0,0.0,3,8.3,274,22.3,1016.9
2026-09-01T06:45,14.2,92,13.3,0.0,0.0,,12.6,219,22.7,
2026-09-01T07:00,14.1,92,13.2,0.0,0.0,,12.6,219,22.7,
2026-09-01T07:15,14.1,91,13.1,0.0,0.0,,12.6,221,22.7,
2026-09-01T07:30,14.2,91,13.2,0.0,0.0,,12.6,223,22.7,
2026-09-01T07:45,14.2,90,13.2,0.0,0.0,,12.6,224,22.7,
2026-09-01T08:00,14.4,89,13.4,0.0,0.0,,12.2,226,22.7,
2026-09-01T08:15,14.6,88,13.7,0.0,0.0,,11.5,228,22.7,
2026-09-01T08:30,14.8,88,14.2,0.0,0.0,,10.4,229,22.7,
2026-09-01T08:45,15.1,87,14.7,0.0,0.0,,9.7,231,22.7,
2026-09-01T09:00,15.5,86,15.2,0.0,0.0,,9.0,232,22.7,
2026-09-01T09:15,16.0,84,15.8,0.0,0.0,,9.0,235,22.0,
2026-09-01T09:30,16.6,83,16.5,0.0,0.0,,9.0,238,21.2,
2026-09-01T09:45,17.2,80,17.0,0.0,0.0,,9.4,241,20.5,
2026-09-01T10:00,17.7,78,17.6,0.0,0.0,,9.7,244,20.2,
2026-09-01T10:15,18.2,75,18.0,0.0,0.0,,10.1,248,20.9,
2026-09-01T10:30,18.7,72,18.2,0.0,0.0,,10.8,251,22.0,
2026-09-01T10:45,19.1,69,18.5,0.0,0.0,,11.2,255,23.0,
2026-09-01T11:00,19.4,66,18.7,0.0,0.0,,11.5,258,24.1,
2026-09-01T11:15,19.7,64,18.9,0.0,0.0,,11.9,258,24.8,
2026-09-01T11:30,20.0,62,19.2,0.0,0.0,,11.9,257,25.2,
2026-09-01T11:45,20.2,61,19.5,0.0,0.0,,11.9,257,25.6,
2026-09-01T12:00,20.4,59,19.6,0.0,0.0,,11.9,256,25.6,
2026-09-01T12:15,20.5,59,19.9,0.0,0.0,,11.5,275,24.5,
2026-09-01T12:30,20.4,59,19.9,0.0,0.0,,10.8,295,23.0,
2026-09-01T12:45,20.3,60,19.7,0.0,0.0,,10.1,314,21.6,
2026-09-01T13:00,20.2,60,19.5,0.0,0.0,,9.7,333,20.5,
2026-09-01T13:15,20.2,59,19.5,0.0,0.0,,9.4,322,20.2,
2026-09-01T13:30,20.2,59,19.5,0.0,0.0,,9.4,312,20.5,
2026-09-01T13:45,20.3,58,19.5,0.0,0.0,,9.4,301,20.9,
2026-09-01T14:15,20.7,57,20.0,0.0,0.0,,8.6,285,20.5,
2026-09-01T14:30,21.0,57,20.6,0.0,0.0,,7.9,281,19.8,
2026-09-01T14:45,21.4,57,21.1,0.0,0.0,,7.6,276,19.4,
2026-09-01T15:00,21.7,56,21.4,0.0,0.0,,7.6,271,19.4,
2026-09-01T15:15,21.9,54,21.5,0.0,0.0,,7.9,274,20.2,
2026-09-01T15:30,22.1,52,21.4,0.0,0.0,,8.6,277,21.2,
2026-09-01T15:45,22.3,49,21.3,0.0,0.0,,9.4,279,22.7,
2026-09-01T16:00,22.5,47,21.2,0.0,0.0,,10.1,282,23.4,
2026-09-01T16:15,22.6,46,21.3,0.0,0.0,,10.1,277,23.8,
2026-09-01T16:30,22.7,44,21.2,0.0,0.0,,10.1,272,23.4,
2026-09-01T16:45,22.3,49,21.1,0.0,0.0,,10.1,277,23.0,
2026-09-01T17:00,22.1,50,21.0,0.0,0.0,,10.1,275,22.7,
2026-09-01T17:15,22.0,51,20.9,0.0,0.0,,10.1,277,22.3,
2026-09-01T17:30,21.9,53,21.0,0.0,0.0,,10.1,278,22.0,
2026-09-01T17:45,21.7,54,20.8,0.0,0.0,,10.1,280,21.6,
2026-09-01T18:00,21.5,55,20.7,0.0,0.0,,10.1,281,21.2,
2026-09-01T18:15,21.3,55,20.4,0.0,0.0,,10.4,279,21.2,
2026-09-01T18:30,21.2,55,20.1,0.0,0.0,,11.2,277,21.6,
2026-09-01T18:45,21.0,55,19.7,0.0,0.0,,11.9,275,22.0,
2026-09-01T19:00,20.7,55,19.4,0.0,0.0,,12.2,273,22.3,
2026-09-01T19:15,20.5,56,19.1,0.0,0.0,,12.2,271,22.7,
2026-09-01T19:30,20.2,57,18.9,0.0,0.0,,12.2,268,23.0,
2026-09-01T19:45,21.0,49,19.4,0.0,0.0,,11.2,266,19.8,
2026-09-01T20:00,20.6,51,19.1,0.0,0.0,,10.8,264,18.7,
2026-09-01T20:15,20.0,54,18.7,0.0,0.0,,10.4,260,17.6,
2026-09-01T20:30,19.4,58,18.3,0.0,0.0,,10.1,255,16.2,
2026-09-01T20:45,18.8,62,17.8,0.0,0.0,,9.7,251,15.1,
2026-09-01T21:00,18.3,65,17.5,0.0,0.0,,9.0,246,14.4,
2026-09-01T21:15,17.9,67,17.3,0.0,0.0,,8.3,247,14.0,
2026-09-01T21:30,17.6,68,17.0,0.0,0.0,,7.6,248,14.4,
2026-09-01T21:45,17.4,68,16.9,0.0,0.0,,6.8,249,14.4,
2026-09-01T22:00,17.2,69,16.7,0.0,0.0,,6.1,250,14.4,
2026-09-01T22:15,17.6,64,17.0,0.0,0.0,,5.8,268,10.1,
2026-09-01T22:30,17.4,65,17.0,0.0,0.0,,4.0,280,7.2,
2026-09-01T22:45,17.1,67,17.0,0.0,0.0,,2.5,291,4.3,
2026-09-01T23:00,16.9,68,16.9,0.0,0.0,,1.8,302,2.5,
2026-09-01T23:15,16.8,68,16.8,0.0,0.0,,2.2,272,2.5,
2026-09-01T23:30,16.9,68,16.8,0.0,0.0,,2.9,241,3.2,
2026-09-01T23:45,16.9,68,16.6,0.0,0.0,,4.0,211,4.3,
2026-09-02T00:00,16.8,68,16.4,0.0,0.0,,4.7,180,5.4,
2026-09-02T00:15,16.6,69,16.1,0.0,0.0,,5.0,191,6.1,
2026-09-02T06:30,14.0,88,13.3,0.0,0.0,1,9.4,213,15.8,1016.4
2026-09-02T00:30,15.2,77,14.7,0.0,0.0,,6.1,224,9.4,
2026-09-02T00:45,15.2,76,14.7,0.0,0.0,,5.8,224,9.0,
2026-09-02T01:00,15.2,76,14.7,0.0,0.0,,5.8,224,9.0,
2026-09-02T01:15,15.2,76,14.7,0.0,0.0,,5.8,225,9.0,
2026-09-02T01:30,15.2,75,14.7,0.0,0.0,,5.8,227,9.0,
2026-09-02T01:45,15.2,75,14.6,0.0,0.0,,6.1,228,9.0,
2026-09-02T02:00,15.1,76,14.5,0.0,0.0,,6.1,229,9.4,
2026-09-02T02:15,14.9,78,14.3,0.0,0.0,,6.5,220,9.7,
2026-09-02T02:30,14.5,80,13.9,0.0,0.0,,6.8,211,10.4,
2026-09-02T02:45,14.2,82,13.5,0.0,0.0,,7.2,201,11.2,
2026-09-02T03:00,14.0,84,13.3,0.0,0.0,,7.6,192,11.5,
2026-09-02T03:15,14.0,85,13.3,0.0,0.0,,7.6,195,11.9,
2026-09-02T03:30,14.1,84,13.4,0.0,0.0,,7.6,198,11.9,
2026-09-02T03:45,14.3,84,13.7,0.0,0.0,,7.6,201,11.9,
2026-09-02T04:00,14.4,84,13.8,0.0,0.0,,7.6,204,12.2,
2026-09-02T04:15,14.4,84,13.9,0.0,0.0,,7.6,206,12.6,
2026-09-02T04:30,14.5,84,13.9,0.0,0.0,,7.6,209,13.0,
2026-09-02T04:45,14.7,85,14.2,0.0,0.0,,8.3,201,14.0,
2026-09-02T05:00,14.7,86,14.2,0.0,0.0,,8.6,200,14.8,
2026-09-02T05:15,14.5,87,14.0,0.0,0.0,,9.0,201,15.5,
2026-09-02T05:30,14.3,87,13.5,0.0,0.0,,9.7,202,16.2,
2026-09-02T05:45,14.0,88,13.2,0.0,0.0,,10.1,203,16.9,
2026-09-02T06:00,13.8,88,13.0,0.0,0.0,,10.1,204,17.3,
2026-09-02T06:15,13.7,88,12.8,0.0,0.0,,9.7,205,16.9,
2026-09-02T06:45,13.5,89,12.8,0.0,0.0,,8.6,206,15.1,
2026-09-02T07:00,13.5,89,12.8,0.0,0.0,,8.3,206,14.8,
2026-09-02T07:15,13.6,89,12.9,0.0,0.0,,8.3,203,15.1,
2026-09-02T07:30,13.7,89,13.1,0.0,0.0,,8.6,201,15.8,
2026-09-02T07:45,13.9,88,13.2,0.0,0.0,,9.0,198,16.6,
2026-09-02T08:00,14.1,88,13.5,0.0,0.0,,9.0,195,17.3,
2026-09-02T08:15,14.2,88,13.6,0.0,0.0,,9.0,201,17.6,
2026-09-02T08:30,14.4,87,13.8,0.0,0.0,,8.6,207,17.6,
2026-09-02T08:45,14.5,87,14.0,0.0,0.0,,8.6,212,17.3,
2026-09-02T09:00,14.7,86,14.2,0.0,0.0,,8.3,218,17.3,
2026-09-02T09:15,15.0,85,14.6,0.0,0.0,,7.9,221,17.3,
2026-09-02T09:30,15.3,84,15.0,0.0,0.0,,7.9,225,16.9,
2026-09-02T09:45,15.7,82,15.4,0.0,0.0,,7.6,228,16.9,
2026-09-02T10:00,16.1,81,15.9,0.0,0.0,,7.6,231,16.9,
2026-09-02T10:15,16.5,79,16.3,0.0,0.0,,7.6,232,17.3,
2026-09-02T10:30,16.9,78,16.7,0.0,0.0,,7.9,233,17.6,
2026-09-02T10:45,17.3,76,17.1,0.0,0.0,,8.3,233,18.0,
2026-09-02T11:00,17.7,74,17.4,0.0,0.0,,8.6,234,18.7,
2026-09-02T11:15,18.2,72,17.8,0.0,0.0,,9.0,238,19.4,
2026-09-02T11:30,18.6,70,18.2,0.0,0.0,,9.4,243,20.5,
2026-09-02T11:45,19.0,68,18.6,0.0,0.0,,9.7,247,21.2,
2026-09-02T12:00,19.3,66,18.8,0.0,0.0,,10.1,251,22.0,
2026-09-02T12:15,19.5,65,18.9,0.0,0.0,,10.1,250,22.3,
2026-09-02T12:30,19.6,63,18.9,0.0,0.0,,10.1,249,22.3,
2026-09-02T12:45,19.6,62,18.8,0.0,0.0,,10.1,248,22.0,
2026-09-02T13:00,19.8,61,19.0,0.0,0.0,,10.1,247,22.0,
2026-09-02T13:15,20.0,60,19.3,0.0,0.0,,9.7,250,22.0,
2026-09-02T13:30,20.4,59,19.7,0.0,0.0,,9.4,254,21.6,
2026-09-02T13:45,20.8,58,20.2,0.0,0.0,,9.0,257,21.6,
2026-09-02T14:00,21.1,56,20.4,0.0,0.0,,9.0,260,22.0,
2026-09-02T14:15,21.5,54,20.7,0.0,0.0,,9.4,258,22.7,
2026-09-02T14:30,21.9,52,21.0,0.0,0.0,,10.1,256,23.4,
2026-09-02T14:45,22.3,49,21.1,0.0,0.0,,10.8,254,24.1,
2026-09-02T15:00,22.6,47,21.3,0.0,0.0,,11.2,252,24.8,
2026-09-02T15:15,22.9,45,21.3,0.0,0.0,,11.5,253,25.2,
2026-09-02T15:30,23.0,44,21.4,0.0,0.0,,11.5,253,25.6,
2026-09-02T15:45,23.2,42,21.3,0.0,0.0,,11.9,254,25.9,
2026-09-02T16:00,23.3,41,21.4,0.0,0.0,,11.9,254,26.3,
2026-09-02T16:15,23.4,40,21.4,0.0,0.0,,11.9,255,26.3,
2026-09-02T16:30,23.4,39,21.3,0.0,0.0,,12.2,257,26.6,
2026-09-02T16:45,23.4,38,21.2,0.0,0.0,,12.2,258,26.6,
2026-09-02T17:00,23.3,38,21.0,0.0,0.0,,12.6,259,26.6,
2026-09-02T17:15,23.1,39,20.8,0.0,0.0,,13.0,260,27.0,
2026-09-02T17:30,23.1,38,20.8,0.0,0.0,,11.9,262,25.2,
2026-09-02T17:45,22.9,39,20.7,0.0,0.0,,11.5,263,24.1,
2026-09-02T18:00,22.8,39,20.7,0.0,0.0,,10.8,264,22.7,
2026-09-02T18:15,22.8,39,20.8,0.0,0.0,,10.1,261,21.2,
2026-09-02T18:30,22.8,40,21.1,0.0,0.0,,9.4,259,19.1,
2026-09-02T18:45,22.8,41,21.3,0.0,0.0,,8.6,256,17.3,
2026-09-02T19:00,22.7,42,21.3,0.0,0.0,,8.3,253,15.8,
2026-09-02T19:15,22.4,44,21.2,0.0,0.0,,7.9,260,14.8,
2026-09-02T19:30,21.9,46,20.7,0.0,0.0,,7.9,267,14.0,
2026-09-02T19:45,21.5,49,20.4,0.0,0.0,,7.9,274,13.0,
2026-09-02T20:00,21.1,50,20.1,0.0,0.0,,7.9,281,12.2,
2026-09-02T20:15,21.0,50,20.0,0.0,0.0,,7.2,252,10.8,
2026-09-02T20:30,20.9,48,19.9,0.0,0.0,,6.5,224,9.4,
2026-09-02T20:45,20.9,47,19.9,0.0,0.0,,5.8,195,8.3,
2026-09-02T21:00,20.9,46,19.7,0.0,0.0,,5.8,166,7.9,
2026-09-02T21:15,20.8,46,19.5,0.0,0.0,,6.5,170,9.0,
2026-09-02T21:30,20.7,46,19.2,0.0,0.0,,7.6,174,11.2,
2026-09-02T21:45,20.6,47,19.1,0.0,0.0,,8.6,178,13.7,
2026-09-02T22:00,20.5,47,18.9,0.0,0.0,,9.4,182,15.5,
2026-09-02T22:15,20.5,47,18.8,0.0,0.0,,9.7,184,16.6,
2026-09-02T22:30,20.4,47,18.7,0.0,0.0,,9.7,187,16.9,
2026-09-03T07:00,18.2,81,17.5,0.0,0.0,3,16.6,235,31.7,1014.3
2026-09-02T22:45,19.6,54,18.6,0.0,0.0,,7.2,168,11.5,
2026-09-02T23:00,19.3,56,18.4,0.0,0.0,,7.2,170,11.2,
2026-09-02T23:15,19.4,55,18.3,0.0,0.0,,7.9,174,12.6,
2026-09-02T23:30,19.6,52,18.2,0.0,0.0,,9.0,178,14.8,
2026-09-02T23:45,19.9,48,18.0,0.0,0.0,,10.1,182,17.3,
2026-09-03T00:00,20.1,45,17.9,0.0,0.0,,11.2,186,19.4,
2026-09-03T00:15,20.1,43,17.6,0.0,0.0,,11.9,187,20.9,
2026-09-03T00:30,20.0,42,17.4,0.0,0.0,,12.2,189,22.0,
2026-09-03T00:45,20.0,42,17.3,0.0,0.0,,12.6,190,22.7,
2026-09-03T01:00,19.9,42,17.1,0.0,0.0,,13.0,191,23.0,
2026-09-03T01:15,19.8,43,17.2,0.0,0.0,,13.0,193,23.0,
2026-09-03T01:30,19.7,46,17.3,0.0,0.0,,13.0,196,22.7,
2026-09-03T01:45,19.7,48,17.4,0.0,0.0,,13.0,198,22.3,
2026-09-03T02:00,19.6,49,17.4,0.0,0.0,,12.6,200,22.0,
2026-09-03T02:15,19.6,49,17.5,0.0,0.0,,12.2,206,21.2,
2026-09-03T02:30,19.7,47,17.5,0.0,0.0,,11.9,211,20.5,
2026-09-03T02:45,19.8,46,17.5,0.0,0.0,,11.5,217,20.2,
2026-09-03T03:00,19.8,45,17.5,0.0,0.0,,11.5,222,20.2,
2026-09-03T03:15,19.7,45,17.3,0.0,0.0,,11.9,218,20.9,
2026-09-03T03:30,19.6,45,17.1,0.0,0.0,,13.0,214,22.3,
2026-09-03T03:45,19.5,46,16.9,0.0,0.0,,13.7,209,23.8,
2026-09-03T04:00,19.4,48,16.8,0.0,0.0,,14.4,205,24.8,
2026-09-03T04:15,19.4,51,17.0,0.0,0.0,,14.4,210,25.6,
2026-09-03T04:30,19.4,56,17.4,0.0,0.0,,14.4,214,25.6,
2026-09-03T04:45,19.3,61,17.7,0.0,0.0,,14.4,219,25.6,
2026-09-03T05:00,19.2,64,17.9,0.0,0.0,,14.0,223,25.6,
2026-09-03T05:15,19.0,66,17.8,0.0,0.0,,13.7,221,24.8,
2026-09-03T05:30,18.8,66,17.6,0.0,0.0,,13.3,218,24.1,
2026-09-03T05:45,18.6,66,17.4,0.0,0.0,,13.0,216,23.0,
2026-09-03T06:00,18.4,67,17.2,0.0,0.0,,12.6,213,22.7,
2026-09-03T06:15,18.3,69,17.2,0.0,0.0,,12.6,214,23.0,
2026-09-03T06:30,18.3,71,17.4,0.0,0.0,,12.6,215,24.1,
2026-09-03T06:45,18.3,73,17.5,0.0,0.0,,13.0,215,25.2,
2026-09-03T07:15,18.3,76,17.7,0.0,0.0,,13.0,214,26.3,
2026-09-03T07:30,18.3,76,17.7,0.0,0.0,,13.3,212,26.6,
2026-09-03T07:45,18.4,76,17.8,0.0,0.0,,13.3,209,27.0,
2026-09-03T08:00,18.4,76,17.8,0.0,0.0,,13.3,207,27.0,
2026-09-03T08:15,18.5,77,18.0,0.0,0.0,,13.3,210,27.0,
2026-09-03T08:30,18.6,79,18.3,0.0,0.0,,13.0,212,26.6,
2026-09-03T08:45,18.7,80,18.6,0.0,0.0,,12.6,215,26.6,
2026-09-03T09:00,18.8,81,18.8,0.0,0.0,,12.6,217,26.6,
2026-09-03T09:15,18.9,81,18.9,0.0,0.0,,13.0,218,27.0,
2026-09-03T09:30,19.0,81,19.0,0.0,0.0,,13.3,219,27.4,
2026-09-03T09:45,19.1,80,19.0,0.0,0.0,,14.0,219,27.7,
2026-09-03T10:00,19.2,80,19.1,0.0,0.0,,14.4,220,28.4,
2026-09-03T10:15,19.3,80,19.0,0.0,0.0,,15.1,223,29.2,
2026-09-03T10:30,19.3,79,19.0,0.0,0.0,,15.5,226,30.2,
2026-09-03T10:45,19.4,79,18.9,0.0,0.0,,16.2,229,31.0,
2026-09-03T11:00,19.4,79,19.0,0.0,0.0,,16.6,232,31.7,
2026-09-03T11:15,19.5,80,19.1,0.0,0.0,,16.9,234,31.7,
2026-09-03T11:30,19.6,81,19.3,0.0,0.0,,16.9,237,31.7,
2026-09-03T11:45,19.7,82,19.5,0.0,0.0,,16.9,239,31.3,
2026-09-03T12:00,19.8,82,19.7,0.0,0.0,,16.9,241,31.3,
2026-09-03T12:15,20.0,81,19.8,0.0,0.0,,17.3,241,32.0,
2026-09-03T12:30,20.2,80,20.0,0.0,0.0,,17.6,242,33.1,
2026-09-03T12:45,20.4,79,20.1,0.0,0.0,,18.0,242,33.8,
2026-09-03T13:00,20.5,79,20.2,0.0,0.0,,18.4,242,34.6,
2026-09-03T13:15,20.6,80,20.4,0.0,0.0,,18.4,242,34.6,
2026-09-03T13:30,20.5,82,20.5,0.0,0.0,,18.0,242,34.6,
2026-09-03T13:45,20.5,83,20.6,0.0,0.0,,17.6,241,34.2,
2026-09-03T14:00,20.5,84,20.8,0.0,0.0,,17.3,241,33.8,
2026-09-03T14:15,20.7,83,21.0,0.0,0.0,,16.9,242,33.8,
2026-09-03T14:30,20.9,82,21.2,0.0,0.0,,16.9,242,33.5,
2026-09-03T14:45,21.1,80,21.4,0.0,0.0,,16.6,243,33.5,
2026-09-03T15:00,21.3,79,21.6,0.0,0.0,,16.6,243,33.8,
2026-09-03T15:15,21.4,78,21.6,0.0,0.0,,16.9,245,34.6,
2026-09-03T15:30,21.6,77,21.7,0.0,0.0,,17.6,246,35.3,
2026-09-03T15:45,21.7,76,21.7,0.0,0.0,,18.0,248,36.0,
2026-09-03T16:00,21.8,75,21.7,0.0,0.0,,18.4,249,36.4,
2026-09-03T16:15,21.9,75,21.8,0.0,0.0,,18.4,248,36.0,
2026-09-03T16:30,21.9,75,21.8,0.0,0.0,,18.0,248,34.9,
2026-09-03T16:45,21.9,76,22.1,0.0,0.0,,17.6,247,34.2,
2026-09-03T17:00,22.0,76,22.2,0.0,0.0,,17.3,246,33.5,
2026-09-03T17:15,22.1,75,22.3,0.0,0.0,,17.3,247,33.5,
2026-09-03T17:30,22.4,74,22.6,0.0,0.0,,17.3,248,33.5,
2026-09-03T17:45,22.6,73,22.7,0.0,0.0,,17.6,249,33.5,
2026-09-03T22:30,21.3,85,22.2,0.0,0.0,3,16.6,232,32.0,1015.1
2026-09-03T18:00,23.0,70,23.2,0.0,0.0,,16.9,258,32.8,
2026-09-03T18:15,23.1,70,23.3,0.0,0.0,,16.6,256,32.0,
2026-09-03T18:30,23.0,71,23.3,0.0,0.0,,15.8,253,30.6,
2026-09-03T18:45,22.9,73,23.5,0.0,0.0,,15.1,251,29.5,
2026-09-03T19:00,22.8,74,23.5,0.0,0.0,,15.1,248,29.2,
2026-09-03T19:15,22.7,75,23.4,0.0,0.0,,15.5,247,29.9,
2026-09-03T19:30,22.6,76,23.1,0.0,0.0,,16.6,246,31.0,
2026-09-03T19:45,22.5,76,22.8,0.0,0.0,,17.6,245,32.4,
2026-09-03T20:00,22.4,77,22.7,0.0,0.0,,18.0,244,33.5,
2026-09-03T20:15,22.3,78,22.7,0.0,0.0,,17.6,244,33.8,
2026-09-03T20:30,22.1,79,22.7,0.0,0.0,,16.9,243,34.2,
2026-09-04T00:45,21.4,87,22.6,0.0,0.0,3,15.8,228,31.0,1014.6
2026-09-03T20:45,22.4,76,22.8,0.0,0.0,,17.6,238,33.1,
2026-09-03T21:00,22.5,76,23.0,0.0,0.0,,17.3,234,32.8,
2026-09-03T21:15,22.4,77,22.9,0.0,0.0,,16.9,233,32.0,
2026-09-03T21:30,22.1,79,22.8,0.0,0.0,,16.2,232,31.0,
2026-09-03T21:45,21.8,81,22.7,0.0,0.0,,15.5,230,29.9,
2026-09-03T22:00,21.6,83,22.6,0.0,0.0,,15.1,229,29.5,
2026-09-03T22:15,21.5,84,22.6,0.0,0.0,,15.1,229,29.5,
2026-09-03T22:45,21.5,85,22.5,0.0,0.0,,16.2,229,31.0,
2026-09-04T02:45,21.0,87,22.0,0.0,0.0,3,16.2,221,30.6,1013.6
2026-09-03T23:00,21.6,84,22.8,0.0,0.0,,14.4,234,26.6,
2026-09-03T23:15,21.5,84,22.7,0.0,0.0,,14.0,230,26.3,
2026-09-03T23:30,21.5,84,22.7,0.0,0.0,,14.0,226,26.3,
2026-09-03T23:45,21.5,84,22.7,0.0,0.0,,13.7,222,26.3,
2026-09-04T00:00,21.4,84,22.6,0.0,0.0,,13.7,218,26.3,
2026-09-04T00:15,21.4,84,22.6,0.0,0.0,,13.7,219,26.6,
2026-09-04T00:30,21.4,84,22.6,0.0,0.0,,13.7,221,26.6,
2026-09-04T07:00,20.5,91,21.4,0.0,0.0,3,17.3,225,32.4,1011.1
2026-09-04T01:00,21.4,86,22.6,0.0,0.0,,14.8,218,28.4,
2026-09-04T01:15,21.4,85,22.5,0.0,0.0,,15.1,218,29.2,
2026-09-04T01:30,21.5,84,22.5,0.0,0.0,,15.8,219,29.9,
2026-09-04T01:45,21.6,83,22.4,0.0,0.0,,16.2,219,30.6,
2026-09-04T02:00,21.6,83,22.3,0.0,0.0,,16.6,219,31.0,
2026-09-04T02:15,21.5,84,22.3,0.0,0.0,,16.6,218,31.0,
2026-09-04T02:30,21.3,85,22.2,0.0,0.0,,16.6,217,30.6,
2026-09-04T03:00,21.1,87,22.0,0.0,0.0,,16.6,214,29.5,
2026-09-04T03:15,21.0,88,22.0,0.0,0.0,,16.2,217,29.2,
2026-09-04T03:30,21.0,88,22.1,0.0,0.0,,15.8,219,28.4,
2026-09-04T03:45,21.0,89,22.2,0.0,0.0,,15.8,222,27.7,
2026-09-04T04:00,21.0,89,22.2,0.0,0.0,,15.5,224,27.7,
2026-09-04T04:15,21.0,89,22.2,0.0,0.0,,15.5,223,28.1,
2026-09-04T04:30,21.0,88,22.1,0.0,0.0,,15.5,223,28.8,
2026-09-04T04:45,21.0,88,22.0,0.0,0.0,,15.8,222,29.5,
2026-09-04T05:00,20.9,88,21.9,0.0,0.0,,15.8,221,29.9,
2026-09-04T05:15,21.2,84,22.0,0.0,0.0,,16.2,225,31.0,
2026-09-04T05:30,21.0,86,21.9,0.0,0.0,,15.8,226,30.6,
2026-09-04T05:45,20.8,87,21.7,0.0,0.0,,15.5,227,30.2,
2026-09-04T06:00,20.6,88,21.6,0.0,0.0,,15.5,228,30.2,
2026-09-04T06:15,20.5,89,21.4,0.0,0.0,,15.8,226,30.6,
2026-09-04T06:30,20.5,90,21.4,0.0,0.0,,16.2,224,31.0,
2026-09-04T06:45,20.5,91,21.4,0.0,0.0,,16.9,221,31.7,
2026-09-04T07:15,20.6,90,21.3,0.0,0.0,,18.0,219,33.1,
2026-09-04T07:30,20.7,88,21.3,0.0,0.0,,18.4,219,34.2,
2026-09-04T07:45,20.9,87,21.3,0.0,0.0,,19.1,219,34.9,
2026-09-04T08:00,21.0,85,21.3,0.0,0.0,,19.4,219,36.0,
2026-09-04T08:15,21.1,84,21.3,0.0,0.0,,19.8,218,37.1,
2026-09-04T08:30,21.2,83,21.4,0.0,0.0,,19.8,218,37.8,
2026-09-04T08:45,21.3,82,21.4,0.0,0.0,,20.2,217,38.5,
2026-09-04T09:00,21.4,81,21.4,0.0,0.0,,20.2,216,39.2,
2026-09-04T09:15,21.5,80,21.5,0.0,0.0,,20.2,219,39.2,
2026-09-04T09:30,21.6,80,21.5,0.0,0.0,,20.5,222,39.2,
2026-09-04T15:45,24.0,66,23.0,0.0,0.0,3,24.5,255,47.9,1010.6
2026-09-04T09:45,22.2,77,22.1,0.0,0.0,,21.2,219,41.4,
2026-09-04T10:00,22.4,76,22.2,0.0,0.0,,21.2,220,41.8,
2026-09-04T10:15,22.4,75,22.2,0.0,0.0,,21.2,226,41.8,
2026-09-04T10:30,22.4,75,22.1,0.0,0.0,,20.9,232,41.4,
2026-09-04T10:45,22.3,74,22.0,0.0,0.0,,20.5,237,41.0,
2026-09-04T11:00,22.2,74,21.9,0.0,0.0,,20.5,243,40.7,
2026-09-04T11:15,22.1,74,21.7,0.0,0.0,,20.5,247,40.7,
2026-09-04T11:30,22.0,75,21.7,0.0,0.0,,20.5,251,40.7,
2026-09-04T11:45,22.0,76,21.7,0.0,0.0,,20.9,255,40.7,
2026-09-04T12:00,22.0,76,21.7,0.0,0.0,,21.2,259,41.4,
2026-09-04T12:15,22.3,75,21.8,0.0,0.0,,22.0,255,42.8,
2026-09-04T12:30,22.7,72,22.0,0.0,0.0,,23.0,251,44.6,
2026-09-04T12:45,23.1,70,22.2,0.0,0.0,,23.8,247,46.4,
2026-09-04T13:00,23.4,68,22.4,0.0,0.0,,24.5,243,47.9,
2026-09-04T13:15,23.7,66,22.5,0.0,0.0,,24.8,247,48.6,
2026-09-04T13:30,23.9,65,22.6,0.0,0.0,,25.2,250,49.3,
2026-09-04T13:45,24.0,64,22.7,0.0,0.0,,25.2,254,49.7,
2026-09-04T14:00,23.7,67,23.1,0.0,0.0,,21.2,251,43.2,
2026-09-04T14:15,23.7,67,23.1,0.0,0.0,,21.6,252,43.6,
2026-09-04T14:30,23.6,67,23.0,0.0,0.0,,22.0,254,44.6,
2026-09-04T14:45,23.6,66,22.6,0.0,0.0,,23.0,255,45.7,
2026-09-04T15:00,23.6,66,22.6,0.0,0.0,,23.4,256,46.4,
2026-09-04T15:15,23.7,66,22.7,0.0,0.0,,23.8,256,46.8,
2026-09-04T15:30,23.9,65,22.9,0.0,0.0,,23.8,255,46.8,
2026-09-04T16:00,24.2,65,23.3,0.0,0.0,,23.8,254,47.2,
2026-09-04T16:15,24.2,65,23.3,0.0,0.0,,23.8,257,47.5,
2026-09-04T16:30,24.1,65,23.2,0.0,0.0,,23.4,259,47.5,
2026-09-04T16:45,23.9,65,22.9,0.0,0.0,,23.4,262,47.9,
2026-09-04T17:00,23.6,66,22.7,0.0,0.0,,23.0,264,47.9,
2026-09-04T17:15,23.2,69,22.5,0.0,0.0,,23.0,264,47.5,
2026-09-04T17:30,21.2,83,20.9,0.1,0.1,,23.0,272,42.8,
2026-09-04T17:45,20.7,85,20.3,0.1,0.1,,23.4,277,43.2,
2026-09-04T18:00,20.4,87,20.0,0.1,0.1,,23.0,281,42.5,
2026-09-04T18:15,20.2,88,20.1,0.0,0.0,,21.2,275,40.0,
2026-09-04T18:30,20.2,89,20.5,0.0,0.0,,18.7,269,36.0,
2026-09-04T18:45,20.2,89,20.9,0.0,0.0,,16.2,263,32.4,
2026-09-04T19:00,20.1,88,20.9,0.0,0.0,,14.8,257,30.2,
2026-09-04T19:15,20.0,86,20.6,0.0,0.0,,14.8,258,30.2,
2026-09-04T19:30,19.9,84,20.3,0.0,0.0,,15.1,260,31.7,
2026-09-04T19:45,19.8,81,19.7,0.0,0.0,,16.2,261,33.5,
2026-09-04T20:00,19.8,80,20.2,0.0,0.0,,12.6,262,25.2,
2026-09-04T20:15,19.7,80,20.0,0.0,0.0,,12.6,259,24.5,
2026-09-04T20:30,19.5,80,19.7,0.0,0.0,,12.2,256,23.8,
2026-09-04T20:45,19.3,81,19.5,0.0,0.0,,12.6,252,23.4,
2026-09-04T21:00,19.2,82,19.4,0.0,0.0,,12.6,249,23.4,
2026-09-04T21:15,19.2,82,19.4,0.0,0.0,,13.0,250,23.8,
2026-09-04T21:30,19.2,82,19.3,0.0,0.0,,13.3,251,24.1,
2026-09-04T21:45,19.2,82,19.3,0.0,0.0,,13.7,252,24.8,
2026-09-04T22:00,19.2,83,19.4,0.0,0.0,,13.7,253,25.2,
2026-09-04T22:15,19.0,82,19.5,0.0,0.0,,10.8,250,20.2,
2026-09-04T22:30,19.0,82,19.5,0.0,0.0,,10.4,247,20.5,
2026-09-04T22:45,19.0,83,19.6,0.0,0.0,,10.8,244,20.5,
2026-09-04T23:00,19.0,83,19.5,0.0,0.0,,10.8,241,20.9,
2026-09-04T23:15,18.9,84,19.4,0.1,0.1,,11.2,244,21.6,
2026-09-04T23:30,18.7,84,19.1,0.1,0.1,,11.5,246,22.3,
2026-09-04T23:45,18.6,85,18.9,0.1,0.1,,12.2,249,23.0,
2026-09-05T00:00,18.4,86,18.7,0.1,0.1,,12.2,251,23.4,
