timestamp,temperature_2m,relative_humidity_2m,apparent_temperature,precipitation,rain,weather_code,wind_speed_10m,wind_direction_10m,wind_gusts_10m,surface_pressure
2026-08-09T00:00,18.5,61,17.8,0.0,0.0,,6.5,48,10.1,
2026-08-09T00:15,18.2,61,17.4,0.0,0.0,,6.1,54,9.7,
2026-08-09T00:30,17.8,59,16.8,0.0,0.0,,6.1,61,9.4,
2026-08-09T00:45,17.4,58,16.2,0.0,0.0,,6.5,67,9.4,
2026-08-09T01:00,17.0,57,15.7,0.0,0.0,,6.5,73,9.4,
2026-08-09T01:15,16.8,56,15.3,0.0,0.0,,6.8,84,9.7,
2026-08-09T01:30,16.7,56,15.0,0.0,0.0,,7.6,95,10.4,
2026-08-09T01:45,16.6,55,14.8,0.0,0.0,,7.9,105,11.2,
2026-08-09T02:00,16.5,55,14.6,0.0,0.0,,8.3,116,11.5,
2026-08-09T02:15,16.3,55,14.4,0.0,0.0,,8.3,120,11.2,
2026-08-09T02:30,16.2,55,14.4,0.0,0.0,,7.6,123,10.4,
2026-08-09T02:45,16.1,55,14.3,0.0,0.0,,7.2,127,9.7,
2026-08-09T03:00,15.9,56,14.2,0.0,0.0,,6.8,130,9.0,
2026-08-09T03:15,15.7,57,14.1,0.0,0.0,,6.5,131,8.6,
2026-08-09T03:30,15.4,58,13.8,0.0,0.0,,6.5,132,8.3,
2026-08-09T03:45,15.2,59,13.6,0.0,0.0,,6.1,132,7.9,
2026-08-09T04:00,15.0,60,13.4,0.0,0.0,,6.1,133,7.6,
2026-08-09T04:15,14.8,60,13.2,0.0,0.0,,6.1,134,7.2,
2026-08-09T04:30,14.7,61,13.1,0.0,0.0,,6.1,134,7.2,
2026-08-09T04:45,14.6,61,13.0,0.0,0.0,,6.1,135,6.8,
2026-08-09T05:00,14.5,61,12.8,0.0,0.0,,6.5,135,7.2,
2026-08-09T05:15,14.4,62,12.7,0.0,0.0,,6.8,132,7.9,
2026-08-09T05:30,14.4,62,12.5,0.0,0.0,,7.6,130,9.0,
2026-08-09T05:45,14.3,63,12.4,0.0,0.0,,7.9,127,9.7,
2026-08-09T06:00,14.2,64,12.4,0.0,0.0,,8.3,124,10.4,
2026-08-09T06:15,14.1,65,12.3,0.0,0.0,,8.3,128,10.4,
2026-08-09T06:30,14.1,66,12.3,0.0,0.0,,7.9,132,10.1,
2026-08-09T06:45,14.0,66,12.3,0.0,0.0,,7.9,135,9.4,
2026-08-09T07:00,14.1,66,12.5,0.0,0.0,,7.6,139,9.0,
2026-08-09T07:15,14.3,65,12.7,0.0,0.0,,7.2,142,8.6,
2026-08-09T07:30,14.7,64,13.1,0.0,0.0,,7.2,145,8.6,
2026-08-09T07:45,15.1,62,13.5,0.0,0.0,,6.8,147,8.3,
2026-08-09T08:00,15.6,60,14.0,0.0,0.0,,6.8,150,8.6,
2026-08-09T08:15,16.2,58,14.6,0.0,0.0,,6.8,144,9.4,
2026-08-09T08:30,16.9,56,15.3,0.0,0.0,,7.2,137,10.1,
2026-08-09T08:45,17.6,53,16.0,0.0,0.0,,7.6,131,11.2,
2026-08-09T09:00,18.4,51,16.8,0.0,0.0,,7.6,124,11.9,
2026-08-09T09:15,19.3,49,17.8,0.0,0.0,,7.2,132,12.2,
2026-08-09T09:30,20.2,46,18.8,0.0,0.0,,6.5,139,12.2,
2026-08-09T09:45,21.2,43,19.9,0.0,0.0,,5.8,147,12.2,
2026-08-09T10:00,22.2,41,20.9,0.0,0.0,,5.4,154,12.6,
2026-08-09T10:15,23.2,39,21.9,0.0,0.0,,5.8,153,13.3,
2026-08-09T10:30,24.2,36,22.7,0.0,0.0,,6.5,152,14.8,
2026-08-09T10:45,25.2,34,23.7,0.0,0.0,,7.2,151,15.8,
2026-08-09T11:00,26.1,32,24.7,0.0,0.0,,7.6,150,16.9,
2026-08-09T11:15,26.8,30,25.4,0.0,0.0,,7.6,154,17.3,
2026-08-09T11:30,27.5,29,26.2,0.0,0.0,,7.2,159,17.3,
2026-08-09T11:45,28.2,27,26.7,0.0,0.0,,6.8,163,17.6,
2026-08-09T12:00,28.7,26,27.0,0.0,0.0,,7.2,167,18.4,
2026-08-09T12:15,29.1,25,27.2,0.0,0.0,,7.9,174,20.2,
2026-08-09T12:30,29.4,23,27.1,0.0,0.0,,9.0,181,22.3,
2026-08-09T12:45,29.7,22,27.1,0.0,0.0,,10.4,187,24.8,
2026-08-09T13:00,29.9,21,27.0,0.0,0.0,,11.9,194,27.7,
2026-08-09T13:15,30.2,20,26.8,0.0,0.0,,14.0,194,31.0,
2026-08-09T13:30,30.4,20,26.8,0.0,0.0,,16.2,194,34.9,
2026-08-09T13:45,30.5,20,26.6,0.0,0.0,,18.4,193,38.5,
2026-08-09T14:00,30.5,20,26.4,0.0,0.0,,19.8,193,40.3,
2026-08-09T14:15,30.3,20,26.1,0.0,0.0,,20.2,195,40.7,
2026-08-09T14:30,30.0,21,26.6,0.0,0.0,,19.4,197,39.6,
2026-08-09T14:45,29.6,22,26.5,0.0,0.0,,18.4,198,37.4,
2026-08-09T15:00,28.8,25,26.0,0.0,0.0,,16.9,200,34.2,
2026-08-09T15:15,27.3,31,24.8,0.0,0.0,,14.4,188,28.4,
2026-08-09T15:30,25.3,38,23.7,0.0,0.0,,10.8,177,20.5,
2026-08-09T15:45,23.5,45,22.7,0.0,0.0,,7.6,165,13.3,
2026-08-09T16:00,22.8,49,22.4,0.0,0.0,,5.8,153,9.4,
2026-08-09T16:15,23.6,47,23.2,0.0,0.0,,6.1,164,10.8,
2026-08-09T16:30,25.6,42,25.0,0.0,0.0,,7.6,175,15.5,
2026-08-09T16:45,27.7,36,26.6,0.0,0.0,,9.7,185,21.2,
2026-08-09T17:00,29.0,32,27.6,0.0,0.0,,11.2,196,24.8,
2026-08-09T17:15,29.3,30,27.5,0.0,0.0,,11.9,191,25.9,
2026-08-09T17:30,28.9,29,26.8,0.0,0.0,,12.6,186,26.3,
2026-08-09T17:45,28.3,29,26.1,0.0,0.0,,13.0,180,25.6,
2026-08-09T18:00,27.9,29,25.6,0.0,0.0,,12.6,175,24.5,
2026-08-09T18:15,27.7,30,25.6,0.0,0.0,,11.5,171,22.3,
2026-08-09T18:30,27.5,32,25.9,0.0,0.0,,9.7,166,19.1,
2026-08-09T18:45,27.3,34,26.2,0.0,0.0,,7.9,162,16.2,
2026-08-09T19:00,27.3,35,26.5,0.0,0.0,,6.8,157,14.4,
2026-08-09T19:15,27.7,35,26.9,0.0,0.0,,7.2,171,14.8,
2026-08-09T19:30,28.4,34,27.5,0.0,0.0,,8.3,185,16.2,
2026-08-09T19:45,28.9,34,28.0,0.0,0.0,,9.7,198,18.0,
2026-08-09T20:00,29.0,34,28.0,0.0,0.0,,10.4,212,18.7,
2026-08-09T20:15,28.5,36,27.6,0.0,0.0,,10.1,223,18.0,
2026-08-09T20:30,27.6,38,26.8,0.0,0.0,,9.7,234,16.2,
2026-08-09T20:45,26.5,41,25.9,0.0,0.0,,8.6,244,14.4,
2026-08-09T21:00,25.5,43,24.9,0.0,0.0,,8.3,255,13.0,
2026-08-09T21:15,24.8,45,24.2,0.0,0.0,,8.3,244,12.6,
2026-08-09T21:30,24.0,48,23.5,0.0,0.0,,8.3,233,12.2,
2026-08-09T21:45,23.4,50,22.8,0.0,0.0,,8.6,222,12.6,
2026-08-09T22:00,22.8,52,22.3,0.0,0.0,,9.0,211,13.0,
2026-08-09T22:15,22.4,52,21.6,0.0,0.0,,9.7,215,14.0,
2026-08-09T22:30,22.2,52,21.3,0.0,0.0,,10.4,220,15.5,
2026-08-09T22:45,22.0,52,20.9,0.0,0.0,,11.2,224,17.3,
2026-08-09T23:00,21.7,53,20.5,0.0,0.0,,11.9,228,18.7,
2026-08-09T23:15,21.2,56,20.0,0.0,0.0,,12.6,225,20.2,
2026-08-09T23:30,20.8,60,19.7,0.0,0.0,,13.0,221,21.2,
2026-08-09T23:45,20.2,65,19.4,0.0,0.0,,13.3,218,22.3,
2026-08-10T00:00,19.8,69,19.0,0.0,0.0,,13.7,214,23.4,
2026-08-10T00:15,19.3,73,18.7,0.0,0.0,,14.0,216,24.1,
2026-08-10T00:30,18.9,77,18.3,0.0,0.0,,14.4,218,24.5,
2026-08-10T00:45,18.5,81,18.0,0.0,0.0,,14.8,220,24.5,
2026-08-10T01:00,18.2,84,17.9,0.0,0.0,,14.8,222,24.8,
2026-08-10T01:15,18.0,85,17.7,0.0,0.0,,14.8,226,25.2,
2026-08-10T01:30,18.0,85,17.7,0.0,0.0,,15.1,231,25.2,
2026-08-10T01:45,18.1,85,17.7,0.0,0.0,,15.1,235,25.2,
2026-08-10T02:00,18.0,85,17.6,0.0,0.0,,14.8,239,24.8,
2026-08-10T02:15,17.8,86,17.5,0.0,0.0,,14.0,240,23.4,
2026-08-10T02:30,17.4,88,17.4,0.0,0.0,,13.0,242,21.6,
2026-08-10T02:45,17.1,90,17.2,0.0,0.0,,12.2,243,19.8,
2026-08-10T03:00,16.9,91,17.0,0.0,0.0,,11.9,244,19.1,
2026-08-10T03:15,16.8,91,16.8,0.0,0.0,,12.6,244,19.8,
2026-08-10T03:30,16.8,91,16.6,0.0,0.0,,13.7,245,21.6,
2026-08-10T03:45,16.8,90,16.4,0.0,0.0,,14.8,245,23.4,
2026-08-10T04:00,16.8,90,16.2,0.0,0.0,,15.8,245,24.8,
2026-08-10T04:15,16.8,90,16.2,0.0,0.0,,16.2,243,25.2,
2026-08-10T04:30,16.9,91,16.3,0.0,0.0,,16.6,242,25.6,
2026-08-10T04:45,16.9,92,16.4,0.0,0.0,,16.6,240,25.2,
2026-08-10T05:00,16.9,93,16.5,0.0,0.0,,16.6,238,25.2,
2026-08-10T05:15,16.9,94,16.5,0.0,0.0,,16.6,243,25.2,
2026-08-10T05:30,16.8,94,16.5,0.0,0.0,,16.2,248,25.2,
2026-08-10T05:45,16.7,95,16.4,0.0,0.0,,15.8,252,25.2,
2026-08-10T06:00,16.7,95,16.4,0.0,0.0,,15.5,257,24.5,
2026-08-10T06:15,16.6,96,16.5,0.0,0.0,,14.8,261,23.4,
2026-08-10T06:30,16.4,97,16.5,0.0,0.0,,13.7,266,21.6,
2026-08-10T06:45,16.4,97,16.6,0.0,0.0,,12.6,270,19.8,
2026-08-10T07:00,16.4,97,16.8,0.0,0.0,,11.5,274,18.4,
2026-08-10T07:15,16.6,96,17.2,0.0,0.0,,10.4,267,16.9,
2026-08-10T07:30,17.0,95,17.7,0.0,0.0,,9.4,261,15.1,
2026-08-10T07:45,17.4,93,18.3,0.0,0.0,,8.3,254,13.7,
2026-08-10T08:00,17.9,90,18.9,0.0,0.0,,7.6,247,13.3,
2026-08-10T08:15,18.4,86,19.4,0.0,0.0,,7.6,263,14.0,
2026-08-10T08:30,19.1,81,19.9,0.0,0.0,,7.9,280,15.5,
2026-08-10T08:45,19.8,75,20.3,0.0,0.0,,8.6,296,17.3,
2026-08-10T09:00,20.4,71,20.7,0.0,0.0,,9.0,312,18.4,
2026-08-10T09:15,20.9,68,21.2,0.0,0.0,,9.0,319,18.7,
2026-08-10T09:30,21.4,66,21.8,0.0,0.0,,8.6,326,19.1,
2026-08-10T09:45,21.9,65,22.3,0.0,0.0,,8.3,333,19.1,
2026-08-10T10:00,22.4,63,22.8,0.0,0.0,,8.3,340,19.4,
2026-08-10T10:15,22.9,61,23.4,0.0,0.0,,8.3,344,19.8,
2026-08-10T10:30,23.5,58,23.8,0.0,0.0,,8.6,349,20.5,
2026-08-10T10:45,24.0,56,24.2,0.0,0.0,,9.0,353,21.2,
2026-08-10T11:00,24.4,54,24.7,0.0,0.0,,9.4,357,22.3,
2026-08-10T11:15,24.7,53,25.1,0.0,0.0,,10.1,357,23.8,
2026-08-10T11:30,25.0,52,25.2,0.0,0.0,,11.5,357,25.6,
2026-08-10T11:45,25.2,51,25.3,0.0,0.0,,12.6,356,27.4,
2026-08-10T12:00,25.3,50,25.3,0.0,0.0,,13.3,356,28.8,
2026-08-10T12:15,25.3,50,25.3,0.0,0.0,,13.7,357,29.5,
2026-08-10T12:30,25.2,49,25.1,0.0,0.0,,14.0,359,29.9,
2026-08-10T12:45,25.1,49,25.0,0.0,0.0,,13.7,360,29.5,
2026-08-10T13:00,25.1,49,24.9,0.0,0.0,,13.7,1,29.5,
2026-08-10T13:15,25.3,48,25.0,0.0,0.0,,13.3,4,29.2,
2026-08-10T13:30,25.5,47,25.3,0.0,0.0,,12.2,6,28.1,
2026-08-10T13:45,25.8,46,25.6,0.0,0.0,,11.5,9,27.4,
2026-08-10T14:00,25.9,46,25.6,0.0,0.0,,11.5,11,27.4,
2026-08-10T14:15,25.8,47,25.4,0.0,0.0,,12.6,10,28.4,
2026-08-10T14:30,25.6,48,24.9,0.0,0.0,,14.0,9,30.6,
2026-08-10T14:45,25.4,49,24.5,0.0,0.0,,15.8,8,32.8,
2026-08-10T15:00,25.2,50,24.3,0.0,0.0,,16.9,7,33.8,
2026-08-10T15:15,25.1,50,24.3,0.0,0.0,,16.9,7,33.8,
2026-08-10T15:30,25.1,50,24.5,0.0,0.0,,16.2,7,33.1,
2026-08-10T15:45,25.0,49,24.3,0.0,0.0,,15.8,7,32.0,
2026-08-10T16:00,25.0,49,24.1,0.0,0.0,,15.5,7,31.7,
2026-08-10T16:15,25.0,49,23.9,0.0,0.0,,15.8,9,32.0,
2026-08-10T16:30,25.0,49,23.6,0.0,0.0,,16.9,11,33.1,
2026-08-10T16:45,25.0,49,23.5,0.0,0.0,,17.6,13,34.2,
2026-08-10T17:00,24.9,49,23.3,0.0,0.0,,18.4,15,34.6,
2026-08-10T17:15,24.7,50,23.2,0.0,0.0,,18.4,15,34.6,
2026-08-10T17:30,24.5,51,23.0,0.0,0.0,,18.4,16,33.8,
2026-08-10T17:45,24.3,52,22.9,0.0,0.0,,18.0,16,33.5,
2026-08-10T18:00,24.0,53,22.6,0.0,0.0,,18.0,16,33.1,
2026-08-10T18:15,23.8,54,22.4,0.0,0.0,,18.4,16,33.5,
2026-08-10T18:30,23.5,56,22.1,0.0,0.0,,19.1,17,34.6,
2026-08-10T18:45,23.2,58,21.8,0.0,0.0,,19.4,17,35.3,
2026-08-10T19:00,22.9,59,21.4,0.0,0.0,,19.8,17,35.6,
2026-08-10T19:15,22.7,60,21.3,0.0,0.0,,19.4,19,34.9,
2026-08-10T19:30,22.5,60,21.2,0.0,0.0,,18.7,20,33.8,
2026-08-10T19:45,22.3,60,21.0,0.0,0.0,,18.0,22,32.8,
2026-08-10T20:00,22.0,61,20.8,0.0,0.0,,17.3,23,31.3,
2026-08-10T20:15,21.5,63,20.4,0.0,0.0,,16.6,25,30.2,
2026-08-10T20:30,20.9,65,19.8,0.0,0.0,,16.2,27,28.8,
2026-08-10T20:45,20.3,67,19.3,0.0,0.0,,15.5,28,27.7,
2026-08-10T21:00,19.7,69,18.8,0.0,0.0,,14.8,30,26.3,
2026-08-10T21:15,19.3,71,18.5,0.0,0.0,,14.0,30,24.5,
2026-08-10T21:30,18.9,72,18.2,0.0,0.0,,13.0,31,22.7,
2026-08-10T21:45,18.6,74,18.0,0.0,0.0,,12.2,31,20.9,
2026-08-10T22:00,18.3,75,17.8,0.0,0.0,,11.5,31,19.4,
2026-08-10T22:15,18.1,75,17.6,0.0,0.0,,11.2,33,18.7,
2026-08-10T22:30,18.0,75,17.5,0.0,0.0,,10.8,36,18.4,
2026-08-10T22:45,17.8,75,17.3,0.0,0.0,,10.8,38,18.0,
2026-08-10T23:00,17.6,76,17.2,0.0,0.0,,10.4,40,17.6,
2026-08-10T23:15,17.3,77,16.8,0.0,0.0,,10.1,41,17.3,
2026-08-10T23:30,16.8,79,16.4,0.0,0.0,,9.7,42,16.6,
2026-08-10T23:45,16.4,81,16.0,0.0,0.0,,9.4,42,15.8,
2026-08-11T00:00,16.0,83,15.6,0.0,0.0,,9.0,43,15.1,
2026-08-11T00:15,15.7,84,15.4,0.0,0.0,,8.3,48,14.0,
2026-08-11T00:30,15.4,85,15.2,0.0,0.0,,7.6,54,13.0,
2026-08-11T00:45,15.2,86,15.1,0.0,0.0,,6.8,59,11.5,
2026-08-11T01:00,15.0,87,15.0,0.0,0.0,,6.5,64,10.8,
2026-08-11T01:15,14.9,87,14.8,0.0,0.0,,6.5,60,10.4,
2026-08-11T01:30,14.7,88,14.6,0.0,0.0,,6.5,56,10.4,
2026-08-11T01:45,14.6,88,14.4,0.0,0.0,,6.5,51,10.8,
2026-08-11T02:00,14.4,88,14.2,0.0,0.0,,6.8,47,10.8,
2026-08-11T02:15,14.3,88,14.0,0.0,0.0,,6.8,51,10.8,
2026-08-11T02:30,14.1,89,13.7,0.0,0.0,,7.2,55,10.8,
2026-08-11T02:45,13.9,89,13.5,0.0,0.0,,7.2,59,10.8,
2026-08-11T03:00,13.8,89,13.3,0.0,0.0,,7.6,63,11.2,
2026-08-11T03:15,13.7,89,13.2,0.0,0.0,,7.9,62,11.5,
2026-08-11T03:30,13.7,89,13.1,0.0,0.0,,8.3,61,11.9,
2026-08-11T03:45,13.7,88,12.9,0.0,0.0,,8.6,60,12.6,
2026-08-11T04:00,13.7,88,12.8,0.0,0.0,,9.4,59,13.3,
2026-08-11T04:15,13.7,88,12.8,0.0,0.0,,10.1,59,14.8,
2026-08-11T04:30,13.8,87,12.7,0.0,0.0,,11.2,59,16.6,
2026-08-11T04:45,13.8,87,12.6,0.0,0.0,,12.2,59,18.4,
2026-08-11T05:00,13.8,87,12.4,0.0,0.0,,12.6,59,19.4,
2026-08-11T05:15,13.6,88,12.4,0.0,0.0,,12.2,59,19.1,
2026-08-11T05:30,13.4,90,12.2,0.0,0.0,,11.5,59,18.4,
2026-08-11T05:45,13.1,91,12.1,0.0,0.0,,10.8,58,17.3,
2026-08-11T06:00,13.0,92,12.0,0.0,0.0,,10.4,58,16.6,
2026-08-11T06:15,12.9,91,11.8,0.0,0.0,,10.4,61,16.6,
2026-08-11T06:30,12.8,90,11.6,0.0,0.0,,10.4,63,17.3,
2026-08-11T06:45,12.7,88,11.4,0.0,0.0,,10.8,66,18.0,
2026-08-11T07:00,12.9,86,11.4,0.0,0.0,,11.2,68,19.1,
2026-08-11T07:15,13.2,83,11.6,0.0,0.0,,11.9,70,20.5,
2026-08-11T07:30,13.7,80,11.9,0.0,0.0,,12.6,71,22.7,
2026-08-11T07:45,14.2,77,12.2,0.0,0.0,,13.7,73,24.8,
2026-08-11T08:00,14.7,74,12.6,0.0,0.0,,14.4,74,26.3,
2026-08-11T08:15,15.1,72,13.0,0.0,0.0,,14.8,75,27.4,
2026-08-11T08:30,15.5,71,13.3,0.0,0.0,,15.5,77,28.1,
2026-08-11T08:45,15.9,70,13.7,0.0,0.0,,15.5,78,28.4,
2026-08-11T09:00,16.3,68,14.1,0.0,0.0,,15.8,79,28.8,
2026-08-11T09:15,16.9,65,14.6,0.0,0.0,,15.8,82,28.8,
2026-08-11T09:30,17.5,62,15.3,0.0,0.0,,15.5,84,28.8,
2026-08-11T09:45,18.1,59,15.8,0.0,0.0,,15.5,87,28.4,
2026-08-11T10:00,18.6,56,16.3,0.0,0.0,,15.5,89,28.8,
2026-08-11T10:15,19.1,54,16.7,0.0,0.0,,15.8,88,29.5,
2026-08-11T10:30,19.6,53,17.1,0.0,0.0,,16.2,86,30.6,
2026-08-11T10:45,20.0,52,17.6,0.0,0.0,,16.9,85,32.0,
2026-08-11T11:00,20.4,51,18.1,0.0,0.0,,17.3,83,32.8,
2026-08-11T11:15,20.7,49,18.5,0.0,0.0,,17.6,82,33.5,
2026-08-11T11:30,21.1,48,19.1,0.0,0.0,,17.6,81,33.8,
2026-08-11T11:45,21.4,46,19.4,0.0,0.0,,17.6,80,33.8,
2026-08-11T12:00,21.7,44,19.8,0.0,0.0,,17.3,79,33.8,
2026-08-11T12:15,22.1,43,20.4,0.0,0.0,,16.6,79,33.5,
2026-08-11T12:30,22.4,41,20.8,0.0,0.0,,15.8,79,32.8,
2026-08-11T12:45,22.7,40,21.4,0.0,0.0,,15.1,78,32.0,
2026-08-11T13:00,23.1,38,21.8,0.0,0.0,,14.4,78,31.3,
2026-08-11T13:15,23.4,36,22.2,0.0,0.0,,13.7,81,30.6,
2026-08-11T13:30,23.8,33,22.4,0.0,0.0,,13.3,84,30.2,
2026-08-11T13:45,24.1,30,22.6,0.0,0.0,,13.0,87,29.5,
2026-08-11T14:00,24.5,28,22.9,0.0,0.0,,13.0,90,29.5,
2026-08-11T14:15,24.8,27,23.1,0.0,0.0,,13.3,87,29.9,
2026-08-11T14:30,25.2,26,23.3,0.0,0.0,,14.0,83,30.6,
2026-08-11T14:45,25.5,26,23.5,0.0,0.0,,14.8,80,31.3,
2026-08-11T15:00,25.8,26,23.7,0.0,0.0,,15.1,76,32.0,
2026-08-11T15:15,25.9,26,23.7,0.0,0.0,,15.5,75,32.0,
2026-08-11T15:30,26.0,25,23.6,0.0,0.0,,15.5,74,32.0,
2026-08-11T15:45,26.0,25,23.5,0.0,0.0,,15.8,72,32.0,
2026-08-11T16:00,26.1,25,23.4,0.0,0.0,,15.8,71,32.0,
2026-08-11T16:15,26.2,25,23.4,0.0,0.0,,16.2,71,32.0,
2026-08-11T16:30,26.3,24,23.2,0.0,0.0,,16.6,71,32.4,
2026-08-11T16:45,26.4,24,23.2,0.0,0.0,,16.6,70,32.8,
2026-08-11T17:00,26.5,24,23.1,0.0,0.0,,16.9,70,32.8,
2026-08-11T17:15,26.6,24,23.0,0.0,0.0,,16.9,70,32.8,
2026-08-11T17:30,26.7,24,22.9,0.0,0.0,,17.3,70,33.1,
2026-08-11T17:45,26.8,24,22.9,0.0,0.0,,17.3,70,33.1,
2026-08-11T18:00,26.8,24,23.0,0.0,0.0,,16.9,70,32.8,
2026-08-11T18:15,26.7,24,23.0,0.0,0.0,,16.2,69,31.7,
2026-08-11T18:30,26.5,23,22.8,0.0,0.0,,15.5,67,30.2,
2026-08-11T18:45,26.3,23,22.7,0.0,0.0,,14.8,66,28.8,
2026-08-11T19:00,26.1,23,22.5,0.0,0.0,,14.0,64,27.7,
2026-08-11T19:15,26.0,23,22.4,0.0,0.0,,13.7,64,27.4,
2026-08-11T19:30,25.9,24,22.4,0.0,0.0,,14.0,63,27.0,
2026-08-11T19:45,25.8,25,22.4,0.0,0.0,,14.0,63,27.0,
2026-08-11T20:00,25.5,26,22.2,0.0,0.0,,14.0,62,26.6,
2026-08-11T20:15,25.2,27,21.9,0.0,0.0,,14.0,63,25.9,
2026-08-11T20:30,24.8,28,21.5,0.0,0.0,,14.0,63,25.6,
2026-08-11T20:45,24.3,29,21.0,0.0,0.0,,14.0,64,24.5,
2026-08-11T21:00,23.7,30,20.6,0.0,0.0,,13.3,64,23.0,
2026-08-11T21:15,23.0,32,20.1,0.0,0.0,,12.2,58,20.9,
2026-08-11T21:30,22.2,34,19.6,0.0,0.0,,10.4,51,17.6,
2026-08-11T21:45,21.4,36,19.1,0.0,0.0,,8.6,45,14.8,
2026-08-11T22:00,20.8,38,18.7,0.0,0.0,,7.6,38,13.0,
2026-08-11T22:15,20.3,39,18.2,0.0,0.0,,7.2,37,12.2,
2026-08-11T22:30,19.9,39,17.7,0.0,0.0,,7.2,36,12.6,
2026-08-11T22:45,19.6,39,17.3,0.0,0.0,,7.6,35,13.3,
2026-08-11T23:00,19.2,39,16.8,0.0,0.0,,7.9,34,13.7,
2026-08-11T23:15,18.9,40,16.4,0.0,0.0,,8.3,41,14.0,
2026-08-11T23:30,18.5,42,16.1,0.0,0.0,,9.0,47,14.8,
2026-08-11T23:45,18.2,43,15.6,0.0,0.0,,9.7,54,15.5,
2026-08-12T00:00,17.9,44,15.3,0.0,0.0,,10.1,60,15.8,
2026-08-12T00:15,17.7,45,15.1,0.0,0.0,,10.4,62,16.2,
2026-08-12T00:30,17.6,45,14.9,0.0,0.0,,10.4,64,16.2,
2026-08-12T00:45,17.4,45,14.8,0.0,0.0,,10.4,66,16.6,
2026-08-12T01:00,17.3,45,14.6,0.0,0.0,,10.4,68,16.6,
2026-08-12T01:15,17.2,45,14.5,0.0,0.0,,10.4,69,16.9,
2026-08-12T01:30,17.2,45,14.5,0.0,0.0,,10.4,71,16.9,
2026-08-12T01:45,17.1,46,14.4,0.0,0.0,,10.4,72,17.3,
2026-08-12T02:00,17.0,46,14.3,0.0,0.0,,10.4,73,17.3,
2026-08-12T02:15,16.8,47,14.2,0.0,0.0,,10.4,77,17.6,
2026-08-12T02:30,16.7,47,13.9,0.0,0.0,,10.8,80,17.6,
2026-08-12T02:45,16.5,48,13.8,0.0,0.0,,10.8,84,17.6,
2026-08-12T03:00,16.3,49,13.7,0.0,0.0,,10.8,87,17.6,
2026-08-12T03:15,16.1,50,13.5,0.0,0.0,,10.4,89,16.9,
2026-08-12T03:30,15.9,51,13.5,0.0,0.0,,9.7,91,15.8,
2026-08-12T03:45,15.7,52,13.3,0.0,0.0,,9.4,93,15.1,
2026-08-12T04:00,15.5,53,13.2,0.0,0.0,,9.0,95,14.4,
2026-08-12T04:15,15.4,54,13.1,0.0,0.0,,9.4,95,14.8,
2026-08-12T04:30,15.4,54,13.0,0.0,0.0,,9.7,95,15.1,
2026-08-12T04:45,15.4,54,12.9,0.0,0.0,,10.4,94,15.8,
2026-08-12T05:00,15.3,55,12.8,0.0,0.0,,10.8,94,16.2,
2026-08-12T05:15,15.1,56,12.6,0.0,0.0,,10.8,95,15.8,
2026-08-12T05:30,15.0,58,12.7,0.0,0.0,,10.1,95,15.5,
2026-08-12T05:45,14.8,59,12.5,0.0,0.0,,9.7,96,14.8,
2026-08-12T06:00,14.6,60,12.4,0.0,0.0,,9.4,96,14.4,
2026-08-12T06:15,14.3,60,12.1,0.0,0.0,,9.4,94,14.4,
2026-08-12T06:30,14.0,60,11.7,0.0,0.0,,9.4,93,14.4,
2026-08-12T06:45,13.8,60,11.4,0.0,0.0,,9.7,91,14.8,
2026-08-12T07:00,13.8,59,11.3,0.0,0.0,,9.7,89,15.1,
2026-08-12T07:15,14.0,58,11.5,0.0,0.0,,9.7,92,15.8,
2026-08-12T07:30,14.3,58,11.8,0.0,0.0,,10.1,95,16.6,
2026-08-12T07:45,14.7,57,12.3,0.0,0.0,,10.1,98,17.3,
2026-08-12T08:00,15.2,56,12.8,0.0,0.0,,10.1,101,18.0,
2026-08-12T08:15,15.7,55,13.4,0.0,0.0,,9.7,102,18.4,
2026-08-12T08:30,16.2,53,14.0,0.0,0.0,,9.4,103,18.7,
2026-08-12T08:45,16.8,51,14.5,0.0,0.0,,9.4,103,18.7,
2026-08-12T09:00,17.4,49,15.2,0.0,0.0,,9.0,104,18.7,
2026-08-12T09:15,18.0,47,15.8,0.0,0.0,,9.0,107,18.7,
2026-08-12T09:30,18.6,44,16.3,0.0,0.0,,9.0,110,18.7,
2026-08-12T09:45,19.2,41,16.8,0.0,0.0,,9.4,113,18.7,
2026-08-12T10:00,20.0,39,17.5,0.0,0.0,,9.4,116,18.7,
2026-08-12T10:15,20.8,37,18.4,0.0,0.0,,9.4,116,18.7,
2026-08-12T10:30,21.8,35,19.3,0.0,0.0,,9.4,116,19.1,
2026-08-12T10:45,22.7,33,20.5,0.0,0.0,,9.0,115,19.4,
2026-08-12T11:00,23.6,31,21.5,0.0,0.0,,9.0,115,19.4,
2026-08-12T11:15,24.3,30,22.5,0.0,0.0,,8.6,112,19.4,
2026-08-12T11:30,24.9,29,23.3,0.0,0.0,,8.3,108,19.1,
2026-08-12T11:45,25.4,29,24.2,0.0,0.0,,7.9,105,19.1,
2026-08-12T12:00,26.0,28,24.9,0.0,0.0,,7.9,101,19.1,
2026-08-12T12:15,26.6,27,25.5,0.0,0.0,,8.3,102,19.4,
2026-08-12T12:30,27.1,26,26.1,0.0,0.0,,8.6,103,20.2,
2026-08-12T12:45,27.7,24,26.6,0.0,0.0,,9.0,103,20.9,
2026-08-12T13:00,28.2,23,27.1,0.0,0.0,,9.7,104,22.0,
2026-08-12T13:15,28.8,22,27.5,0.0,0.0,,10.4,105,23.4,
2026-08-12T13:30,29.3,21,27.8,0.0,0.0,,11.5,106,24.8,
2026-08-12T13:45,29.8,20,28.2,0.0,0.0,,12.2,107,26.3,
2026-08-12T14:00,30.2,19,28.4,0.0,0.0,,12.6,108,27.0,
2026-08-12T14:15,30.4,19,28.8,0.0,0.0,,12.2,101,27.0,
2026-08-12T14:30,30.6,18,29.0,0.0,0.0,,11.5,94,25.9,
2026-08-12T14:45,30.7,18,29.2,0.0,0.0,,10.8,87,25.2,
2026-08-12T15:00,30.9,18,29.3,0.0,0.0,,10.4,80,24.5,
2026-08-12T15:15,31.0,17,29.3,0.0,0.0,,10.4,80,24.5,
2026-08-12T15:30,31.1,16,29.1,0.0,0.0,,10.4,79,24.5,
2026-08-12T15:45,31.2,16,29.1,0.0,0.0,,10.8,79,24.8,
2026-08-12T16:00,31.4,15,29.0,0.0,0.0,,10.8,78,24.8,
2026-08-12T16:15,31.6,15,29.1,0.0,0.0,,10.8,78,24.8,
2026-08-12T16:30,31.9,15,29.3,0.0,0.0,,10.8,77,24.8,
2026-08-12T16:45,32.1,15,29.3,0.0,0.0,,10.8,77,24.5,
2026-08-12T17:00,32.2,15,29.3,0.0,0.0,,10.8,76,24.5,
2026-08-12T17:15,32.2,16,29.2,0.0,0.0,,10.8,69,24.5,
2026-08-12T17:30,32.1,16,28.8,0.0,0.0,,11.2,63,24.5,
2026-08-12T17:45,31.9,17,28.8,0.0,0.0,,11.2,56,24.1,
2026-08-12T18:00,31.7,18,28.7,0.0,0.0,,11.5,49,24.1,
2026-08-12T18:15,31.6,18,28.5,0.0,0.0,,11.5,48,23.8,
2026-08-12T18:30,31.4,19,28.5,0.0,0.0,,11.9,48,23.8,
2026-08-12T18:45,31.2,19,28.2,0.0,0.0,,11.9,47,23.4,
2026-08-12T19:00,31.1,19,28.0,0.0,0.0,,12.2,46,23.4,
2026-08-12T19:15,31.0,19,27.8,0.0,0.0,,12.6,47,23.4,
2026-08-12T19:30,30.9,20,27.9,0.0,0.0,,13.0,48,23.8,
2026-08-12T19:45,30.8,20,27.7,0.0,0.0,,13.3,49,24.1,
2026-08-12T20:00,30.4,22,27.4,0.0,0.0,,13.7,50,24.1,
2026-08-12T20:15,29.6,25,27.0,0.0,0.0,,13.7,41,23.8,
2026-08-12T20:30,28.7,30,26.5,0.0,0.0,,13.7,33,23.4,
2026-08-12T20:45,27.6,34,25.8,0.0,0.0,,13.3,24,22.7,
2026-08-12T21:00,26.7,38,25.1,0.0,0.0,,13.0,15,22.0,
2026-08-12T21:15,25.9,40,24.4,0.0,0.0,,12.6,20,21.2,
2026-08-12T21:30,25.1,42,23.7,0.0,0.0,,12.2,25,20.5,
2026-08-12T21:45,24.4,44,23.1,0.0,0.0,,11.5,29,19.4,
2026-08-12T22:00,23.8,45,22.5,0.0,0.0,,11.2,34,18.7,
2026-08-12T22:15,23.3,47,22.2,0.0,0.0,,10.8,33,18.0,
2026-08-12T22:30,22.9,48,21.9,0.0,0.0,,10.1,32,16.9,
2026-08-12T22:45,22.6,50,21.7,0.0,0.0,,9.7,31,16.2,
2026-08-12T23:00,22.3,50,21.4,0.0,0.0,,9.4,30,15.5,
2026-08-12T23:15,22.0,49,20.9,0.0,0.0,,9.0,37,15.1,
2026-08-12T23:30,21.7,48,20.4,0.0,0.0,,9.0,43,14.8,
2026-08-12T23:45,21.4,46,19.9,0.0,0.0,,9.0,50,14.4,
2026-08-13T00:00,21.1,44,19.3,0.0,0.0,,9.0,56,14.0,
2026-08-13T00:15,20.8,43,18.9,0.0,0.0,,9.0,59,14.0,
2026-08-13T00:30,20.5,41,18.3,0.0,0.0,,9.4,62,14.0,
2026-08-13T00:45,20.3,40,18.0,0.0,0.0,,9.4,64,14.0,
2026-08-13T01:00,20.0,40,17.6,0.0,0.0,,9.0,67,13.7,
2026-08-13T01:15,19.7,41,17.5,0.0,0.0,,8.3,55,12.6,
2026-08-13T01:30,19.3,44,17.4,0.0,0.0,,7.6,44,11.2,
2026-08-13T01:45,19.0,46,17.3,0.0,0.0,,6.5,32,9.7,
2026-08-13T02:00,18.7,47,17.2,0.0,0.0,,5.8,20,8.3,
2026-08-13T02:15,18.6,47,17.1,0.0,0.0,,5.0,25,7.2,
2026-08-13T02:30,18.5,46,17.0,0.0,0.0,,4.7,29,6.5,
2026-08-13T02:45,18.4,44,16.8,0.0,0.0,,4.3,34,5.8,
2026-08-13T03:00,18.3,43,16.6,0.0,0.0,,4.3,38,5.4,
2026-08-13T03:15,18.1,42,16.2,0.0,0.0,,4.7,55,5.8,
2026-08-13T03:30,17.8,41,15.7,0.0,0.0,,5.4,73,6.8,
2026-08-13T03:45,17.6,40,15.2,0.0,0.0,,6.1,90,7.9,
2026-08-13T04:00,17.3,40,14.9,0.0,0.0,,6.5,107,8.6,
2026-08-13T04:15,17.1,41,14.7,0.0,0.0,,6.5,108,8.6,
2026-08-13T04:30,16.9,43,14.7,0.0,0.0,,5.8,110,8.3,
2026-08-13T04:45,16.8,45,14.7,0.0,0.0,,5.4,111,7.6,
2026-08-13T05:00,16.6,46,14.6,0.0,0.0,,5.0,112,7.2,
2026-08-13T05:15,16.4,47,14.4,0.0,0.0,,5.0,114,6.8,
2026-08-13T05:30,16.2,48,14.3,0.0,0.0,,5.0,115,6.8,
2026-08-13T05:45,16.1,48,14.1,0.0,0.0,,5.4,117,6.8,
2026-08-13T06:00,15.9,48,13.8,0.0,0.0,,5.4,118,6.8,
2026-08-13T06:15,15.6,47,13.4,0.0,0.0,,5.8,115,7.2,
2026-08-13T06:30,15.3,46,13.0,0.0,0.0,,5.8,112,7.9,
2026-08-13T06:45,15.1,45,12.7,0.0,0.0,,6.1,109,8.3,
2026-08-13T07:00,15.1,44,12.6,0.0,0.0,,6.1,106,8.6,
2026-08-13T07:15,15.4,44,13.0,0.0,0.0,,5.8,109,8.3,
2026-08-13T07:30,15.9,45,13.7,0.0,0.0,,5.4,111,7.6,
2026-08-13T07:45,16.6,46,14.6,0.0,0.0,,5.0,114,6.8,
2026-08-13T08:00,17.2,46,15.4,0.0,0.0,,4.7,116,6.5,
2026-08-13T08:15,17.8,44,16.0,0.0,0.0,,4.7,120,6.8,
2026-08-13T08:30,18.5,42,16.7,0.0,0.0,,4.3,124,7.9,
2026-08-13T08:45,19.2,39,17.3,0.0,0.0,,4.3,127,9.0,
2026-08-13T09:00,19.9,37,18.0,0.0,0.0,,4.3,131,9.7,
2026-08-13T09:15,20.5,35,18.6,0.0,0.0,,4.3,130,10.1,
2026-08-13T09:30,21.1,33,19.2,0.0,0.0,,4.0,130,10.4,
2026-08-13T09:45,21.8,32,19.9,0.0,0.0,,4.0,129,10.4,
2026-08-13T10:00,22.6,30,20.6,0.0,0.0,,4.0,128,10.8,
2026-08-13T10:15,23.5,29,21.6,0.0,0.0,,4.0,124,11.5,
2026-08-13T10:30,24.7,27,22.7,0.0,0.0,,4.3,121,11.9,
2026-08-13T10:45,25.7,26,23.9,0.0,0.0,,4.7,117,12.6,
2026-08-13T11:00,26.7,25,25.1,0.0,0.0,,5.0,113,13.3,
2026-08-13T11:15,27.4,24,25.9,0.0,0.0,,5.4,114,13.7,
2026-08-13T11:30,27.9,24,26.8,0.0,0.0,,5.4,114,14.4,
2026-08-13T11:45,28.4,23,27.3,0.0,0.0,,5.8,115,14.8,
2026-08-13T12:00,28.9,23,28.1,0.0,0.0,,5.8,115,15.1,
2026-08-13T12:15,29.4,23,28.8,0.0,0.0,,5.8,120,15.1,
2026-08-13T12:30,29.8,22,29.4,0.0,0.0,,5.4,125,15.1,
2026-08-13T12:45,30.2,22,30.0,0.0,0.0,,5.0,130,15.1,
2026-08-13T13:00,30.8,21,30.6,0.0,0.0,,5.0,135,15.5,
2026-08-13T13:15,31.5,20,31.3,0.0,0.0,,5.0,123,16.2,
2026-08-13T13:30,32.3,18,32.0,0.0,0.0,,5.0,112,16.9,
2026-08-13T13:45,33.1,17,32.7,0.0,0.0,,5.4,100,18.0,
2026-08-13T14:00,33.7,16,33.3,0.0,0.0,,5.4,88,18.7,
2026-08-13T14:15,34.0,15,33.4,0.0,0.0,,5.8,92,19.1,
2026-08-13T14:30,34.1,15,33.4,0.0,0.0,,6.1,97,19.4,
2026-08-13T14:45,34.1,15,33.3,0.0,0.0,,6.5,101,19.8,
2026-08-13T15:00,34.2,15,33.3,0.0,0.0,,6.5,105,19.8,
2026-08-13T15:15,34.3,15,33.4,0.0,0.0,,6.1,105,19.4,
2026-08-13T15:30,34.4,15,33.5,0.0,0.0,,5.8,104,18.7,
2026-08-13T15:45,34.5,14,33.4,0.0,0.0,,5.0,104,18.0,
2026-08-13T16:00,34.6,14,33.5,0.0,0.0,,4.7,103,17.6,
2026-08-13T16:15,34.8,14,33.5,0.0,0.0,,4.7,94,17.6,
2026-08-13T16:30,35.0,13,33.3,0.0,0.0,,5.0,84,18.0,
2026-08-13T16:45,35.2,13,33.4,0.0,0.0,,5.4,75,18.4,
2026-08-13T17:00,35.3,13,33.3,0.0,0.0,,5.4,65,18.0,
2026-08-13T17:15,35.3,13,33.1,0.0,0.0,,5.0,63,17.3,
2026-08-13T17:30,35.2,13,33.0,0.0,0.0,,4.0,60,15.8,
2026-08-13T17:45,35.1,14,33.1,0.0,0.0,,3.2,58,14.8,
2026-08-13T18:00,35.0,14,33.1,0.0,0.0,,2.9,55,13.7,
2026-08-13T18:15,35.0,14,33.0,0.0,0.0,,2.9,61,13.0,
2026-08-13T18:30,35.0,14,33.0,0.0,0.0,,3.2,67,12.6,
2026-08-13T18:45,35.0,14,32.9,0.0,0.0,,3.6,73,12.2,
2026-08-13T19:00,34.8,14,32.6,0.0,0.0,,4.7,79,12.6,
2026-08-13T19:15,34.6,14,32.0,0.0,0.0,,6.5,73,14.0,
2026-08-13T19:30,34.3,15,31.6,0.0,0.0,,8.6,66,16.6,
2026-08-13T19:45,33.9,16,31.0,0.0,0.0,,10.8,60,18.7,
2026-08-13T20:00,33.3,17,30.4,0.0,0.0,,11.9,53,19.4,
2026-08-13T20:15,32.5,19,29.8,0.0,0.0,,11.5,50,18.4,
2026-08-13T20:30,31.5,22,29.3,0.0,0.0,,10.4,46,15.8,
2026-08-13T20:45,30.4,25,28.7,0.0,0.0,,8.6,43,13.0,
2026-08-13T21:00,29.4,28,28.0,0.0,0.0,,7.9,39,11.5,
2026-08-13T21:15,28.5,31,27.2,0.0,0.0,,7.9,21,11.5,
2026-08-13T21:30,27.5,33,26.3,0.0,0.0,,8.3,2,12.6,
2026-08-13T21:45,26.6,35,25.3,0.0,0.0,,9.0,344,13.7,
2026-08-13T22:00,25.8,38,24.6,0.0,0.0,,9.4,325,14.0,
2026-08-13T22:15,25.1,41,24.0,0.0,0.0,,9.4,318,13.7,
2026-08-13T22:30,24.6,45,23.8,0.0,0.0,,9.0,310,12.6,
2026-08-13T22:45,24.0,48,23.4,0.0,0.0,,9.0,303,11.2,
2026-08-13T23:00,23.5,51,23.1,0.0,0.0,,8.6,295,10.4,
2026-08-13T23:15,23.0,54,22.8,0.0,0.0,,8.6,299,10.1,
2026-08-13T23:30,22.5,57,22.4,0.0,0.0,,8.6,304,10.1,
2026-08-13T23:45,22.1,59,22.0,0.0,0.0,,8.6,308,9.7,
2026-08-14T00:00,21.7,60,21.6,0.0,0.0,,8.3,312,9.4,
2026-08-14T00:15,21.3,60,21.3,0.0,0.0,,7.6,322,8.6,
2026-08-14T00:30,21.1,58,20.9,0.0,0.0,,6.8,332,7.6,
2026-08-14T00:45,20.8,57,20.5,0.0,0.0,,6.1,341,6.5,
2026-08-14T01:00,20.6,57,20.4,0.0,0.0,,5.4,351,5.8,
2026-08-14T01:15,20.4,59,20.4,0.0,0.0,,5.0,339,5.4,
2026-08-14T01:30,20.3,62,20.5,0.0,0.0,,4.7,327,5.0,
2026-08-14T01:45,20.1,65,20.4,0.0,0.0,,4.7,314,5.0,
2026-08-14T02:00,19.9,67,20.4,0.0,0.0,,4.7,302,5.0,
2026-08-14T02:15,19.7,69,20.2,0.0,0.0,,5.0,289,5.4,
2026-08-14T02:30,19.5,70,20.0,0.0,0.0,,5.4,277,6.1,
2026-08-14T02:45,19.4,71,19.8,0.0,0.0,,6.1,264,6.5,
2026-08-14T03:00,19.3,70,19.6,0.0,0.0,,6.1,251,6.8,
2026-08-14T03:15,19.3,67,19.4,0.0,0.0,,5.8,231,6.5,
2026-08-14T03:30,19.5,62,19.4,0.0,0.0,,5.0,211,5.8,
2026-08-14T03:45,19.6,58,19.3,0.0,0.0,,4.3,191,5.0,
2026-08-14T04:00,19.6,55,19.1,0.0,0.0,,4.0,171,4.7,
2026-08-14T04:15,19.3,55,18.8,0.0,0.0,,4.0,184,4.7,
2026-08-14T04:30,19.0,57,18.5,0.0,0.0,,4.0,197,4.7,
2026-08-14T04:45,18.6,59,18.1,0.0,0.0,,4.0,209,4.7,
2026-08-14T05:00,18.3,61,17.9,0.0,0.0,,4.0,222,4.7,
2026-08-14T05:15,18.2,62,17.9,0.0,0.0,,3.6,209,4.0,
2026-08-14T05:30,18.2,62,18.0,0.0,0.0,,2.9,196,3.2,
2026-08-14T05:45,18.2,63,18.2,0.0,0.0,,2.2,182,2.5,
2026-08-14T06:00,18.1,62,18.0,0.0,0.0,,2.5,169,2.9,
2026-08-14T06:15,18.0,60,17.4,0.0,0.0,,4.3,198,5.0,
2026-08-14T06:30,17.7,58,16.6,0.0,0.0,,6.8,226,8.3,
2026-08-14T06:45,17.6,56,15.9,0.0,0.0,,9.4,255,11.2,
2026-08-14T07:00,17.6,54,15.6,0.0,0.0,,10.4,283,12.6,
2026-08-14T07:15,17.8,53,15.9,0.0,0.0,,9.4,273,11.5,
2026-08-14T07:30,18.1,53,16.6,0.0,0.0,,7.2,262,8.6,
2026-08-14T07:45,18.6,53,17.5,0.0,0.0,,5.0,252,5.4,
2026-08-14T08:00,19.2,52,18.5,0.0,0.0,,3.6,241,4.0,
2026-08-14T08:15,20.1,50,19.4,0.0,0.0,,4.0,251,4.7,
2026-08-14T08:30,21.2,47,20.3,0.0,0.0,,5.0,262,6.8,
2026-08-14T08:45,22.4,43,21.3,0.0,0.0,,6.1,272,9.4,
2026-08-14T09:00,23.5,40,22.3,0.0,0.0,,6.8,282,10.8,
2026-08-14T09:15,24.6,37,23.3,0.0,0.0,,6.5,263,10.8,
2026-08-14T09:30,25.7,33,24.4,0.0,0.0,,5.4,243,10.4,
2026-08-14T09:45,26.7,30,25.4,0.0,0.0,,4.3,224,9.7,
2026-08-14T10:00,27.6,27,26.3,0.0,0.0,,3.6,204,9.7,
2026-08-14T10:15,28.5,25,27.0,0.0,0.0,,4.0,195,10.4,
2026-08-14T10:30,29.2,24,27.7,0.0,0.0,,4.7,186,11.9,
2026-08-14T10:45,29.9,23,28.3,0.0,0.0,,5.4,177,13.3,
2026-08-14T11:00,30.6,22,29.1,0.0,0.0,,5.8,168,14.4,
2026-08-14T11:15,31.1,21,29.8,0.0,0.0,,5.8,169,14.8,
2026-08-14T11:30,31.6,21,30.6,0.0,0.0,,5.4,169,14.4,
2026-08-14T11:45,32.0,21,31.4,0.0,0.0,,4.7,170,14.4,
2026-08-14T12:00,32.5,20,31.9,0.0,0.0,,4.7,170,14.8,
2026-08-14T12:15,33.0,19,32.5,0.0,0.0,,5.0,181,15.8,
2026-08-14T12:30,33.6,18,33.0,0.0,0.0,,5.4,193,17.3,
2026-08-14T12:45,34.1,17,33.5,0.0,0.0,,5.8,204,18.4,
2026-08-14T13:00,34.6,17,34.1,0.0,0.0,,6.1,215,19.4,
2026-08-14T13:15,34.9,17,34.6,0.0,0.0,,5.8,211,19.4,
2026-08-14T13:30,35.1,18,35.2,0.0,0.0,,5.0,207,19.1,
2026-08-14T13:45,35.2,19,35.7,0.0,0.0,,4.7,202,18.7,
2026-08-14T14:00,35.4,19,35.9,0.0,0.0,,4.7,198,19.1,
2026-08-14T14:15,35.8,19,36.2,0.0,0.0,,5.4,209,20.5,
2026-08-14T14:30,36.2,18,36.2,0.0,0.0,,6.8,220,22.7,
2026-08-14T14:45,36.5,17,36.1,0.0,0.0,,8.6,231,24.8,
2026-08-14T15:00,36.6,17,35.8,0.0,0.0,,10.4,242,27.0,
2026-08-14T15:15,36.3,18,35.3,0.0,0.0,,12.2,266,29.2,
2026-08-14T15:30,35.8,19,34.3,0.0,0.0,,14.8,289,31.3,
2026-08-14T15:45,35.2,20,33.5,0.0,0.0,,16.6,313,33.1,
2026-08-14T16:00,34.9,21,32.9,0.0,0.0,,18.0,336,34.6,
2026-08-14T16:15,34.9,21,32.8,0.0,0.0,,18.4,337,34.9,
2026-08-14T16:30,35.2,22,33.2,0.0,0.0,,18.4,339,34.9,
2026-08-14T16:45,35.5,22,33.4,0.0,0.0,,18.0,340,34.6,
2026-08-14T17:00,35.4,22,33.3,0.0,0.0,,17.6,341,33.8,
2026-08-14T17:15,34.9,22,32.6,0.0,0.0,,17.3,343,33.1,
2026-08-14T17:30,34.1,23,31.7,0.0,0.0,,16.9,344,32.0,
2026-08-14T17:45,33.3,24,30.9,0.0,0.0,,16.6,346,30.6,
2026-08-14T18:00,32.8,24,30.4,0.0,0.0,,15.8,347,29.2,
2026-08-14T18:15,32.8,24,30.5,0.0,0.0,,14.8,350,27.4,
2026-08-14T18:30,32.9,24,30.8,0.0,0.0,,13.7,353,25.2,
2026-08-14T18:45,33.2,24,31.4,0.0,0.0,,12.2,356,23.0,
2026-08-14T19:00,33.1,24,31.4,0.0,0.0,,11.5,359,21.6,
2026-08-14T19:15,32.8,24,31.0,0.0,0.0,,11.5,4,21.2,
2026-08-14T19:30,32.3,24,30.4,0.0,0.0,,11.9,8,21.2,
2026-08-14T19:45,31.7,24,29.6,0.0,0.0,,12.2,13,21.6,
2026-08-14T20:00,31.0,25,28.8,0.0,0.0,,12.6,17,22.0,
2026-08-14T20:15,30.1,27,28.0,0.0,0.0,,13.0,14,22.0,
2026-08-14T20:30,29.1,30,27.1,0.0,0.0,,13.3,10,22.0,
2026-08-14T20:45,28.1,33,26.2,0.0,0.0,,13.3,7,22.0,
2026-08-14T21:00,27.3,35,25.5,0.0,0.0,,13.3,3,21.6,
2026-08-14T21:15,26.9,37,25.3,0.0,0.0,,13.0,5,20.9,
2026-08-14T21:30,26.7,39,25.4,0.0,0.0,,11.9,6,19.4,
2026-08-14T21:45,26.5,41,25.6,0.0,0.0,,11.2,8,18.0,
2026-08-14T22:00,26.3,42,25.5,0.0,0.0,,10.4,9,16.9,
2026-08-14T22:15,26.0,42,25.2,0.0,0.0,,10.1,16,15.8,
2026-08-14T22:30,25.7,41,24.7,0.0,0.0,,9.7,23,15.1,
2026-08-14T22:45,25.3,40,24.1,0.0,0.0,,9.4,30,14.4,
2026-08-14T23:00,24.8,40,23.6,0.0,0.0,,9.0,37,13.7,
2026-08-14T23:15,24.2,43,23.2,0.0,0.0,,8.6,13,13.0,
2026-08-14T23:30,23.5,47,22.7,0.0,0.0,,8.3,349,12.6,
2026-08-14T23:45,22.7,51,22.2,0.0,0.0,,8.3,324,12.2,
2026-08-15T00:00,22.2,55,21.9,0.0,0.0,,7.9,300,11.5,
2026-08-15T00:15,22.0,58,21.9,0.0,0.0,,7.6,304,10.4,
2026-08-15T00:30,21.9,61,22.1,0.0,0.0,,7.2,309,9.4,
2026-08-15T00:45,21.9,63,22.3,0.0,0.0,,7.2,313,8.6,
2026-08-15T01:00,21.8,64,22.4,0.0,0.0,,6.8,317,7.9,
2026-08-15T01:15,21.8,63,22.3,0.0,0.0,,6.5,314,7.9,
2026-08-15T01:30,21.9,60,22.1,0.0,0.0,,6.5,310,8.3,
2026-08-15T01:45,21.9,57,21.9,0.0,0.0,,6.1,307,9.0,
2026-08-15T02:00,21.7,58,21.7,0.0,0.0,,6.5,303,9.7,
2026-08-15T02:15,21.1,64,21.4,0.0,0.0,,7.2,302,10.4,
2026-08-15T02:30,20.3,74,21.0,0.0,0.0,,7.9,301,11.5,
2026-08-15T02:45,19.5,84,20.5,0.0,0.0,,9.0,299,12.6,
2026-08-15T03:00,19.0,90,20.1,0.0,0.0,,10.1,298,14.4,
2026-08-15T03:15,18.9,91,19.8,0.0,0.0,,11.5,288,17.3,
2026-08-15T03:30,19.0,90,19.6,0.0,0.0,,13.3,278,20.9,
2026-08-15T03:45,19.2,87,19.5,0.0,0.0,,15.1,267,24.5,
2026-08-15T04:00,19.5,85,19.6,0.0,0.0,,15.8,257,26.3,
2026-08-15T04:15,19.8,83,19.9,0.0,0.0,,15.5,260,25.9,
2026-08-15T04:30,20.1,80,20.4,0.0,0.0,,14.0,263,24.1,
2026-08-15T04:45,20.4,77,20.8,0.0,0.0,,12.2,265,21.6,
2026-08-15T05:00,20.6,77,21.2,0.0,0.0,,11.2,268,19.8,
2026-08-15T05:15,20.6,80,21.5,0.0,0.0,,10.8,286,19.1,
2026-08-15T05:30,20.4,84,21.5,0.0,0.0,,10.8,305,18.4,
2026-08-15T05:45,20.1,89,21.6,0.0,0.0,,10.8,323,18.0,
2026-08-15T06:00,20.0,92,21.7,0.0,0.0,,10.4,341,17.3,
2026-08-15T06:15,20.0,92,21.7,0.0,0.0,,10.1,319,15.8,
2026-08-15T06:30,20.0,91,21.7,0.0,0.0,,9.4,298,14.4,
2026-08-15T06:45,20.1,89,21.8,0.0,0.0,,8.6,276,13.0,
2026-08-15T07:00,20.2,87,21.9,0.0,0.0,,7.9,254,11.5,
2026-08-15T07:15,20.4,85,22.1,0.0,0.0,,7.2,267,10.4,
2026-08-15T07:30,20.6,83,22.4,0.0,0.0,,6.5,281,9.7,
2026-08-15T07:45,20.9,82,22.8,0.0,0.0,,5.8,294,9.0,
2026-08-15T08:00,21.0,81,23.0,0.0,0.0,,5.4,307,9.4,
2026-08-15T08:15,21.0,83,23.0,0.0,0.0,,5.8,307,10.8,
2026-08-15T08:30,20.8,87,22.9,0.0,0.0,,6.8,306,13.0,
2026-08-15T08:45,20.7,89,22.8,0.0,0.0,,7.9,306,15.1,
2026-08-15T09:00,20.8,89,22.9,0.0,0.0,,8.6,305,16.6,
2026-08-15T09:15,21.4,84,23.3,0.0,0.0,,8.3,325,16.6,
2026-08-15T09:30,22.2,75,23.8,0.0,0.0,,7.6,344,15.5,
2026-08-15T09:45,23.1,66,24.3,0.0,0.0,,6.8,4,14.4,
2026-08-15T10:00,23.8,59,24.7,0.0,0.0,,6.5,23,14.0,
2026-08-15T10:15,24.5,55,25.1,0.0,0.0,,6.8,23,14.8,
2026-08-15T10:30,25.1,53,25.6,0.0,0.0,,7.6,23,16.6,
2026-08-15T10:45,25.6,52,26.1,0.0,0.0,,7.9,22,18.0,
2026-08-15T11:00,26.0,51,26.5,0.0,0.0,,8.3,22,18.7,
2026-08-15T11:15,26.2,52,26.9,0.0,0.0,,7.9,64,18.4,
2026-08-15T11:30,26.1,54,27.4,0.0,0.0,,7.2,107,16.9,
2026-08-15T11:45,26.1,55,27.9,0.0,0.0,,6.1,149,15.8,
2026-08-15T12:00,26.2,55,28.3,0.0,0.0,,5.8,191,15.5,
2026-08-15T12:15,26.7,51,28.5,0.0,0.0,,6.1,235,16.6,
2026-08-15T12:30,27.4,44,28.5,0.0,0.0,,6.8,278,18.4,
2026-08-15T12:45,28.0,38,28.5,0.0,0.0,,7.2,322,19.8,
2026-08-15T13:00,28.6,34,28.6,0.0,0.0,,7.6,5,20.9,
2026-08-15T13:15,28.9,34,29.2,0.0,0.0,,6.8,1,20.2,
2026-08-15T13:30,29.1,37,30.1,0.0,0.0,,5.4,356,18.7,
2026-08-15T13:45,29.3,41,31.0,0.0,0.0,,4.3,352,17.6,
2026-08-15T14:00,29.4,43,31.5,0.0,0.0,,4.3,347,17.6,
2026-08-15T14:15,29.4,44,31.4,0.0,0.0,,6.1,357,20.2,
2026-08-15T14:30,29.4,45,31.1,0.0,0.0,,9.0,8,23.8,
2026-08-15T14:45,29.3,46,30.6,0.0,0.0,,11.5,18,27.4,
2026-08-15T15:00,29.3,45,30.3,0.0,0.0,,13.0,28,29.2,
2026-08-15T15:15,29.4,43,30.3,0.0,0.0,,11.9,29,27.4,
2026-08-15T15:30,29.5,39,30.3,0.0,0.0,,9.0,30,23.4,
2026-08-15T15:45,29.6,35,30.0,0.0,0.0,,6.5,31,19.4,
2026-08-15T16:00,29.6,34,29.6,0.0,0.0,,5.4,32,18.0,
2026-08-15T16:15,29.3,36,29.1,0.0,0.0,,7.2,25,20.2,
2026-08-15T16:30,28.9,40,28.6,0.0,0.0,,10.8,19,24.8,
2026-08-15T16:45,28.3,45,28.0,0.0,0.0,,14.4,12,29.5,
2026-08-15T17:00,27.7,49,27.3,0.0,0.0,,17.3,5,33.5,
2026-08-15T17:15,27.0,53,26.6,0.0,0.0,,19.1,7,35.6,
2026-08-15T17:30,26.2,57,25.7,0.0,0.0,,20.2,9,37.4,
2026-08-15T17:45,25.3,61,24.9,0.0,0.0,,20.9,11,38.5,
2026-08-15T18:00,24.8,64,24.4,0.0,0.0,,21.2,13,38.9,
2026-08-15T18:15,24.5,65,24.2,0.0,0.0,,20.9,12,38.2,
2026-08-15T18:30,24.5,65,24.3,0.0,0.0,,19.4,11,36.4,
2026-08-15T18:45,24.5,64,24.4,0.0,0.0,,18.4,9,34.2,
2026-08-15T19:00,24.5,64,24.6,0.0,0.0,,17.3,8,32.4,
2026-08-15T19:15,24.5,64,24.7,0.0,0.0,,16.6,4,31.3,
2026-08-15T19:30,24.6,65,24.9,0.0,0.0,,16.2,359,30.2,
2026-08-15T19:45,24.6,65,25.0,0.0,0.0,,15.8,355,29.5,
2026-08-15T20:00,24.4,66,24.8,0.0,0.0,,15.8,350,29.2,
2026-08-15T20:15,23.9,68,24.2,0.0,0.0,,16.2,351,29.2,
2026-08-15T20:30,23.1,70,23.3,0.0,0.0,,16.6,351,29.5,
2026-08-15T20:45,22.4,72,22.4,0.0,0.0,,16.9,352,30.2,
2026-08-15T21:00,21.8,74,21.7,0.0,0.0,,17.3,352,30.2,
2026-08-15T21:15,21.4,77,21.5,0.0,0.0,,17.3,351,29.9,
2026-08-15T21:30,21.2,79,21.3,0.0,0.0,,17.3,349,29.2,
2026-08-15T21:45,21.0,82,21.4,0.0,0.0,,16.9,348,28.4,
2026-08-15T22:00,20.9,84,21.3,0.0,0.0,,16.9,346,28.1,
2026-08-15T22:15,20.7,85,21.2,0.0,0.0,,16.9,348,28.1,
2026-08-15T22:30,20.6,85,21.0,0.0,0.0,,17.3,349,28.1,
2026-08-15T22:45,20.5,86,21.0,0.0,0.0,,17.3,351,28.1,
2026-08-15T23:00,20.3,86,20.7,0.0,0.0,,17.3,352,27.7,
2026-08-15T23:15,20.0,87,20.4,0.0,0.0,,16.9,353,27.0,
2026-08-15T23:30,19.7,88,20.1,0.0,0.0,,16.2,355,26.3,
2026-08-15T23:45,19.3,88,19.7,0.0,0.0,,15.5,356,25.6,
2026-08-16T00:00,19.1,89,19.6,0.0,0.0,,14.8,357,24.8,
2026-08-16T00:15,19.1,90,19.6,0.0,0.0,,14.4,360,24.5,
2026-08-16T00:30,19.2,90,19.8,0.0,0.0,,14.0,2,24.1,
2026-08-16T00:45,19.3,90,20.1,0.0,0.0,,13.7,5,24.1,
2026-08-16T01:00,19.4,90,20.2,0.0,0.0,,13.7,7,23.8,
2026-08-16T01:15,19.4,89,20.1,0.0,0.0,,13.7,5,23.4,
2026-08-16T01:30,19.3,87,19.8,0.0,0.0,,14.0,3,23.4,
2026-08-16T01:45,19.3,86,19.6,0.0,0.0,,14.0,1,23.0,
2026-08-16T02:00,19.2,85,19.6,0.0,0.0,,13.7,359,22.3,
2026-08-16T02:15,19.2,85,19.6,0.0,0.0,,12.6,3,20.9,
2026-08-16T02:30,19.2,86,19.9,0.0,0.0,,11.5,7,19.1,
2026-08-16T02:45,19.1,87,20.1,0.0,0.0,,10.1,11,17.3,
2026-08-16T03:00,19.0,88,20.2,0.0,0.0,,8.6,15,15.1,
2026-08-16T03:15,18.9,89,20.3,0.0,0.0,,7.2,12,12.6,
2026-08-16T03:30,18.6,91,20.3,0.0,0.0,,5.8,9,10.1,
2026-08-16T03:45,18.4,92,20.3,0.0,0.0,,4.3,6,7.6,
2026-08-16T04:00,18.3,93,20.3,0.0,0.0,,3.6,3,6.1,
2026-08-16T04:15,18.3,92,20.2,0.0,0.0,,3.6,11,6.1,
2026-08-16T04:30,18.4,91,20.2,0.0,0.0,,4.3,18,7.6,
2026-08-16T04:45,18.5,90,20.1,0.0,0.0,,5.4,26,9.0,
2026-08-16T05:00,18.4,89,19.8,0.0,0.0,,6.1,33,10.1,
2026-08-16T05:15,18.2,90,19.5,0.0,0.0,,6.8,19,10.8,
2026-08-16T05:30,17.9,92,19.1,0.0,0.0,,7.6,5,11.5,
2026-08-16T05:45,17.5,94,18.7,0.0,0.0,,7.9,351,11.9,
2026-08-16T06:00,17.3,95,18.3,0.0,0.0,,8.3,337,12.2,
2026-08-16T06:15,17.1,96,18.2,0.0,0.0,,8.3,335,12.2,
2026-08-16T06:30,17.0,97,18.0,0.0,0.0,,8.6,332,11.9,
2026-08-16T06:45,17.0,97,18.0,0.0,0.0,,8.3,330,11.5,
2026-08-16T07:00,17.0,97,18.2,0.0,0.0,,7.9,327,11.2,
2026-08-16T07:15,17.1,96,18.3,0.0,0.0,,7.2,335,10.4,
2026-08-16T07:30,17.3,94,18.6,0.0,0.0,,6.1,342,9.4,
2026-08-16T07:45,17.6,91,18.9,0.0,0.0,,5.0,350,8.3,
2026-08-16T08:00,17.9,89,19.3,0.0,0.0,,4.3,357,7.9,
2026-08-16T08:15,18.2,86,19.6,0.0,0.0,,4.3,11,8.6,
2026-08-16T08:30,18.6,84,19.9,0.0,0.0,,4.7,24,9.7,
2026-08-16T08:45,19.0,81,20.2,0.0,0.0,,5.0,38,10.8,
2026-08-16T09:00,19.4,78,20.4,0.0,0.0,,5.4,51,11.9,
2026-08-16T09:15,19.8,75,20.7,0.0,0.0,,5.4,48,12.2,
2026-08-16T09:30,20.2,73,21.2,0.0,0.0,,5.0,46,12.2,
2026-08-16T09:45,20.6,70,21.6,0.0,0.0,,4.7,43,12.6,
2026-08-16T10:00,21.0,68,21.8,0.0,0.0,,5.0,40,13.3,
2026-08-16T10:15,21.3,66,21.9,0.0,0.0,,6.1,33,15.1,
2026-08-16T10:30,21.5,64,21.8,0.0,0.0,,7.9,26,17.6,
2026-08-16T10:45,21.7,62,21.6,0.0,0.0,,9.4,18,20.2,
2026-08-16T11:00,22.0,61,21.8,0.0,0.0,,10.4,11,22.0,
2026-08-16T11:15,22.4,60,22.2,0.0,0.0,,10.4,10,22.3,
2026-08-16T11:30,22.9,60,23.0,0.0,0.0,,10.1,9,22.0,
2026-08-16T11:45,23.3,59,23.6,0.0,0.0,,9.4,8,21.6,
2026-08-16T12:00,23.7,59,24.2,0.0,0.0,,9.0,7,21.2,
2026-08-16T12:15,23.8,59,24.7,0.0,0.0,,9.0,3,21.6,
2026-08-16T12:30,23.9,59,25.0,0.0,0.0,,9.4,358,22.0,
2026-08-16T12:45,23.9,58,25.0,0.0,0.0,,9.4,354,22.0,
2026-08-16T13:00,24.0,57,25.0,0.0,0.0,,9.4,349,22.3,
2026-08-16T13:15,24.4,54,25.0,0.0,0.0,,9.0,354,22.3,
2026-08-16T13:30,24.8,50,25.1,0.0,0.0,,8.3,358,22.0,
2026-08-16T13:45,25.3,47,25.6,0.0,0.0,,7.6,3,21.6,
2026-08-16T14:00,25.7,44,26.0,0.0,0.0,,7.2,7,21.6,
2026-08-16T14:15,26.1,43,26.5,0.0,0.0,,7.6,2,22.3,
2026-08-16T14:30,26.4,43,26.9,0.0,0.0,,8.3,356,23.0,
2026-08-16T14:45,26.6,43,27.0,0.0,0.0,,9.0,351,24.1,
2026-08-16T15:00,26.6,43,26.8,0.0,0.0,,9.4,345,24.5,
2026-08-16T15:15,26.4,44,26.5,0.0,0.0,,9.4,347,24.5,
2026-08-16T15:30,26.0,45,25.9,0.0,0.0,,9.4,349,23.8,
2026-08-16T15:45,25.6,45,25.2,0.0,0.0,,9.0,351,23.4,
2026-08-16T16:00,25.3,46,25.1,0.0,0.0,,9.0,353,23.0,
2026-08-16T16:15,25.3,46,25.1,0.0,0.0,,9.4,353,23.4,
2026-08-16T16:30,25.4,46,25.2,0.0,0.0,,9.7,353,24.1,
2026-08-16T16:45,25.6,46,25.2,0.0,0.0,,10.1,352,24.8,
2026-08-16T17:00,25.6,45,25.0,0.0,0.0,,10.8,352,25.6,
2026-08-16T17:15,25.6,44,24.6,0.0,0.0,,11.5,350,26.3,
2026-08-16T17:30,25.5,43,24.3,0.0,0.0,,12.2,348,26.6,
2026-08-16T17:45,25.4,42,24.0,0.0,0.0,,13.0,345,27.4,
2026-08-16T18:00,25.2,41,23.6,0.0,0.0,,13.3,343,27.7,
2026-08-16T18:15,25.1,41,23.5,0.0,0.0,,13.0,344,28.1,
2026-08-16T18:30,24.9,42,23.4,0.0,0.0,,12.2,345,28.1,
2026-08-16T18:45,24.7,43,23.4,0.0,0.0,,11.5,346,28.1,
2026-08-16T19:00,24.5,44,23.3,0.0,0.0,,10.8,347,27.7,
2026-08-16T19:15,24.2,45,23.2,0.0,0.0,,10.4,352,26.6,
2026-08-16T19:30,24.0,45,22.9,0.0,0.0,,10.4,356,24.8,
2026-08-16T19:45,23.7,45,22.5,0.0,0.0,,10.4,1,23.0,
2026-08-16T20:00,23.4,46,22.3,0.0,0.0,,10.1,5,21.6,
2026-08-16T20:15,23.2,47,22.3,0.0,0.0,,9.4,7,20.5,
2026-08-16T20:30,23.0,47,22.1,0.0,0.0,,8.6,8,19.8,
2026-08-16T20:45,22.8,48,22.0,0.0,0.0,,7.9,10,19.1,
2026-08-16T21:30,21.7,51,21.1,0.0,0.0,1,6.5,12,14.8,1013.1
2026-08-16T22:15,20.5,55,20.0,0.0,0.0,3,5.4,32,10.1,1013.4
2026-08-16T22:45,20.2,58,19.9,0.0,0.0,1,5.4,21,9.4,1013.6
2026-08-16T21:00,22.5,50,21.9,0.0,0.0,,7.2,21,22.7,
2026-08-16T21:15,22.1,51,21.6,0.0,0.0,,6.5,28,20.5,
2026-08-16T21:45,21.3,54,20.9,0.0,0.0,,6.1,41,14.4,
2026-08-16T23:45,19.6,62,19.6,0.0,0.0,3,4.0,32,6.8,1013.4
2026-08-16T22:00,20.5,55,20.1,0.0,0.0,,5.0,41,9.7,
2026-08-16T22:30,20.0,59,20.1,0.0,0.0,,3.2,87,5.0,
2026-08-16T23:00,19.7,61,19.9,0.0,0.0,,3.2,100,5.4,
2026-08-16T23:15,19.5,62,19.7,0.0,0.0,,3.2,108,5.4,
2026-08-16T23:30,19.3,62,19.4,0.0,0.0,,3.6,116,5.0,
2026-08-17T01:45,19.0,64,19.1,0.0,0.0,3,3.6,201,7.6,1013.0
2026-08-17T00:00,18.9,59,18.6,0.0,0.0,,3.6,102,4.7,
2026-08-17T00:15,18.9,59,18.6,0.0,0.0,,4.0,118,5.0,
2026-08-17T00:30,19.0,58,18.5,0.0,0.0,,4.3,135,5.8,
2026-08-17T00:45,19.1,58,18.6,0.0,0.0,,4.7,151,6.5,
2026-08-17T01:00,19.2,58,18.7,0.0,0.0,,5.0,167,7.2,
2026-08-17T01:15,19.3,57,18.7,0.0,0.0,,5.4,168,7.6,
2026-08-17T01:30,19.3,57,18.7,0.0,0.0,,5.8,170,7.9,
2026-08-17T02:00,18.5,63,17.8,0.0,0.0,,7.6,154,9.4,
2026-08-17T02:15,18.5,63,17.8,0.0,0.0,,7.6,163,10.1,
2026-08-17T02:30,18.6,62,17.9,0.0,0.0,,7.6,171,10.4,
2026-08-17T02:45,18.7,62,18.1,0.0,0.0,,7.2,180,11.2,
2026-08-17T03:00,19.2,61,18.2,0.0,0.0,,10.1,177,13.0,
2026-08-17T03:15,19.2,62,18.5,0.1,0.1,,9.0,198,13.3,
2026-08-17T03:30,19.2,65,18.9,0.1,0.1,,7.2,219,13.3,
2026-08-17T03:45,19.0,67,19.1,0.1,0.1,,5.4,239,13.3,
2026-08-17T04:00,16.6,94,17.3,0.1,0.1,,7.9,344,15.1,
2026-08-17T04:15,16.4,96,17.3,0.4,0.4,,7.2,12,15.5,
2026-08-17T04:30,16.5,96,17.6,0.4,0.4,,6.5,39,15.5,
2026-08-17T07:15,17.0,97,18.7,0.0,0.0,3,4.3,200,6.8,1011.7
2026-08-17T04:45,16.7,95,17.9,0.4,0.4,,5.8,67,15.5,
2026-08-17T05:00,16.8,95,18.2,0.4,0.4,,5.0,94,15.1,
2026-08-17T05:15,16.9,95,18.3,0.2,0.2,,4.3,128,14.0,
2026-08-17T07:45,16.8,95,18.0,0.0,0.0,3,6.1,221,11.9,1011.8
2026-08-17T05:30,17.2,91,18.2,0.5,0.5,,6.5,263,15.8,
2026-08-17T05:45,17.0,93,18.1,0.5,0.5,,6.1,251,17.6,
2026-08-17T06:00,16.8,95,18.1,0.5,0.5,,5.8,239,18.4,
2026-08-17T06:15,16.9,93,18.1,0.1,0.1,,5.0,99,6.8,
2026-08-17T06:30,16.8,95,18.1,0.1,0.1,,5.4,131,7.6,
2026-08-17T06:45,16.8,96,18.1,0.1,0.1,,6.1,163,8.6,
2026-08-17T07:00,16.9,96,18.1,0.1,0.1,,6.5,195,9.4,
2026-08-17T09:45,17.9,90,19.5,0.0,0.0,3,4.3,54,9.7,1012.2
2026-08-17T07:30,16.6,97,17.8,0.0,0.0,,5.8,203,8.6,
2026-08-17T08:00,16.9,95,17.8,0.0,0.0,,8.3,191,13.0,
2026-08-17T08:15,17.1,94,18.1,0.0,0.0,,7.6,179,13.7,
2026-08-17T08:30,17.4,92,18.6,0.0,0.0,,6.1,166,13.7,
2026-08-17T08:45,17.7,90,19.2,0.0,0.0,,4.3,154,13.7,
2026-08-17T09:00,17.9,90,19.6,0.0,0.0,,3.2,84,5.4,
2026-08-17T09:15,18.0,90,19.6,0.0,0.0,,3.6,76,6.1,
2026-08-17T09:30,18.0,90,19.5,0.0,0.0,,4.7,68,7.6,
2026-08-17T10:00,18.0,91,19.4,0.0,0.0,,5.8,51,10.4,
2026-08-17T10:15,18.1,91,19.6,0.0,0.0,,5.0,75,10.8,
2026-08-17T13:00,19.5,84,21.0,0.0,0.0,3,5.4,88,15.1,1012.5
2026-08-17T13:15,19.9,83,21.6,0.0,0.0,3,4.7,71,14.4,1012.5
2026-08-17T10:30,18.4,91,20.3,0.0,0.0,,3.6,99,10.4,
2026-08-17T10:45,18.5,91,20.6,0.0,0.0,,2.5,122,10.4,
2026-08-17T11:00,18.6,91,20.8,0.0,0.0,,1.8,146,10.4,
2026-08-17T11:15,18.7,90,20.9,0.0,0.0,,2.2,123,11.2,
2026-08-17T11:30,17.6,92,19.0,0.0,0.0,,5.0,198,9.4,
2026-08-17T11:45,17.7,92,19.3,0.0,0.0,,4.7,194,9.4,
2026-08-17T12:00,18.0,91,19.7,0.0,0.0,,4.3,190,9.7,
2026-08-17T12:15,18.6,89,20.4,0.0,0.0,,4.0,213,10.1,
2026-08-17T12:30,19.5,87,21.6,0.0,0.0,,3.2,236,10.4,
2026-08-17T12:45,20.4,84,22.7,0.0,0.0,,2.9,258,10.8,
2026-08-17T13:30,22.3,76,24.4,0.0,0.0,,5.0,299,15.5,
2026-08-17T16:30,22.5,69,23.2,0.0,0.0,3,10.8,347,22.3,1012.7
2026-08-17T17:00,22.6,68,23.4,0.0,0.0,3,9.7,343,21.2,1012.6
2026-08-17T17:30,22.6,68,23.6,0.0,0.0,3,8.6,349,20.5,1012.6
2026-08-17T13:45,22.7,73,24.9,0.0,0.0,,6.5,308,17.3,
2026-08-17T14:00,23.0,71,24.6,0.0,0.0,,7.6,317,18.7,
2026-08-17T14:15,23.1,70,24.5,0.0,0.0,,8.3,316,19.4,
2026-08-17T14:30,23.1,69,24.3,0.0,0.0,,9.0,314,19.8,
2026-08-17T14:45,22.9,69,24.0,0.0,0.0,,9.4,313,20.2,
2026-08-17T15:00,22.8,69,23.8,0.0,0.0,,9.7,311,20.5,
2026-08-17T15:15,22.7,69,23.6,0.0,0.0,,10.1,321,21.2,
2026-08-17T15:30,22.6,70,23.5,0.0,0.0,,10.8,331,22.0,
2026-08-17T17:45,22.6,68,23.6,0.0,0.0,3,8.3,352,19.8,1012.6
2026-08-17T18:30,22.1,69,23.0,0.0,0.0,3,8.3,1,18.7,1012.7
2026-08-17T15:45,22.5,70,23.3,0.0,0.0,,11.2,341,22.3,
2026-08-17T16:00,22.5,70,23.2,0.0,0.0,,11.2,351,22.7,
2026-08-17T16:15,22.5,70,23.2,0.0,0.0,,11.2,349,22.7,
2026-08-17T16:45,22.6,68,23.3,0.0,0.0,,10.1,345,21.6,
2026-08-17T17:15,22.5,68,23.7,0.0,0.0,,7.2,346,20.9,
2026-08-17T20:00,21.6,68,22.5,0.0,0.0,3,6.8,8,15.8,1012.7
2026-08-17T18:00,22.5,68,23.4,0.0,0.0,,8.6,355,19.4,
2026-08-17T18:15,22.4,68,23.3,0.0,0.0,,8.6,358,19.1,
2026-08-17T21:30,20.5,76,22.4,0.0,0.0,3,1.4,41,7.2,1012.7
2026-08-17T18:45,22.2,68,23.2,0.0,0.0,,7.6,3,18.0,
2026-08-17T19:00,22.1,68,23.1,0.0,0.0,,7.2,6,17.6,
2026-08-17T19:15,22.0,68,23.0,0.0,0.0,,7.2,7,17.3,
2026-08-17T19:30,21.9,68,22.8,0.0,0.0,,7.2,7,16.9,
2026-08-17T19:45,21.8,68,22.6,0.0,0.0,,7.2,8,16.6,
2026-08-17T20:15,21.4,68,22.4,0.0,0.0,,5.4,354,14.4,
2026-08-17T20:30,21.2,69,22.5,0.0,0.0,,3.6,340,12.6,
2026-08-17T20:45,21.0,70,22.6,0.0,0.0,,1.8,326,10.8,
2026-08-17T23:00,20.2,84,22.1,0.0,0.0,3,5.0,149,8.6,1012.9
2026-08-17T21:00,20.8,71,22.5,0.0,0.0,,0.7,312,9.4,
2026-08-17T23:30,20.0,86,21.7,0.0,0.0,3,7.2,170,9.0,1012.8
2026-08-17T21:15,20.7,73,22.5,0.0,0.0,,0.7,357,8.3,
2026-08-17T23:45,19.9,87,21.4,0.0,0.0,3,8.6,181,9.4,1012.8
2026-08-17T21:45,20.4,79,22.3,0.0,0.0,,2.5,86,6.8,
2026-08-17T22:00,20.3,81,22.2,0.0,0.0,,3.2,130,6.5,
2026-08-17T22:15,20.2,82,22.2,0.0,0.0,,3.6,135,6.8,
2026-08-17T22:30,20.2,83,22.2,0.0,0.0,,4.0,140,7.2,
2026-08-17T22:45,20.2,83,22.2,0.0,0.0,,4.3,144,7.9,
2026-08-17T23:15,20.1,85,21.9,0.0,0.0,,6.1,160,9.0,
2026-08-18T01:45,20.0,89,21.1,0.0,0.0,2,12.2,219,14.0,1012.0
2026-08-18T00:00,19.1,90,20.9,0.0,0.0,,5.8,175,9.7,
2026-08-18T00:15,19.0,91,20.7,0.0,0.0,,6.8,185,11.5,
2026-08-18T00:30,19.0,92,20.6,0.0,0.0,,7.9,194,13.0,
2026-08-18T00:45,18.9,92,20.3,0.0,0.0,,9.0,204,14.8,
2026-08-18T01:00,18.9,93,20.2,0.0,0.0,,9.7,213,16.2,
2026-08-18T04:15,18.6,93,19.2,0.0,0.0,3,14.4,227,24.8,1010.3
2026-08-18T01:15,17.5,96,18.7,0.0,0.0,,8.3,216,13.0,
2026-08-18T01:30,17.6,96,18.7,0.0,0.0,,9.4,220,14.8,
2026-08-18T02:00,18.0,95,18.9,0.0,0.0,,11.5,226,18.0,
2026-08-18T02:15,18.1,95,18.9,0.0,0.0,,12.2,223,19.1,
2026-08-18T05:15,19.0,94,19.8,0.0,0.0,3,14.0,224,25.2,1009.7
2026-08-18T02:30,19.4,89,20.3,0.0,0.0,,12.6,214,23.4,
2026-08-18T02:45,19.3,90,20.3,0.0,0.0,,12.2,211,23.0,
2026-08-18T03:00,19.2,91,20.2,0.0,0.0,,12.2,208,23.0,
2026-08-18T03:15,19.0,92,20.0,0.0,0.0,,12.6,210,23.0,
2026-08-18T06:00,18.7,95,19.5,0.0,0.0,3,14.4,231,23.8,1009.7
2026-08-18T03:30,18.8,94,19.7,0.0,0.0,,13.3,212,23.4,
2026-08-18T03:45,18.7,95,19.5,0.0,0.0,,13.7,213,23.4,
2026-08-18T04:00,18.6,96,19.4,0.0,0.0,,14.0,215,23.8,
2026-08-18T04:30,18.8,95,19.6,0.0,0.0,,14.0,218,24.8,
2026-08-18T04:45,18.9,94,19.8,0.0,0.0,,14.0,220,25.2,
2026-08-18T07:15,19.1,91,19.3,0.0,0.0,3,17.3,251,29.2,1009.3
2026-08-18T05:00,19.0,94,19.9,0.0,0.0,,14.0,221,25.6,
2026-08-18T05:30,18.8,95,19.5,0.0,0.0,,14.8,226,24.5,
2026-08-18T05:45,18.7,95,19.3,0.0,0.0,,15.1,229,23.8,
2026-08-18T08:30,19.2,85,18.4,0.0,0.0,3,21.2,259,36.0,1009.6
2026-08-18T09:15,18.3,91,18.0,0.0,0.6,3,18.4,262,38.5,1009.6
2026-08-18T06:15,18.7,95,19.2,0.0,0.0,,16.2,236,24.5,
2026-08-18T06:30,18.7,94,19.1,0.0,0.0,,16.6,241,25.6,
2026-08-18T06:45,18.8,93,19.2,0.0,0.0,,16.6,245,27.0,
2026-08-18T07:00,19.0,92,19.2,0.0,0.0,,17.3,250,28.1,
2026-08-18T10:00,18.0,94,18.4,0.0,0.6,3,14.4,257,36.4,1009.7
2026-08-18T07:30,19.4,86,19.0,0.0,0.0,,19.8,253,30.2,
2026-08-18T07:45,19.7,83,19.0,0.0,0.0,,20.9,254,31.7,
2026-08-18T08:00,19.7,82,18.9,0.0,0.0,,21.6,255,32.8,
2026-08-18T08:15,19.5,83,18.7,0.0,0.0,,21.6,257,34.2,
2026-08-18T08:45,18.8,88,18.3,0.0,0.0,,20.2,261,37.4,
2026-08-18T11:15,18.6,95,19.0,0.0,0.0,3,16.6,252,28.8,1009.9
2026-08-18T09:00,18.5,90,18.1,0.0,0.0,,19.4,263,38.2,
2026-08-18T09:30,18.2,92,18.2,0.0,0.6,,16.6,260,38.2,
2026-08-18T09:45,18.1,93,18.3,0.0,0.6,,15.1,259,37.4,
2026-08-18T12:30,19.2,94,20.3,0.0,0.0,3,12.6,261,25.6,1009.7
2026-08-18T13:00,19.4,93,20.7,0.0,0.0,3,12.2,266,22.3,1009.5
2026-08-18T10:15,19.2,90,19.3,0.0,0.0,,17.3,260,29.9,
2026-08-18T10:30,19.0,91,19.2,0.0,0.0,,17.3,257,30.2,
2026-08-18T10:45,18.9,93,19.2,0.0,0.0,,17.6,255,30.2,
2026-08-18T11:00,18.8,94,19.1,0.0,0.0,,17.3,252,30.6,
2026-08-18T11:30,18.9,95,19.7,0.0,0.0,,14.4,255,31.0,
2026-08-18T11:45,18.9,95,20.0,0.0,0.0,,13.0,257,31.0,
2026-08-18T12:00,19.0,95,20.3,0.0,0.0,,11.9,258,30.6,
2026-08-18T12:15,19.2,95,20.5,0.0,0.0,,12.2,258,23.0,
2026-08-18T12:45,19.2,96,20.6,0.0,0.0,,12.2,258,23.4,
2026-08-18T13:15,19.9,91,21.6,0.1,0.1,,9.0,259,17.6,
2026-08-18T13:30,19.8,92,21.6,0.1,0.1,,9.0,255,18.0,
2026-08-18T13:45,19.8,93,21.6,0.1,0.1,,9.4,250,18.7,
2026-08-18T14:00,19.8,94,21.6,0.1,0.1,,9.7,246,19.4,
2026-08-18T16:30,20.4,94,21.3,0.0,0.0,3,18.4,255,33.1,1007.7
2026-08-18T14:15,19.9,94,21.7,0.0,0.0,,10.1,246,20.2,
2026-08-18T14:30,20.0,94,21.9,0.0,0.0,,10.4,247,20.9,
2026-08-18T17:00,20.2,95,21.1,0.0,0.0,3,18.0,243,31.3,1007.3
2026-08-18T14:45,21.7,85,22.9,0.0,0.0,,14.8,259,27.4,
2026-08-18T15:00,21.8,85,23.0,0.0,0.0,,15.5,254,28.8,
2026-08-18T15:15,21.3,88,22.8,0.0,0.0,,13.7,251,24.5,
2026-08-18T15:30,21.4,89,22.7,0.0,0.0,,15.5,248,27.4,
2026-08-18T15:45,21.4,89,22.5,0.0,0.0,,17.3,245,30.2,
2026-08-18T18:15,20.9,94,22.3,0.0,0.0,3,16.6,245,31.3,1006.9
2026-08-18T16:00,21.4,90,22.4,0.0,0.0,,18.4,242,32.4,
2026-08-18T16:15,21.4,90,22.3,0.0,0.0,,18.7,242,33.1,
2026-08-18T16:45,20.5,94,21.3,0.0,0.0,,18.7,249,33.1,
2026-08-18T19:30,21.0,91,22.3,0.0,0.0,3,15.8,254,27.7,1006.7
2026-08-18T17:15,20.6,93,21.5,0.0,0.0,,18.4,249,33.5,
2026-08-18T17:30,20.6,94,21.7,0.0,0.0,,17.6,248,33.5,
2026-08-18T17:45,20.5,93,21.5,0.0,0.0,,17.6,244,33.1,
2026-08-18T18:00,20.6,93,21.5,0.0,0.0,,18.0,245,33.5,
2026-08-18T20:45,20.4,94,21.4,0.0,0.0,3,18.0,239,31.3,1006.8
2026-08-18T18:30,21.2,92,22.7,0.0,0.0,,16.2,239,28.4,
2026-08-18T18:45,21.2,92,22.6,0.0,0.0,,16.6,239,29.2,
2026-08-18T19:00,21.2,92,22.5,0.0,0.0,,16.9,239,29.9,
2026-08-18T19:15,21.1,92,22.4,0.0,0.0,,17.3,240,30.6,
2026-08-18T19:45,21.1,91,22.5,0.0,0.0,,15.5,248,27.7,
2026-08-18T22:15,19.4,90,19.4,0.0,0.0,2,18.7,243,34.6,1007.3
2026-08-18T20:00,21.0,91,22.3,0.0,0.0,,15.8,245,28.1,
2026-08-18T20:15,20.9,91,22.1,0.0,0.0,,16.6,245,29.2,
2026-08-18T22:45,19.6,91,19.2,0.0,0.0,3,23.0,244,39.2,1007.3
2026-08-18T20:30,20.4,89,21.0,0.0,0.0,,17.6,252,30.6,
2026-08-18T23:15,19.6,90,19.1,0.0,0.0,3,23.0,244,40.3,1007.3
2026-08-18T21:00,20.3,90,20.6,0.0,0.0,,19.8,247,33.8,
2026-08-18T21:15,20.1,91,20.4,0.0,0.0,,20.2,246,34.6,
2026-08-18T21:30,20.1,93,20.5,0.0,0.0,,20.2,237,34.6,
2026-08-18T21:45,19.9,93,20.1,0.0,0.0,,20.9,239,35.6,
2026-08-18T22:00,19.7,93,19.8,0.0,0.0,,21.2,241,36.4,
2026-08-19T00:45,19.1,89,18.7,0.0,0.0,3,20.5,233,35.6,1006.8
2026-08-18T22:30,19.5,89,19.4,0.0,0.0,,19.4,236,33.5,
2026-08-18T23:00,19.4,89,19.1,0.0,0.0,,20.2,238,34.6,
2026-08-18T23:30,19.7,88,19.4,0.0,0.0,,20.9,237,39.6,
2026-08-18T23:45,19.6,89,19.5,0.0,0.0,,19.8,237,39.6,
2026-08-19T00:00,19.2,93,19.2,0.0,0.0,,19.8,232,33.8,
2026-08-19T00:15,19.1,93,19.2,0.0,0.0,,19.1,232,33.5,
2026-08-19T00:30,19.0,93,19.1,0.0,0.0,,18.4,231,33.5,
2026-08-19T01:00,18.9,93,19.1,0.0,0.0,,17.6,230,33.8,
2026-08-19T01:15,19.0,88,18.7,0.0,0.0,,18.4,229,33.8,
2026-08-19T01:30,18.9,88,18.8,0.0,0.0,,17.6,230,34.2,
2026-08-19T01:45,18.9,89,18.9,0.0,0.0,,16.9,231,34.2,
2026-08-19T02:00,18.8,89,18.9,0.0,0.0,,16.6,232,33.8,
2026-08-19T02:15,18.8,90,18.9,0.0,0.0,,16.6,232,33.1,
2026-08-19T02:30,18.7,90,18.8,0.0,0.0,,16.6,231,31.7,
2026-08-19T05:15,18.7,89,18.5,0.0,0.0,3,18.4,227,31.7,1004.3
2026-08-19T02:45,18.3,91,18.1,0.0,0.0,,17.3,229,32.0,
2026-08-19T03:00,18.3,91,18.2,0.0,0.0,,16.9,230,32.0,
2026-08-19T03:15,18.3,91,18.2,0.0,0.0,,16.9,229,31.7,
2026-08-19T03:30,18.3,91,18.2,0.0,0.0,,17.3,229,31.3,
2026-08-19T06:00,18.4,92,18.2,0.0,0.0,3,18.4,239,32.4,1004.1
2026-08-19T03:45,18.6,91,18.8,0.0,0.0,,15.5,218,27.4,
2026-08-19T04:00,18.6,90,18.8,0.0,0.0,,15.5,217,27.7,
2026-08-19T04:15,18.6,90,18.7,0.0,0.0,,16.6,218,29.5,
2026-08-19T04:30,18.5,89,18.2,0.0,0.0,,18.0,218,32.4,
2026-08-19T04:45,18.5,89,18.0,0.0,0.0,,19.4,219,35.3,
2026-08-19T05:00,18.4,89,17.7,0.0,0.0,,20.5,219,37.1,
2026-08-19T05:30,18.4,88,17.6,0.0,0.0,,20.5,224,37.1,
2026-08-19T07:45,18.2,95,19.0,0.0,0.0,3,12.6,228,28.8,1004.1
2026-08-19T08:30,18.6,88,19.0,0.0,0.0,3,13.3,244,23.4,1004.1
2026-08-19T09:15,18.8,85,18.9,0.0,0.0,3,13.7,250,25.2,1003.9
2026-08-19T10:00,18.3,91,18.8,0.0,0.0,3,13.0,234,23.0,1003.7
2026-08-19T10:45,18.1,92,18.5,0.0,0.0,3,13.3,235,22.0,1003.2
2026-08-19T05:45,18.4,92,18.4,0.0,0.0,,17.3,226,30.6,
2026-08-19T06:15,18.4,91,18.3,0.0,0.0,,17.3,232,30.6,
2026-08-19T06:30,18.4,90,18.2,0.0,0.0,,17.6,232,30.6,
2026-08-19T06:45,18.4,89,18.2,0.0,0.0,,17.3,232,30.2,
2026-08-19T07:00,18.4,89,18.3,0.0,0.0,,16.9,232,29.2,
2026-08-19T07:15,18.3,90,18.4,0.1,0.1,,15.5,229,27.0,
2026-08-19T07:30,18.2,93,18.7,0.1,0.1,,13.7,226,23.4,
2026-08-19T08:00,18.0,96,19.1,0.1,0.1,,10.4,220,18.4,
2026-08-19T08:15,18.0,96,19.1,0.0,0.0,,10.1,225,18.0,
2026-08-19T08:45,18.0,93,18.9,0.0,0.0,,10.8,236,19.4,
2026-08-19T11:30,18.2,91,18.7,0.0,0.0,3,12.6,236,25.2,1003.2
2026-08-19T09:00,18.0,92,18.7,0.0,0.0,,11.2,241,20.2,
2026-08-19T09:30,18.1,92,18.8,0.0,0.0,,11.5,237,20.2,
2026-08-19T12:00,17.9,96,19.2,0.2,0.2,53,8.3,250,20.2,1003.3
2026-08-19T12:45,17.9,95,18.9,0.1,0.1,51,10.4,210,23.8,1003.2
2026-08-19T13:15,17.9,96,19.0,0.3,0.3,55,9.7,224,22.7,1002.9
2026-08-19T09:45,18.4,89,19.1,0.0,0.0,,10.4,239,20.5,
2026-08-19T10:15,18.2,92,19.1,0.0,0.0,,10.4,232,20.5,
2026-08-19T10:30,18.1,92,18.8,0.0,0.0,,11.5,231,20.9,
2026-08-19T11:00,18.0,92,18.5,0.0,0.0,,13.0,227,22.7,
2026-08-19T11:15,18.0,92,18.5,0.0,0.0,,12.6,228,23.8,
2026-08-19T11:45,18.0,91,18.7,0.0,0.0,,11.2,229,25.9,
2026-08-19T12:15,17.9,97,19.6,0.2,0.2,,6.5,234,12.2,
2026-08-19T12:30,17.9,97,19.5,0.2,0.2,,6.8,221,12.6,
2026-08-19T15:30,17.1,95,18.0,0.4,0.4,61,9.0,230,21.6,1001.1
2026-08-19T16:15,17.0,95,18.9,0.6,0.6,61,1.8,26,7.2,1001.0
2026-08-19T13:00,18.1,94,19.3,0.2,0.2,,9.0,193,16.2,
2026-08-19T13:30,18.0,95,19.0,0.3,0.3,,10.4,189,18.0,
2026-08-19T13:45,17.9,96,18.9,0.3,0.3,,10.8,186,18.7,
2026-08-19T14:00,17.7,96,18.6,0.3,0.3,,11.2,184,19.8,
2026-08-19T14:15,17.5,96,18.4,0.6,0.6,,10.8,185,21.2,
2026-08-19T14:30,17.3,96,18.1,0.6,0.6,,10.4,187,22.7,
2026-08-19T14:45,17.1,96,18.0,0.6,0.6,,9.7,188,24.1,
2026-08-19T15:00,17.0,96,17.9,0.6,0.6,,8.6,189,24.1,
2026-08-19T15:15,17.7,95,19.0,0.4,0.4,,7.2,207,15.5,
2026-08-19T15:45,17.5,96,19.0,0.4,0.4,,6.1,222,15.8,
2026-08-19T16:00,17.2,95,18.8,0.4,0.4,,4.7,35,6.5,
2026-08-19T16:30,17.0,96,18.5,0.8,0.8,,5.0,48,8.6,
2026-08-19T16:45,17.0,97,18.4,0.8,0.8,,5.4,55,10.4,
2026-08-19T17:00,16.9,97,18.4,0.8,0.8,,5.0,61,11.5,
2026-08-19T19:15,17.1,97,18.8,0.0,0.0,3,4.3,140,6.5,1000.8
2026-08-19T17:15,16.9,97,18.5,0.0,0.0,,4.0,61,11.5,
2026-08-19T17:30,16.8,97,18.7,0.0,0.0,,2.5,62,11.2,
2026-08-19T19:45,17.7,94,18.9,0.0,0.0,0,8.3,213,14.0,1001.0
2026-08-19T17:45,17.0,98,18.6,0.1,0.1,,5.0,218,8.3,
2026-08-19T20:30,17.5,94,18.5,0.0,0.0,2,8.6,220,15.1,1001.2
2026-08-19T18:00,17.0,98,18.6,0.1,0.1,,5.4,250,9.0,
2026-08-19T18:15,17.2,98,18.7,0.0,0.0,,5.8,243,9.7,
2026-08-19T18:30,17.4,97,18.9,0.0,0.0,,6.1,235,10.8,
2026-08-19T21:00,16.8,97,17.7,0.0,0.0,0,9.4,237,16.9,1001.8
2026-08-19T21:30,16.5,97,17.2,0.0,0.0,2,9.4,239,16.2,1002.0
2026-08-19T21:45,16.4,97,17.1,0.0,0.0,1,9.4,225,17.6,1002.1
2026-08-19T18:45,16.9,98,18.4,0.0,0.0,,5.4,175,6.1,
2026-08-19T19:00,17.0,98,18.4,0.0,0.0,,6.1,136,5.8,
2026-08-19T19:30,17.2,98,18.5,0.0,0.0,,7.9,173,7.2,
2026-08-19T20:00,17.4,98,18.5,0.0,0.0,,9.7,210,9.7,
2026-08-19T22:30,16.7,96,17.2,0.0,0.0,0,10.4,222,18.4,1002.2
2026-08-19T20:15,17.6,94,18.6,0.0,0.0,,9.0,202,15.1,
2026-08-19T20:45,17.4,95,18.3,0.0,0.0,,9.4,211,15.1,
2026-08-19T23:30,16.3,96,16.0,0.0,0.0,0,14.8,217,24.1,1002.3
2026-08-19T21:15,16.6,97,17.5,0.0,0.0,,8.6,214,14.0,
2026-08-19T22:00,16.1,97,16.8,0.0,0.0,,8.6,214,15.8,
2026-08-20T00:30,16.5,95,16.1,0.0,0.0,0,15.5,233,25.9,1002.5
2026-08-20T01:00,16.3,96,16.0,0.0,0.0,0,14.8,225,25.6,1002.5
2026-08-19T22:15,16.4,95,16.4,0.0,0.0,,13.0,206,20.2,
2026-08-19T22:45,16.1,94,15.8,0.0,0.0,,13.3,203,20.2,
2026-08-19T23:00,15.9,94,15.6,0.0,0.0,,13.3,201,20.5,
2026-08-19T23:15,15.8,94,15.4,0.0,0.0,,13.7,203,20.9,
2026-08-19T23:45,15.8,95,15.4,0.0,0.0,,14.0,207,22.3,
2026-08-20T00:00,15.8,95,15.3,0.0,0.0,,14.4,209,23.0,
2026-08-20T03:30,15.9,95,15.6,0.0,0.0,0,14.0,226,27.4,1003.0
2026-08-20T00:15,16.1,96,15.2,0.0,0.0,,19.1,216,28.8,
2026-08-20T00:45,16.0,95,15.2,0.0,0.0,,18.0,219,27.4,
2026-08-20T01:15,16.0,95,15.4,0.0,0.0,,16.6,226,26.6,
2026-08-20T01:30,16.1,94,15.4,0.0,0.0,,16.2,230,27.0,
2026-08-20T01:45,16.3,95,16.0,0.0,0.0,,15.1,235,24.8,
2026-08-20T02:00,16.3,95,16.0,0.0,0.0,,14.8,240,24.5,
2026-08-20T02:15,16.2,95,16.0,0.0,0.0,,14.4,234,24.5,
2026-08-20T02:30,16.0,95,15.7,0.0,0.0,,14.4,227,24.5,
2026-08-20T02:45,15.8,96,15.4,0.0,0.0,,14.4,221,24.5,
2026-08-20T03:00,15.6,96,15.2,0.0,0.0,,14.0,214,24.5,
2026-08-20T03:15,15.4,96,15.0,0.0,0.0,,13.3,215,24.1,
2026-08-20T06:15,15.2,97,14.8,0.1,0.1,51,13.3,205,22.3,1002.8
2026-08-20T07:00,14.7,97,14.5,0.0,0.0,0,11.2,208,23.4,1002.7
2026-08-20T03:45,16.1,95,15.5,0.0,0.0,,16.2,220,25.9,
2026-08-20T04:00,16.0,95,15.5,0.0,0.0,,15.5,218,25.9,
2026-08-20T04:15,15.9,95,15.6,0.0,0.0,,14.0,222,25.9,
2026-08-20T04:30,15.8,95,15.6,0.0,0.0,,12.2,227,25.9,
2026-08-20T04:45,15.6,95,15.6,0.0,0.0,,10.4,231,25.9,
2026-08-20T05:00,15.4,95,15.5,0.0,0.0,,9.7,235,25.9,
2026-08-20T07:45,15.3,96,15.0,0.0,0.0,3,13.0,198,20.9,1002.8
2026-08-20T05:15,15.1,98,15.1,0.0,0.0,,11.2,215,16.9,
2026-08-20T05:30,15.2,97,15.2,0.0,0.0,,10.8,217,16.9,
2026-08-20T05:45,15.3,97,15.3,0.0,0.0,,10.8,219,17.3,
2026-08-20T08:30,16.2,96,15.9,0.0,0.0,2,14.4,203,27.0,1003.2
2026-08-20T06:00,15.3,97,15.1,0.0,0.0,,11.9,201,19.8,
2026-08-20T06:30,15.1,97,14.7,0.1,0.1,,13.7,198,22.3,
2026-08-20T09:15,16.8,93,15.9,0.1,0.1,51,19.4,209,33.5,1003.3
2026-08-20T06:45,15.1,97,14.4,0.1,0.1,,14.8,197,23.8,
2026-08-20T07:15,15.2,97,14.6,0.1,0.1,,14.8,196,24.5,
2026-08-20T07:30,15.3,97,14.9,0.1,0.1,,13.7,197,24.5,
2026-08-20T10:00,17.0,91,16.3,0.0,0.0,2,18.0,214,35.3,1003.0
2026-08-20T10:45,16.0,95,15.3,0.3,0.3,55,16.6,220,36.4,1003.0
2026-08-20T08:00,15.2,96,14.8,0.0,0.0,,13.3,193,22.0,
2026-08-20T08:15,15.6,95,15.1,0.0,0.0,,14.0,195,23.8,
2026-08-20T08:45,16.4,94,15.8,0.0,0.0,,16.2,200,28.4,
2026-08-20T09:00,16.7,93,16.0,0.0,0.0,,17.3,202,30.6,
2026-08-20T09:30,16.9,92,15.9,0.1,0.1,,20.2,204,35.6,
2026-08-20T09:45,17.0,92,15.8,0.1,0.1,,21.2,205,37.8,
2026-08-20T12:45,18.9,82,17.5,0.0,0.0,1,24.5,220,43.6,1003.6
2026-08-20T10:15,17.1,91,16.3,0.0,0.0,,18.4,208,33.5,
2026-08-20T10:30,17.0,92,16.2,0.0,0.0,,18.7,207,36.4,
2026-08-20T13:15,19.4,80,18.0,0.3,0.3,55,24.5,224,45.4,1003.6
2026-08-20T11:00,16.8,92,15.9,0.0,0.0,,19.4,204,41.0,
2026-08-20T11:15,16.9,92,15.9,0.1,0.1,,20.2,208,41.8,
2026-08-20T13:45,17.8,89,16.4,0.4,0.4,61,23.4,235,43.6,1003.5
2026-08-20T11:30,17.3,91,16.7,1.3,1.3,,17.6,223,31.3,
2026-08-20T11:45,17.9,88,17.2,1.3,1.3,,18.7,223,33.5,
2026-08-20T12:00,18.3,87,17.5,1.3,1.3,,19.8,224,36.0,
2026-08-20T12:15,18.3,87,17.3,0.3,0.3,,21.2,227,38.9,
2026-08-20T12:30,18.1,89,16.9,0.3,0.3,,23.0,230,42.8,
2026-08-20T15:30,18.7,82,17.3,0.1,0.1,51,23.0,234,48.6,1003.6
2026-08-20T16:15,19.6,77,17.7,0.0,0.0,0,27.0,241,47.2,1003.5
2026-08-20T13:00,19.4,79,17.8,0.3,0.3,,24.1,216,44.3,
2026-08-20T13:30,19.5,80,18.2,0.3,0.3,,23.0,224,46.4,
2026-08-20T14:00,19.3,82,18.3,0.3,0.3,,21.6,231,46.8,
2026-08-20T14:15,19.0,83,18.0,0.0,0.0,,21.2,230,45.7,
2026-08-20T17:45,19.7,72,17.7,0.0,0.0,1,23.4,244,43.2,1003.6
2026-08-20T14:30,19.1,82,17.9,0.1,0.1,,22.3,235,38.9,
2026-08-20T14:45,19.8,76,18.4,0.1,0.1,,22.7,239,40.0,
2026-08-20T15:00,20.2,73,18.6,0.1,0.1,,22.7,242,41.4,
2026-08-20T15:15,19.9,75,18.5,0.1,0.1,,22.3,239,43.2,
2026-08-20T15:45,18.7,86,17.9,0.1,0.1,,20.9,232,48.2,
2026-08-20T18:30,19.2,74,17.2,0.0,0.0,2,23.8,247,42.5,1003.5
2026-08-20T16:00,18.4,88,17.6,0.1,0.1,,20.5,228,49.3,
2026-08-20T16:30,18.9,82,17.7,0.0,0.0,,22.3,233,47.5,
2026-08-20T16:45,19.7,75,17.7,0.0,0.0,,25.6,240,47.2,
2026-08-20T17:00,19.6,74,17.6,0.0,0.0,,25.2,240,47.2,
2026-08-20T19:45,18.1,79,16.4,0.0,0.0,0,22.0,252,43.2,1003.7
2026-08-20T17:15,19.9,73,17.8,0.0,0.0,,25.6,240,45.4,
2026-08-20T17:30,19.9,72,17.7,0.0,0.0,,25.2,241,45.4,
2026-08-20T18:00,19.6,73,17.5,0.0,0.0,,24.8,243,45.4,
2026-08-20T18:15,19.5,74,17.5,0.0,0.0,,24.5,243,45.4,
2026-08-20T21:00,16.8,87,16.3,0.0,0.0,3,14.0,242,33.1,1004.7
2026-08-20T18:45,19.3,75,17.5,0.0,0.0,,23.4,241,41.4,
2026-08-20T19:00,19.1,76,17.2,0.0,0.0,,23.4,241,41.8,
2026-08-20T19:15,19.3,75,17.7,0.0,0.0,,21.6,241,38.2,
2026-08-20T19:30,19.1,76,17.6,0.0,0.0,,21.2,240,38.2,
2026-08-20T20:00,18.6,79,17.3,0.0,0.0,,20.2,237,38.2,
2026-08-20T20:15,18.3,81,17.2,0.0,0.0,,18.7,236,37.8,
2026-08-20T22:45,14.6,94,14.1,0.0,0.0,0,11.5,226,18.7,1005.3
2026-08-20T20:30,17.2,83,16.3,0.0,0.0,,15.8,249,36.0,
2026-08-20T20:45,16.8,85,16.2,0.0,0.0,,13.7,246,36.4,
2026-08-20T23:15,14.3,94,13.7,0.0,0.0,0,11.9,220,19.1,1005.5
2026-08-20T21:15,16.0,89,15.7,0.0,0.0,,11.5,240,32.0,
2026-08-20T23:45,15.0,94,14.4,0.0,0.0,0,13.7,205,21.2,1005.6
2026-08-21T00:15,14.9,94,14.1,0.0,0.0,0,14.4,206,23.0,1005.6
2026-08-20T21:30,16.6,88,16.4,0.0,0.0,,11.5,232,22.0,
2026-08-20T21:45,16.3,89,16.2,0.0,0.0,,11.2,230,22.3,
2026-08-20T22:00,16.1,90,16.0,0.0,0.0,,10.8,227,22.3,
2026-08-20T22:15,15.9,91,15.8,0.0,0.0,,10.4,223,20.9,
2026-08-21T00:45,14.3,96,14.8,0.0,0.0,0,4.7,280,16.6,1005.6
2026-08-20T22:30,15.3,92,15.1,0.0,0.0,,10.8,222,16.2,
2026-08-20T23:00,14.9,94,14.5,0.0,0.0,,11.5,216,16.9,
2026-08-20T23:30,14.1,94,13.5,0.0,0.0,,11.5,217,18.0,
2026-08-21T00:00,14.8,93,14.0,0.0,0.0,,14.0,210,22.7,
2026-08-21T00:30,14.7,94,13.9,0.0,0.0,,13.7,212,23.0,
2026-08-21T01:00,14.6,95,14.0,0.0,0.0,,12.6,214,22.7,
2026-08-21T01:15,14.3,95,14.8,0.0,0.0,,4.7,283,6.5,
2026-08-21T01:30,14.4,94,14.4,0.0,0.0,,7.2,263,10.8,
2026-08-21T01:45,14.4,93,14.1,0.0,0.0,,9.7,242,15.5,
2026-08-21T02:00,14.5,92,13.8,0.0,0.0,,11.5,222,18.7,
2026-08-21T02:15,14.5,92,13.8,0.1,0.1,,11.5,218,19.8,
2026-08-21T02:30,14.4,93,13.9,0.1,0.1,,11.2,213,19.8,
2026-08-21T02:45,13.9,96,14.1,0.1,0.1,,6.1,250,10.1,
2026-08-21T03:00,13.8,97,14.1,0.1,0.1,,5.0,259,7.9,
2026-08-21T03:15,13.7,97,13.9,0.0,0.0,,5.4,253,8.3,
2026-08-21T03:30,13.6,97,13.6,0.0,0.0,,6.8,247,10.4,
2026-08-21T06:15,12.9,96,12.2,0.0,0.0,2,10.1,252,15.5,1006.0
2026-08-21T07:00,12.7,98,12.4,0.0,0.0,2,7.2,312,13.3,1006.0
2026-08-21T03:45,13.3,97,12.7,0.0,0.0,,9.7,218,14.4,
2026-08-21T04:00,13.2,97,12.4,0.0,0.0,,10.8,204,16.2,
2026-08-21T04:15,13.1,97,12.3,0.0,0.0,,10.8,206,16.9,
2026-08-21T04:30,13.0,97,12.4,0.0,0.0,,9.7,208,16.9,
2026-08-21T04:45,13.0,97,12.4,0.0,0.0,,9.0,209,16.6,
2026-08-21T05:00,12.9,97,12.5,0.0,0.0,,8.3,211,16.2,
2026-08-21T07:45,13.5,96,13.3,0.0,0.0,3,7.6,267,13.0,1006.0
2026-08-21T05:15,13.0,99,13.0,0.0,0.0,,6.1,204,8.3,
2026-08-21T05:30,13.1,98,12.9,0.0,0.0,,6.8,216,9.7,
2026-08-21T05:45,13.1,97,12.9,0.0,0.0,,7.6,227,11.5,
2026-08-21T06:00,13.1,96,12.7,0.0,0.0,,7.9,238,12.6,
2026-08-21T06:30,12.7,96,12.2,0.0,0.0,,8.3,242,13.0,
2026-08-21T06:45,12.5,97,11.9,0.0,0.0,,7.9,244,13.0,
2026-08-21T07:15,12.5,97,12.1,0.0,0.0,,7.6,259,12.2,
2026-08-21T07:30,12.7,97,12.3,0.0,0.0,,7.2,271,11.9,
2026-08-21T10:00,17.1,83,16.9,0.0,0.0,3,10.8,331,20.5,1007.2
2026-08-21T10:45,16.9,79,17.2,0.0,0.0,2,5.0,320,13.3,1007.5
2026-08-21T08:00,13.7,95,13.5,0.0,0.0,,7.6,266,10.8,
2026-08-21T08:15,14.0,95,14.1,0.0,0.0,,6.8,285,10.1,
2026-08-21T08:30,14.4,94,14.7,0.0,0.0,,5.8,304,9.4,
2026-08-21T08:45,14.9,94,15.4,0.0,0.0,,5.0,323,8.6,
2026-08-21T09:00,15.4,92,16.1,0.0,0.0,,4.3,342,8.3,
2026-08-21T09:15,15.9,89,16.7,0.0,0.0,,3.6,342,8.6,
2026-08-21T09:30,16.6,85,17.4,0.0,0.0,,3.2,343,9.7,
2026-08-21T12:00,16.2,87,15.1,0.0,0.0,3,16.2,345,34.2,1008.1
2026-08-21T09:45,17.2,81,18.0,0.0,0.0,,2.9,343,10.8,
2026-08-21T10:15,17.2,82,17.0,0.0,0.0,,10.4,352,21.2,
2026-08-21T10:30,17.1,80,16.9,0.0,0.0,,9.4,349,21.2,
2026-08-21T11:00,17.1,78,17.1,0.0,0.0,,7.6,344,20.5,
2026-08-21T11:15,17.5,76,17.4,0.0,0.0,,7.6,348,20.2,
2026-08-21T11:30,17.3,75,18.2,0.0,0.0,,0.4,307,6.5,
2026-08-21T11:45,17.5,75,18.5,0.0,0.0,,0.0,272,7.6,
2026-08-21T14:30,16.4,89,15.7,0.4,0.4,61,15.1,357,31.3,1008.7
2026-08-21T15:30,15.5,91,15.4,0.1,0.1,51,9.7,356,27.7,1008.5
2026-08-21T16:15,18.0,74,17.9,0.0,0.0,3,7.6,354,21.2,1008.5
2026-08-21T12:15,16.8,83,15.8,0.1,0.1,,15.5,351,27.7,
2026-08-21T12:30,17.8,75,16.9,0.1,0.1,,13.0,358,24.8,
2026-08-21T12:45,18.7,68,18.0,0.1,0.1,,10.1,4,20.9,
2026-08-21T13:00,19.0,65,18.5,0.1,0.1,,8.3,10,18.0,
2026-08-21T13:15,18.4,68,18.0,0.0,0.0,,7.9,10,16.6,
2026-08-21T13:30,17.3,75,17.0,0.0,0.0,,7.9,9,15.5,
2026-08-21T13:45,16.0,83,15.8,0.0,0.0,,8.3,9,15.1,
2026-08-21T14:00,15.3,88,15.0,0.0,0.0,,9.0,8,15.5,
2026-08-21T14:15,15.2,90,14.9,0.0,0.0,,9.7,8,16.9,
2026-08-21T14:45,15.8,89,15.3,0.0,0.0,,12.2,7,21.2,
2026-08-21T15:00,16.1,89,15.6,0.0,0.0,,12.6,6,22.7,
2026-08-21T17:45,16.5,94,17.0,0.0,0.0,3,9.4,308,18.7,1008.7
2026-08-21T15:15,15.3,92,14.9,0.1,0.1,,11.2,354,22.3,
2026-08-21T15:45,15.7,89,15.9,0.1,0.1,,7.6,344,22.3,
2026-08-21T16:00,15.9,89,16.3,0.1,0.1,,6.5,339,22.0,
2026-08-21T16:30,16.1,91,16.5,0.0,0.0,,8.3,318,20.5,
2026-08-21T19:00,16.7,84,16.6,0.0,0.0,3,9.0,357,22.0,1009.2
2026-08-21T16:45,17.3,80,17.1,0.0,0.0,,9.7,322,18.7,
2026-08-21T17:00,17.2,82,16.9,0.0,0.0,,10.8,310,20.2,
2026-08-21T17:15,16.5,88,15.8,0.0,0.0,,14.4,302,27.7,
2026-08-21T17:30,16.2,89,15.8,0.0,0.0,,12.2,305,28.4,
2026-08-21T18:00,15.7,91,15.9,0.0,0.0,,7.9,311,27.7,
2026-08-21T18:15,15.6,92,16.0,0.0,0.0,,6.8,305,24.8,
2026-08-21T20:45,15.7,90,16.2,0.0,0.0,3,5.4,336,13.0,1011.0
2026-08-21T18:30,16.3,92,17.0,0.0,0.0,,6.8,330,13.7,
2026-08-21T18:45,16.4,89,16.7,0.0,0.0,,8.3,344,15.5,
2026-08-21T21:30,14.8,92,15.0,0.0,0.0,2,6.1,311,10.1,1011.6
2026-08-21T21:45,14.9,93,15.3,0.0,0.0,1,5.0,276,6.1,1011.8
2026-08-21T19:15,16.5,84,16.6,0.0,0.0,,7.2,16,15.1,
2026-08-21T19:30,16.5,83,16.8,0.0,0.0,,6.1,15,15.5,
2026-08-21T19:45,16.5,82,16.9,0.0,0.0,,4.7,15,15.5,
2026-08-21T20:00,16.5,82,17.0,0.0,0.0,,4.0,14,14.8,
2026-08-21T20:15,16.5,82,17.0,0.0,0.0,,3.6,358,13.3,
2026-08-21T22:45,13.6,95,13.2,0.0,0.0,0,9.4,298,12.6,1012.0
2026-08-21T23:15,13.2,95,12.4,0.0,0.0,0,10.1,294,13.7,1012.2
2026-08-21T20:30,15.8,91,16.4,0.0,0.0,,5.4,328,14.4,
2026-08-21T21:00,15.2,91,15.8,0.0,0.0,,4.0,319,15.1,
2026-08-21T21:15,15.0,92,15.5,0.0,0.0,,4.3,315,14.4,
2026-08-21T23:45,12.8,92,11.9,0.0,0.0,0,9.7,281,12.6,1012.2
2026-08-21T22:00,14.3,94,14.2,0.0,0.0,,7.9,283,10.1,
2026-08-21T22:15,14.1,94,13.9,0.0,0.0,,8.3,284,10.4,
2026-08-22T01:45,12.7,87,10.9,0.0,0.0,3,13.7,302,29.9,1012.9
2026-08-22T03:00,12.2,90,10.6,0.0,0.0,3,12.2,288,20.9,1013.4
2026-08-21T22:30,14.0,96,14.0,0.0,0.0,,7.9,282,10.1,
2026-08-21T23:00,13.5,95,12.9,0.0,0.0,,10.1,298,14.0,
2026-08-21T23:30,13.0,93,12.0,0.0,0.0,,10.4,288,13.7,
2026-08-22T00:00,12.6,92,11.4,0.0,0.0,,10.8,278,14.8,
2026-08-22T00:15,12.5,92,11.1,0.0,0.0,,12.2,281,18.7,
2026-08-22T00:30,12.5,92,10.8,0.0,0.0,,14.8,283,24.5,
2026-08-22T00:45,12.6,93,10.6,0.0,0.0,,16.6,286,29.9,
2026-08-22T01:00,12.5,93,10.4,0.0,0.0,,17.6,288,33.5,
2026-08-22T01:15,13.2,93,11.2,0.0,0.0,,18.7,271,29.9,
2026-08-22T01:30,13.4,92,11.4,0.0,0.0,,18.0,271,29.9,
2026-08-22T02:00,13.5,91,11.9,0.0,0.0,,15.5,272,28.8,
2026-08-22T02:15,13.4,91,12.0,0.3,0.3,,14.0,277,28.4,
2026-08-22T02:30,12.6,88,10.9,0.0,0.0,,12.6,287,21.2,
2026-08-22T02:45,12.6,89,11.2,0.0,0.0,,11.9,281,21.6,
2026-08-22T03:15,12.6,90,11.2,0.0,0.0,,11.2,275,20.9,
2026-08-22T03:30,12.4,91,11.0,0.0,0.0,,11.2,278,18.4,
2026-08-22T03:45,12.5,91,11.1,0.0,0.0,,11.9,274,19.1,
2026-08-22T04:00,12.5,91,11.0,0.0,0.0,,12.6,271,19.8,
2026-08-22T06:45,12.5,96,11.6,0.2,0.2,53,9.7,313,22.3,1014.4
2026-08-22T04:15,13.0,95,12.0,0.3,0.3,,11.5,274,19.4,
2026-08-22T04:30,12.9,95,11.9,0.3,0.3,,11.9,276,20.2,
2026-08-22T04:45,12.8,96,11.8,0.3,0.3,,11.5,278,20.5,
2026-08-22T05:00,12.7,96,11.6,0.3,0.3,,11.5,280,20.9,
2026-08-22T05:15,12.5,96,11.5,0.0,0.0,,11.2,281,20.9,
2026-08-22T07:45,13.0,97,12.1,0.3,0.3,55,11.5,300,27.4,1014.9
2026-08-22T05:30,11.9,95,10.5,0.0,0.0,,11.9,261,21.6,
2026-08-22T05:45,11.9,96,10.7,0.0,0.0,,10.4,256,21.6,
2026-08-22T08:30,13.4,95,12.6,0.1,0.1,51,11.2,312,27.0,1015.9
2026-08-22T09:15,13.1,98,12.3,0.3,0.3,55,11.5,290,22.7,1016.3
2026-08-22T09:45,13.3,97,13.3,3.4,3.4,65,6.5,288,26.3,1016.6
2026-08-22T06:00,11.6,96,10.5,0.0,0.0,,10.1,293,15.5,
2026-08-22T06:15,11.8,96,10.7,0.0,0.0,,10.1,299,15.5,
2026-08-22T06:30,12.0,96,10.9,0.0,0.0,,10.4,305,15.8,
2026-08-22T07:00,12.6,96,11.5,0.0,0.0,,11.5,317,17.3,
2026-08-22T07:15,12.7,96,11.6,0.0,0.0,,11.9,310,18.0,
2026-08-22T07:30,12.9,95,11.8,0.0,0.0,,11.9,302,18.7,
2026-08-22T10:15,14.0,96,14.3,0.0,0.0,2,5.0,278,21.6,1016.9
2026-08-22T10:45,13.5,97,13.2,0.6,0.6,61,8.6,287,18.4,1017.1
2026-08-22T11:15,14.4,94,14.3,0.0,0.0,3,8.6,291,16.9,1017.3
2026-08-22T11:45,17.0,83,17.0,0.0,0.0,3,9.4,310,19.4,1017.6
2026-08-22T08:00,13.1,97,12.2,0.0,0.0,,11.9,306,19.1,
2026-08-22T08:15,13.1,97,12.2,0.1,0.1,,11.9,303,19.1,
2026-08-22T08:45,13.1,97,12.2,0.1,0.1,,11.5,296,18.7,
2026-08-22T09:00,13.1,97,12.3,0.1,0.1,,11.2,293,18.7,
2026-08-22T09:30,13.3,97,12.6,0.3,0.3,,10.8,292,18.7,
2026-08-22T10:00,13.6,96,13.1,0.3,0.3,,10.1,290,18.7,
2026-08-22T12:45,15.2,93,15.4,0.8,0.8,63,8.3,314,21.6,1018.0
2026-08-22T13:15,15.3,91,15.2,0.0,0.0,3,9.4,317,24.1,1018.2
2026-08-22T10:30,14.6,92,15.4,0.0,0.0,,2.2,293,5.4,
2026-08-22T11:00,15.6,88,16.5,0.0,0.0,,1.8,270,7.6,
2026-08-22T13:30,16.2,88,16.8,0.1,0.1,51,5.4,346,21.6,1018.2
2026-08-22T11:30,15.7,89,15.5,0.0,0.0,,9.7,294,16.9,
2026-08-22T14:00,17.8,79,17.9,0.1,0.1,51,8.3,2,18.7,1018.3
2026-08-22T14:45,17.1,72,15.4,0.0,0.0,0,16.2,360,31.3,1018.6
2026-08-22T12:00,17.4,81,16.9,0.0,0.0,,12.6,328,23.0,
2026-08-22T12:15,17.1,83,16.7,0.0,0.0,,11.9,321,21.6,
2026-08-22T12:30,16.3,88,16.2,0.0,0.0,,10.4,314,18.4,
2026-08-22T13:00,15.0,94,15.0,0.0,0.0,,8.6,299,14.0,
2026-08-22T13:45,16.4,81,15.3,0.0,0.0,,14.4,343,25.6,
2026-08-22T16:15,18.2,69,17.2,0.0,0.0,1,14.8,2,29.2,1018.9
2026-08-22T14:15,17.2,75,15.7,0.0,0.0,,16.2,357,30.2,
2026-08-22T14:30,17.2,84,17.2,0.1,0.1,,10.1,340,24.8,
2026-08-22T17:15,17.9,69,16.4,0.0,0.0,0,14.8,359,26.3,1019.0
2026-08-22T15:00,16.2,89,15.8,0.1,0.1,,12.2,324,29.9,
2026-08-22T15:15,16.2,88,15.8,0.0,0.0,,12.2,332,29.9,
2026-08-22T15:30,18.0,69,16.9,0.0,0.0,,16.9,2,31.3,
2026-08-22T15:45,18.2,68,17.4,0.0,0.0,,16.2,3,31.7,
2026-08-22T17:45,18.2,68,16.8,0.0,0.0,1,14.0,3,27.0,1019.3
2026-08-22T18:30,17.8,69,16.3,0.0,0.0,0,14.4,3,25.9,1019.6
2026-08-22T16:00,18.3,68,17.4,0.0,0.0,,16.9,358,29.9,
2026-08-22T16:30,18.3,68,17.1,0.0,0.0,,15.8,2,31.0,
2026-08-22T16:45,18.2,69,17.0,0.0,0.0,,15.1,3,31.3,
2026-08-22T17:00,18.1,69,16.7,0.0,0.0,,14.8,5,31.3,
2026-08-22T19:15,17.1,73,16.0,0.0,0.0,0,12.6,8,25.9,1019.8
2026-08-22T17:30,18.1,69,16.6,0.0,0.0,,15.5,357,28.8,
2026-08-22T18:00,18.1,69,16.6,0.0,0.0,,15.1,0,29.2,
2026-08-22T18:15,18.0,69,16.5,0.0,0.0,,15.1,1,28.8,
2026-08-22T20:45,15.3,84,14.7,0.0,0.0,0,9.7,9,20.5,1020.6
2026-08-22T18:45,17.8,69,16.2,0.0,0.0,,15.8,3,27.4,
2026-08-22T19:00,17.6,70,15.9,0.0,0.0,,15.8,3,27.4,
2026-08-22T21:15,14.4,88,13.9,0.0,0.0,0,8.6,10,16.9,1020.9
2026-08-22T21:45,13.6,91,13.3,0.0,0.0,0,6.8,1,11.2,1021.0
2026-08-22T19:30,17.1,75,16.3,0.0,0.0,,11.5,12,24.8,
2026-08-22T19:45,16.9,77,16.3,0.0,0.0,,10.1,12,25.2,
2026-08-22T22:15,12.9,92,12.4,0.0,0.0,1,6.8,358,10.1,1021.2
2026-08-22T20:00,16.7,80,16.2,0.0,0.0,,10.8,13,17.3,
2026-08-22T20:15,16.3,82,15.9,0.0,0.0,,10.1,11,16.9,
2026-08-22T20:30,15.9,84,15.5,0.0,0.0,,9.4,8,17.3,
2026-08-22T23:15,11.9,92,11.1,0.0,0.0,0,6.8,11,9.7,1021.3
2026-08-22T21:00,14.9,88,14.6,0.0,0.0,,8.3,3,17.3,
2026-08-22T23:45,11.5,93,10.9,0.0,0.0,2,5.0,11,7.9,1021.4
2026-08-22T21:30,14.2,88,13.7,0.0,0.0,,8.3,14,14.0,
2026-08-23T00:00,11.3,93,10.7,0.0,0.0,2,4.7,10,7.6,1021.4
2026-08-22T22:00,13.3,91,13.1,0.0,0.0,,5.8,5,8.3,
2026-08-22T22:30,12.7,92,12.3,0.0,0.0,,6.1,5,8.3,
2026-08-23T00:45,11.4,92,10.9,0.0,0.0,3,4.0,11,7.9,1021.6
2026-08-22T22:45,12.4,93,11.9,0.0,0.0,,6.5,4,8.3,
2026-08-22T23:00,12.2,93,11.6,0.0,0.0,,6.5,4,8.6,
2026-08-22T23:30,11.6,92,10.7,0.0,0.0,,6.8,11,9.4,
2026-08-23T00:15,11.0,93,10.4,0.0,0.0,,4.3,25,6.1,
2026-08-23T00:30,10.9,93,10.3,0.0,0.0,,3.6,22,6.1,
2026-08-23T01:00,10.6,93,10.0,0.0,0.0,,2.9,14,6.1,
2026-08-23T01:15,10.9,93,10.4,0.0,0.0,,3.2,350,4.0,
2026-08-23T01:30,10.6,93,10.0,0.0,0.0,,3.2,331,4.0,
2026-08-23T01:45,10.4,92,9.7,0.0,0.0,,3.2,313,4.0,
2026-08-23T02:00,10.2,92,9.5,0.0,0.0,,2.9,294,4.0,
2026-08-23T02:15,10.1,92,9.5,0.0,0.0,,2.5,294,4.0,
2026-08-23T02:30,10.1,92,9.5,0.0,0.0,,2.2,295,4.0,
2026-08-23T05:30,8.6,95,7.4,0.0,0.0,1,4.0,288,4.7,1021.3
2026-08-23T06:15,9.2,93,8.2,0.0,0.0,2,3.6,262,5.4,1021.5
2026-08-23T02:45,9.9,92,9.5,0.0,0.0,,0.4,275,1.4,
2026-08-23T03:00,9.8,92,9.4,0.0,0.0,,0.0,268,0.7,
2026-08-23T03:15,9.8,92,9.4,0.0,0.0,,0.0,279,0.7,
2026-08-23T03:30,9.8,91,9.4,0.0,0.0,,0.0,291,0.7,
2026-08-23T03:45,9.8,91,9.3,0.0,0.0,,0.4,302,1.1,
2026-08-23T04:00,9.7,91,9.1,0.0,0.0,,1.1,313,1.4,
2026-08-23T04:15,9.5,92,8.8,0.0,0.0,,2.2,314,2.2,
2026-08-23T07:00,8.2,94,6.8,0.0,0.0,2,4.3,283,5.4,1021.7
2026-08-23T07:30,8.6,93,7.5,0.0,0.0,1,3.2,280,4.7,1021.7
2026-08-23T08:15,9.7,93,8.8,0.0,0.0,1,3.6,275,4.0,1021.9
2026-08-23T04:30,9.1,93,8.3,0.0,0.0,,2.2,265,2.5,
2026-08-23T04:45,8.8,94,7.9,0.0,0.0,,2.9,273,3.2,
2026-08-23T05:00,8.6,95,7.6,0.0,0.0,,3.2,281,4.0,
2026-08-23T05:15,8.7,95,7.7,0.0,0.0,,3.2,274,4.0,
2026-08-23T05:45,9.0,93,8.0,0.0,0.0,,3.2,260,4.0,
2026-08-23T06:00,9.1,93,8.1,0.0,0.0,,3.2,253,4.0,
2026-08-23T06:30,8.8,94,7.8,0.0,0.0,,3.6,264,4.7,
2026-08-23T06:45,8.6,94,7.4,0.0,0.0,,4.0,270,4.7,
2026-08-23T09:45,14.7,77,14.8,0.0,0.0,1,1.1,267,7.9,1022.4
2026-08-23T10:45,16.6,66,16.3,0.0,0.0,3,2.5,89,9.7,1022.8
2026-08-23T07:15,8.2,94,6.9,0.0,0.0,,3.6,289,4.0,
2026-08-23T07:45,8.6,94,7.6,0.0,0.0,,3.2,287,3.6,
2026-08-23T08:00,9.0,93,8.0,0.0,0.0,,3.2,286,3.6,
2026-08-23T08:30,10.2,92,9.4,0.0,0.0,,3.6,284,3.6,
2026-08-23T08:45,11.0,91,10.3,0.0,0.0,,3.6,282,4.0,
2026-08-23T09:00,11.8,89,11.3,0.0,0.0,,3.6,281,4.3,
2026-08-23T09:15,12.6,86,12.3,0.0,0.0,,3.2,257,5.0,
2026-08-23T09:30,13.6,82,13.3,0.0,0.0,,3.2,234,6.1,
2026-08-23T10:00,15.6,71,15.5,0.0,0.0,,1.1,347,9.4,
2026-08-23T10:15,16.1,68,16.0,0.0,0.0,,1.4,356,10.1,
2026-08-23T10:30,16.6,66,16.3,0.0,0.0,,2.5,6,11.5,
2026-08-23T11:00,17.1,67,17.0,0.0,0.0,,2.5,354,11.2,
2026-08-23T13:15,18.4,67,18.6,0.0,0.0,2,7.6,42,19.4,1022.3
2026-08-23T13:45,19.0,63,18.8,0.0,0.0,3,10.8,43,23.0,1022.2
2026-08-23T11:15,17.3,66,16.9,0.0,0.0,,4.7,52,13.3,
2026-08-23T11:30,17.5,66,17.1,0.0,0.0,,5.0,46,14.4,
2026-08-23T11:45,17.6,66,17.1,0.0,0.0,,5.8,39,15.5,
2026-08-23T14:30,19.2,62,18.2,0.0,0.0,3,12.2,35,24.5,1022.4
2026-08-23T15:15,18.8,58,17.0,0.0,0.0,3,12.6,35,31.7,1022.3
2026-08-23T15:45,18.8,65,18.4,0.0,0.0,2,11.9,25,24.1,1022.0
2026-08-23T12:00,18.1,62,17.2,0.0,0.0,,7.2,9,17.6,
2026-08-23T12:15,18.1,63,17.6,0.0,0.0,,7.2,19,17.6,
2026-08-23T12:30,18.1,64,18.0,0.0,0.0,,7.2,28,17.3,
2026-08-23T12:45,18.0,66,18.4,0.0,0.0,,6.8,38,16.9,
2026-08-23T13:00,18.0,67,18.8,0.0,0.0,,6.5,47,16.6,
2026-08-23T13:30,18.5,66,19.4,0.0,0.0,,6.1,38,16.6,
2026-08-23T14:00,18.9,65,18.6,0.0,0.0,,6.1,28,17.3,
2026-08-23T14:15,18.8,65,18.4,0.0,0.0,,6.8,33,18.0,
2026-08-23T16:45,19.4,61,17.8,0.0,0.0,3,14.0,27,26.6,1021.7
2026-08-23T14:45,19.4,61,18.6,0.0,0.0,,11.5,23,24.1,
2026-08-23T15:00,19.4,60,18.4,0.0,0.0,,11.5,18,24.1,
2026-08-23T17:45,19.4,56,17.5,0.0,0.0,1,14.4,32,28.4,1021.5
2026-08-23T15:30,19.1,58,17.4,0.0,0.0,,13.0,30,26.3,
2026-08-23T16:00,19.6,57,17.8,0.0,0.0,,14.0,22,29.2,
2026-08-23T16:15,19.6,57,17.8,0.0,0.0,,14.0,26,29.5,
2026-08-23T18:45,18.2,67,16.8,0.0,0.0,3,13.7,21,25.6,1021.2
2026-08-23T19:15,17.8,69,16.5,0.0,0.0,3,13.3,24,25.6,1021.1
2026-08-23T16:30,18.9,64,17.6,0.0,0.0,,13.0,20,25.9,
2026-08-23T17:00,18.9,63,17.6,0.0,0.0,,12.6,22,25.9,
2026-08-23T17:15,18.8,63,17.5,0.0,0.0,,12.6,21,25.6,
2026-08-23T19:45,17.6,60,15.5,0.0,0.0,2,14.0,32,27.0,1021.1
2026-08-23T20:30,17.3,61,15.3,0.0,0.0,3,13.7,36,27.4,1020.9
2026-08-23T17:30,19.3,58,17.3,0.0,0.0,,15.5,31,28.4,
2026-08-23T18:00,19.5,56,17.4,0.0,0.0,,15.5,31,29.2,
2026-08-23T18:15,19.4,56,17.3,0.0,0.0,,15.5,30,29.5,
2026-08-23T18:30,19.4,56,17.2,0.0,0.0,,15.5,30,29.9,
2026-08-23T21:00,16.4,65,14.7,0.0,0.0,3,11.9,38,26.3,1020.9
2026-08-23T21:30,15.6,69,13.9,0.0,0.0,3,11.5,40,22.7,1021.0
2026-08-23T21:45,13.8,82,12.6,0.0,0.0,3,10.1,37,15.8,1021.1
2026-08-23T19:00,18.3,68,17.0,0.0,0.0,,13.3,28,23.4,
2026-08-23T19:30,17.7,70,16.6,0.0,0.0,,12.2,30,23.4,
2026-08-23T20:00,17.0,72,15.9,0.0,0.0,,11.5,32,23.8,
2026-08-23T20:15,16.6,73,15.5,0.0,0.0,,11.2,34,22.7,
2026-08-23T22:45,12.9,79,11.2,0.0,0.0,3,10.4,34,16.6,1021.0
2026-08-23T23:15,12.5,79,10.7,0.0,0.0,3,10.4,35,16.6,1020.9
2026-08-23T20:45,16.3,67,14.6,0.0,0.0,,11.5,30,22.7,
2026-08-23T21:15,15.3,72,13.8,0.0,0.0,,10.8,31,21.2,
2026-08-23T23:45,13.1,78,11.3,0.0,0.0,1,11.2,40,18.0,1020.8
2026-08-24T00:15,12.8,80,10.9,0.0,0.0,1,11.5,44,18.7,1020.7
2026-08-24T00:45,11.7,87,10.0,0.0,0.0,2,10.8,41,16.9,1020.8
2026-08-23T22:00,13.5,84,12.5,0.0,0.0,,8.6,33,13.7,
2026-08-23T22:15,13.1,86,12.2,0.0,0.0,,8.3,34,13.3,
2026-08-23T22:30,12.8,87,11.9,0.0,0.0,,7.9,35,13.3,
2026-08-23T23:00,12.4,87,11.4,0.0,0.0,,7.9,36,13.7,
2026-08-24T01:30,11.5,88,9.7,0.0,0.0,2,11.5,48,19.4,1020.8
2026-08-24T01:45,11.5,89,9.8,0.0,0.0,1,10.8,50,19.8,1020.8
2026-08-23T23:30,12.2,81,10.7,0.0,0.0,,8.6,27,13.7,
2026-08-24T00:00,11.9,82,10.2,0.0,0.0,,9.4,30,14.0,
2026-08-24T03:45,10.6,92,8.9,0.0,0.0,0,10.4,67,16.6,1019.7
2026-08-24T05:00,11.1,92,9.6,0.0,0.0,1,10.4,79,18.7,1019.2
2026-08-24T00:30,12.2,83,10.6,0.0,0.0,,9.7,53,16.2,
2026-08-24T01:00,11.6,87,10.0,0.0,0.0,,9.7,52,15.8,
2026-08-24T01:15,11.5,88,10.0,0.0,0.0,,10.1,55,15.8,
2026-08-24T02:00,11.7,89,10.1,0.0,0.0,,10.8,65,16.6,
2026-08-24T02:15,11.7,90,10.1,0.0,0.0,,11.2,64,16.9,
2026-08-24T02:30,11.6,90,10.0,0.0,0.0,,11.2,62,17.6,
2026-08-24T02:45,11.6,91,10.0,0.0,0.0,,11.5,61,18.0,
2026-08-24T03:00,11.5,91,9.9,0.0,0.0,,11.5,59,18.7,
2026-08-24T03:15,11.5,91,9.8,0.0,0.0,,11.9,62,19.1,
2026-08-24T03:30,11.6,91,9.9,0.0,0.0,,11.9,64,19.8,
2026-08-24T04:00,11.6,90,9.8,0.0,0.0,,12.2,69,20.5,
2026-08-24T07:00,10.5,92,8.5,0.0,0.0,3,11.9,85,19.4,1018.7
2026-08-24T04:15,10.9,91,9.2,0.0,0.0,,10.8,71,16.9,
2026-08-24T04:30,10.9,91,9.1,0.0,0.0,,11.5,72,18.0,
2026-08-24T04:45,11.0,91,9.2,0.0,0.0,,11.9,73,18.7,
2026-08-24T07:45,11.5,93,9.7,0.0,0.0,2,13.7,68,23.8,1018.7
2026-08-24T05:15,11.3,92,9.6,0.0,0.0,,11.5,76,18.0,
2026-08-24T05:30,11.2,93,9.5,0.0,0.0,,11.5,76,18.0,
2026-08-24T05:45,11.1,93,9.5,0.0,0.0,,11.2,76,18.0,
2026-08-24T08:45,12.8,79,10.5,0.0,0.0,2,14.0,86,24.8,1018.3
2026-08-24T06:00,10.9,91,9.1,0.0,0.0,,11.5,72,17.3,
2026-08-24T06:15,10.8,91,9.0,0.0,0.0,,11.2,74,17.6,
2026-08-24T06:30,10.7,91,8.9,0.0,0.0,,10.8,76,18.0,
2026-08-24T06:45,10.6,91,8.8,0.0,0.0,,10.4,77,18.7,
2026-08-24T07:15,10.7,91,9.0,0.0,0.0,,10.4,79,18.4,
2026-08-24T07:30,10.8,91,9.2,0.0,0.0,,10.1,77,18.0,
2026-08-24T08:00,11.2,90,9.7,0.0,0.0,,10.1,73,18.4,
2026-08-24T10:45,16.9,66,14.8,0.0,0.0,2,15.1,83,29.2,1017.6
2026-08-24T08:15,12.2,91,10.8,0.0,0.0,,11.5,69,22.3,
2026-08-24T08:30,12.6,89,11.1,0.0,0.0,,12.6,74,23.4,
2026-08-24T11:30,18.9,51,16.5,0.0,0.0,2,16.9,77,33.5,1017.2
2026-08-24T09:00,13.5,77,11.7,0.0,0.0,,11.9,80,23.4,
2026-08-24T09:15,14.1,75,12.2,0.0,0.0,,12.2,80,24.1,
2026-08-24T09:30,14.6,74,12.8,0.0,0.0,,13.0,81,25.2,
2026-08-24T09:45,15.2,72,13.3,0.0,0.0,,13.3,81,25.9,
2026-08-24T10:00,15.7,71,13.8,0.0,0.0,,14.0,81,27.0,
2026-08-24T10:15,16.2,69,14.2,0.0,0.0,,14.8,81,28.1,
2026-08-24T10:30,16.6,67,14.5,0.0,0.0,,15.5,81,28.8,
2026-08-24T11:00,17.5,63,15.3,0.0,0.0,,16.6,80,30.6,
2026-08-24T11:15,17.9,59,15.4,0.0,0.0,,17.3,80,32.8,
2026-08-24T11:45,18.6,54,15.8,0.0,0.0,,19.4,79,36.4,
2026-08-24T14:00,21.3,38,18.0,0.0,0.0,3,18.4,80,36.0,1015.5
2026-08-24T15:00,21.8,35,18.0,0.0,0.0,3,18.7,87,37.4,1014.9
2026-08-24T12:00,19.5,47,16.7,0.0,0.0,,18.4,77,35.6,
2026-08-24T12:15,19.7,46,17.1,0.0,0.0,,18.0,80,35.3,
2026-08-24T12:30,19.7,45,17.3,0.0,0.0,,17.6,82,34.2,
2026-08-24T12:45,19.7,45,17.4,0.0,0.0,,17.3,85,33.1,
2026-08-24T13:00,19.8,45,17.6,0.0,0.0,,16.9,87,32.4,
2026-08-24T13:15,20.1,44,17.8,0.0,0.0,,16.9,86,32.4,
2026-08-24T13:30,20.4,44,18.1,0.0,0.0,,16.9,85,33.1,
2026-08-24T13:45,20.7,43,18.2,0.0,0.0,,17.3,83,33.8,
2026-08-24T16:45,21.7,36,17.8,0.0,0.0,3,20.2,89,37.8,1013.4
2026-08-24T14:15,21.1,37,18.0,0.0,0.0,,18.7,90,36.0,
2026-08-24T14:30,21.4,37,18.2,0.0,0.0,,18.4,90,36.4,
2026-08-24T14:45,21.5,37,18.1,0.0,0.0,,18.4,89,36.7,
2026-08-24T17:45,21.3,36,17.7,0.0,0.0,3,17.3,83,30.6,1012.8
2026-08-24T15:15,21.9,36,18.3,0.0,0.0,,18.0,89,35.6,
2026-08-24T15:30,21.7,35,18.0,0.0,0.0,,17.3,90,36.0,
2026-08-24T15:45,21.4,35,17.8,0.0,0.0,,16.9,91,36.0,
2026-08-24T18:30,21.4,36,17.6,0.0,0.0,3,18.7,83,33.5,1012.2
2026-08-24T16:00,21.4,38,18.0,0.0,0.0,,17.6,75,34.6,
2026-08-24T16:15,21.4,38,18.0,0.0,0.0,,17.6,75,34.6,
2026-08-24T16:30,21.5,37,17.9,0.0,0.0,,18.0,75,34.6,
2026-08-24T17:00,21.5,37,17.9,0.0,0.0,,18.0,75,34.6,
2026-08-24T17:15,21.4,37,17.9,0.0,0.0,,17.6,75,34.6,
2026-08-24T17:30,21.8,35,17.7,0.0,0.0,,20.2,85,38.9,
2026-08-24T18:00,21.7,35,17.7,0.0,0.0,,19.4,85,38.5,
2026-08-24T20:30,20.6,41,17.4,0.0,0.0,2,16.6,74,33.1,1011.3
2026-08-24T18:15,21.4,36,18.0,0.0,0.0,,16.2,77,29.9,
2026-08-24T18:45,21.4,37,17.9,0.0,0.0,,17.6,78,32.0,
2026-08-24T19:00,21.4,37,17.8,0.0,0.0,,18.4,78,33.1,
2026-08-24T19:15,21.4,38,17.7,0.0,0.0,,18.7,79,33.5,
2026-08-24T19:30,20.0,46,17.9,0.0,0.0,,10.8,62,18.7,
2026-08-24T19:45,20.0,47,18.0,0.0,0.0,,10.8,62,19.1,
2026-08-24T20:00,20.0,47,17.9,0.0,0.0,,11.2,63,19.8,
2026-08-24T20:15,19.8,47,17.6,0.0,0.0,,11.9,61,20.5,
2026-08-24T20:45,19.4,45,16.9,0.0,0.0,,11.9,65,25.6,
2026-08-24T21:00,19.0,46,16.5,0.0,0.0,,11.5,62,25.2,
2026-08-24T23:30,15.2,62,12.7,0.0,0.0,0,13.7,57,18.0,1010.9
2026-08-25T00:00,14.8,64,12.4,0.0,0.0,0,13.0,53,20.9,1010.8
2026-08-24T21:15,19.3,45,16.8,0.0,0.0,,12.2,64,23.0,
2026-08-24T21:30,18.7,47,16.4,0.0,0.0,,11.2,61,23.4,
2026-08-24T21:45,18.1,49,15.9,0.0,0.0,,9.7,57,23.4,
2026-08-24T22:00,17.5,51,15.5,0.0,0.0,,9.0,54,23.0,
2026-08-24T22:15,17.6,56,15.6,0.0,0.0,,11.9,53,20.9,
2026-08-24T22:30,17.2,57,15.1,0.0,0.0,,11.9,52,20.9,
2026-08-24T22:45,16.8,59,14.8,0.0,0.0,,11.5,52,20.9,
2026-08-24T23:00,16.4,60,14.3,0.0,0.0,,11.5,51,20.9,
2026-08-25T01:30,14.7,63,12.3,0.0,0.0,0,12.6,62,21.2,1010.8
2026-08-25T01:45,14.8,62,12.3,0.0,0.0,0,12.6,62,24.5,1010.8
2026-08-24T23:15,16.6,55,14.0,0.0,0.0,,13.7,48,22.0,
2026-08-24T23:45,16.3,59,13.7,0.0,0.0,,14.4,59,25.2,
2026-08-25T00:15,14.6,64,12.2,0.0,0.0,,12.2,48,20.9,
2026-08-25T00:30,14.5,65,12.2,0.0,0.0,,11.9,50,20.9,
2026-08-25T00:45,14.4,66,12.3,0.0,0.0,,11.5,52,21.2,
2026-08-25T01:00,14.3,66,12.1,0.0,0.0,,11.5,54,21.2,
2026-08-25T01:15,14.2,66,12.0,0.0,0.0,,11.9,54,21.6,
2026-08-25T04:30,13.1,66,10.5,0.0,0.0,3,12.2,64,19.8,1009.3
2026-08-25T05:30,12.8,67,10.3,0.0,0.0,3,11.2,71,19.4,1009.1
2026-08-25T02:00,14.8,63,12.5,0.0,0.0,,11.9,69,19.4,
2026-08-25T02:15,14.7,63,12.4,0.0,0.0,,11.5,67,19.4,
2026-08-25T02:30,14.5,63,12.3,0.0,0.0,,10.8,65,19.8,
2026-08-25T02:45,14.2,64,12.1,0.0,0.0,,10.4,63,19.8,
2026-08-25T03:00,14.0,64,11.9,0.0,0.0,,10.1,61,19.8,
2026-08-25T03:15,13.8,64,11.6,0.0,0.0,,10.4,60,19.8,
2026-08-25T03:30,13.6,65,11.3,0.0,0.0,,11.2,58,19.4,
2026-08-25T03:45,13.6,71,11.3,0.0,0.0,,12.6,63,20.9,
2026-08-25T04:00,13.5,72,11.3,0.0,0.0,,12.2,64,20.9,
2026-08-25T04:15,13.4,73,11.3,0.0,0.0,,11.9,66,20.9,
2026-08-25T04:45,13.2,67,10.9,0.0,0.0,,10.8,61,19.4,
2026-08-25T05:00,13.0,68,10.7,0.0,0.0,,10.4,60,19.4,
2026-08-25T07:45,12.5,72,10.5,0.0,0.0,3,9.0,75,16.2,1009.2
2026-08-25T05:15,13.0,67,10.5,0.0,0.0,,11.5,67,18.7,
2026-08-25T05:45,12.7,74,10.7,0.0,0.0,,10.1,58,15.8,
2026-08-25T06:00,12.5,76,10.7,0.0,0.0,,9.4,53,15.1,
2026-08-25T06:15,12.4,77,10.7,0.0,0.0,,9.0,56,14.8,
2026-08-25T06:30,12.3,77,10.5,0.0,0.0,,9.0,59,14.8,
2026-08-25T06:45,12.2,77,10.4,0.0,0.0,,9.4,62,14.8,
2026-08-25T07:00,12.2,77,10.4,0.0,0.0,,9.4,65,15.1,
2026-08-25T07:15,12.3,76,10.5,0.0,0.0,,9.4,69,15.5,
2026-08-25T07:30,12.5,76,10.7,0.0,0.0,,9.4,72,15.5,
2026-08-25T10:15,16.9,56,14.7,0.0,0.0,2,11.5,85,22.0,1009.3
2026-08-25T08:00,12.8,71,11.1,0.0,0.0,,7.6,67,13.0,
2026-08-25T08:15,13.1,70,11.4,0.0,0.0,,7.6,69,13.7,
2026-08-25T08:30,13.5,68,11.7,0.0,0.0,,8.3,71,14.8,
2026-08-25T08:45,14.0,66,12.2,0.0,0.0,,8.6,73,16.2,
2026-08-25T09:00,14.5,64,12.6,0.0,0.0,,9.0,75,17.3,
2026-08-25T11:45,20.6,44,18.6,0.0,0.0,3,10.8,88,23.4,1009.3
2026-08-25T09:15,15.1,63,13.0,0.0,0.0,,11.5,80,20.9,
2026-08-25T09:30,15.6,61,13.4,0.0,0.0,,11.2,82,21.2,
2026-08-25T09:45,16.1,59,13.9,0.0,0.0,,11.2,83,21.6,
2026-08-25T12:15,21.4,42,19.6,0.0,0.0,3,11.2,87,23.8,1009.3
2026-08-25T13:00,22.3,42,21.1,0.0,0.0,1,12.6,89,27.7,1009.3
2026-08-25T10:00,16.3,58,14.0,0.0,0.0,,12.2,87,22.7,
2026-08-25T10:30,17.5,54,15.2,0.0,0.0,,12.2,86,23.4,
2026-08-25T10:45,18.2,53,16.0,0.0,0.0,,12.2,85,23.8,
2026-08-25T11:00,18.8,51,16.6,0.0,0.0,,12.2,84,24.1,
2026-08-25T13:30,23.2,39,21.8,0.0,0.0,1,14.4,88,29.2,1009.2
2026-08-25T11:15,19.3,50,17.3,0.0,0.0,,11.9,83,24.1,
2026-08-25T11:30,19.9,49,18.1,0.0,0.0,,12.2,84,24.8,
2026-08-25T12:00,20.9,46,19.3,0.0,0.0,,13.0,86,26.6,
2026-08-25T15:00,24.0,37,21.9,0.0,0.0,3,14.0,96,29.2,1008.8
2026-08-25T12:30,21.8,42,20.1,0.0,0.0,,11.2,77,23.8,
2026-08-25T12:45,22.2,41,20.5,0.0,0.0,,11.2,76,24.5,
2026-08-25T16:00,24.5,37,22.5,0.0,0.0,0,15.8,88,31.3,1008.6
2026-08-25T13:15,22.3,42,21.1,0.0,0.0,,11.9,82,25.2,
2026-08-25T13:45,23.1,41,22.2,0.0,0.0,,13.0,77,26.6,
2026-08-25T14:00,23.5,40,22.5,0.0,0.0,,13.3,75,27.4,
2026-08-25T14:15,23.7,40,22.6,0.0,0.0,,14.0,77,28.4,
2026-08-25T14:30,23.9,39,22.6,0.0,0.0,,14.4,79,29.2,
2026-08-25T14:45,24.0,39,22.6,0.0,0.0,,15.1,81,30.2,
2026-08-25T15:15,24.4,36,22.0,0.0,0.0,,14.8,93,29.9,
2026-08-25T15:30,24.5,36,21.9,0.0,0.0,,15.1,92,30.2,
2026-08-25T15:45,24.6,35,21.9,0.0,0.0,,15.5,91,30.2,
2026-08-25T18:45,23.7,46,22.1,0.0,0.0,0,13.7,101,27.4,1008.1
2026-08-25T16:15,24.5,37,22.2,0.0,0.0,,15.1,86,31.0,
2026-08-25T16:30,24.5,36,22.2,0.0,0.0,,14.8,88,31.0,
2026-08-25T16:45,24.5,36,22.2,0.0,0.0,,14.4,91,31.0,
2026-08-25T17:00,24.5,36,22.1,0.0,0.0,,14.0,93,31.0,
2026-08-25T17:15,24.5,36,22.0,0.0,0.0,,14.0,95,30.6,
2026-08-25T17:30,24.5,37,22.1,0.0,0.0,,14.0,96,29.5,
2026-08-25T19:45,23.3,43,21.1,0.0,0.0,1,15.5,87,27.7,1008.3
2026-08-25T20:45,21.1,60,20.9,0.0,0.0,0,7.9,138,19.8,1008.9
2026-08-25T17:45,24.9,38,22.8,0.0,0.0,,13.7,92,27.4,
2026-08-25T18:00,24.6,40,22.7,0.0,0.0,,13.7,97,27.4,
2026-08-25T18:15,24.3,42,22.6,0.0,0.0,,13.3,102,27.7,
2026-08-25T18:30,24.0,45,22.5,0.0,0.0,,13.3,106,28.1,
2026-08-25T19:00,23.3,50,22.2,0.0,0.0,,12.6,115,28.1,
2026-08-25T19:15,23.0,52,22.1,0.0,0.0,,12.2,121,27.4,
2026-08-25T19:30,22.7,54,21.9,0.0,0.0,,11.9,127,26.3,
2026-08-25T20:00,22.9,52,21.9,0.0,0.0,,12.2,93,24.1,
2026-08-25T22:30,19.6,63,18.8,0.0,0.0,3,10.4,94,19.1,1009.6
2026-08-25T20:15,22.9,46,21.1,0.0,0.0,,13.3,79,25.6,
2026-08-25T20:30,22.4,48,20.8,0.0,0.0,,12.2,79,25.9,
2026-08-25T21:00,21.3,53,20.3,0.0,0.0,,10.1,78,25.2,
2026-08-25T23:30,19.4,73,19.0,0.0,0.0,1,12.6,105,20.9,1009.6
2026-08-26T00:00,19.1,76,18.8,0.0,0.0,0,13.0,111,21.6,1009.5
2026-08-25T21:15,20.7,63,20.7,0.0,0.0,,7.2,118,9.7,
2026-08-25T21:30,20.4,63,20.4,0.0,0.0,,7.2,106,9.7,
2026-08-25T21:45,20.2,63,20.1,0.0,0.0,,7.6,95,10.4,
2026-08-25T22:00,20.0,64,19.8,0.0,0.0,,7.9,83,11.5,
2026-08-25T22:15,19.9,62,19.0,0.0,0.0,,11.5,78,17.6,
2026-08-25T22:45,19.5,64,18.6,0.0,0.0,,11.2,91,18.7,
2026-08-26T01:00,18.9,79,19.0,0.0,0.0,3,10.8,100,19.1,1010.1
2026-08-25T23:00,19.3,66,18.6,0.0,0.0,,10.8,97,19.1,
2026-08-26T01:30,18.8,76,18.5,0.0,0.0,2,11.9,118,23.0,1010.0
2026-08-25T23:15,19.0,68,18.2,0.0,0.0,,11.9,76,17.6,
2026-08-25T23:45,19.4,69,18.6,0.0,0.0,,13.3,87,22.0,
2026-08-26T00:15,19.2,76,19.0,0.0,0.0,,12.2,106,20.5,
2026-08-26T00:30,19.1,77,19.1,0.0,0.0,,11.5,103,19.8,
2026-08-26T00:45,19.0,77,19.0,0.0,0.0,,11.2,101,19.1,
2026-08-26T01:15,18.9,79,19.0,0.0,0.0,,11.2,101,19.4,
2026-08-26T01:45,18.8,81,18.8,0.0,0.0,,12.2,108,22.0,
2026-08-26T05:00,17.3,97,18.6,0.5,0.5,61,7.6,76,13.3,1010.2
2026-08-26T02:00,18.7,81,18.7,0.0,0.0,,13.0,133,20.2,
2026-08-26T02:15,18.7,83,18.8,0.3,0.3,,12.6,131,20.5,
2026-08-26T02:30,18.6,85,19.0,0.3,0.3,,11.5,129,20.5,
2026-08-26T02:45,18.5,87,19.1,0.3,0.3,,10.8,127,20.9,
2026-08-26T03:00,18.4,89,19.2,0.3,0.3,,9.7,125,20.9,
2026-08-26T06:45,16.1,96,16.2,0.0,0.0,3,11.5,121,23.8,1010.0
2026-08-26T07:30,16.0,96,16.3,0.0,0.0,3,10.4,122,21.2,1010.2
2026-08-26T03:15,17.9,77,17.4,1.3,1.3,,12.2,130,20.5,
2026-08-26T03:30,17.9,79,17.6,1.3,1.3,,11.5,130,19.4,
2026-08-26T03:45,17.9,81,17.9,1.3,1.3,,10.8,129,18.7,
2026-08-26T04:00,17.8,83,17.9,1.3,1.3,,10.4,128,18.4,
2026-08-26T04:15,17.6,86,17.7,0.1,0.1,,10.8,124,18.7,
2026-08-26T04:30,17.3,89,17.4,0.1,0.1,,11.5,120,19.4,
2026-08-26T04:45,16.9,92,17.0,0.1,0.1,,12.2,115,20.2,
2026-08-26T05:15,16.5,95,16.5,0.0,0.0,,13.3,113,21.6,
2026-08-26T05:30,16.4,96,16.4,0.0,0.0,,13.7,115,22.3,
2026-08-26T08:00,16.8,96,17.6,0.0,0.0,3,9.4,118,19.4,1010.4
2026-08-26T05:45,17.0,97,17.7,0.0,0.0,,10.8,104,18.0,
2026-08-26T06:00,17.0,97,17.5,0.0,0.0,,11.9,109,20.2,
2026-08-26T09:00,16.1,96,16.6,0.4,0.4,61,9.0,132,15.8,1010.7
2026-08-26T06:15,15.8,96,16.2,0.0,0.0,,8.6,126,14.4,
2026-08-26T06:30,15.7,97,16.1,0.0,0.0,,9.0,122,15.1,
2026-08-26T07:00,15.6,97,15.9,0.0,0.0,,9.7,112,15.8,
2026-08-26T09:45,16.8,93,17.3,0.0,0.0,3,10.1,118,18.4,1010.7
2026-08-26T07:15,15.9,97,16.1,0.0,0.0,,11.2,126,19.1,
2026-08-26T07:45,16.0,96,16.3,0.0,0.0,,10.1,125,19.1,
2026-08-26T10:45,18.5,93,19.7,0.0,0.0,3,9.7,131,18.7,1010.8
2026-08-26T11:30,20.0,87,21.6,0.0,0.0,0,8.3,141,16.6,1010.8
2026-08-26T12:15,21.6,81,24.5,0.0,0.0,0,6.5,133,16.2,1010.8
2026-08-26T08:15,16.6,96,17.4,0.0,0.0,,9.0,127,16.2,
2026-08-26T08:30,16.4,97,17.2,0.0,0.0,,8.3,131,15.1,
2026-08-26T08:45,16.2,97,17.0,0.0,0.0,,7.9,135,14.4,
2026-08-26T09:15,16.2,96,16.9,0.0,0.0,,7.9,132,14.8,
2026-08-26T09:30,16.4,95,17.0,0.0,0.0,,9.0,125,15.8,
2026-08-26T10:00,17.0,93,17.5,0.0,0.0,,10.4,110,18.0,
2026-08-26T10:15,17.5,92,18.1,0.0,0.0,,10.4,115,18.4,
2026-08-26T10:30,18.0,90,18.7,0.0,0.0,,9.7,120,18.7,
2026-08-26T11:00,18.9,88,20.1,0.0,0.0,,8.6,130,18.7,
2026-08-26T11:15,19.5,91,21.0,0.0,0.0,,9.4,138,19.1,
2026-08-26T11:45,19.9,89,21.7,0.0,0.0,,8.3,147,19.1,
2026-08-26T14:15,23.7,76,26.2,0.0,0.0,3,6.1,162,17.3,1010.6
2026-08-26T15:30,23.2,77,26.0,0.0,0.1,2,4.0,134,23.8,1010.1
2026-08-26T16:15,25.2,62,27.4,0.0,0.0,0,3.6,149,18.7,1009.8
2026-08-26T12:00,21.3,83,23.4,0.0,0.0,,6.5,137,15.8,
2026-08-26T12:30,22.2,78,24.7,0.0,0.0,,7.6,136,18.4,
2026-08-26T12:45,22.6,75,25.2,0.0,0.0,,8.6,136,20.2,
2026-08-26T13:00,22.9,74,25.8,0.0,0.0,,9.0,135,20.9,
2026-08-26T13:15,23.1,74,26.1,0.0,0.0,,9.0,142,20.9,
2026-08-26T13:30,23.3,76,26.5,0.0,0.0,,9.0,149,20.2,
2026-08-26T13:45,23.4,77,26.5,0.0,0.0,,8.6,155,19.1,
2026-08-26T14:00,23.6,77,26.2,0.0,0.0,,8.3,162,18.0,
2026-08-26T14:30,24.3,71,26.8,0.0,0.0,,5.4,143,14.4,
2026-08-26T14:45,24.7,67,27.0,0.0,0.0,,4.3,134,13.0,
2026-08-26T15:00,24.8,66,27.1,0.0,0.0,,4.0,124,13.7,
2026-08-26T15:15,24.4,68,26.6,0.1,0.1,,5.4,120,18.0,
2026-08-26T15:45,23.1,78,25.6,0.1,0.1,,10.4,113,31.7,
2026-08-26T16:00,22.7,81,25.0,0.1,0.1,,12.2,109,35.6,
2026-08-26T16:30,25.8,60,28.0,0.0,0.0,,3.6,174,13.0,
2026-08-26T16:45,26.0,59,28.2,0.0,0.0,,3.2,169,13.3,
2026-08-26T20:45,22.5,83,25.1,0.0,0.0,3,6.8,71,20.2,1009.4
2026-08-26T17:00,26.2,61,28.5,0.0,0.0,,4.0,195,12.6,
2026-08-26T17:15,26.0,62,28.3,0.0,0.0,,4.7,165,13.0,
2026-08-26T17:30,25.6,65,27.9,0.0,0.0,,5.4,136,13.7,
2026-08-26T17:45,25.2,67,27.5,0.0,0.0,,6.1,106,14.4,
2026-08-26T18:00,25.1,67,27.2,0.0,0.0,,6.8,76,14.8,
2026-08-26T18:15,25.4,65,27.4,0.0,0.0,,7.2,82,15.5,
2026-08-26T18:30,25.9,61,27.6,0.0,0.0,,7.2,89,15.8,
2026-08-26T18:45,26.4,57,28.0,0.0,0.0,,6.8,95,16.2,
2026-08-26T19:00,26.6,55,28.0,0.0,0.0,,6.8,101,15.8,
2026-08-26T19:15,26.4,55,27.8,0.0,0.0,,6.5,89,14.0,
2026-08-26T19:30,26.0,57,27.5,0.0,0.0,,6.1,77,11.9,
2026-08-26T19:45,25.5,60,27.2,0.0,0.0,,5.8,65,9.4,
2026-08-26T20:00,24.9,63,26.8,0.0,0.0,,5.4,53,7.6,
2026-08-26T20:15,24.3,68,26.5,0.0,0.0,,5.0,42,7.2,
2026-08-26T20:30,23.6,73,26.1,0.0,0.0,,4.7,31,7.2,
2026-08-26T21:00,22.4,83,25.3,0.0,0.0,,4.7,8,8.6,
2026-08-26T21:15,22.1,84,24.8,0.0,0.0,,5.4,20,9.7,
2026-08-26T21:30,21.9,84,24.4,0.0,0.0,,6.5,32,10.8,
2026-08-26T21:45,21.8,84,24.1,0.0,0.0,,7.6,44,12.2,
2026-08-27T03:00,20.1,79,20.3,0.0,0.0,3,13.3,96,24.1,1007.7
2026-08-27T13:00,23.8,66,24.9,0.0,0.0,3,9.7,189,23.0,1006.1
2026-08-26T22:00,22.4,75,24.5,0.0,0.0,,4.7,75,10.4,
2026-08-26T22:15,22.1,75,23.9,0.0,0.0,,5.4,74,11.5,
2026-08-26T22:30,21.7,76,23.3,0.0,0.0,,6.5,74,13.3,
2026-08-26T22:45,21.3,77,22.6,0.0,0.0,,7.9,73,15.1,
2026-08-26T23:00,21.0,79,22.2,0.0,0.0,,9.0,72,16.6,
2026-08-26T23:15,20.8,81,21.9,0.0,0.0,,10.1,75,18.0,
2026-08-26T23:30,20.7,84,21.9,0.0,0.0,,11.2,79,19.4,
2026-08-26T23:45,20.6,86,21.8,0.0,0.0,,12.2,82,20.5,
2026-08-27T00:00,20.6,88,21.8,0.0,0.0,,13.3,85,21.6,
2026-08-27T00:15,20.6,88,21.7,0.0,0.0,,14.0,85,22.7,
2026-08-27T00:30,20.7,87,21.7,0.0,0.0,,14.8,85,23.8,
2026-08-27T00:45,20.8,86,21.7,0.0,0.0,,15.1,84,24.1,
2026-08-27T01:00,20.9,85,21.7,0.0,0.0,,15.1,84,24.5,
2026-08-27T01:15,20.9,84,21.7,0.0,0.0,,14.8,90,24.1,
2026-08-27T01:30,20.9,83,21.7,0.0,0.0,,14.4,96,23.0,
2026-08-27T01:45,20.9,82,21.6,0.0,0.0,,13.7,101,21.6,
2026-08-27T02:00,20.7,82,21.5,0.0,0.0,,13.0,107,20.5,
2026-08-27T02:15,20.4,83,21.3,0.0,0.0,,12.2,101,19.4,
2026-08-27T02:30,20.0,85,21.0,0.0,0.0,,11.2,95,18.4,
2026-08-27T02:45,19.5,87,20.6,0.0,0.0,,10.4,88,17.3,
2026-08-27T03:15,19.3,90,20.5,0.0,0.0,,10.1,83,17.3,
2026-08-27T03:30,19.4,92,20.9,0.0,0.0,,10.4,85,18.0,
2026-08-27T03:45,19.6,92,21.1,0.0,0.0,,10.8,86,18.7,
2026-08-27T04:00,19.7,92,21.2,0.0,0.0,,11.2,87,19.4,
2026-08-27T04:15,19.8,89,21.0,0.0,0.0,,11.5,89,19.8,
2026-08-27T04:30,19.8,85,20.6,0.0,0.0,,11.9,90,20.2,
2026-08-27T04:45,19.7,81,20.1,0.0,0.0,,12.2,92,20.5,
2026-08-27T05:00,19.6,79,19.7,0.0,0.0,,12.6,93,20.5,
2026-08-27T05:15,19.3,80,19.4,0.0,0.0,,12.6,91,20.2,
2026-08-27T05:30,18.8,83,19.0,0.0,0.0,,12.2,88,19.4,
2026-08-27T05:45,18.4,86,18.8,0.0,0.0,,11.9,86,18.7,
2026-08-27T06:00,18.2,89,18.6,0.0,0.0,,11.9,83,18.4,
2026-08-27T06:15,18.2,91,18.9,0.0,0.0,,11.9,97,18.4,
2026-08-27T06:30,18.4,92,19.1,0.0,0.0,,12.2,112,18.4,
2026-08-27T06:45,18.6,92,19.4,0.0,0.0,,12.6,126,18.7,
2026-08-27T07:00,18.8,92,19.6,0.0,0.0,,12.6,140,19.1,
2026-08-27T07:15,18.8,90,19.6,0.0,0.0,,12.2,132,20.2,
2026-08-27T07:30,18.8,87,19.3,0.0,0.0,,11.9,123,21.6,
2026-08-27T07:45,18.7,84,19.1,0.0,0.0,,11.2,115,22.3,
2026-08-27T08:00,18.6,83,19.0,0.0,0.0,,10.4,106,22.0,
2026-08-27T08:15,18.4,86,19.2,0.0,0.0,,9.0,91,19.1,
2026-08-27T08:30,18.2,91,19.5,0.0,0.0,,6.8,76,14.4,
2026-08-27T08:45,18.0,96,19.8,0.0,0.0,,5.4,60,10.1,
2026-08-27T09:00,18.0,98,20.2,0.0,0.0,,4.3,45,7.6,
2026-08-27T09:15,18.4,96,20.6,0.1,0.1,,4.7,18,7.9,
2026-08-27T09:30,19.1,92,21.0,0.1,0.1,,6.1,350,9.7,
2026-08-27T09:45,19.8,88,21.5,0.1,0.1,,7.6,323,12.2,
2026-08-27T10:00,20.4,84,22.0,0.1,0.1,,8.3,295,14.0,
2026-08-27T10:15,20.9,82,22.5,0.0,0.0,,8.3,261,15.1,
2026-08-27T10:30,21.4,81,23.2,0.0,0.0,,7.6,228,16.2,
2026-08-27T10:45,21.8,80,23.8,0.0,0.0,,7.2,194,16.9,
2026-08-27T11:00,22.2,79,24.2,0.0,0.0,,7.2,160,18.0,
2026-08-27T11:15,22.5,79,24.5,0.0,0.0,,7.9,169,19.4,
2026-08-27T11:30,22.7,78,24.5,0.0,0.0,,9.4,177,20.9,
2026-08-27T11:45,22.9,78,24.6,0.0,0.0,,10.8,186,22.3,
2026-08-27T12:00,23.1,77,25.0,0.0,0.0,,11.9,194,23.4,
2026-08-27T12:15,23.3,74,25.2,0.0,0.0,,12.2,190,23.4,
2026-08-27T12:30,23.5,71,25.3,0.0,0.0,,12.2,185,23.0,
2026-08-27T12:45,23.7,67,25.1,0.0,0.0,,12.2,181,22.3,
2026-08-27T13:15,24.3,64,25.0,0.0,0.0,,12.6,187,23.0,
2026-08-27T13:30,24.7,64,25.5,0.0,0.0,,13.0,198,24.5,
2026-08-27T13:45,25.1,65,26.1,0.0,0.0,,13.3,209,25.9,
2026-08-27T14:00,25.4,65,26.5,0.0,0.0,,13.3,220,26.3,
2026-08-27T14:15,25.4,66,27.0,0.0,0.0,,12.6,228,25.2,
2026-08-27T14:30,25.4,67,27.7,0.0,0.0,,11.5,236,23.0,
2026-08-27T14:45,25.3,68,28.1,0.0,0.0,,10.4,243,20.9,
2026-08-27T15:00,25.4,67,28.2,0.0,0.0,,10.1,251,20.2,
2026-08-27T15:15,25.7,64,28.3,0.0,0.0,,10.8,240,21.2,
2026-08-27T15:30,26.2,60,28.1,0.0,0.0,,11.9,228,23.4,
2026-08-27T15:45,26.6,56,27.5,0.0,0.0,,13.3,217,25.9,
2026-08-27T16:00,26.8,54,27.1,0.0,0.0,,14.0,205,27.4,
2026-08-27T16:15,26.6,54,26.9,0.0,0.0,,14.0,221,27.4,
2026-08-27T16:30,26.2,56,26.5,0.0,0.0,,13.7,237,26.3,
2026-08-27T16:45,25.6,58,26.0,0.0,0.0,,13.3,253,25.2,
2026-08-27T17:00,25.2,60,25.7,0.0,0.0,,13.7,269,25.2,
2026-08-27T17:15,25.0,62,25.4,0.0,0.0,,14.8,250,27.0,
2026-08-27T17:30,24.8,65,25.1,0.0,0.0,,16.9,232,29.9,
2026-08-27T17:45,24.6,67,24.9,0.0,0.0,,18.4,213,32.4,
2026-08-27T18:00,24.5,68,24.7,0.0,0.0,,19.1,194,33.5,
2026-08-27T18:15,24.3,67,24.5,0.1,0.1,,18.4,199,32.4,
2026-08-27T18:30,24.2,63,24.2,0.1,0.1,,16.6,205,29.9,
2026-08-27T18:45,24.1,61,24.0,0.1,0.1,,14.8,210,27.0,
2026-08-27T19:00,23.8,61,23.9,0.1,0.1,,13.0,215,24.1,
2026-08-27T19:15,23.5,65,24.1,0.0,0.0,,11.5,233,20.9,
2026-08-27T19:30,23.0,73,24.4,0.0,0.0,,10.4,251,17.3,
2026-08-27T19:45,22.5,80,24.5,0.0,0.0,,9.0,268,14.0,
2026-08-27T20:00,22.1,86,24.6,0.0,0.0,,7.9,286,12.6,
2026-08-27T20:15,21.7,89,24.5,0.2,0.2,,6.5,293,14.4,
2026-08-27T20:30,21.3,91,24.3,0.2,0.2,,5.0,300,18.0,
2026-08-27T20:45,20.9,92,24.0,0.2,0.2,,3.6,306,21.6,
2026-08-27T21:00,20.6,93,23.7,0.2,0.2,,2.9,313,23.4,
2026-08-27T21:15,18.4,95,20.3,0.0,0.0,,6.1,195,9.0,
2026-08-27T21:30,18.6,97,20.5,0.0,0.0,,7.2,211,10.1,
2026-08-27T21:45,19.0,98,20.9,0.0,0.0,,8.6,227,11.5,
2026-08-27T22:00,19.2,98,21.2,0.0,0.0,,9.0,243,11.9,
2026-08-27T22:15,19.3,98,21.4,0.0,0.0,,8.3,224,10.4,
2026-08-27T22:30,19.4,97,21.8,0.0,0.0,,6.8,205,8.3,
2026-08-27T22:45,19.5,96,22.0,0.0,0.0,,5.4,185,6.1,
2026-08-27T23:00,19.4,96,22.0,0.0,0.0,,4.7,166,5.0,
2026-08-27T23:15,19.2,96,21.7,0.0,0.0,,4.7,174,5.8,
2026-08-27T23:30,18.9,97,21.2,0.0,0.0,,5.4,181,7.9,
2026-08-27T23:45,18.5,98,20.6,0.0,0.0,,6.1,189,10.1,
2026-08-28T00:00,18.2,98,20.1,0.0,0.0,,6.5,196,11.5,
2026-08-28T00:15,18.0,98,19.7,0.0,0.0,,6.8,192,11.5,
2026-08-28T00:30,17.8,98,19.4,0.0,0.0,,6.8,189,11.2,
2026-08-28T00:45,17.6,97,19.1,0.0,0.0,,6.8,185,10.4,
2026-08-28T01:00,17.5,97,19.0,0.0,0.0,,6.5,181,9.4,
2026-08-28T01:15,17.5,97,19.2,0.0,0.0,,5.8,196,7.9,
2026-08-28T01:30,17.6,97,19.4,0.0,0.0,,5.0,210,6.1,
2026-08-28T01:45,17.7,98,19.7,0.0,0.0,,4.3,225,4.3,
2026-08-28T02:00,17.8,98,19.9,0.0,0.0,,4.0,239,4.0,
2026-08-28T02:15,17.7,98,19.6,0.0,0.0,,4.7,251,5.0,
2026-08-28T02:30,17.5,98,19.2,0.0,0.0,,5.8,263,7.6,
2026-08-28T02:45,17.3,98,18.7,0.0,0.0,,6.8,275,10.1,
2026-08-28T03:00,17.0,98,18.3,0.0,0.0,,7.6,287,11.2,
2026-08-28T03:15,16.7,98,17.9,0.0,0.0,,7.2,255,10.4,
2026-08-28T03:30,16.4,98,17.6,0.0,0.0,,6.5,224,8.6,
2026-08-28T03:45,16.1,98,17.2,0.0,0.0,,5.4,192,6.5,
2026-08-28T04:00,15.8,98,17.0,0.0,0.0,,5.0,160,5.8,
2026-08-28T04:15,15.7,98,16.7,0.0,0.0,,5.4,163,6.5,
2026-08-28T04:30,15.6,97,16.3,0.0,0.0,,6.5,166,8.3,
2026-08-28T04:45,15.5,96,16.0,0.0,0.0,,7.6,169,10.1,
2026-08-28T05:00,15.4,96,15.9,0.0,0.0,,7.9,172,11.5,
2026-08-28T05:15,15.3,96,15.7,0.0,0.0,,7.6,175,11.9,
2026-08-28T19:30,18.4,82,16.9,0.0,0.0,0,22.3,235,42.5,1006.1
2026-08-28T05:30,16.1,97,17.3,0.0,0.0,,5.0,181,7.9,
2026-08-28T05:45,15.1,97,15.9,0.0,0.0,,5.0,177,7.9,
2026-08-28T06:00,14.5,97,15.0,0.0,0.0,,5.4,173,8.3,
2026-08-28T06:15,14.3,97,14.7,0.0,0.0,,5.8,176,9.0,
2026-08-28T06:30,14.3,98,14.7,0.0,0.0,,6.5,179,9.7,
2026-08-28T06:45,14.5,99,14.9,0.0,0.0,,7.2,181,10.4,
2026-08-28T07:00,14.8,99,15.3,0.0,0.0,,7.6,184,11.2,
2026-08-28T07:15,15.3,99,16.0,0.0,0.0,,7.6,189,11.5,
2026-08-28T07:30,16.0,99,16.9,0.0,0.0,,7.6,195,11.5,
2026-08-28T07:45,16.6,98,17.6,0.0,0.0,,7.6,200,11.5,
2026-08-28T08:00,17.0,98,18.2,0.0,0.0,,7.6,205,11.9,
2026-08-28T08:15,17.0,98,18.1,0.0,0.0,,7.9,196,12.2,
2026-08-28T08:30,16.7,97,17.7,0.0,0.0,,7.9,188,12.6,
2026-08-28T08:45,16.4,97,17.3,0.0,0.0,,8.3,179,13.0,
2026-08-28T09:00,16.3,96,17.0,0.0,0.0,,8.6,170,13.3,
2026-08-28T09:15,16.5,95,17.2,0.0,0.0,,8.6,186,14.0,
2026-08-28T09:30,16.9,94,17.7,0.0,0.0,,8.6,202,15.1,
2026-08-28T09:45,17.4,93,18.3,0.0,0.0,,8.6,218,15.8,
2026-08-28T10:00,17.7,92,18.6,0.0,0.0,,9.0,234,16.9,
2026-08-28T10:15,17.9,92,18.7,0.0,0.0,,9.7,215,18.0,
2026-08-28T10:30,18.0,93,18.9,0.0,0.0,,10.4,196,19.4,
2026-08-28T10:45,18.0,93,18.8,0.0,0.0,,11.2,177,20.5,
2026-08-28T11:00,18.0,94,18.8,0.0,0.0,,11.2,158,20.9,
2026-08-28T11:15,17.7,94,18.6,0.2,0.2,,10.4,170,19.4,
2026-08-28T11:30,17.3,95,18.3,0.2,0.2,,9.0,183,16.6,
2026-08-28T11:45,16.9,95,17.9,0.2,0.2,,7.6,195,14.0,
2026-08-28T12:00,16.7,95,17.6,0.2,0.2,,7.6,207,13.7,
2026-08-28T12:15,16.9,94,17.5,0.1,0.1,,9.4,204,16.6,
2026-08-28T12:30,17.2,92,17.3,0.1,0.1,,12.6,201,21.6,
2026-08-28T12:45,17.5,90,17.3,0.1,0.1,,15.5,198,26.6,
2026-08-28T13:00,17.7,89,17.1,0.1,0.1,,17.3,195,29.2,
2026-08-28T13:15,17.5,90,17.1,1.6,1.6,,16.6,216,28.1,
2026-08-28T13:30,17.2,93,17.2,1.6,1.6,,14.8,237,24.8,
2026-08-28T13:45,16.9,95,17.2,1.6,1.6,,12.6,257,21.2,
2026-08-28T14:00,16.8,96,17.2,1.6,1.6,,11.9,278,20.2,
2026-08-28T14:15,16.8,94,16.9,0.3,0.3,,13.3,265,22.3,
2026-08-28T14:30,17.0,91,16.6,0.3,0.3,,15.5,252,26.6,
2026-08-28T14:45,17.2,88,16.2,0.3,0.3,,18.4,239,31.0,
2026-08-28T15:00,17.4,86,16.2,0.3,0.3,,19.8,226,33.5,
2026-08-28T15:15,17.6,86,16.5,0.2,0.2,,19.8,225,33.5,
2026-08-28T15:30,17.9,87,17.1,0.2,0.2,,19.1,223,32.4,
2026-08-28T15:45,18.2,88,17.6,0.2,0.2,,18.4,222,30.6,
2026-08-28T16:00,18.3,89,18.0,0.2,0.2,,18.0,220,30.2,
2026-08-28T16:15,18.3,90,18.0,0.0,0.0,,18.4,219,31.3,
2026-08-28T16:30,18.2,90,17.7,0.0,0.0,,19.1,219,33.1,
2026-08-28T16:45,18.0,91,17.4,0.0,0.0,,19.8,218,35.3,
2026-08-28T17:00,18.0,90,17.2,0.0,0.0,,20.5,217,36.7,
2026-08-28T17:15,18.2,88,17.3,0.0,0.0,,20.9,223,37.4,
2026-08-28T17:30,18.6,86,17.6,0.0,0.0,,21.6,228,38.2,
2026-08-28T17:45,19.7,76,18.5,0.0,0.0,,20.9,228,37.8,
2026-08-28T18:00,20.1,73,18.7,0.0,0.0,,20.9,232,38.2,
2026-08-28T18:15,20.0,73,18.6,0.0,0.0,,21.2,232,38.5,
2026-08-28T18:30,19.7,75,18.3,0.0,0.0,,21.6,232,38.9,
2026-08-28T18:45,19.3,78,18.0,0.0,0.0,,21.6,231,39.2,
2026-08-28T19:00,19.0,80,17.7,0.0,0.0,,21.6,231,38.9,
2026-08-28T19:15,18.8,81,17.6,0.0,0.0,,20.9,231,37.8,
2026-08-28T19:45,18.5,82,17.6,0.0,0.0,,19.1,230,34.2,
2026-08-28T20:00,18.3,83,17.5,0.0,0.0,,18.4,229,32.4,
2026-08-28T20:15,18.0,84,17.2,0.0,0.0,,17.6,229,31.0,
2026-08-28T20:30,17.7,86,16.9,0.0,0.0,,17.3,229,29.5,
2026-08-28T20:45,17.3,87,16.6,0.0,0.0,,16.6,228,28.1,
2026-08-28T21:00,17.0,88,16.3,0.0,0.0,,16.2,228,27.0,
2026-08-28T21:15,16.9,89,16.3,0.0,0.0,,15.8,226,26.3,
2026-08-28T21:30,16.8,89,16.1,0.0,0.0,,15.8,223,25.9,
2026-08-28T21:45,16.7,90,16.2,0.0,0.0,,15.5,221,25.6,
2026-08-28T22:00,16.6,90,16.0,0.0,0.0,,15.5,218,25.2,
2026-08-28T22:15,16.5,91,16.0,0.0,0.0,,15.1,218,24.8,
2026-08-28T22:30,16.4,91,15.9,0.0,0.0,,14.8,218,24.8,
2026-08-28T22:45,16.3,92,15.9,0.0,0.0,,14.4,218,24.5,
2026-08-28T23:00,16.2,92,15.8,0.0,0.0,,14.4,218,24.5,
2026-08-28T23:15,16.1,93,15.6,0.0,0.0,,14.4,213,24.5,
2026-08-28T23:30,15.9,93,15.3,0.0,0.0,,14.8,208,24.8,
2026-08-28T23:45,15.7,94,15.1,0.0,0.0,,15.1,202,24.8,
2026-08-29T00:00,15.6,94,14.8,0.0,0.0,,15.5,197,25.2,
2026-08-29T00:15,15.5,94,14.7,0.0,0.0,,15.5,200,25.6,
2026-08-29T00:30,15.4,94,14.7,0.0,0.0,,15.1,202,25.6,
2026-08-29T00:45,15.3,93,14.5,0.0,0.0,,15.1,205,25.9,
2026-08-29T01:00,15.3,93,14.5,0.0,0.0,,14.8,207,25.9,
2026-08-29T09:45,18.0,87,17.9,0.0,0.0,2,13.7,193,25.2,1006.8
2026-08-29T19:15,19.6,88,17.8,0.2,0.2,53,31.3,200,58.3,1002.6
2026-08-29T01:15,15.9,93,15.4,0.0,0.0,,14.8,206,24.5,
2026-08-29T01:30,15.7,92,14.9,0.0,0.0,,15.1,204,24.8,
2026-08-29T01:45,15.4,92,14.5,0.0,0.0,,15.8,203,24.8,
2026-08-29T02:00,15.2,92,14.1,0.0,0.0,,16.2,201,25.2,
2026-08-29T02:15,15.1,92,13.9,0.0,0.0,,16.2,200,25.2,
2026-08-29T02:30,15.0,92,13.8,0.0,0.0,,16.2,199,25.6,
2026-08-29T02:45,14.9,92,13.7,0.0,0.0,,16.6,197,25.9,
2026-08-29T03:00,15.0,92,13.7,0.0,0.0,,16.9,196,26.6,
2026-08-29T03:15,15.1,92,13.7,0.0,0.0,,18.0,200,28.8,
2026-08-29T03:30,15.4,92,13.9,0.0,0.0,,19.8,203,31.3,
2026-08-29T03:45,15.7,92,14.1,0.0,0.0,,21.2,207,33.8,
2026-08-29T04:00,15.9,92,14.2,0.0,0.0,,22.0,210,35.3,
2026-08-29T04:15,15.9,93,14.3,0.0,0.0,,21.6,210,34.9,
2026-08-29T04:30,15.8,94,14.4,0.0,0.0,,20.2,209,33.1,
2026-08-29T04:45,15.7,95,14.6,0.0,0.0,,18.7,209,31.0,
2026-08-29T05:00,15.6,95,14.6,0.0,0.0,,17.6,208,29.2,
2026-08-29T05:15,15.6,95,14.7,0.0,0.0,,16.9,207,27.7,
2026-08-29T05:30,15.6,94,14.9,0.0,0.0,,15.8,207,26.6,
2026-08-29T05:45,15.6,93,14.9,0.0,0.0,,15.1,206,25.6,
2026-08-29T06:00,15.6,93,14.9,0.0,0.0,,14.8,205,24.8,
2026-08-29T06:15,15.4,94,14.7,0.0,0.0,,14.4,204,24.1,
2026-08-29T06:30,15.1,95,14.4,0.0,0.0,,14.4,203,23.8,
2026-08-29T06:45,14.8,96,14.1,0.0,0.0,,14.4,202,23.4,
2026-08-29T07:00,14.7,97,13.9,0.0,0.0,,14.4,201,23.0,
2026-08-29T07:15,14.6,97,13.9,0.0,0.0,,14.0,200,22.7,
2026-08-29T07:30,14.7,97,14.1,0.0,0.0,,14.0,198,22.3,
2026-08-29T07:45,14.8,96,14.2,0.0,0.0,,13.7,197,22.0,
2026-08-29T08:00,15.0,95,14.5,0.0,0.0,,13.3,195,22.0,
2026-08-29T08:15,15.3,94,14.8,0.0,0.0,,13.0,194,22.0,
2026-08-29T08:30,15.7,92,15.3,0.0,0.0,,12.6,192,22.0,
2026-08-29T08:45,16.1,90,15.7,0.0,0.0,,12.6,191,22.3,
2026-08-29T09:00,16.5,89,16.2,0.0,0.0,,12.6,189,22.7,
2026-08-29T09:15,17.0,88,16.7,0.0,0.0,,13.0,187,23.4,
2026-08-29T09:30,17.5,87,17.3,0.0,0.0,,13.7,186,24.8,
2026-08-29T10:00,18.4,86,18.2,0.0,0.0,,15.1,182,26.6,
2026-08-29T10:15,18.5,86,18.4,0.0,0.0,,15.1,183,27.0,
2026-08-29T10:30,18.4,87,18.3,0.0,0.0,,15.1,183,26.6,
2026-08-29T10:45,18.2,88,18.2,0.0,0.0,,14.8,184,26.6,
2026-08-29T11:00,18.2,88,18.1,0.0,0.0,,15.1,184,27.0,
2026-08-29T11:15,18.2,87,17.9,0.0,0.0,,16.2,185,28.8,
2026-08-29T11:30,18.3,86,17.7,0.0,0.0,,17.6,185,31.0,
2026-08-29T11:45,18.4,85,17.6,0.0,0.0,,18.7,186,33.1,
2026-08-29T12:00,18.3,85,17.5,0.0,0.0,,19.4,186,34.2,
2026-08-29T12:15,18.1,86,17.3,0.1,0.1,,19.1,181,33.5,
2026-08-29T12:30,17.8,88,17.2,0.1,0.1,,17.6,177,31.3,
2026-08-29T12:45,17.5,91,17.2,0.1,0.1,,16.6,172,29.2,
2026-08-29T13:00,17.4,92,17.1,0.1,0.1,,15.8,167,27.7,
2026-08-29T13:15,17.4,92,17.1,0.1,0.1,,16.2,168,27.7,
2026-08-29T13:30,17.5,92,17.1,0.1,0.1,,16.9,168,28.4,
2026-08-29T13:45,17.6,92,17.2,0.1,0.1,,18.0,169,29.5,
2026-08-29T14:00,17.7,92,17.2,0.1,0.1,,18.7,169,30.2,
2026-08-29T14:15,17.7,93,17.2,0.8,0.8,,19.1,168,31.0,
2026-08-29T14:30,17.7,94,17.3,0.8,0.8,,19.1,167,31.3,
2026-08-29T14:45,17.7,95,17.3,0.8,0.8,,19.4,165,32.4,
2026-08-29T15:00,17.7,95,17.2,0.8,0.8,,19.8,164,33.5,
2026-08-29T15:15,17.7,94,17.0,0.1,0.1,,20.9,169,35.6,
2026-08-29T15:30,17.8,93,16.9,0.1,0.1,,22.3,174,38.2,
2026-08-29T15:45,17.9,92,16.8,0.1,0.1,,23.8,178,41.0,
2026-08-29T16:00,18.0,91,16.7,0.1,0.1,,24.8,183,42.8,
2026-08-29T16:15,18.1,91,16.7,0.1,0.1,,24.8,185,43.6,
2026-08-29T16:30,18.1,92,16.9,0.1,0.1,,24.5,187,43.6,
2026-08-29T16:45,18.1,93,17.0,0.1,0.1,,24.1,188,43.2,
2026-08-29T17:00,18.2,93,17.2,0.1,0.1,,24.1,190,43.6,
2026-08-29T17:15,18.6,92,17.5,0.0,0.0,,24.8,189,44.6,
2026-08-29T17:30,19.0,93,18.3,0.0,0.0,,24.5,188,43.6,
2026-08-29T17:45,19.2,93,18.5,0.0,0.0,,24.8,188,45.4,
2026-08-29T18:00,19.3,92,18.5,0.0,0.0,,25.6,188,46.8,
2026-08-29T18:15,19.5,91,18.5,0.1,0.1,,26.6,187,48.2,
2026-08-29T18:30,19.7,89,18.5,0.1,0.1,,27.7,186,50.0,
2026-08-29T18:45,19.8,88,18.4,0.1,0.1,,28.8,185,51.5,
2026-08-29T19:00,19.8,87,18.3,0.1,0.1,,29.2,184,52.6,
2026-08-29T19:30,19.4,89,18.2,0.2,0.2,,27.4,200,53.6,
2026-08-29T19:45,19.1,91,18.1,0.2,0.2,,25.9,207,53.6,
2026-08-30T00:15,18.0,89,16.3,0.0,0.0,3,26.6,236,49.3,1004.2
2026-08-29T20:00,19.2,92,18.5,0.2,0.2,,24.8,208,42.5,
2026-08-29T20:15,19.0,92,18.1,0.2,0.2,,25.2,213,43.2,
2026-08-29T20:30,18.8,90,17.5,0.2,0.2,,26.3,218,45.0,
2026-08-29T20:45,18.6,89,17.0,0.2,0.2,,27.7,223,47.5,
2026-08-29T21:00,18.5,88,16.6,0.2,0.2,,28.4,228,49.3,
2026-08-29T21:15,18.4,87,16.3,0.0,0.0,,28.8,229,50.4,
2026-08-29T21:30,18.3,87,16.2,0.0,0.0,,28.8,229,51.5,
2026-08-29T21:45,18.3,86,16.2,0.0,0.0,,28.4,230,52.2,
2026-08-29T22:00,18.3,86,16.1,0.0,0.0,,28.4,230,52.6,
2026-08-29T22:15,18.3,86,16.2,0.0,0.0,,28.1,231,52.6,
2026-08-30T02:30,17.3,90,15.6,0.0,0.0,3,25.2,231,43.9,1005.2
2026-08-29T22:30,18.2,92,16.8,0.0,0.0,,26.3,232,45.7,
2026-08-29T22:45,18.1,93,17.1,0.0,0.0,,23.4,236,41.0,
2026-08-29T23:00,17.9,94,17.2,0.0,0.0,,21.6,240,38.9,
2026-08-29T23:15,17.8,94,17.1,0.0,0.0,,21.6,237,40.7,
2026-08-29T23:30,17.8,93,16.8,0.0,0.0,,22.7,234,44.6,
2026-08-29T23:45,17.7,93,16.5,0.0,0.0,,24.1,230,49.3,
2026-08-30T00:00,17.7,92,16.2,0.0,0.0,,25.2,227,51.8,
2026-08-30T00:30,17.7,91,16.2,0.0,0.0,,25.6,233,50.4,
2026-08-30T00:45,17.8,89,16.2,0.0,0.0,,24.8,231,45.0,
2026-08-30T01:00,17.7,89,16.0,0.0,0.0,,25.2,230,45.4,
2026-08-30T01:15,17.6,89,15.9,0.0,0.0,,25.2,230,45.4,
2026-08-30T01:30,17.6,90,15.9,0.0,0.0,,25.2,229,44.6,
2026-08-30T01:45,17.6,90,15.9,0.0,0.0,,25.2,229,43.9,
2026-08-30T02:00,17.5,90,15.9,0.0,0.0,,25.2,228,43.2,
2026-08-30T02:15,17.5,89,15.7,0.0,0.0,,25.2,230,42.8,
2026-08-30T02:45,17.3,87,15.4,0.0,0.0,,24.8,233,41.8,
2026-08-30T03:00,17.3,86,15.4,0.0,0.0,,24.8,234,41.8,
2026-08-30T03:15,17.4,86,15.4,0.0,0.0,,24.8,234,42.1,
2026-08-30T03:30,17.4,87,15.5,0.0,0.0,,25.2,234,42.5,
2026-08-30T03:45,17.5,87,15.5,0.0,0.0,,25.6,234,42.8,
2026-08-30T04:00,17.5,88,15.7,0.0,0.0,,25.6,234,43.2,
2026-08-30T04:15,17.5,89,15.7,0.0,0.0,,25.6,235,43.2,
2026-08-30T04:30,17.4,90,15.7,0.0,0.0,,25.6,236,43.2,
2026-08-30T04:45,17.4,91,15.7,0.0,0.0,,25.6,237,43.2,
2026-08-30T05:00,17.3,92,15.6,0.0,0.0,,25.2,238,43.2,
2026-08-30T05:15,17.2,92,15.7,0.0,0.0,,24.5,239,43.6,
2026-08-30T05:30,17.1,93,15.7,0.0,0.0,,23.8,241,43.9,
2026-08-30T05:45,17.1,93,15.8,0.0,0.0,,22.7,242,43.9,
2026-08-30T13:00,19.6,77,19.4,0.0,0.0,3,14.0,224,29.5,1008.9
2026-08-30T06:00,17.1,91,15.8,0.0,0.0,,22.3,238,38.9,
2026-08-30T06:15,17.0,91,15.8,0.1,0.1,,20.9,239,36.4,
2026-08-30T06:30,16.8,92,15.9,0.1,0.1,,19.4,240,33.5,
2026-08-30T06:45,16.7,93,16.0,0.1,0.1,,17.6,241,30.6,
2026-08-30T07:00,16.6,93,16.0,0.1,0.1,,16.6,242,28.4,
2026-08-30T07:15,16.6,93,16.1,0.0,0.0,,15.8,240,27.7,
2026-08-30T07:30,16.7,94,16.3,0.0,0.0,,15.8,239,27.4,
2026-08-30T07:45,16.8,94,16.4,0.0,0.0,,15.8,237,27.7,
2026-08-30T08:00,16.9,94,16.7,0.0,0.0,,15.8,235,28.1,
2026-08-30T08:15,17.1,94,16.8,0.0,0.0,,16.2,235,28.4,
2026-08-30T08:30,17.2,93,16.9,0.0,0.0,,16.6,235,28.4,
2026-08-30T08:45,17.4,93,17.1,0.0,0.0,,16.9,235,28.8,
2026-08-30T09:00,17.6,92,17.2,0.0,0.0,,17.3,235,29.5,
2026-08-30T09:15,17.8,91,17.4,0.0,0.0,,17.6,236,30.6,
2026-08-30T09:30,18.2,89,17.7,0.0,0.0,,18.0,237,31.7,
2026-08-30T09:45,18.4,88,18.0,0.0,0.0,,18.4,237,32.8,
2026-08-30T10:00,18.6,87,18.2,0.0,0.0,,18.4,238,33.1,
2026-08-30T10:15,18.6,87,18.2,0.0,0.0,,17.6,238,32.0,
2026-08-30T10:30,18.4,88,18.2,0.0,0.0,,16.9,238,30.2,
2026-08-30T10:45,18.3,89,18.2,0.0,0.0,,15.8,238,28.4,
2026-08-30T11:00,18.3,88,18.3,0.0,0.0,,15.1,238,27.4,
2026-08-30T11:15,18.7,86,18.7,0.0,0.0,,14.8,238,27.4,
2026-08-30T11:30,19.2,82,19.1,0.0,0.0,,14.8,238,28.4,
2026-08-30T11:45,19.7,79,19.6,0.0,0.0,,14.8,237,29.2,
2026-08-30T12:00,20.0,76,19.8,0.0,0.0,,14.4,237,29.2,
2026-08-30T12:15,20.1,75,20.0,0.0,0.0,,13.7,235,28.1,
2026-08-30T12:30,20.1,74,20.1,0.0,0.0,,12.6,233,25.9,
2026-08-30T12:45,20.0,75,20.2,0.0,0.0,,11.5,230,24.1,
2026-08-30T13:15,19.9,76,20.1,0.0,0.0,,11.9,223,24.1,
2026-08-30T13:30,19.8,78,19.9,0.0,0.0,,13.3,218,25.9,
2026-08-30T13:45,19.8,80,19.7,0.0,0.0,,15.1,212,28.1,
2026-08-30T14:00,19.8,81,19.7,0.0,0.0,,15.8,207,29.5,
2026-08-30T14:15,19.8,81,19.8,0.0,0.0,,15.5,207,30.2,
2026-08-30T14:30,19.9,81,20.1,0.0,0.0,,14.8,208,30.2,
2026-08-30T14:45,20.1,80,20.3,0.0,0.0,,13.7,208,30.2,
2026-08-30T15:00,20.2,79,20.5,0.0,0.0,,13.0,208,29.9,
2026-08-30T15:15,20.3,78,20.6,0.0,0.0,,13.0,208,29.2,
2026-08-30T20:30,18.8,89,19.4,0.0,0.0,3,13.0,191,22.0,1006.8
2026-08-30T15:30,20.8,74,20.7,0.0,0.0,,15.1,213,27.7,
2026-08-30T15:45,21.1,72,21.1,0.0,0.0,,14.0,215,26.3,
2026-08-30T16:00,21.2,72,21.3,0.0,0.0,,13.3,217,25.2,
2026-08-30T16:15,21.0,73,21.3,0.0,0.0,,12.2,211,23.8,
2026-08-30T16:30,20.6,76,21.1,0.0,0.0,,11.5,205,21.6,
2026-08-30T16:45,20.2,79,20.9,0.0,0.0,,10.4,198,19.8,
2026-08-30T17:00,20.0,81,20.8,0.0,0.0,,10.4,192,18.7,
2026-08-30T17:15,20.0,81,20.6,0.0,0.0,,11.5,194,18.4,
2026-08-30T17:30,20.1,81,20.6,0.0,0.0,,13.0,195,18.7,
2026-08-30T17:45,20.2,81,20.5,0.0,0.0,,14.8,197,19.1,
2026-08-30T18:00,20.2,81,20.4,0.0,0.0,,15.5,198,19.8,
2026-08-30T18:15,20.0,83,20.3,0.0,0.0,,14.8,202,20.5,
2026-08-30T18:30,19.5,86,20.1,0.0,0.0,,13.3,206,21.2,
2026-08-30T18:45,20.4,76,20.9,0.2,0.2,,10.8,197,19.1,
2026-08-30T19:00,20.4,76,21.0,0.2,0.2,,9.7,201,17.3,
2026-08-30T19:15,20.2,77,20.9,0.0,0.0,,9.7,197,17.3,
2026-08-30T19:30,20.0,80,20.7,0.0,0.0,,10.1,193,18.0,
2026-08-30T19:45,19.7,83,20.4,0.0,0.0,,11.2,189,19.4,
2026-08-30T20:00,19.4,85,20.1,0.0,0.0,,11.5,185,20.2,
2026-08-30T20:15,19.1,87,19.8,0.0,0.0,,11.9,189,20.5,
2026-08-30T20:45,18.4,90,19.1,0.0,0.0,,11.9,196,20.2,
2026-08-30T21:00,18.2,91,18.8,0.0,0.0,,11.9,200,20.2,
2026-08-30T21:15,17.9,91,18.5,0.0,0.0,,11.5,203,20.2,
2026-08-30T21:30,17.7,91,18.3,0.0,0.0,,11.2,205,19.8,
2026-08-31T01:45,15.8,93,14.6,0.0,0.0,3,19.1,210,33.1,1006.6
2026-08-30T21:45,17.3,82,17.2,0.0,0.0,,10.4,203,15.8,
2026-08-30T22:00,17.1,80,16.7,0.0,0.0,,10.8,204,16.2,
2026-08-30T22:15,17.0,81,16.4,0.4,0.4,,12.6,206,19.4,
2026-08-30T22:30,16.9,84,16.1,0.4,0.4,,15.1,207,24.5,
2026-08-30T22:45,16.9,87,15.9,0.4,0.4,,17.6,209,29.9,
2026-08-30T23:00,16.8,89,15.6,0.4,0.4,,19.4,210,33.8,
2026-08-30T23:15,16.6,90,15.3,0.1,0.1,,19.8,210,36.4,
2026-08-30T23:30,16.3,92,15.2,0.1,0.1,,19.4,210,37.8,
2026-08-30T23:45,16.1,92,14.9,0.1,0.1,,18.7,210,38.5,
2026-08-31T00:00,16.9,95,17.1,0.1,0.1,,13.3,201,23.0,
2026-08-31T00:15,16.7,95,16.9,0.6,0.6,,12.6,198,21.6,
2026-08-31T00:30,16.4,96,16.7,0.6,0.6,,11.9,195,20.5,
2026-08-31T00:45,16.1,95,16.2,0.6,0.6,,11.9,192,20.2,
2026-08-31T01:00,15.9,95,15.9,0.6,0.6,,12.2,189,20.9,
2026-08-31T01:15,15.9,95,15.6,0.0,0.0,,13.7,193,23.4,
2026-08-31T01:30,15.9,94,15.1,0.0,0.0,,16.2,197,27.0,
2026-08-31T02:00,16.0,93,14.6,0.0,0.0,,20.2,204,33.8,
2026-08-31T02:15,16.0,93,14.7,0.0,0.0,,20.5,206,35.6,
2026-08-31T02:30,16.0,93,14.7,0.0,0.0,,20.5,209,37.1,
2026-08-31T02:45,16.1,93,14.8,0.0,0.0,,20.2,211,37.8,
2026-08-31T03:00,16.0,93,14.8,0.0,0.0,,19.4,213,38.2,
2026-08-31T03:15,15.9,94,14.9,0.3,0.3,,18.4,212,37.4,
2026-08-31T03:30,15.8,95,15.0,0.3,0.3,,16.6,210,35.6,
