timestamp,temperature_2m,relative_humidity_2m,apparent_temperature,precipitation,rain,weather_code,wind_speed_10m,wind_direction_10m,wind_gusts_10m,surface_pressure
2026-07-06T00:00,23.6,58,23.9,0.0,0.0,3,9.3,319,22.3,1015.3
2026-07-06T01:00,22.6,62,23.1,0.0,0.0,3,7.8,320,21.2,1015.0
2026-07-06T02:00,21.0,67,21.6,0.0,0.0,3,6.2,316,17.3,1014.9
2026-07-06T03:00,20.1,71,20.7,0.0,0.0,3,6.2,311,14.4,1014.7
2026-07-06T04:00,19.0,76,19.7,0.0,0.0,1,5.7,302,14.4,1014.4
2026-07-06T05:00,18.2,80,19.0,0.0,0.0,3,5.5,293,12.6,1014.2
2026-07-06T06:00,17.5,84,18.3,0.0,0.0,2,4.7,288,11.5,1014.1
2026-07-06T07:00,17.6,83,18.5,0.0,0.0,2,3.8,278,10.1,1014.2
2026-07-06T08:00,18.9,77,20.0,0.0,0.0,2,2.7,278,10.4,1014.3
2026-07-06T09:00,21.2,65,22.2,0.0,0.0,3,2.4,253,13.0,1014.2
2026-07-06T10:00,23.5,54,24.3,0.0,0.0,2,2.7,247,15.1,1014.2
2026-07-06T11:00,25.7,46,26.8,0.0,0.0,2,3.2,251,16.9,1014.0
2026-07-06T12:00,27.8,38,29.1,0.0,0.0,3,4.4,261,19.4,1013.7
2026-07-06T13:00,29.8,31,31.0,0.0,0.0,3,5.2,272,22.0,1013.4
2026-07-06T14:00,31.8,23,32.3,0.0,0.0,3,6.8,281,23.4,1012.9
2026-07-06T15:00,32.8,19,32.5,0.0,0.0,3,8.2,289,27.0,1012.2
2026-07-06T16:00,33.5,17,32.3,0.0,0.0,3,9.5,297,29.2,1012.0
2026-07-06T17:00,33.7,16,31.8,0.0,0.0,2,10.5,301,30.2,1011.5
2026-07-06T18:00,33.7,17,31.3,0.0,0.0,1,10.3,299,30.2,1011.0
2026-07-06T19:00,33.6,17,30.9,0.0,0.0,1,9.9,299,28.4,1010.3
2026-07-06T20:00,33.4,17,30.7,0.0,0.0,0,9.4,299,26.6,1010.0
2026-07-06T21:00,32.3,18,29.9,0.0,0.0,0,7.7,311,23.4,1009.6
2026-07-06T22:00,30.4,22,28.4,0.0,0.0,0,7.2,346,16.2,1009.5
2026-07-06T23:00,29.0,27,27.3,0.0,0.0,0,8.1,354,17.3,1009.7
2026-07-07T00:00,27.4,31,26.4,0.0,0.0,0,4.2,306,16.6,1010.1
2026-07-07T01:00,26.3,35,25.8,0.0,0.0,0,2.5,278,9.0,1010.0
2026-07-07T02:00,24.4,42,24.2,0.0,0.0,2,1.9,343,6.5,1009.8
2026-07-07T03:00,23.3,42,22.7,0.0,0.0,2,3.0,308,6.5,1009.5
2026-07-07T04:00,22.5,44,21.8,0.0,0.0,2,4.2,301,9.0,1009.3
2026-07-07T05:00,21.7,47,21.2,0.0,0.0,3,3.5,282,8.6,1009.2
2026-07-07T06:00,21.0,51,20.7,0.0,0.0,3,2.9,248,7.2,1009.1
2026-07-07T07:00,21.3,51,21.0,0.0,0.0,2,3.9,227,7.2,1009.3
2026-07-07T08:00,22.9,47,22.7,0.0,0.0,3,3.0,237,10.8,1009.5
2026-07-07T09:00,26.2,38,26.0,0.0,0.0,3,2.3,252,11.2,1009.5
2026-07-07T10:00,28.9,27,27.8,0.0,0.0,3,4.6,283,16.6,1009.6
2026-07-07T11:00,30.3,25,28.7,0.0,0.0,3,8.0,293,24.1,1009.6
2026-07-07T12:00,31.4,25,30.5,0.0,0.0,3,9.5,289,28.1,1009.5
2026-07-07T13:00,32.5,24,32.0,0.0,0.0,3,10.7,286,31.0,1009.5
2026-07-07T14:00,33.7,20,32.7,0.0,0.0,3,12.9,286,34.2,1009.2
2026-07-07T15:00,34.1,19,32.6,0.0,0.0,3,14.1,295,37.4,1008.8
2026-07-07T16:00,34.3,18,32.0,0.0,0.0,3,15.4,303,39.2,1008.5
2026-07-07T17:00,33.6,20,31.1,0.0,0.0,3,16.3,312,41.4,1008.6
2026-07-07T18:00,32.6,20,29.5,0.0,0.0,3,15.7,316,41.4,1008.7
2026-07-07T19:00,31.8,18,28.4,0.0,0.0,1,14.6,316,38.9,1008.6
2026-07-07T20:00,31.3,18,27.9,0.0,0.0,1,13.8,324,35.6,1008.6
2026-07-07T21:00,29.8,20,26.6,0.0,0.0,1,12.6,332,32.0,1008.5
2026-07-07T22:00,28.3,23,25.4,0.0,0.0,1,11.2,334,27.7,1008.8
2026-07-07T23:00,26.7,27,24.3,0.0,0.0,1,9.8,336,24.5,1009.4
2026-07-08T00:00,25.3,31,23.2,0.0,0.0,1,9.0,334,21.2,1009.8
2026-07-08T01:00,23.9,35,22.0,0.0,0.0,2,8.7,330,18.7,1009.8
2026-07-08T02:00,22.0,43,20.6,0.0,0.0,1,7.1,324,18.0,1009.9
2026-07-08T03:00,21.0,46,19.7,0.0,0.0,0,6.9,321,15.1,1009.9
2026-07-08T04:00,20.1,50,19.0,0.0,0.0,0,5.9,317,14.4,1010.0
2026-07-08T05:00,19.3,53,18.4,0.0,0.0,0,4.6,306,12.2,1010.3
2026-07-08T06:00,18.7,56,18.0,0.0,0.0,0,4.1,285,9.7,1010.4
2026-07-08T07:00,19.1,56,18.4,0.0,0.0,0,4.8,301,10.4,1010.6
2026-07-08T08:00,20.9,51,20.4,0.0,0.0,0,4.1,311,12.6,1010.8
2026-07-08T09:00,23.0,46,22.8,0.0,0.0,0,3.1,306,14.0,1010.8
2026-07-08T10:00,25.3,40,25.2,0.0,0.0,0,2.4,318,14.8,1010.9
2026-07-08T11:00,27.5,35,27.9,0.0,0.0,0,2.2,325,15.5,1010.9
2026-07-08T12:00,29.4,31,30.5,0.0,0.0,0,2.7,337,17.3,1010.9
2026-07-08T13:00,30.9,28,32.2,0.0,0.0,0,3.9,347,19.4,1010.8
2026-07-08T14:00,32.3,26,33.6,0.0,0.0,0,6.1,3,22.0,1010.5
2026-07-08T15:00,32.9,26,34.3,0.0,0.0,0,6.7,2,24.5,1010.0
2026-07-08T16:00,33.5,26,34.3,0.0,0.0,0,8.5,358,27.4,1009.7
2026-07-08T17:00,33.8,27,33.9,0.0,0.0,0,10.5,344,30.6,1009.4
2026-07-08T18:00,33.5,27,32.6,0.0,0.0,1,10.0,351,31.3,1009.4
2026-07-08T19:00,32.9,28,32.1,0.0,0.0,0,9.9,360,28.8,1009.0
2026-07-08T20:00,32.7,29,31.7,0.0,0.0,0,11.4,7,26.6,1008.8
2026-07-08T21:00,31.3,33,29.9,0.0,0.0,0,15.6,19,35.3,1008.7
2026-07-08T22:00,30.4,35,29.9,0.0,0.0,0,9.9,22,35.3,1009.2
2026-07-08T23:00,29.4,39,29.1,0.0,0.0,0,10.8,10,24.1,1009.8
2026-07-09T00:00,28.2,43,28.2,0.0,0.0,0,10.2,28,25.2,1009.9
2026-07-09T01:00,27.2,47,27.6,0.0,0.0,0,8.0,34,22.3,1010.0
2026-07-09T02:00,25.3,54,25.7,0.0,0.0,0,9.5,44,19.1,1010.1
2026-07-09T03:00,24.4,58,25.0,0.0,0.0,0,8.6,60,22.3,1009.8
2026-07-09T04:00,23.6,60,24.3,0.0,0.0,0,7.7,59,19.8,1009.8
2026-07-09T05:00,22.9,63,23.8,0.0,0.0,0,6.4,54,16.9,1009.7
2026-07-09T06:00,22.2,66,23.3,0.0,0.0,0,5.5,46,14.0,1009.6
2026-07-09T07:00,22.3,66,23.3,0.0,0.0,0,5.7,37,13.3,1009.8
2026-07-09T08:00,23.3,63,24.5,0.0,0.0,0,5.3,12,17.3,1009.7
2026-07-09T09:00,24.9,57,25.8,0.0,0.0,0,7.0,21,20.5,1009.8
2026-07-09T10:00,26.4,50,26.7,0.0,0.0,0,9.2,35,26.3,1009.8
2026-07-09T11:00,27.7,44,28.1,0.0,0.0,0,10.0,36,29.5,1009.5
2026-07-09T12:00,29.0,39,29.7,0.0,0.0,0,10.4,37,31.0,1009.3
2026-07-09T13:00,30.1,35,31.2,0.0,0.0,0,10.6,40,31.7,1009.0
2026-07-09T14:00,31.6,30,32.4,0.0,0.0,0,11.2,38,33.1,1008.4
2026-07-09T15:00,32.2,28,32.7,0.0,0.0,0,11.5,40,33.8,1007.8
2026-07-09T16:00,32.7,26,32.7,0.0,0.0,0,12.0,43,34.6,1007.4
2026-07-09T17:00,32.9,25,32.1,0.0,0.0,0,12.7,44,34.9,1007.1
2026-07-09T18:00,32.8,24,31.1,0.0,0.0,0,13.2,47,34.9,1006.7
2026-07-09T19:00,32.2,25,30.1,0.0,0.0,0,13.8,50,34.9,1006.4
2026-07-09T20:00,31.8,24,29.6,0.0,0.0,0,13.3,52,35.3,1006.2
2026-07-09T21:00,30.5,28,28.5,0.0,0.0,0,13.2,51,32.0,1006.1
2026-07-09T22:00,29.2,34,27.8,0.0,0.0,0,12.9,51,30.2,1006.4
2026-07-09T23:00,28.2,40,27.4,0.0,0.0,0,12.8,48,28.4,1006.6
2026-07-10T00:00,27.1,46,26.7,0.0,0.0,0,13.1,44,29.2,1006.6
2026-07-10T01:00,26.2,50,26.1,0.0,0.0,0,11.8,46,28.8,1006.6
2026-07-10T02:00,24.6,54,24.4,0.0,0.0,0,11.1,42,26.3,1006.5
2026-07-10T03:00,23.8,56,23.8,0.0,0.0,1,9.2,39,23.4,1006.3
2026-07-10T04:00,23.0,58,23.3,0.0,0.0,2,7.8,29,19.4,1006.0
2026-07-10T05:00,22.4,60,22.6,0.0,0.0,2,7.8,29,17.6,1006.0
2026-07-10T06:00,21.7,63,22.1,0.0,0.0,3,7.2,32,16.6,1006.0
2026-07-10T07:00,21.9,62,22.3,0.0,0.0,3,6.3,31,15.1,1006.2
2026-07-10T08:00,23.2,57,23.8,0.0,0.0,3,5.3,35,16.9,1006.3
2026-07-10T09:00,25.2,49,25.4,0.0,0.0,2,5.8,51,18.0,1006.2
2026-07-10T10:00,27.4,41,27.3,0.0,0.0,3,6.6,55,21.2,1006.2
2026-07-10T11:00,29.5,36,29.5,0.0,0.0,2,8.1,51,25.2,1006.2
2026-07-10T12:00,31.1,32,31.2,0.0,0.0,1,11.4,53,32.0,1006.1
2026-07-10T13:00,32.1,30,32.3,0.0,0.0,0,13.4,54,36.7,1006.0
2026-07-10T14:00,33.5,24,33.3,0.0,0.0,2,13.8,58,37.8,1005.6
2026-07-10T15:00,33.3,24,33.0,0.2,0.2,51,13.6,61,38.2,1005.2
2026-07-10T16:00,33.3,25,32.5,0.0,0.0,1,12.8,56,37.1,1005.1
2026-07-10T17:00,33.7,25,32.6,0.1,0.1,51,13.5,49,36.0,1004.7
2026-07-10T18:00,33.9,25,32.2,0.0,0.0,0,14.3,50,36.4,1004.5
2026-07-10T19:00,33.6,26,31.9,0.0,0.0,0,14.5,54,37.1,1004.5
2026-07-10T20:00,33.6,26,31.9,0.0,0.0,1,13.9,56,36.0,1004.4
2026-07-10T21:00,32.8,26,31.0,0.0,0.0,1,14.2,58,33.5,1004.4
2026-07-10T22:00,31.0,36,29.7,0.0,0.0,2,17.5,37,37.1,1005.0
2026-07-10T23:00,28.9,42,28.2,0.0,0.0,3,15.2,42,40.3,1005.8
2026-07-11T00:00,28.1,42,27.4,0.0,0.0,3,12.9,42,33.8,1006.4
2026-07-11T01:00,27.2,42,26.4,0.0,0.0,3,12.4,41,28.1,1006.5
2026-07-11T02:00,26.1,45,25.7,0.0,0.0,2,9.3,46,27.4,1007.0
2026-07-11T03:00,25.4,44,24.9,0.0,0.0,1,8.2,38,20.5,1007.0
2026-07-11T04:00,24.6,45,23.9,0.0,0.0,1,8.5,32,18.7,1007.1
2026-07-11T05:00,23.9,46,22.9,0.0,0.0,1,9.6,47,20.5,1006.9
2026-07-11T06:00,23.2,47,22.2,0.0,0.0,3,8.9,45,20.2,1006.9
2026-07-11T07:00,23.1,46,22.1,0.0,0.0,2,9.2,35,20.9,1007.2
2026-07-11T08:00,24.0,45,23.3,0.0,0.0,1,7.5,33,21.6,1007.5
2026-07-11T09:00,25.8,41,24.9,0.0,0.0,0,8.7,45,23.4,1007.7
2026-07-11T10:00,27.8,37,26.9,0.0,0.0,0,10.0,49,27.7,1007.7
2026-07-11T11:00,30.0,33,29.5,0.0,0.0,0,10.6,51,30.2,1007.7
2026-07-11T12:00,31.9,28,31.8,0.0,0.0,0,11.2,58,32.0,1008.1
2026-07-11T13:00,33.3,25,33.6,0.0,0.0,0,10.1,66,32.4,1008.4
2026-07-11T14:00,34.6,21,34.5,0.0,0.0,0,12.1,57,30.2,1008.0
2026-07-11T15:00,35.1,20,34.9,0.0,0.0,0,11.5,48,33.8,1007.6
2026-07-11T16:00,35.4,20,34.8,0.0,0.0,0,12.2,41,34.6,1007.5
2026-07-11T17:00,35.2,20,34.0,0.0,0.0,0,13.8,43,37.1,1007.2
2026-07-11T18:00,34.8,21,32.8,0.0,0.0,0,14.1,50,37.1,1007.1
2026-07-11T19:00,34.2,23,32.1,0.0,0.0,0,14.3,50,36.7,1007.2
2026-07-11T20:00,33.9,24,31.9,0.0,0.0,0,14.4,48,36.0,1007.2
2026-07-11T21:00,32.7,28,30.9,0.0,0.0,0,15.3,49,34.6,1007.4
2026-07-11T22:00,31.1,32,29.4,0.0,0.0,0,16.7,44,36.4,1008.1
2026-07-11T23:00,29.8,34,28.2,0.0,0.0,0,15.1,38,36.7,1009.0
2026-07-12T00:00,28.7,35,27.2,0.0,0.0,1,13.3,30,33.1,1009.2
2026-07-12T01:00,27.7,37,26.4,0.0,0.0,1,12.8,29,29.2,1009.2
2026-07-12T02:00,25.8,44,24.9,0.0,0.0,3,11.7,31,27.7,1009.2
2026-07-12T03:00,25.0,47,24.3,0.0,0.0,1,11.0,32,24.8,1009.1
2026-07-12T04:00,24.2,50,23.7,0.0,0.0,2,9.8,31,23.4,1009.1
2026-07-12T05:00,23.4,54,23.1,0.0,0.0,3,9.3,34,20.9,1009.3
2026-07-12T06:00,22.9,55,22.6,0.0,0.0,2,8.9,40,19.8,1009.5
2026-07-12T07:00,23.0,54,22.6,0.0,0.0,2,8.8,43,18.4,1009.8
2026-07-12T08:00,24.1,49,23.9,0.0,0.0,3,7.0,32,19.8,1010.3
2026-07-12T09:00,26.0,41,25.2,0.0,0.0,3,9.4,45,24.5,1010.3
2026-07-12T10:00,28.0,36,27.0,0.0,0.0,3,10.6,47,28.4,1010.3
2026-07-12T11:00,30.2,32,29.3,0.0,0.0,3,11.6,49,31.7,1010.3
2026-07-12T12:00,31.9,27,30.9,0.0,0.0,2,14.7,59,37.8,1010.3
2026-07-12T13:00,32.8,25,32.1,0.0,0.0,0,15.9,63,41.4,1010.4
2026-07-12T14:00,34.3,22,33.5,0.0,0.0,2,16.5,62,42.8,1009.9
2026-07-12T15:00,34.8,21,33.7,0.0,0.0,2,16.6,60,42.8,1009.5
2026-07-12T16:00,35.1,20,33.7,0.0,0.0,2,17.0,59,43.9,1009.1
2026-07-12T17:00,35.1,20,33.3,0.0,0.0,1,16.8,58,43.6,1008.8
2026-07-12T18:00,35.1,19,32.4,0.0,0.0,0,16.7,57,42.5,1008.6
2026-07-12T19:00,34.7,19,31.6,0.0,0.0,0,16.7,55,41.4,1008.2
2026-07-12T20:00,34.4,18,31.0,0.0,0.0,0,17.0,57,40.7,1007.9
2026-07-12T21:00,33.2,20,29.9,0.0,0.0,0,17.7,57,40.3,1007.9
2026-07-12T22:00,31.5,23,28.6,0.0,0.0,1,16.1,55,38.9,1008.1
2026-07-12T23:00,30.5,25,27.8,0.0,0.0,2,14.5,54,35.3,1008.4
2026-07-13T00:00,29.0,31,27.0,0.0,0.0,1,14.5,49,32.0,1008.8
2026-07-13T01:00,27.9,35,26.2,0.0,0.0,2,13.2,51,31.3,1008.8
2026-07-13T02:00,26.1,41,24.9,0.0,0.0,3,12.6,43,28.1,1008.8
2026-07-13T03:00,25.5,43,24.2,0.0,0.0,3,12.9,46,27.4,1008.4
2026-07-13T04:00,24.9,45,23.6,0.0,0.0,3,12.9,46,27.4,1008.1
2026-07-13T05:00,24.4,47,23.2,0.0,0.0,3,13.1,47,27.7,1008.0
2026-07-13T06:00,24.0,48,22.7,0.0,0.0,3,13.3,52,28.8,1007.6
2026-07-13T07:00,24.0,46,22.5,0.0,0.0,3,13.6,50,29.2,1007.7
2026-07-13T08:00,24.2,46,23.0,0.0,0.0,2,11.9,39,29.9,1007.9
2026-07-13T09:00,25.7,41,24.2,0.0,0.0,3,12.8,56,31.0,1007.8
2026-07-13T10:00,27.1,37,25.4,0.0,0.0,2,13.6,59,33.8,1007.5
2026-07-13T11:00,29.2,33,27.3,0.0,0.0,3,15.0,57,37.1,1007.2
2026-07-13T12:00,31.4,29,29.9,0.0,0.0,1,16.6,64,41.8,1006.8
2026-07-13T13:00,33.2,24,32.0,0.0,0.0,0,17.7,69,44.6,1006.5
2026-07-13T14:00,33.8,21,32.4,0.0,0.0,3,18.6,73,45.7,1006.0
2026-07-13T15:00,34.8,19,33.6,0.0,0.0,3,15.1,59,47.2,1006.1
2026-07-13T16:00,34.1,20,31.1,0.0,0.0,3,16.5,50,41.4,1005.7
2026-07-13T17:00,34.1,19,31.1,0.0,0.0,0,16.4,61,41.8,1005.5
2026-07-13T18:00,34.5,18,32.0,0.0,0.0,2,12.0,66,40.7,1005.9
2026-07-13T19:00,34.0,19,31.3,0.0,0.0,1,12.8,59,33.1,1005.3
2026-07-13T20:00,32.5,24,29.8,0.0,0.0,2,16.8,48,32.0,1005.7
2026-07-13T21:00,29.9,38,28.6,0.0,0.0,0,17.8,34,41.4,1005.9
2026-07-13T22:00,28.8,42,28.1,0.0,0.0,1,14.8,29,40.0,1006.4
2026-07-13T23:00,28.2,44,27.7,0.0,0.0,2,13.4,32,32.0,1006.7
2026-07-14T00:00,27.5,44,26.9,0.0,0.0,3,13.3,35,29.5,1006.9
2026-07-14T01:00,26.8,46,26.2,0.0,0.0,3,13.6,35,30.6,1007.2
2026-07-14T02:00,25.4,56,25.7,0.0,0.0,3,12.1,4,29.9,1007.8
2026-07-14T03:00,24.3,59,24.7,0.4,0.4,51,10.8,24,29.5,1007.4
2026-07-14T04:00,23.1,66,23.4,0.7,0.7,53,13.1,23,25.6,1007.4
2026-07-14T05:00,22.2,68,22.7,0.2,0.2,51,11.1,14,27.0,1007.4
2026-07-14T06:00,21.8,69,21.9,0.0,0.0,1,12.4,10,26.6,1007.4
2026-07-14T07:00,21.4,70,22.1,0.0,0.0,1,8.9,18,26.3,1007.6
2026-07-14T08:00,21.6,70,22.2,0.0,0.0,1,9.6,14,20.5,1007.9
2026-07-14T09:00,22.8,66,23.6,0.0,0.0,1,8.6,23,23.8,1007.9
2026-07-14T10:00,24.6,60,25.7,0.0,0.0,2,7.2,19,22.7,1008.3
2026-07-14T11:00,26.5,54,28.0,0.0,0.0,2,6.4,18,21.6,1008.4
2026-07-14T12:00,28.3,48,30.2,0.0,0.0,3,7.3,20,23.0,1008.7
2026-07-14T13:00,30.1,42,32.2,0.0,0.0,3,8.5,24,25.6,1008.4
2026-07-14T14:00,31.5,35,33.7,0.0,0.0,3,6.6,26,27.0,1008.1
2026-07-14T15:00,33.0,30,34.4,0.0,0.0,3,5.9,20,22.7,1007.6
2026-07-14T16:00,33.8,27,34.6,0.0,0.0,3,6.1,23,21.6,1007.3
2026-07-14T17:00,34.1,27,34.3,0.0,0.0,3,5.9,12,21.6,1007.2
2026-07-14T18:00,34.3,27,33.9,0.0,0.0,3,8.1,12,23.8,1007.1
2026-07-14T19:00,33.5,28,32.7,0.0,0.0,3,10.8,18,27.7,1007.1
2026-07-14T20:00,32.3,30,31.3,0.0,0.0,3,12.5,11,28.1,1007.4
2026-07-14T21:00,31.8,31,30.9,0.0,0.0,3,11.9,11,28.8,1007.6
2026-07-14T22:00,30.9,33,30.1,0.0,0.0,3,11.7,15,27.0,1008.0
2026-07-14T23:00,30.1,36,29.4,0.0,0.0,3,11.8,27,26.3,1008.4
2026-07-15T00:00,29.2,38,28.5,0.0,0.0,3,12.5,30,26.6,1008.6
2026-07-15T01:00,28.3,40,27.9,0.0,0.0,3,10.6,39,27.7,1008.8
2026-07-15T02:00,26.8,46,26.8,0.0,0.0,1,9.4,32,22.7,1009.1
2026-07-15T03:00,26.1,48,26.1,0.0,0.0,3,9.1,32,19.1,1009.1
2026-07-15T04:00,25.8,47,25.4,0.1,0.1,51,10.8,47,22.3,1008.9
2026-07-15T05:00,25.3,45,24.6,0.0,0.0,3,10.1,47,22.7,1009.0
2026-07-15T06:00,24.5,45,23.5,0.0,0.0,2,10.6,35,22.7,1008.8
2026-07-15T07:00,24.0,46,23.1,0.0,0.0,0,9.0,31,22.7,1009.5
2026-07-15T08:00,24.6,46,23.8,0.0,0.0,2,10.1,35,22.3,1009.7
2026-07-15T09:00,25.6,45,25.0,0.0,0.0,3,9.9,35,26.3,1010.0
2026-07-15T10:00,27.0,42,26.5,0.0,0.0,2,10.0,28,27.0,1010.3
2026-07-15T11:00,28.3,38,27.1,0.0,0.0,3,13.1,34,34.2,1010.0
2026-07-15T12:00,29.3,33,28.3,0.0,0.0,3,13.1,38,35.3,1009.9
2026-07-15T13:00,30.2,30,29.8,0.0,0.0,3,11.4,41,35.3,1009.8
2026-07-15T14:00,31.2,28,31.2,0.0,0.0,3,11.5,25,33.8,1009.8
2026-07-15T15:00,31.2,26,30.3,0.0,0.0,3,12.6,25,34.6,1009.0
2026-07-15T16:00,31.8,24,30.9,0.0,0.0,3,11.6,36,36.7,1009.0
2026-07-15T17:00,31.7,24,29.8,0.0,0.0,2,11.0,38,32.4,1008.6
2026-07-15T18:00,31.6,25,29.9,0.0,0.0,2,10.4,34,30.6,1008.6
2026-07-15T19:00,31.2,26,29.8,0.0,0.0,3,9.3,25,29.2,1008.4
2026-07-15T20:00,30.5,30,29.3,0.0,0.0,3,9.4,29,26.3,1008.6
2026-07-15T21:00,29.7,32,28.4,0.0,0.0,3,10.5,27,25.6,1008.9
2026-07-15T22:00,28.9,33,27.6,0.0,0.0,3,10.6,21,24.5,1009.6
2026-07-15T23:00,28.3,35,27.0,0.0,0.0,3,10.9,27,25.2,1009.7
2026-07-16T00:00,27.6,36,26.4,0.0,0.0,3,10.1,24,23.4,1009.8
2026-07-16T01:00,26.8,37,25.5,0.0,0.0,3,10.7,27,23.4,1009.9
2026-07-16T02:00,25.2,41,24.0,0.0,0.0,0,9.7,31,24.8,1009.5
2026-07-16T03:00,24.2,43,23.3,0.0,0.0,0,7.7,18,20.5,1009.4
2026-07-16T04:00,23.3,45,22.3,0.0,0.0,0,8.0,8,16.9,1009.2
2026-07-16T05:00,22.4,46,21.4,0.0,0.0,1,7.6,8,16.9,1008.9
2026-07-16T06:00,21.6,48,20.7,0.0,0.0,2,7.0,1,16.2,1009.0
2026-07-16T07:00,21.6,49,20.7,0.0,0.0,1,6.8,2,15.1,1009.3
2026-07-16T08:00,22.3,48,21.7,0.0,0.0,2,5.1,10,16.9,1009.3
2026-07-16T09:00,24.0,44,23.5,0.0,0.0,2,5.5,13,18.0,1009.4
2026-07-16T10:00,25.9,40,25.4,0.0,0.0,3,6.1,12,20.5,1009.2
2026-07-16T11:00,27.8,37,27.6,0.0,0.0,2,6.0,25,21.6,1008.9
2026-07-16T12:00,29.5,33,30.1,0.0,0.0,1,6.4,43,23.0,1008.7
2026-07-16T13:00,31.0,30,32.2,0.0,0.0,2,5.8,56,23.8,1008.1
2026-07-16T14:00,31.0,31,32.5,0.0,0.0,3,5.8,36,23.0,1007.6
2026-07-16T15:00,32.5,27,33.3,0.0,0.0,1,8.3,14,27.7,1006.5
2026-07-16T16:00,32.8,27,33.6,0.0,0.0,1,6.6,17,28.4,1006.1
2026-07-16T17:00,33.5,25,33.3,0.1,0.1,51,7.9,17,25.9,1005.3
2026-07-16T18:00,25.7,65,26.3,4.6,4.6,63,17.0,114,36.4,1006.0
2026-07-16T19:00,21.7,87,24.1,6.5,6.5,63,7.5,40,41.0,1006.2
2026-07-16T20:00,30.4,36,29.9,0.2,0.2,51,11.2,11,20.5,1004.6
2026-07-16T21:00,26.0,53,26.1,0.0,0.0,3,12.2,34,26.3,1004.8
2026-07-16T22:00,23.5,73,26.2,1.0,1.0,55,2.2,246,25.2,1005.7
2026-07-16T23:00,21.7,93,24.9,1.2,1.2,55,7.0,350,12.6,1006.1
2026-07-17T00:00,22.1,88,25.8,0.1,0.1,51,1.1,279,14.8,1006.9
2026-07-17T01:00,21.7,91,25.6,0.2,0.2,51,0.9,37,10.8,1007.2
2026-07-17T02:00,20.4,78,20.5,0.0,0.0,1,14.2,26,16.6,1005.8
2026-07-17T03:00,19.9,78,20.9,0.0,0.0,2,6.9,17,28.8,1006.0
2026-07-17T04:00,19.4,81,20.7,0.0,0.0,1,5.5,11,14.0,1005.8
2026-07-17T05:00,18.9,85,20.2,0.0,0.0,3,5.8,355,14.8,1005.8
2026-07-17T06:00,18.6,88,20.3,0.0,0.0,2,3.7,337,11.9,1005.7
2026-07-17T07:00,18.7,89,20.3,0.0,0.0,2,5.4,339,11.9,1005.7
2026-07-17T08:00,19.4,88,21.1,0.0,0.0,3,6.7,344,19.1,1006.1
2026-07-17T09:00,20.7,83,22.6,0.0,0.0,3,6.4,352,17.6,1006.2
2026-07-17T10:00,22.1,74,23.3,0.0,0.0,3,9.5,2,25.6,1006.3
2026-07-17T11:00,22.8,71,24.3,0.0,0.0,3,7.3,25,25.9,1006.9
2026-07-17T12:00,23.7,69,25.6,0.0,0.0,3,5.9,20,22.0,1006.9
2026-07-17T13:00,24.6,65,27.8,0.1,0.1,51,3.8,19,21.2,1007.0
2026-07-17T14:00,24.2,60,25.6,0.2,0.2,51,6.8,328,20.2,1007.3
2026-07-17T15:00,23.2,67,24.9,0.4,0.4,51,6.8,292,28.1,1007.5
2026-07-17T16:00,24.4,64,26.3,0.4,0.4,51,5.1,309,21.6,1007.1
2026-07-17T17:00,22.9,68,23.9,0.1,0.1,51,9.1,18,27.0,1007.3
2026-07-17T18:00,23.2,68,25.1,0.3,0.3,51,3.8,281,27.0,1007.2
2026-07-17T19:00,23.0,69,24.7,0.1,0.1,51,4.8,65,16.2,1007.2
2026-07-17T20:00,24.4,58,25.6,0.2,0.2,51,5.2,31,14.0,1006.9
2026-07-17T21:00,24.4,56,25.4,0.0,0.0,1,4.4,19,15.5,1007.2
2026-07-17T22:00,23.7,59,25.0,0.0,0.0,1,2.4,347,11.9,1007.8
2026-07-17T23:00,23.3,63,24.5,0.0,0.0,0,4.9,352,10.1,1008.3
2026-07-18T00:00,22.4,68,23.8,0.0,0.0,0,5.1,352,10.4,1008.6
2026-07-18T01:00,21.7,70,22.8,0.0,0.0,0,6.3,5,12.6,1008.8
2026-07-18T02:00,20.1,74,20.7,0.0,0.0,1,7.6,12,16.6,1008.8
2026-07-18T03:00,19.2,74,19.7,0.0,0.0,1,6.8,3,15.1,1008.7
2026-07-18T04:00,18.6,76,19.0,0.0,0.0,0,6.1,358,14.4,1008.8
2026-07-18T05:00,18.0,78,18.7,0.0,0.0,1,4.2,350,12.6,1009.0
2026-07-18T06:00,17.6,80,18.2,0.0,0.0,1,5.0,341,10.4,1009.2
2026-07-18T07:00,17.4,80,17.8,0.0,0.0,0,6.1,357,13.7,1009.3
2026-07-18T08:00,18.1,78,18.8,0.0,0.0,0,4.5,360,13.3,1009.6
2026-07-18T09:00,19.6,71,20.7,0.0,0.0,0,1.9,34,12.2,1009.6
2026-07-18T10:00,21.4,64,22.5,0.0,0.0,0,2.1,70,12.2,1009.4
2026-07-18T11:00,23.1,57,24.5,0.0,0.0,0,2.3,67,13.7,1009.6
2026-07-18T12:00,24.5,49,26.5,0.0,0.0,0,1.9,29,13.7,1009.4
2026-07-18T13:00,25.6,44,27.1,0.1,0.1,51,5.2,338,19.1,1009.3
2026-07-18T14:00,26.2,42,27.4,0.3,0.3,51,6.3,329,24.1,1008.9
2026-07-18T15:00,27.2,40,28.7,0.0,0.0,0,6.3,309,23.0,1008.4
2026-07-18T16:00,27.8,39,28.9,0.0,0.0,0,6.9,307,23.4,1007.9
2026-07-18T17:00,28.0,39,28.4,0.0,0.0,0,8.2,311,24.8,1007.8
2026-07-18T18:00,28.0,38,27.7,0.0,0.0,1,8.7,307,25.6,1007.5
2026-07-18T19:00,27.4,38,26.3,0.0,0.0,1,11.9,322,28.1,1007.0
2026-07-18T20:00,24.0,51,23.1,0.4,0.4,51,13.0,18,40.0,1007.8
2026-07-18T21:00,24.2,49,23.5,0.0,0.0,1,10.6,19,27.7,1007.9
2026-07-18T22:00,22.7,56,21.7,0.0,0.0,2,14.2,27,31.3,1008.5
2026-07-18T23:00,21.0,58,19.4,0.0,0.0,0,16.3,20,36.0,1009.6
2026-07-19T00:00,18.9,59,16.7,0.0,0.0,0,16.3,17,37.8,1010.4
2026-07-19T01:00,17.6,61,15.6,0.0,0.0,0,13.9,14,36.7,1011.0
2026-07-19T02:00,16.4,68,14.8,0.0,0.0,0,12.1,12,30.6,1011.1
2026-07-19T03:00,15.8,71,14.3,0.0,0.0,0,11.5,9,26.6,1011.4
2026-07-19T04:00,15.1,74,13.7,0.0,0.0,0,11.1,7,25.9,1011.7
2026-07-19T05:00,14.5,78,13.3,0.0,0.0,0,10.1,3,24.1,1011.8
2026-07-19T06:00,14.0,82,12.9,0.0,0.0,0,9.7,3,22.0,1012.0
2026-07-19T07:00,13.9,83,12.9,0.0,0.0,0,9.0,1,21.6,1012.4
2026-07-19T08:00,15.0,79,14.0,0.0,0.0,0,9.4,5,24.1,1012.9
2026-07-19T09:00,16.3,72,15.2,0.0,0.0,0,10.4,18,27.4,1013.2
2026-07-19T10:00,18.2,61,16.5,0.0,0.0,1,12.1,27,32.0,1013.3
2026-07-19T11:00,19.6,52,17.9,0.0,0.0,2,10.7,22,32.0,1013.8
2026-07-19T12:00,20.6,46,19.2,0.0,0.0,3,9.6,20,30.2,1013.9
2026-07-19T13:00,21.8,39,20.6,0.0,0.0,3,9.6,17,29.2,1013.7
2026-07-19T14:00,23.1,36,22.3,0.0,0.0,3,10.6,14,32.8,1013.8
2026-07-19T15:00,23.4,34,22.1,0.0,0.0,3,11.6,15,33.1,1013.3
2026-07-19T16:00,23.7,33,22.1,0.0,0.0,3,11.5,22,33.1,1012.9
2026-07-19T17:00,23.6,32,21.3,0.0,0.0,3,10.9,20,32.8,1012.9
2026-07-19T18:00,23.6,31,20.9,0.0,0.0,3,11.3,22,31.3,1012.7
2026-07-19T19:00,23.5,31,20.7,0.0,0.0,3,10.9,33,30.6,1012.4
2026-07-19T20:00,23.1,33,20.3,0.0,0.0,3,11.4,31,31.0,1012.8
2026-07-19T21:00,22.3,34,19.4,0.0,0.0,3,12.1,47,28.1,1012.9
2026-07-19T22:00,21.4,36,18.3,0.0,0.0,3,13.6,42,29.2,1013.4
2026-07-19T23:00,19.4,46,16.7,0.0,0.0,1,14.1,30,37.8,1014.3
2026-07-20T00:00,18.2,52,15.3,0.0,0.0,0,16.2,21,36.4,1014.6
2026-07-20T01:00,16.9,57,14.3,0.0,0.0,0,14.0,20,36.7,1015.0
2026-07-20T02:00,15.7,61,13.4,0.0,0.0,0,12.5,21,31.3,1015.2
2026-07-20T03:00,15.1,63,13.0,0.0,0.0,0,11.0,18,27.4,1015.3
2026-07-20T04:00,14.4,66,12.5,0.0,0.0,0,10.1,17,24.8,1015.3
2026-07-20T05:00,13.8,69,11.9,0.0,0.0,0,10.0,15,23.4,1015.3
2026-07-20T06:00,13.2,73,11.4,0.0,0.0,0,9.6,13,22.7,1015.6
2026-07-20T07:00,13.1,74,11.4,0.0,0.0,0,9.0,10,21.6,1015.9
2026-07-20T08:00,14.0,72,12.4,0.0,0.0,0,9.0,12,23.4,1016.0
2026-07-20T09:00,15.6,64,13.7,0.0,0.0,0,10.4,26,27.0,1016.3
2026-07-20T10:00,17.2,53,14.9,0.0,0.0,0,11.9,35,31.7,1016.4
2026-07-20T11:00,18.6,46,16.4,0.0,0.0,0,12.6,42,33.8,1016.3
2026-07-20T12:00,19.9,41,17.9,0.0,0.0,1,12.6,43,34.6,1016.2
2026-07-20T13:00,21.0,38,19.5,0.0,0.0,2,12.3,39,34.9,1015.9
2026-07-20T14:00,22.0,37,20.8,0.0,0.0,3,14.1,34,37.8,1015.8
2026-07-20T15:00,22.1,36,19.6,0.0,0.0,3,14.8,31,39.2,1015.6
2026-07-20T16:00,22.7,34,20.1,0.0,0.0,3,13.3,35,39.2,1015.2
2026-07-20T17:00,23.4,32,20.6,0.0,0.0,3,14.0,35,37.1,1014.9
2026-07-20T18:00,23.7,31,20.6,0.0,0.0,3,13.6,36,37.1,1014.7
2026-07-20T19:00,23.2,32,19.8,0.0,0.0,3,15.9,39,38.9,1014.3
2026-07-20T20:00,22.9,32,19.8,0.0,0.0,3,13.6,41,38.9,1014.4
2026-07-20T21:00,22.1,35,19.0,0.0,0.0,2,14.3,51,32.4,1014.3
2026-07-20T22:00,20.9,41,18.2,0.0,0.0,3,13.6,60,32.8,1015.1
2026-07-20T23:00,20.1,44,17.5,0.0,0.0,2,13.0,27,29.9,1015.7
2026-07-21T00:00,19.0,48,16.5,0.0,0.0,0,13.4,24,31.7,1016.0
2026-07-21T01:00,18.1,52,15.7,0.0,0.0,0,12.7,21,29.5,1016.3
2026-07-21T02:00,16.8,58,14.6,0.0,0.0,1,11.7,25,28.1,1016.4
2026-07-21T03:00,16.0,62,14.1,0.0,0.0,0,10.4,26,24.8,1016.2
2026-07-21T04:00,15.2,65,13.4,0.0,0.0,0,10.1,17,22.7,1016.1
2026-07-21T05:00,14.5,69,12.7,0.0,0.0,0,10.2,10,22.7,1016.1
2026-07-21T06:00,13.9,72,12.3,0.0,0.0,0,8.7,8,22.3,1016.5
2026-07-21T07:00,13.7,74,12.2,0.0,0.0,0,8.3,2,18.7,1017.0
2026-07-21T08:00,14.6,72,13.1,0.0,0.0,0,9.0,2,23.0,1017.4
2026-07-21T09:00,16.0,66,14.5,0.0,0.0,0,9.6,9,25.6,1017.5
2026-07-21T10:00,17.9,58,16.3,0.0,0.0,0,9.7,12,27.4,1017.5
2026-07-21T11:00,19.8,51,18.5,0.0,0.0,0,9.9,15,28.4,1017.4
2026-07-21T12:00,21.5,44,20.7,0.0,0.0,0,10.4,21,30.6,1017.5
2026-07-21T13:00,22.6,40,22.2,0.0,0.0,0,10.6,26,31.7,1017.4
2026-07-21T14:00,24.1,35,23.9,0.0,0.0,0,10.3,22,32.0,1017.1
2026-07-21T15:00,24.9,32,24.4,0.0,0.0,0,11.1,16,33.1,1016.7
2026-07-21T16:00,25.4,30,24.4,0.0,0.0,1,11.5,14,33.5,1016.5
2026-07-21T17:00,25.6,28,23.7,0.0,0.0,0,12.9,15,35.6,1016.4
2026-07-21T18:00,25.4,28,22.6,0.0,0.0,0,13.9,19,36.7,1016.4
2026-07-21T19:00,24.9,29,21.8,0.0,0.0,0,13.8,18,36.7,1016.4
2026-07-21T20:00,24.6,31,21.8,0.0,0.0,0,12.9,20,34.9,1016.4
2026-07-21T21:00,23.6,35,21.2,0.0,0.0,0,12.2,24,31.3,1016.3
2026-07-21T22:00,23.0,38,20.8,0.0,0.0,0,10.4,26,27.7,1016.5
2026-07-21T23:00,22.0,41,20.0,0.0,0.0,0,10.4,360,22.3,1016.9
2026-07-22T00:00,20.0,53,17.7,0.0,0.0,0,15.6,8,35.3,1017.2
2026-07-22T01:00,18.5,61,16.8,0.0,0.0,0,13.7,17,36.4,1017.5
2026-07-22T02:00,17.3,66,16.0,0.0,0.0,0,10.3,13,29.2,1017.7
2026-07-22T03:00,16.8,68,15.7,0.0,0.0,0,8.7,14,22.3,1017.4
2026-07-22T04:00,16.2,70,15.2,0.0,0.0,0,7.9,11,20.2,1017.0
2026-07-22T05:00,15.6,73,14.7,0.0,0.0,0,7.6,7,18.0,1016.8
2026-07-22T06:00,15.0,76,14.0,0.0,0.0,0,7.9,4,18.4,1016.7
2026-07-22T07:00,14.8,77,13.8,0.0,0.0,0,7.9,1,18.4,1017.0
2026-07-22T08:00,15.7,74,14.8,0.0,0.0,0,8.6,2,22.0,1016.7
2026-07-22T09:00,17.2,68,16.2,0.0,0.0,0,9.4,13,25.6,1016.6
2026-07-22T10:00,18.8,60,17.5,0.0,0.0,0,10.4,15,28.8,1016.6
2026-07-22T11:00,20.6,51,19.4,0.0,0.0,1,11.0,18,31.3,1016.4
2026-07-22T12:00,21.9,48,21.2,0.0,0.0,1,10.6,14,31.3,1016.2
2026-07-22T13:00,23.0,45,23.1,0.0,0.0,1,10.8,11,32.4,1016.3
2026-07-22T14:00,23.3,44,23.4,0.0,0.0,3,10.7,9,32.4,1016.2
2026-07-22T15:00,24.4,40,24.4,0.0,0.0,1,10.5,7,31.7,1015.5
2026-07-22T16:00,25.1,38,24.4,0.0,0.0,1,12.4,10,34.9,1015.2
2026-07-22T17:00,25.2,36,23.9,0.0,0.0,0,13.0,14,36.0,1015.0
2026-07-22T18:00,25.1,37,23.1,0.0,0.0,0,13.0,22,35.6,1014.6
2026-07-22T19:00,24.7,37,22.4,0.0,0.0,0,13.3,25,34.9,1014.0
2026-07-22T20:00,24.3,38,22.1,0.0,0.0,2,13.0,31,33.8,1014.0
2026-07-22T21:00,23.3,39,21.0,0.0,0.0,3,13.5,33,31.7,1014.0
2026-07-22T22:00,22.3,44,19.9,0.0,0.0,3,15.1,28,33.1,1014.4
2026-07-22T23:00,21.6,47,19.6,0.0,0.0,3,13.6,32,33.8,1014.7
2026-07-23T00:00,20.9,51,19.2,0.0,0.0,0,11.9,38,30.2,1014.6
2026-07-23T01:00,19.9,55,18.6,0.0,0.0,0,9.8,41,26.6,1014.9
2026-07-23T02:00,18.6,60,17.5,0.0,0.0,0,8.7,34,22.0,1014.8
2026-07-23T03:00,17.9,62,16.7,0.0,0.0,0,8.8,33,20.2,1014.7
2026-07-23T04:00,17.2,64,16.0,0.0,0.0,1,8.2,33,20.5,1014.6
2026-07-23T05:00,16.5,67,15.5,0.0,0.0,1,6.7,27,18.4,1014.6
2026-07-23T06:00,15.9,70,15.0,0.0,0.0,0,6.4,18,15.1,1014.4
2026-07-23T07:00,15.8,71,14.8,0.0,0.0,0,7.3,17,16.2,1014.5
2026-07-23T08:00,16.2,71,15.3,0.0,0.0,0,8.4,25,21.2,1014.8
2026-07-23T09:00,17.4,67,16.3,0.0,0.0,0,10.3,38,26.6,1015.0
2026-07-23T10:00,18.8,60,17.4,0.0,0.0,0,11.3,37,31.3,1015.0
2026-07-23T11:00,20.2,52,18.7,0.0,0.0,1,11.9,39,33.1,1015.1
2026-07-23T12:00,21.6,45,20.1,0.0,0.0,2,12.1,33,34.2,1014.9
2026-07-23T13:00,23.2,38,22.1,0.0,0.0,2,12.1,27,34.2,1014.7
2026-07-23T14:00,23.7,37,22.7,0.0,0.0,3,12.6,27,34.9,1014.5
2026-07-23T15:00,24.5,36,23.5,0.0,0.0,3,12.9,20,36.4,1014.2
2026-07-23T16:00,24.6,35,23.2,0.0,0.0,3,13.3,25,37.1,1013.8
2026-07-23T17:00,25.2,32,23.0,0.0,0.0,3,14.3,19,37.8,1013.4
2026-07-23T18:00,24.4,36,21.9,0.0,0.0,3,14.3,19,38.2,1013.1
2026-07-23T19:00,24.2,36,21.7,0.0,0.0,2,13.4,26,36.4,1012.5
2026-07-23T20:00,24.2,38,21.9,0.0,0.0,3,13.5,23,33.8,1012.4
2026-07-23T21:00,23.3,41,21.2,0.0,0.0,0,12.7,29,32.8,1012.5
2026-07-23T22:00,22.5,43,20.6,0.0,0.0,0,11.8,31,29.5,1012.8
2026-07-23T23:00,21.7,47,20.3,0.0,0.0,0,9.6,43,25.9,1012.9
2026-07-24T00:00,20.8,51,19.6,0.0,0.0,0,8.3,46,20.9,1013.0
2026-07-24T01:00,19.9,55,18.6,0.0,0.0,0,9.8,49,22.0,1013.2
2026-07-24T02:00,18.4,61,17.4,0.0,0.0,0,7.6,34,21.6,1013.0
2026-07-24T03:00,17.6,64,16.7,0.0,0.0,0,6.9,37,16.2,1012.8
2026-07-24T04:00,16.9,67,16.1,0.0,0.0,0,6.9,41,15.1,1012.5
2026-07-24T05:00,16.3,70,15.6,0.0,0.0,0,6.1,45,14.8,1012.3
2026-07-24T06:00,15.7,73,15.2,0.0,0.0,3,5.1,27,13.0,1012.2
2026-07-24T07:00,15.6,74,15.1,0.0,0.0,3,5.4,26,12.6,1012.2
2026-07-24T08:00,16.4,72,15.9,0.0,0.0,3,5.6,31,15.8,1012.2
2026-07-24T09:00,18.1,64,17.6,0.0,0.0,3,6.2,49,19.1,1011.8
2026-07-24T10:00,20.3,55,19.4,0.0,0.0,3,7.8,56,23.4,1011.7
2026-07-24T11:00,22.3,46,20.9,0.0,0.0,3,9.7,61,27.4,1011.3
2026-07-24T12:00,23.9,42,22.7,0.0,0.0,3,13.3,62,35.6,1010.6
2026-07-24T13:00,25.1,38,24.2,0.0,0.0,3,13.7,62,37.4,1010.0
2026-07-24T14:00,26.3,34,25.8,0.0,0.0,3,11.4,61,36.7,1009.0
2026-07-24T15:00,26.9,33,26.5,0.0,0.0,3,10.3,57,32.0,1008.2
2026-07-24T16:00,27.5,32,27.1,0.0,0.0,3,9.8,54,30.6,1007.5
2026-07-24T17:00,27.7,31,26.7,0.0,0.0,3,10.1,50,29.5,1007.0
2026-07-24T18:00,27.7,31,26.1,0.0,0.0,0,10.2,49,29.9,1006.1
2026-07-24T19:00,27.3,33,25.6,0.0,0.0,0,11.1,47,29.5,1005.5
2026-07-24T20:00,27.1,34,25.6,0.0,0.0,0,10.1,43,29.5,1005.2
2026-07-24T21:00,26.0,37,24.5,0.0,0.0,0,10.4,46,25.6,1004.8
2026-07-24T22:00,25.1,40,23.8,0.0,0.0,0,9.6,53,24.1,1004.8
2026-07-24T23:00,24.3,42,23.3,0.0,0.0,0,7.4,68,21.2,1005.0
2026-07-25T00:00,23.3,45,22.8,0.0,0.0,0,4.5,47,15.1,1004.8
2026-07-25T01:00,22.5,47,22.0,0.0,0.0,0,4.3,48,9.4,1004.5
2026-07-25T02:00,20.1,55,19.4,0.0,0.0,0,6.3,358,10.8,1004.5
2026-07-25T03:00,19.2,60,18.8,0.0,0.0,0,5.1,354,13.3,1004.3
2026-07-25T04:00,18.4,65,18.0,0.0,0.0,0,6.1,355,12.2,1003.9
2026-07-25T05:00,17.9,70,17.6,0.0,0.0,0,6.5,6,15.1,1003.1
2026-07-25T06:00,17.3,74,17.5,0.0,0.0,3,4.4,9,13.0,1003.0
2026-07-25T07:00,17.4,75,17.7,0.0,0.0,2,4.1,360,9.7,1003.0
2026-07-25T08:00,17.9,73,18.3,0.0,0.0,3,3.8,341,10.4,1003.3
2026-07-25T09:00,19.8,65,20.4,0.0,0.0,0,2.7,356,13.7,1003.1
2026-07-25T10:00,22.4,56,23.0,0.0,0.0,2,2.3,360,13.7,1002.9
2026-07-25T11:00,24.7,46,25.1,0.0,0.0,0,3.1,350,16.9,1002.5
2026-07-25T12:00,26.4,39,27.3,0.0,0.0,0,4.2,320,19.4,1002.4
2026-07-25T13:00,27.7,35,28.8,0.0,0.0,0,5.7,316,22.7,1002.0
2026-07-25T14:00,28.4,33,29.5,0.0,0.0,0,7.7,323,23.8,1001.5
2026-07-25T15:00,29.2,31,30.0,0.0,0.0,0,7.8,318,26.6,1000.9
2026-07-25T16:00,29.8,29,30.1,0.0,0.0,0,8.4,307,27.0,1000.8
2026-07-25T17:00,30.0,28,29.3,0.0,0.0,0,10.2,302,30.2,1000.6
2026-07-25T18:00,29.8,27,28.1,0.0,0.0,0,10.9,294,30.6,1000.2
2026-07-25T19:00,29.3,27,27.2,0.0,0.0,0,11.5,297,31.0,1000.1
2026-07-25T20:00,28.2,29,25.9,0.0,0.0,0,12.3,308,30.6,1000.3
2026-07-25T21:00,26.4,34,23.8,0.0,0.0,0,16.7,313,37.8,1000.5
2026-07-25T22:00,24.9,40,23.1,0.0,0.0,0,13.3,320,38.2,1000.9
2026-07-25T23:00,23.9,45,22.2,0.0,0.0,0,13.8,311,30.6,1001.5
2026-07-26T00:00,22.4,49,20.6,0.0,0.0,0,14.5,309,32.8,1001.8
2026-07-26T01:00,21.0,56,19.8,0.0,0.0,0,11.7,302,32.4,1001.9
2026-07-26T02:00,19.5,65,18.8,0.0,0.0,0,10.7,293,25.6,1002.1
2026-07-26T03:00,18.8,69,18.3,0.0,0.0,0,9.4,275,23.4,1001.6
2026-07-26T04:00,17.8,74,17.2,0.0,0.0,0,10.3,263,22.3,1001.8
2026-07-26T05:00,17.0,77,16.5,0.0,0.0,0,9.9,261,23.0,1002.1
2026-07-26T06:00,16.4,79,15.9,0.0,0.0,0,9.4,253,21.2,1002.2
2026-07-26T07:00,16.2,80,15.7,0.0,0.0,0,9.6,240,22.3,1002.2
2026-07-26T08:00,17.3,77,16.4,0.0,0.0,1,13.6,250,27.4,1002.0
2026-07-26T09:00,19.1,70,17.8,0.0,0.0,3,16.2,261,38.9,1002.2
2026-07-26T10:00,19.8,68,18.6,0.0,0.0,3,16.3,257,40.0,1002.4
2026-07-26T11:00,20.2,67,18.9,0.0,0.0,3,17.4,244,40.7,1002.6
2026-07-26T12:00,20.8,66,19.4,0.0,0.0,3,19.0,250,44.6,1002.7
2026-07-26T13:00,22.0,60,20.4,0.0,0.0,3,18.9,252,45.0,1002.4
2026-07-26T14:00,23.1,57,21.4,0.0,0.0,3,20.4,245,47.9,1002.4
2026-07-26T15:00,23.6,55,21.8,0.0,0.0,3,20.9,246,49.0,1002.3
2026-07-26T16:00,24.2,53,22.1,0.0,0.0,3,23.0,253,52.9,1002.2
2026-07-26T17:00,24.7,50,22.7,0.0,0.0,3,21.6,250,52.9,1002.0
2026-07-26T18:00,25.1,50,23.0,0.0,0.0,3,22.2,255,50.0,1001.7
2026-07-26T19:00,24.5,55,22.8,0.1,0.1,51,22.3,257,54.4,1001.8
2026-07-26T20:00,24.0,60,23.3,0.2,0.2,51,17.8,269,49.7,1002.1
2026-07-26T21:00,23.6,59,22.9,0.1,0.1,51,16.2,278,38.9,1002.3
2026-07-26T22:00,22.0,57,20.1,0.0,0.0,0,19.3,281,44.6,1003.2
2026-07-26T23:00,20.8,60,19.2,0.0,0.0,0,16.5,281,42.5,1004.1
2026-07-27T00:00,19.5,61,17.8,0.0,0.0,0,15.1,285,37.8,1005.0
2026-07-27T01:00,18.6,64,17.2,0.0,0.0,0,12.6,272,33.1,1005.5
2026-07-27T02:00,17.6,68,16.2,0.0,0.0,0,13.0,276,28.1,1006.0
2026-07-27T03:00,17.2,72,15.9,0.0,0.0,0,13.0,275,28.4,1006.5
2026-07-27T04:00,16.8,75,15.7,0.0,0.0,0,12.4,272,28.1,1006.9
2026-07-27T05:00,16.4,77,15.4,0.0,0.0,0,11.7,272,27.0,1007.2
2026-07-27T06:00,16.0,80,15.1,0.0,0.0,0,11.3,272,25.2,1007.5
2026-07-27T07:00,16.0,81,15.2,0.0,0.0,0,11.2,276,24.1,1008.3
2026-07-27T08:00,17.0,78,16.5,0.0,0.0,0,9.7,282,24.1,1009.0
2026-07-27T09:00,18.6,72,18.2,0.0,0.0,0,10.2,296,25.9,1009.7
2026-07-27T10:00,20.3,61,19.6,0.0,0.0,1,10.7,311,28.4,1010.3
2026-07-27T11:00,21.8,53,20.8,0.0,0.0,1,11.2,308,30.6,1010.8
2026-07-27T12:00,22.6,48,21.2,0.0,0.0,3,11.3,306,31.0,1011.1
2026-07-27T13:00,22.6,48,21.3,0.0,0.0,3,10.9,308,31.0,1011.6
2026-07-27T14:00,23.9,44,22.7,0.0,0.0,3,9.9,303,29.5,1011.8
2026-07-27T15:00,24.5,41,23.3,0.0,0.0,3,9.2,303,27.4,1011.8
2026-07-27T16:00,25.9,36,24.8,0.0,0.0,2,8.8,309,27.4,1011.7
2026-07-27T17:00,26.3,35,25.6,0.0,0.0,0,6.5,314,26.3,1011.4
2026-07-27T18:00,26.6,35,25.7,0.0,0.0,0,7.0,310,22.3,1011.3
2026-07-27T19:00,26.5,35,25.3,0.0,0.0,0,8.0,312,23.0,1011.3
2026-07-27T20:00,26.1,35,24.8,0.0,0.0,0,8.1,323,23.0,1011.5
2026-07-27T21:00,25.2,38,23.8,0.0,0.0,0,9.0,325,20.9,1011.6
2026-07-27T22:00,23.9,43,22.7,0.0,0.0,0,9.5,328,20.5,1012.2
2026-07-27T23:00,22.8,48,21.9,0.0,0.0,0,8.9,341,21.2,1012.6
2026-07-28T00:00,21.8,53,21.1,0.0,0.0,0,8.0,8,19.1,1012.9
2026-07-28T01:00,20.7,57,20.5,0.0,0.0,0,5.7,13,16.9,1013.3
2026-07-28T02:00,19.0,65,18.9,0.0,0.0,0,5.4,345,11.9,1013.9
2026-07-28T03:00,18.3,68,18.4,0.0,0.0,0,4.5,353,11.5,1013.7
2026-07-28T04:00,17.7,72,18.0,0.0,0.0,0,3.1,3,10.1,1013.6
2026-07-28T05:00,17.1,76,17.6,0.0,0.0,0,2.3,4,6.8,1013.3
2026-07-28T06:00,16.7,78,17.3,0.0,0.0,0,2.2,24,5.0,1012.9
2026-07-28T07:00,16.8,77,17.1,0.0,0.0,0,3.4,47,6.5,1012.8
2026-07-28T08:00,17.8,71,18.2,0.0,0.0,0,2.6,56,10.4,1013.1
2026-07-28T09:00,20.1,59,20.4,0.0,0.0,0,2.0,95,11.2,1013.3
2026-07-28T10:00,22.5,49,22.3,0.0,0.0,0,3.4,122,15.1,1013.3
2026-07-28T11:00,24.6,43,24.5,0.0,0.0,0,4.1,139,18.0,1013.1
2026-07-28T12:00,26.4,38,27.2,0.0,0.0,0,3.6,147,18.4,1012.9
2026-07-28T13:00,28.0,34,29.4,0.0,0.0,0,3.5,129,18.7,1012.5
2026-07-28T14:00,29.8,30,31.3,0.0,0.0,0,3.6,96,19.8,1011.8
2026-07-28T15:00,30.9,28,32.5,0.0,0.0,0,2.9,79,19.1,1011.1
2026-07-28T16:00,31.7,26,33.1,0.0,0.0,0,2.1,70,18.0,1010.7
2026-07-28T17:00,32.2,26,32.7,0.0,0.0,0,3.4,72,18.0,1010.1
2026-07-28T18:00,32.4,26,31.8,0.0,0.0,0,5.5,79,20.2,1009.6
2026-07-28T19:00,32.1,27,31.1,0.0,0.0,0,8.2,82,23.4,1009.0
2026-07-28T20:00,32.0,26,30.7,0.0,0.0,0,9.2,88,25.6,1008.6
2026-07-28T21:00,30.9,29,29.8,0.0,0.0,0,9.0,102,23.8,1008.5
2026-07-28T22:00,29.3,33,29.1,0.0,0.0,0,3.8,107,19.4,1009.1
2026-07-28T23:00,28.5,35,28.4,0.0,0.0,0,4.0,72,7.9,1009.2
2026-07-29T00:00,26.3,40,26.5,0.0,0.0,,1.9,248,5.4,
2026-07-29T00:15,26.0,40,26.1,0.0,0.0,,2.1,239,4.7,
2026-07-29T00:30,26.0,39,25.9,0.0,0.0,,2.3,231,4.3,
2026-07-29T00:45,26.0,38,25.8,0.0,0.0,,2.3,231,4.3,
2026-07-29T01:00,25.8,38,25.6,0.0,0.0,,2.5,225,4.3,
2026-07-29T01:15,25.5,40,25.5,0.0,0.0,,2.3,219,4.3,
2026-07-29T01:30,25.2,42,25.3,0.0,0.0,,1.9,202,4.3,
2026-07-29T01:45,24.8,45,25.3,0.0,0.0,,1.5,194,4.3,
2026-07-29T02:00,24.5,47,25.1,0.0,0.0,,1.4,180,4.3,
2026-07-29T02:15,24.3,48,24.9,0.0,0.0,,1.4,180,4.0,
2026-07-29T02:30,24.1,48,24.7,0.0,0.0,,1.1,198,2.9,
2026-07-29T02:45,23.9,48,24.5,0.0,0.0,,1.1,198,2.2,
2026-07-29T03:00,23.7,48,24.2,0.0,0.0,,1.0,225,1.8,
2026-07-29T03:15,23.5,49,24.1,0.0,0.0,,0.8,243,1.8,
2026-07-29T03:30,23.3,50,23.8,0.0,0.0,,1.1,288,1.8,
2026-07-29T03:45,23.0,51,23.5,0.0,0.0,,1.5,315,2.2,
2026-07-29T04:00,22.7,53,23.3,0.0,0.0,,1.8,323,2.2,
2026-07-29T04:15,22.3,56,23.1,0.0,0.0,,1.8,323,2.2,
2026-07-29T04:30,21.8,59,22.7,0.0,0.0,,1.8,307,2.2,
2026-07-29T04:45,21.3,62,22.3,0.0,0.0,,1.6,297,2.2,
2026-07-29T05:00,21.0,64,22.0,0.0,0.0,,1.5,284,2.2,
2026-07-29T05:15,20.8,65,21.9,0.0,0.0,,1.4,270,2.2,
2026-07-29T05:30,20.7,66,21.9,0.0,0.0,,1.5,256,2.5,
2026-07-29T05:45,20.7,67,21.9,0.0,0.0,,1.5,256,2.5,
2026-07-29T06:00,20.7,67,21.9,0.0,0.0,,1.6,243,2.5,
2026-07-29T06:15,20.7,68,21.9,0.0,0.0,,1.6,243,2.5,
2026-07-29T06:30,20.6,68,21.9,0.0,0.0,,1.6,243,2.5,
2026-07-29T06:45,20.6,68,21.9,0.0,0.0,,1.3,236,2.2,
2026-07-29T07:00,20.7,68,22.0,0.0,0.0,,1.3,236,2.2,
2026-07-29T07:15,20.8,67,22.2,0.0,0.0,,1.0,225,2.2,
2026-07-29T07:30,21.1,65,22.3,0.0,0.0,,1.0,225,1.8,
2026-07-29T07:45,21.4,63,22.6,0.0,0.0,,0.5,225,1.8,
2026-07-29T08:00,21.7,61,22.9,0.0,0.0,,0.4,180,1.8,
2026-07-29T08:15,22.0,60,23.2,0.0,0.0,,0.4,180,1.8,
2026-07-29T08:30,22.4,59,23.7,0.0,0.0,,0.4,90,2.2,
2026-07-29T08:45,22.9,57,24.1,0.0,0.0,,0.4,90,2.5,
2026-07-29T09:00,23.4,56,24.7,0.0,0.0,,0.4,90,2.9,
2026-07-29T09:15,23.9,54,25.2,0.0,0.0,,0.4,90,3.2,
2026-07-29T09:30,24.5,53,25.8,0.0,0.0,,0.7,90,3.2,
2026-07-29T09:45,25.1,51,26.4,0.0,0.0,,0.8,117,3.6,
2026-07-29T10:00,25.8,48,27.0,0.0,0.0,,0.8,117,4.3,
2026-07-29T10:15,26.7,44,27.7,0.0,0.0,,0.8,117,5.4,
2026-07-29T10:30,27.7,40,28.6,0.0,0.0,,1.0,135,6.5,
2026-07-29T10:45,28.7,36,29.6,0.0,0.0,,1.5,135,7.9,
2026-07-29T11:00,29.5,33,30.4,0.0,0.0,,1.8,143,9.0,
2026-07-29T11:15,30.1,31,30.9,0.0,0.0,,2.6,146,10.1,
2026-07-29T11:30,30.5,30,31.4,0.0,0.0,,3.7,151,11.2,
2026-07-29T11:45,30.9,30,32.0,0.0,0.0,,4.3,156,12.2,
2026-07-29T12:00,31.4,29,32.5,0.0,0.0,,5.0,159,13.0,
2026-07-29T12:15,32.0,28,33.3,0.0,0.0,,4.9,163,13.7,
2026-07-29T12:30,32.7,26,34.0,0.0,0.0,,4.7,176,14.0,
2026-07-29T12:45,33.4,24,34.7,0.0,0.0,,4.3,185,14.4,
2026-07-29T13:00,34.0,23,35.2,0.0,0.0,,4.6,198,15.5,
2026-07-29T13:15,34.4,22,35.5,0.0,0.0,,5.3,208,17.3,
2026-07-29T13:30,34.7,21,35.5,0.0,0.0,,6.4,218,19.1,
2026-07-29T13:45,35.0,21,35.7,0.0,0.0,,7.7,221,21.2,
2026-07-29T14:00,35.3,20,35.7,0.0,0.0,,8.7,225,23.0,
2026-07-29T14:15,35.6,19,35.7,0.0,0.0,,9.7,228,24.1,
2026-07-29T14:30,36.0,19,36.0,0.0,0.0,,10.2,231,25.2,
2026-07-29T14:45,36.3,18,36.1,0.0,0.0,,10.8,233,26.3,
2026-07-29T15:00,36.6,17,36.1,0.0,0.0,,11.4,235,27.0,
2026-07-29T15:15,36.9,16,36.0,0.0,0.0,,11.9,241,28.1,
2026-07-29T15:30,37.1,15,35.9,0.0,0.0,,12.2,246,29.2,
2026-07-29T15:45,37.3,14,35.8,0.0,0.0,,12.6,250,29.9,
2026-07-29T16:00,37.4,14,35.8,0.0,0.0,,12.9,252,30.6,
2026-07-29T16:15,37.5,14,35.8,0.0,0.0,,12.3,249,30.6,
2026-07-29T16:30,37.6,15,36.2,0.0,0.0,,11.1,241,30.2,
2026-07-29T16:45,37.7,16,36.4,0.0,0.0,,10.5,232,29.9,
2026-07-29T17:00,37.7,16,36.3,0.0,0.0,,10.5,229,30.2,
2026-07-29T17:15,37.8,16,35.9,0.0,0.0,,11.5,238,31.7,
2026-07-29T17:30,37.8,16,35.4,0.0,0.0,,13.7,252,34.2,
2026-07-29T17:45,37.8,15,34.6,0.0,0.0,,16.1,260,36.7,
2026-07-29T18:00,37.7,15,34.3,0.0,0.0,,17.4,264,38.2,
2026-07-29T18:15,37.7,15,34.5,0.0,0.0,,15.9,265,38.5,
2026-07-29T18:30,37.6,16,35.1,0.0,0.0,,12.7,262,37.8,
2026-07-29T18:45,37.5,16,35.4,0.0,0.0,,9.6,257,37.1,
2026-07-29T19:00,37.4,16,35.5,0.0,0.0,,8.0,252,36.7,
2026-07-29T19:15,37.3,16,35.3,0.0,0.0,,8.3,252,37.4,
2026-07-29T19:30,37.2,15,34.8,0.0,0.0,,9.7,255,38.9,
2026-07-29T19:45,37.0,15,34.4,0.0,0.0,,11.1,257,39.6,
2026-07-29T20:00,36.8,15,34.1,0.0,0.0,,11.8,258,39.2,
2026-07-29T20:15,36.6,15,33.9,0.0,0.0,,10.8,255,36.7,
2026-07-29T20:30,36.3,16,34.1,0.0,0.0,,9.2,249,32.8,
2026-07-29T20:45,36.0,17,34.1,0.0,0.0,,7.4,241,28.4,
2026-07-29T21:00,35.5,18,34.0,0.0,0.0,,6.4,232,24.5,
2026-07-29T21:15,35.0,19,33.6,0.0,0.0,,5.9,227,21.2,
2026-07-29T21:30,34.3,21,33.2,0.0,0.0,,5.6,225,18.4,
2026-07-29T21:45,33.6,22,32.5,0.0,0.0,,5.1,225,15.8,
2026-07-29T22:00,32.8,24,32.0,0.0,0.0,,4.8,222,13.7,
2026-07-29T22:15,31.9,26,31.2,0.0,0.0,,4.6,219,12.6,
2026-07-29T22:30,30.8,29,30.4,0.0,0.0,,4.7,212,11.9,
2026-07-29T22:45,29.8,32,29.6,0.0,0.0,,4.5,209,11.5,
2026-07-29T23:00,29.0,34,28.8,0.0,0.0,,4.5,209,11.2,
2026-07-29T23:15,28.4,35,28.2,0.0,0.0,,4.1,218,10.8,
2026-07-29T23:30,27.9,35,27.6,0.0,0.0,,3.8,229,10.1,
2026-07-29T23:45,27.5,35,27.2,0.0,0.0,,3.7,241,9.7,
2026-07-30T00:00,27.2,36,26.9,0.0,0.0,,3.7,259,9.7,
2026-07-30T00:15,26.9,38,26.7,0.0,0.0,,4.0,270,9.7,
2026-07-30T00:30,26.6,41,26.6,0.0,0.0,,4.5,284,10.1,
2026-07-30T00:45,26.4,44,26.6,0.0,0.0,,5.2,295,10.4,
2026-07-30T01:00,26.2,46,26.6,0.0,0.0,,5.5,302,10.8,
2026-07-30T01:15,26.2,47,26.7,0.0,0.0,,5.6,315,10.8,
2026-07-30T01:30,26.2,47,26.7,0.0,0.0,,5.5,328,10.8,
2026-07-30T01:45,26.3,47,26.8,0.0,0.0,,5.6,345,10.4,
2026-07-30T02:00,26.2,47,26.6,0.0,0.0,,6.2,353,10.8,
2026-07-30T02:15,25.9,48,26.3,0.0,0.0,,6.5,354,11.5,
2026-07-30T02:30,25.6,48,25.9,0.0,0.0,,6.2,353,12.6,
2026-07-30T02:45,25.2,49,25.5,0.0,0.0,,6.2,350,13.3,
2026-07-30T03:00,24.8,50,25.2,0.0,0.0,,5.9,346,14.0,
2026-07-30T03:15,24.5,51,24.9,0.0,0.0,,5.7,342,14.0,
2026-07-30T03:30,24.2,52,24.6,0.0,0.0,,5.6,333,13.7,
2026-07-30T03:45,23.9,52,24.2,0.0,0.0,,5.5,328,13.0,
2026-07-30T04:00,23.7,53,24.0,0.0,0.0,,5.4,323,12.6,
2026-07-30T04:15,23.5,54,23.9,0.0,0.0,,5.4,323,12.2,
2026-07-30T04:30,23.3,54,23.6,0.0,0.0,,5.3,332,11.9,
2026-07-30T04:45,23.1,55,23.5,0.0,0.0,,5.2,335,11.5,
2026-07-30T05:00,22.9,55,23.3,0.0,0.0,,5.2,335,11.9,
2026-07-30T05:15,22.7,55,23.0,0.0,0.0,,5.0,330,13.0,
2026-07-30T05:30,22.5,56,22.8,0.0,0.0,,4.8,312,14.4,
2026-07-30T05:45,22.2,56,22.5,0.0,0.0,,5.0,300,16.2,
2026-07-30T06:00,22.1,56,22.2,0.0,0.0,,5.2,295,17.6,
2026-07-30T06:15,22.0,56,22.1,0.0,0.0,,5.0,300,19.1,
2026-07-30T06:30,21.9,55,22.0,0.0,0.0,,4.6,309,20.9,
2026-07-30T06:45,21.9,55,22.0,0.0,0.0,,4.6,321,22.3,
2026-07-30T07:00,21.8,55,21.8,0.0,0.0,,5.2,326,23.4,
2026-07-30T07:15,21.7,56,21.6,0.0,0.0,,6.1,320,23.4,
2026-07-30T07:30,21.5,57,21.2,0.0,0.0,,7.9,313,23.0,
2026-07-30T07:45,21.4,59,21.0,0.0,0.0,,9.5,307,22.3,
2026-07-30T08:00,21.4,60,20.8,0.0,0.0,,10.9,304,22.3,
2026-07-30T08:15,21.5,60,20.9,0.0,0.0,,11.4,305,23.0,
2026-07-30T08:30,21.7,60,21.2,0.0,0.0,,11.6,306,24.5,
2026-07-30T08:45,21.9,60,21.5,0.0,0.0,,11.1,306,25.6,
2026-07-30T09:00,22.0,60,21.7,0.0,0.0,,10.7,303,26.6,
2026-07-30T09:15,22.0,61,21.8,0.0,0.0,,10.7,290,27.0,
2026-07-30T09:30,21.8,63,21.5,0.0,0.0,,11.9,273,27.0,
2026-07-30T09:45,21.6,65,21.2,0.0,0.0,,13.1,261,26.6,
2026-07-30T10:00,21.3,67,21.1,0.0,0.0,,12.9,252,26.6,
2026-07-30T10:15,21.0,70,21.4,0.2,0.2,,10.1,243,26.6,
2026-07-30T10:30,20.6,73,21.6,0.3,0.3,,6.1,220,26.6,
2026-07-30T10:45,20.3,76,21.7,0.6,0.6,,4.6,162,26.6,
2026-07-30T11:00,20.2,78,21.5,0.6,0.6,,6.2,126,25.9,
2026-07-30T11:15,20.4,78,21.7,0.3,0.3,,6.8,108,24.5,
2026-07-30T11:30,20.8,77,22.1,0.0,0.0,,6.5,93,22.7,
2026-07-30T11:45,21.3,75,22.7,0.0,0.0,,5.9,76,20.5,
2026-07-30T12:00,21.7,73,23.3,0.0,0.0,,5.5,67,18.7,
2026-07-30T12:15,22.2,72,24.0,0.0,0.0,,4.2,70,16.6,
2026-07-30T12:30,22.7,70,24.8,0.0,0.0,,2.2,90,14.4,
2026-07-30T12:45,23.2,69,25.6,0.0,0.0,,1.5,166,13.0,
2026-07-30T13:00,23.5,68,25.9,0.0,0.0,,2.9,210,12.6,
2026-07-30T13:15,23.7,68,26.1,0.0,0.0,,3.6,233,14.8,
2026-07-30T13:30,23.8,68,26.1,0.0,0.0,,4.9,253,18.4,
2026-07-30T13:45,23.9,69,26.2,0.0,0.0,,6.1,267,22.0,
2026-07-30T14:00,24.1,68,26.4,0.0,0.0,,7.2,270,24.5,
2026-07-30T14:15,24.6,66,26.8,0.0,0.0,,8.3,268,24.8,
2026-07-30T14:30,25.1,64,27.4,0.0,0.0,,9.1,263,24.5,
2026-07-30T14:45,25.7,61,27.8,0.0,0.0,,9.6,257,23.4,
2026-07-30T15:00,26.2,59,28.1,0.0,0.0,,10.1,253,23.0,
2026-07-30T15:15,26.6,57,28.1,0.0,0.0,,10.6,252,23.4,
2026-07-30T15:30,26.8,56,28.2,0.0,0.0,,11.0,251,24.1,
2026-07-30T15:45,27.0,55,28.3,0.0,0.0,,11.2,249,24.8,
2026-07-30T16:00,27.3,54,28.6,0.0,0.0,,10.6,246,25.2,
2026-07-30T16:15,27.6,53,29.1,0.0,0.0,,9.7,239,25.2,
2026-07-30T16:30,27.9,51,29.5,0.0,0.0,,8.4,227,25.2,
2026-07-30T16:45,28.1,50,29.8,0.0,0.0,,7.6,211,24.5,
2026-07-30T17:00,28.4,49,30.1,0.0,0.0,,7.3,200,23.8,
2026-07-30T17:15,28.7,48,30.2,0.0,0.0,,7.2,198,22.3,
2026-07-30T17:30,29.0,47,30.5,0.0,0.0,,6.8,198,20.2,
2026-07-30T17:45,29.2,47,30.6,0.0,0.0,,6.6,202,18.0,
2026-07-30T18:00,29.4,46,30.7,0.0,0.0,,6.3,211,17.3,
2026-07-30T18:15,29.5,45,30.7,0.0,0.0,,6.6,225,18.0,
2026-07-30T18:30,29.5,44,30.5,0.0,0.0,,7.7,242,19.8,
2026-07-30T18:45,29.5,43,30.1,0.0,0.0,,9.0,254,22.0,
2026-07-30T19:00,29.5,42,29.9,0.0,0.0,,9.9,260,23.0,
2026-07-30T19:15,29.5,42,29.9,0.0,0.0,,9.5,261,23.0,
2026-07-30T19:30,29.5,42,29.9,0.0,0.0,,8.8,258,22.3,
2026-07-30T19:45,29.4,43,30.2,0.0,0.0,,7.4,256,21.2,
2026-07-30T20:00,29.3,43,30.2,0.0,0.0,,6.8,252,20.2,
2026-07-30T20:15,29.2,43,30.0,0.0,0.0,,6.5,251,19.4,
2026-07-30T20:30,29.0,44,30.0,0.0,0.0,,6.5,251,18.4,
2026-07-30T20:45,28.8,44,29.7,0.0,0.0,,6.3,246,17.6,
2026-07-30T21:00,28.6,45,29.6,0.0,0.0,,6.3,246,16.9,
2026-07-30T21:15,28.4,46,29.4,0.0,0.0,,6.3,239,15.8,
2026-07-30T21:30,28.1,47,29.2,0.0,0.0,,6.1,230,14.4,
2026-07-30T21:45,27.8,48,28.9,0.0,0.0,,6.1,225,13.7,
2026-07-30T22:00,27.4,49,28.6,0.0,0.0,,5.6,230,14.0,
2026-07-30T22:15,26.9,50,28.1,0.0,0.0,,5.2,258,16.9,
2026-07-30T22:30,26.3,52,27.2,0.0,0.0,,7.1,294,21.2,
2026-07-30T22:45,25.7,54,26.2,0.0,0.0,,10.0,311,25.9,
2026-07-30T23:00,25.1,55,25.2,0.0,0.0,,12.0,321,28.8,
2026-07-30T23:15,24.7,56,24.7,0.0,0.0,,12.4,330,29.5,
2026-07-30T23:30,24.3,58,24.5,0.0,0.0,,11.8,340,29.2,
2026-07-30T23:45,24.0,59,24.3,0.0,0.0,,11.3,353,28.1,
2026-07-31T00:00,23.7,60,24.0,0.0,0.0,,10.8,360,27.0,
2026-07-31T00:15,23.5,61,23.8,0.0,0.0,,10.4,2,25.9,
2026-07-31T00:30,23.3,61,23.7,0.0,0.0,,9.7,360,24.5,
2026-07-31T00:45,23.1,61,23.6,0.0,0.0,,9.0,355,23.4,
2026-07-31T01:00,22.9,62,23.4,0.0,0.0,,8.4,353,22.0,
2026-07-31T01:15,22.6,63,23.1,0.0,0.0,,8.4,350,20.9,
2026-07-31T01:30,22.2,65,22.8,0.0,0.0,,8.5,348,19.4,
2026-07-31T01:45,21.9,66,22.4,0.0,0.0,,8.7,343,18.4,
2026-07-31T02:00,21.6,67,22.0,0.0,0.0,,8.8,341,17.6,
2026-07-31T02:15,21.4,68,21.9,0.0,0.0,,8.6,338,17.6,
2026-07-31T02:30,21.2,68,21.6,0.0,0.0,,8.5,332,17.6,
2026-07-31T02:45,21.0,69,21.5,0.0,0.0,,8.7,330,18.0,
2026-07-31T03:00,20.9,69,21.3,0.0,0.0,,8.4,329,18.4,
2026-07-31T03:15,20.7,69,21.1,0.0,0.0,,8.4,329,18.4,
2026-07-31T03:30,20.6,69,21.0,0.0,0.0,,8.2,331,18.0,
2026-07-31T03:45,20.5,69,20.9,0.0,0.0,,8.0,333,18.0,
2026-07-31T04:00,20.4,69,20.7,0.0,0.0,,7.9,336,17.6,
2026-07-31T04:15,20.2,69,20.6,0.0,0.0,,7.6,335,17.3,
2026-07-31T04:30,20.1,70,20.5,0.0,0.0,,7.2,333,17.3,
2026-07-31T04:45,19.9,70,20.2,0.0,0.0,,7.2,333,16.9,
2026-07-31T05:00,19.7,71,20.1,0.0,0.0,,7.1,330,16.9,
2026-07-31T05:15,19.6,72,20.0,0.0,0.0,,7.3,327,17.3,
2026-07-31T05:30,19.5,72,19.8,0.0,0.0,,7.5,325,17.6,
2026-07-31T05:45,19.3,73,19.6,0.0,0.0,,8.2,322,18.0,
2026-07-31T06:00,19.2,73,19.4,0.0,0.0,,8.2,322,18.4,
2026-07-31T06:15,19.1,74,19.4,0.0,0.0,,8.0,324,18.0,
2026-07-31T06:30,19.0,74,19.3,0.0,0.0,,8.1,328,17.6,
2026-07-31T06:45,19.0,75,19.3,0.0,0.0,,7.7,332,17.3,
2026-07-31T07:00,18.9,75,19.3,0.0,0.0,,7.6,335,17.3,
2026-07-31T07:15,18.9,75,19.3,0.0,0.0,,7.2,333,18.0,
2026-07-31T07:30,18.9,74,19.3,0.0,0.0,,7.1,330,19.1,
2026-07-31T07:45,18.9,73,19.2,0.0,0.0,,7.0,325,20.2,
2026-07-31T08:00,19.0,73,19.3,0.0,0.0,,6.9,321,20.9,
2026-07-31T08:15,19.0,73,19.3,0.0,0.0,,7.1,319,20.5,
2026-07-31T08:30,19.1,73,19.3,0.0,0.0,,7.9,321,20.2,
2026-07-31T08:45,19.3,73,19.5,0.0,0.0,,8.4,320,19.1,
2026-07-31T09:00,19.4,73,19.7,0.0,0.0,,8.4,320,18.7,
2026-07-31T09:15,19.6,73,19.9,0.0,0.0,,7.9,321,18.7,
2026-07-31T09:30,19.8,73,20.4,0.0,0.0,,6.7,324,18.7,
2026-07-31T09:45,20.0,73,20.8,0.0,0.0,,6.0,327,19.1,
2026-07-31T10:00,20.3,72,21.2,0.0,0.0,,5.5,328,19.1,
2026-07-31T10:15,20.7,70,21.6,0.0,0.0,,5.8,330,19.1,
2026-07-31T10:30,21.3,68,22.1,0.0,0.0,,6.5,326,19.4,
2026-07-31T10:45,21.8,65,22.3,0.0,0.0,,7.5,325,19.4,
2026-07-31T11:00,22.2,63,22.7,0.0,0.0,,8.0,324,19.8,
2026-07-31T11:15,22.6,62,23.1,0.0,0.0,,8.2,322,20.2,
2026-07-31T11:30,22.9,62,23.7,0.0,0.0,,8.9,320,20.9,
2026-07-31T11:45,23.2,62,24.2,0.0,0.0,,8.9,317,21.2,
2026-07-31T12:00,23.5,62,24.7,0.0,0.0,,8.7,315,21.2,
2026-07-31T12:15,23.8,61,25.1,0.0,0.0,,7.9,313,20.9,
2026-07-31T12:30,24.2,59,25.4,0.0,0.0,,6.9,309,20.2,
2026-07-31T12:45,24.5,57,25.8,0.0,0.0,,5.7,305,19.4,
2026-07-31T13:00,24.9,55,26.1,0.0,0.0,,4.8,297,19.1,
2026-07-31T13:15,25.3,53,26.4,0.0,0.0,,4.5,284,19.1,
2026-07-31T13:30,25.7,51,26.6,0.0,0.0,,4.7,274,19.1,
2026-07-31T13:45,26.0,49,26.8,0.0,0.0,,5.1,266,19.4,
2026-07-31T14:00,26.4,48,27.1,0.0,0.0,,5.4,262,19.8,
2026-07-31T14:15,26.6,47,27.2,0.0,0.0,,6.1,267,20.2,
2026-07-31T14:30,26.8,46,27.2,0.0,0.0,,7.2,276,20.9,
2026-07-31T14:45,27.0,46,27.2,0.0,0.0,,8.1,283,21.2,
2026-07-31T15:00,27.2,45,27.2,0.0,0.0,,9.0,286,21.6,
2026-07-31T15:15,27.5,44,27.4,0.0,0.0,,9.8,287,21.6,
2026-07-31T15:30,27.8,42,27.5,0.0,0.0,,10.1,287,21.6,
2026-07-31T15:45,28.1,41,27.7,0.0,0.0,,10.5,286,21.6,
2026-07-31T16:00,28.3,40,28.1,0.0,0.0,,10.2,288,21.6,
2026-07-31T16:15,28.4,39,28.4,0.0,0.0,,9.8,294,21.6,
2026-07-31T16:30,28.4,39,28.7,0.0,0.0,,9.3,306,22.0,
2026-07-31T16:45,28.4,39,28.7,0.0,0.0,,8.9,317,22.3,
2026-07-31T17:00,28.4,39,28.4,0.0,0.0,,9.1,326,22.3,
2026-07-31T17:15,28.5,39,28.1,0.0,0.0,,9.8,332,22.0,
2026-07-31T17:30,28.5,38,27.9,0.0,0.0,,10.5,333,21.6,
2026-07-31T17:45,28.5,38,27.8,0.0,0.0,,11.3,333,21.6,
2026-07-31T18:00,28.5,38,27.7,0.0,0.0,,11.8,333,21.6,
2026-07-31T18:15,28.5,38,27.6,0.0,0.0,,11.8,329,22.0,
2026-07-31T18:30,28.4,38,27.6,0.0,0.0,,11.8,320,22.7,
2026-07-31T18:45,28.4,38,27.5,0.0,0.0,,12.0,314,23.8,
2026-07-31T19:00,28.2,38,27.2,0.0,0.0,,12.3,310,25.2,
2026-07-31T19:15,28.1,38,27.0,0.0,0.0,,12.5,314,27.7,
2026-07-31T19:30,27.8,38,26.6,0.0,0.0,,12.8,320,31.3,
2026-07-31T19:45,27.6,39,26.4,0.0,0.0,,13.2,325,34.2,
2026-07-31T20:00,27.3,39,26.0,0.0,0.0,,13.4,329,36.0,
2026-07-31T20:15,27.0,40,25.8,0.0,0.0,,13.4,329,35.6,
2026-07-31T20:30,26.7,40,25.4,0.0,0.0,,13.3,327,33.8,
2026-07-31T20:45,26.4,41,25.1,0.0,0.0,,13.2,325,31.7,
2026-07-31T21:00,26.1,42,24.9,0.0,0.0,,12.9,324,30.2,
2026-07-31T21:15,25.8,43,24.7,0.0,0.0,,12.6,323,29.5,
2026-07-31T21:30,25.7,43,24.5,0.0,0.0,,12.4,324,29.5,
2026-07-31T21:45,25.4,44,24.4,0.0,0.0,,12.1,323,29.5,
2026-07-31T22:00,25.1,45,24.0,0.0,0.0,,12.2,326,29.5,
2026-07-31T22:15,24.5,48,23.6,0.0,0.0,,12.6,329,29.9,
2026-07-31T22:30,23.8,52,23.0,0.0,0.0,,13.4,333,31.0,
2026-07-31T22:45,23.1,55,22.2,0.0,0.0,,14.4,338,31.7,
2026-07-31T23:00,22.6,58,21.7,0.0,0.0,,14.6,340,32.0,
2026-07-31T23:15,22.2,59,21.4,0.0,0.0,,14.1,341,32.0,
2026-07-31T23:30,22.0,60,21.3,0.0,0.0,,13.2,343,31.3,
2026-07-31T23:45,21.8,60,21.2,0.0,0.0,,12.1,343,30.6,
2026-08-01T00:00,21.6,61,21.1,0.0,0.0,,11.3,343,29.9,
2026-08-01T00:15,21.3,62,21.0,0.0,0.0,,10.8,345,28.8,
2026-08-01T00:30,21.1,62,20.7,0.0,0.0,,10.8,345,27.0,
2026-08-01T00:45,20.9,63,20.5,0.0,0.0,,11.2,345,25.6,
2026-08-01T01:00,20.7,64,20.3,0.0,0.0,,10.9,343,24.5,
2026-08-01T01:15,20.5,65,20.1,0.0,0.0,,10.8,339,23.8,
2026-08-01T01:30,20.4,67,20.2,0.0,0.0,,10.3,331,23.4,
2026-08-01T01:45,20.2,68,20.0,0.0,0.0,,10.3,324,23.0,
2026-08-01T02:00,20.0,70,19.9,0.0,0.0,,10.5,319,23.0,
2026-08-01T02:15,19.7,72,19.7,0.0,0.0,,10.7,318,23.0,
2026-08-01T02:30,19.5,74,19.5,0.0,0.0,,10.5,319,23.0,
2026-08-01T02:45,19.2,76,19.3,0.0,0.0,,10.2,321,23.0,
2026-08-01T03:00,19.0,78,19.2,0.0,0.0,,10.2,321,23.0,
2026-08-01T03:15,18.8,79,19.0,0.0,0.0,,10.2,321,23.0,
2026-08-01T03:30,18.7,80,19.0,0.0,0.0,,10.0,319,22.7,
2026-08-01T03:45,18.6,80,18.9,0.0,0.0,,9.7,318,22.7,
2026-08-01T04:00,18.5,80,18.7,0.0,0.0,,9.7,318,22.3,
2026-08-01T04:15,18.3,80,18.5,0.0,0.0,,9.7,318,22.0,
2026-08-01T04:30,18.1,79,18.2,0.0,0.0,,9.7,318,21.6,
2026-08-01T04:45,18.0,79,18.0,0.0,0.0,,9.2,318,20.9,
2026-08-01T05:00,17.8,78,17.8,0.0,0.0,,9.2,318,20.5,
2026-08-01T05:15,17.7,78,17.6,0.0,0.0,,9.2,318,20.2,
2026-08-01T05:30,17.7,77,17.6,0.0,0.0,,8.7,318,20.2,
2026-08-01T05:45,17.7,77,17.6,0.0,0.0,,8.2,319,20.2,
2026-08-01T06:00,17.6,77,17.6,0.0,0.0,,8.2,319,19.8,
2026-08-01T06:15,17.6,77,17.5,0.0,0.0,,8.2,319,19.4,
2026-08-01T06:30,17.5,76,17.3,0.0,0.0,,7.9,317,19.1,
2026-08-01T06:45,17.4,76,17.3,0.0,0.0,,7.9,317,18.7,
2026-08-01T07:00,17.4,76,17.2,0.0,0.0,,7.9,317,18.4,
2026-08-01T07:15,17.4,76,17.2,0.0,0.0,,7.9,317,18.0,
2026-08-01T07:30,17.4,77,17.2,0.0,0.0,,8.1,315,17.6,
2026-08-01T07:45,17.4,77,17.2,0.0,0.0,,8.1,315,17.3,
2026-08-01T08:00,17.5,77,17.4,0.0,0.0,,8.1,315,17.3,
2026-08-01T08:15,17.6,76,17.5,0.0,0.0,,7.9,317,17.3,
2026-08-01T08:30,17.8,75,17.7,0.0,0.0,,7.7,319,17.6,
2026-08-01T08:45,18.0,73,17.9,0.0,0.0,,7.7,323,17.6,
2026-08-01T09:00,18.3,72,18.2,0.0,0.0,,7.5,325,18.0,
2026-08-01T09:15,18.6,71,18.5,0.0,0.0,,7.5,325,18.4,
2026-08-01T09:30,18.9,69,18.7,0.0,0.0,,7.6,329,18.7,
2026-08-01T09:45,19.2,68,19.1,0.0,0.0,,7.9,330,19.1,
2026-08-01T10:00,19.6,66,19.5,0.0,0.0,,7.9,330,19.1,
2026-08-01T10:15,20.1,64,20.0,0.0,0.0,,7.9,330,19.1,
2026-08-01T10:30,20.8,61,20.6,0.0,0.0,,7.9,330,18.7,
2026-08-01T10:45,21.4,58,21.2,0.0,0.0,,7.9,330,18.4,
2026-08-01T11:00,21.9,56,22.0,0.0,0.0,,7.9,330,18.0,
2026-08-01T11:15,22.4,54,22.8,0.0,0.0,,7.9,330,17.3,
2026-08-01T11:30,22.9,53,23.5,0.0,0.0,,8.2,331,16.2,
2026-08-01T11:45,23.3,51,24.0,0.0,0.0,,8.0,333,15.1,
2026-08-01T12:00,23.7,50,24.6,0.0,0.0,,8.0,333,14.4,
2026-08-01T12:15,24.0,49,25.1,0.0,0.0,,8.0,333,14.0,
2026-08-01T12:30,24.3,48,25.6,0.0,0.0,,7.6,335,13.7,
2026-08-01T12:45,24.7,47,26.0,0.0,0.0,,7.6,335,13.3,
2026-08-01T13:00,25.0,45,26.4,0.0,0.0,,7.1,336,13.0,
2026-08-01T13:15,25.3,43,26.8,0.0,0.0,,6.6,338,12.2,
2026-08-01T13:30,25.7,41,27.2,0.0,0.0,,6.3,336,11.5,
2026-08-01T13:45,26.1,38,27.5,0.0,0.0,,5.5,337,10.4,
2026-08-01T14:00,26.4,36,27.8,0.0,0.0,,5.2,335,9.7,
2026-08-01T14:15,26.7,34,28.0,0.0,0.0,,4.8,333,9.0,
2026-08-01T14:30,27.0,32,28.2,0.0,0.0,,4.3,336,8.6,
2026-08-01T14:45,27.3,30,28.2,0.0,0.0,,4.0,333,8.3,
2026-08-01T15:00,27.5,28,28.1,0.0,0.0,,3.7,331,7.9,
2026-08-01T15:15,27.7,27,27.9,0.0,0.0,,3.9,326,7.9,
2026-08-01T15:30,27.9,27,27.8,0.0,0.0,,4.6,321,7.6,
2026-08-01T15:45,28.0,26,27.6,0.0,0.0,,4.8,318,7.6,
2026-08-01T16:00,28.1,26,27.8,0.0,0.0,,4.8,318,7.9,
2026-08-01T16:15,28.1,25,27.9,0.0,0.0,,3.9,326,8.3,
2026-08-01T16:30,28.1,24,27.9,0.0,0.0,,2.5,352,8.6,
2026-08-01T16:45,28.1,24,27.8,0.0,0.0,,2.1,31,9.4,
2026-08-01T17:00,28.1,24,27.3,0.0,0.0,,2.3,39,10.1,
2026-08-01T17:15,28.2,25,27.0,0.0,0.0,,2.5,360,11.5,
2026-08-01T17:30,28.2,28,26.9,0.0,0.0,,4.9,324,13.3,
2026-08-01T17:45,28.2,30,26.8,0.0,0.0,,7.7,311,14.8,
2026-08-01T18:00,28.2,31,26.7,0.0,0.0,,9.5,307,16.2,
2026-08-01T18:15,28.2,30,26.5,0.0,0.0,,9.8,306,16.9,
2026-08-01T18:30,28.1,28,26.2,0.0,0.0,,8.8,305,17.3,
2026-08-01T18:45,28.0,26,26.0,0.0,0.0,,7.5,305,17.6,
2026-08-01T19:00,27.9,25,26.0,0.0,0.0,,6.7,306,17.6,
2026-08-01T19:15,27.9,25,25.9,0.0,0.0,,6.4,308,17.6,
2026-08-01T19:30,27.9,27,26.3,0.0,0.0,,5.9,308,17.3,
2026-08-01T19:45,27.9,28,26.5,0.0,0.0,,5.6,310,16.9,
2026-08-01T20:00,27.8,29,26.5,0.0,0.0,,5.6,315,16.9,
2026-08-01T20:15,27.7,29,26.4,0.0,0.0,,5.9,317,17.6,
2026-08-01T20:30,27.6,30,26.2,0.0,0.0,,6.6,319,18.7,
2026-08-01T20:45,27.4,30,26.0,0.0,0.0,,6.9,321,20.2,
2026-08-01T21:00,27.2,30,25.6,0.0,0.0,,7.1,330,21.2,
2026-08-01T21:15,26.9,31,25.4,0.0,0.0,,7.0,348,22.7,
2026-08-01T21:30,26.5,32,25.1,0.0,0.0,,7.3,11,24.1,
2026-08-01T21:45,26.1,33,24.4,0.0,0.0,,9.0,29,25.6,
2026-08-01T22:00,25.8,34,24.0,0.0,0.0,,10.1,35,25.9,
2026-08-01T22:15,25.5,34,23.7,0.0,0.0,,9.7,31,24.8,
2026-08-01T22:30,25.2,35,23.6,0.0,0.0,,8.7,17,23.0,
2026-08-01T22:45,24.9,35,23.3,0.0,0.0,,8.3,360,20.9,
2026-08-01T23:00,24.6,36,23.0,0.0,0.0,,8.5,348,19.8,
2026-08-01T23:15,24.1,38,22.5,0.0,0.0,,9.0,344,20.2,
2026-08-01T23:30,23.5,40,21.9,0.0,0.0,,9.0,344,21.6,
2026-08-01T23:45,22.9,43,21.4,0.0,0.0,,9.3,344,23.0,
2026-08-02T00:00,22.4,45,21.0,0.0,0.0,,9.3,344,23.8,
2026-08-02T00:15,22.0,47,20.7,0.0,0.0,,9.1,342,23.4,
2026-08-02T00:30,21.6,48,20.4,0.0,0.0,,8.6,338,22.0,
2026-08-02T00:45,21.3,49,20.2,0.0,0.0,,7.9,336,20.5,
2026-08-02T01:00,21.0,50,20.0,0.0,0.0,,7.4,331,19.4,
2026-08-02T01:15,20.7,51,19.7,0.0,0.0,,7.1,330,18.4,
2026-08-02T01:30,20.4,53,19.6,0.0,0.0,,7.1,330,17.6,
2026-08-02T01:45,20.2,54,19.4,0.0,0.0,,6.8,328,16.6,
2026-08-02T02:00,20.0,55,19.2,0.0,0.0,,6.8,328,15.8,
2026-08-02T02:15,19.8,56,19.1,0.0,0.0,,6.5,326,15.5,
2026-08-02T02:30,19.6,57,18.9,0.0,0.0,,6.5,326,15.1,
2026-08-02T02:45,19.4,58,18.8,0.0,0.0,,6.2,324,14.8,
2026-08-02T03:00,19.2,59,18.7,0.0,0.0,,5.9,322,14.4,
2026-08-02T03:15,19.0,60,18.5,0.0,0.0,,5.6,320,14.0,
2026-08-02T03:30,18.9,61,18.5,0.0,0.0,,5.4,323,13.3,
2026-08-02T03:45,18.7,62,18.3,0.0,0.0,,5.1,321,13.0,
2026-08-02T04:00,18.5,63,18.2,0.0,0.0,,4.9,324,12.2,
2026-08-02T04:15,18.3,64,18.0,0.0,0.0,,4.7,328,11.5,
2026-08-02T04:30,18.1,65,17.8,0.0,0.0,,4.7,328,11.2,
2026-08-02T04:45,17.9,65,17.6,0.0,0.0,,4.5,331,10.4,
2026-08-02T05:00,17.7,66,17.5,0.0,0.0,,4.5,331,10.1,
2026-08-02T05:15,17.6,66,17.3,0.0,0.0,,4.5,331,9.7,
2026-08-02T05:30,17.5,66,17.2,0.0,0.0,,4.2,329,9.7,
2026-08-02T05:45,17.4,66,17.1,0.0,0.0,,3.9,326,9.7,
2026-08-02T06:00,17.3,66,17.0,0.0,0.0,,3.9,326,9.4,
2026-08-02T06:15,17.2,66,16.9,0.0,0.0,,3.9,326,9.0,
2026-08-02T06:30,17.1,66,16.8,0.0,0.0,,3.6,323,8.6,
2026-08-02T06:45,17.0,65,16.7,0.0,0.0,,3.4,328,8.3,
2026-08-02T07:00,17.0,65,16.7,0.0,0.0,,3.4,328,7.9,
2026-08-02T07:15,17.1,65,16.7,0.0,0.0,,3.4,328,7.9,
2026-08-02T07:30,17.2,64,16.8,0.0,0.0,,3.5,336,8.3,
2026-08-02T07:45,17.3,64,17.0,0.0,0.0,,3.5,336,8.6,
2026-08-02T08:00,17.6,63,17.2,0.0,0.0,,3.8,343,9.0,
2026-08-02T08:15,17.9,61,17.4,0.0,0.0,,4.0,350,9.7,
2026-08-02T08:30,18.3,59,17.7,0.0,0.0,,4.4,351,10.4,
2026-08-02T08:45,18.7,57,18.0,0.0,0.0,,4.7,356,11.5,
2026-08-02T09:00,19.1,55,18.4,0.0,0.0,,5.0,360,12.2,
2026-08-02T09:15,19.6,53,18.7,0.0,0.0,,5.4,4,13.0,
2026-08-02T09:30,20.0,51,19.1,0.0,0.0,,5.8,7,14.0,
2026-08-02T09:45,20.6,48,19.5,0.0,0.0,,6.2,10,14.8,
2026-08-02T10:00,21.1,46,19.9,0.0,0.0,,6.6,13,15.5,
2026-08-02T10:15,21.8,44,20.5,0.0,0.0,,7.1,15,16.2,
2026-08-02T10:30,22.5,41,21.3,0.0,0.0,,7.2,18,16.6,
2026-08-02T10:45,23.3,39,22.2,0.0,0.0,,7.5,17,17.3,
2026-08-02T11:00,24.0,37,23.0,0.0,0.0,,7.6,19,17.6,
2026-08-02T11:15,24.6,35,23.8,0.0,0.0,,7.8,22,18.4,
2026-08-02T11:30,25.2,34,24.6,0.0,0.0,,7.9,24,18.7,
2026-08-02T11:45,25.8,33,25.3,0.0,0.0,,7.7,28,19.4,
2026-08-02T12:00,26.3,32,26.0,0.0,0.0,,7.9,30,19.8,
2026-08-02T12:15,26.9,31,26.7,0.0,0.0,,7.9,30,20.2,
2026-08-02T12:30,27.4,31,27.4,0.0,0.0,,8.1,32,20.5,
2026-08-02T12:45,27.8,30,27.9,0.0,0.0,,8.1,32,20.5,
2026-08-02T13:00,28.3,30,28.6,0.0,0.0,,7.8,34,20.2,
2026-08-02T13:15,28.6,30,29.2,0.0,0.0,,7.2,37,19.1,
2026-08-02T13:30,29.0,29,29.7,0.0,0.0,,6.4,43,17.3,
2026-08-02T13:45,29.2,29,30.2,0.0,0.0,,5.6,50,15.5,
2026-08-02T14:00,29.5,28,30.5,0.0,0.0,,5.2,56,14.0,
2026-08-02T14:15,29.8,27,30.8,0.0,0.0,,4.7,58,13.3,
2026-08-02T14:30,30.1,27,31.2,0.0,0.0,,4.4,55,13.3,
2026-08-02T14:45,30.3,26,31.3,0.0,0.0,,4.3,48,13.3,
2026-08-02T15:00,30.5,26,31.5,0.0,0.0,,4.3,42,13.7,
2026-08-02T15:15,30.7,26,31.6,0.0,0.0,,4.9,36,14.0,
2026-08-02T15:30,30.9,26,31.6,0.0,0.0,,5.3,28,14.8,
2026-08-02T15:45,31.0,25,31.3,0.0,0.0,,6.0,25,15.5,
2026-08-02T16:00,31.1,25,31.2,0.0,0.0,,6.6,22,16.6,
2026-08-02T16:15,31.2,24,30.8,0.0,0.0,,7.3,20,18.0,
2026-08-02T16:30,31.4,23,30.6,0.0,0.0,,8.0,18,19.8,
2026-08-02T16:45,31.5,23,30.4,0.0,0.0,,8.7,17,21.2,
2026-08-02T17:00,31.5,22,30.1,0.0,0.0,,8.6,15,22.3,
2026-08-02T17:15,31.6,22,30.0,0.0,0.0,,8.1,13,22.7,
2026-08-02T17:30,31.6,22,29.9,0.0,0.0,,7.3,9,22.7,
2026-08-02T17:45,31.5,23,30.1,0.0,0.0,,6.2,7,22.0,
2026-08-02T18:00,31.6,23,30.2,0.0,0.0,,5.4,4,20.9,
2026-08-02T18:15,31.7,23,30.5,0.0,0.0,,4.4,9,19.1,
2026-08-02T18:30,31.8,23,30.8,0.0,0.0,,3.5,24,16.2,
2026-08-02T18:45,31.9,22,30.8,0.0,0.0,,3.1,36,13.7,
2026-08-02T19:00,31.9,22,30.8,0.0,0.0,,3.3,41,12.2,
2026-08-02T19:15,31.9,22,30.6,0.0,0.0,,4.0,27,12.2,
2026-08-02T19:30,31.8,22,30.3,0.0,0.0,,5.9,11,13.3,
2026-08-02T19:45,31.6,21,29.6,0.0,0.0,,8.0,5,14.8,
2026-08-02T20:00,31.4,21,29.2,0.0,0.0,,9.4,2,16.2,
2026-08-02T20:15,31.2,21,28.8,0.0,0.0,,10.1,4,17.6,
2026-08-02T20:30,31.0,20,28.4,0.0,0.0,,10.5,8,19.4,
2026-08-02T20:45,30.8,20,28.1,0.0,0.0,,10.3,12,21.2,
2026-08-02T21:00,30.5,20,27.7,0.0,0.0,,10.5,16,22.3,
2026-08-02T21:15,30.2,20,27.4,0.0,0.0,,10.2,18,22.7,
2026-08-02T21:30,29.8,21,27.2,0.0,0.0,,9.6,20,22.7,
2026-08-02T21:45,29.5,22,27.0,0.0,0.0,,9.2,21,22.3,
2026-08-02T22:00,29.1,23,26.8,0.0,0.0,,8.6,22,21.6,
2026-08-02T22:15,28.7,24,26.6,0.0,0.0,,8.1,21,20.5,
2026-08-02T22:30,28.3,26,26.5,0.0,0.0,,7.2,18,19.4,
2026-08-02T22:45,27.9,27,26.2,0.0,0.0,,6.6,13,18.0,
2026-08-02T23:00,27.5,28,25.9,0.0,0.0,,6.2,10,16.6,
2026-08-02T23:15,27.2,29,25.7,0.0,0.0,,5.8,7,15.5,
2026-08-02T23:30,26.8,30,25.5,0.0,0.0,,5.4,8,14.4,
2026-08-02T23:45,26.5,30,25.1,0.0,0.0,,5.1,8,13.3,
2026-08-03T00:00,26.2,31,25.0,0.0,0.0,,4.7,9,12.2,
2026-08-03T00:15,25.9,32,24.8,0.0,0.0,,4.4,9,11.5,
2026-08-03T00:30,25.7,32,24.5,0.0,0.0,,4.4,9,10.8,
2026-08-03T00:45,25.4,32,24.2,0.0,0.0,,4.0,10,10.1,
2026-08-03T01:00,25.2,33,24.0,0.0,0.0,,4.0,10,9.7,
2026-08-03T01:15,25.0,34,23.9,0.0,0.0,,4.0,10,9.4,
2026-08-03T01:30,24.7,35,23.6,0.0,0.0,,4.3,5,9.4,
2026-08-03T01:45,24.5,36,23.5,0.0,0.0,,4.3,360,9.0,
2026-08-03T02:00,24.3,37,23.4,0.0,0.0,,4.3,360,9.0,
2026-08-03T02:15,24.1,38,23.2,0.0,0.0,,4.3,360,9.0,
2026-08-03T02:30,23.8,40,23.1,0.0,0.0,,4.0,360,8.6,
2026-08-03T02:45,23.6,41,23.0,0.0,0.0,,3.6,6,8.6,
2026-08-03T03:00,23.4,42,22.8,0.0,0.0,,3.3,6,8.3,
2026-08-03T03:15,23.2,43,22.7,0.0,0.0,,2.9,7,7.9,
2026-08-03T03:30,23.0,44,22.6,0.0,0.0,,2.9,7,7.2,
2026-08-03T03:45,22.8,45,22.5,0.0,0.0,,2.5,8,6.5,
2026-08-03T04:00,22.6,46,22.4,0.0,0.0,,2.5,8,6.1,
2026-08-03T04:15,22.5,47,22.3,0.0,0.0,,2.5,8,5.8,
2026-08-03T04:30,22.3,48,22.2,0.0,0.0,,2.5,360,5.8,
2026-08-03T04:45,22.2,48,22.1,0.0,0.0,,2.5,352,5.4,
2026-08-03T05:00,22.1,49,22.0,0.0,0.0,,2.5,352,5.4,
2026-08-03T05:15,22.1,49,22.0,0.0,0.0,,2.5,352,5.4,
2026-08-03T05:30,22.0,50,21.9,0.0,0.0,,2.5,352,5.0,
2026-08-03T05:45,22.0,50,21.9,0.0,0.0,,2.5,360,5.0,
2026-08-03T06:00,21.9,50,21.9,0.0,0.0,,2.5,360,5.0,
2026-08-03T06:15,21.9,50,21.9,0.0,0.0,,2.2,360,5.0,
2026-08-03T06:30,21.9,51,22.0,0.0,0.0,,1.8,349,5.0,
2026-08-03T06:45,21.9,51,22.1,0.0,0.0,,1.5,346,5.0,
2026-08-03T07:00,21.9,51,22.1,0.0,0.0,,1.5,346,5.4,
2026-08-03T07:15,21.9,51,22.0,0.0,0.0,,1.8,349,5.8,
2026-08-03T07:30,21.9,52,22.0,0.0,0.0,,2.9,360,6.1,
2026-08-03T07:45,22.0,52,22.0,0.0,0.0,,3.6,360,6.8,
2026-08-03T08:00,22.1,52,22.0,0.0,0.0,,4.0,5,7.2,
2026-08-03T08:15,22.3,52,22.3,0.0,0.0,,4.0,10,7.6,
2026-08-03T08:30,22.5,51,22.5,0.0,0.0,,3.8,17,7.9,
2026-08-03T08:45,22.8,50,22.8,0.0,0.0,,3.4,32,8.3,
2026-08-03T09:00,23.1,49,23.2,0.0,0.0,,3.3,41,8.6,
2026-08-03T09:15,23.5,48,23.6,0.0,0.0,,3.6,45,9.0,
2026-08-03T09:30,24.0,47,24.1,0.0,0.0,,3.6,53,9.4,
2026-08-03T09:45,24.5,46,24.6,0.0,0.0,,3.6,53,9.7,
2026-08-03T10:00,25.1,45,25.3,0.0,0.0,,3.9,56,10.1,
2026-08-03T10:15,25.9,43,26.1,0.0,0.0,,4.2,59,10.8,
2026-08-03T10:30,26.9,42,27.1,0.0,0.0,,4.7,67,11.5,
2026-08-03T10:45,27.8,40,28.1,0.0,0.0,,4.9,73,12.2,
2026-08-03T11:00,28.7,38,29.1,0.0,0.0,,5.2,78,12.6,
2026-08-03T11:15,29.4,37,30.1,0.0,0.0,,5.1,86,12.6,
2026-08-03T11:30,30.0,36,31.0,0.0,0.0,,5.1,94,12.2,
2026-08-03T11:45,30.5,35,31.8,0.0,0.0,,4.8,103,12.2,
2026-08-03T12:00,31.0,34,32.4,0.0,0.0,,5.0,111,13.0,
2026-08-03T12:15,31.5,34,33.1,0.0,0.0,,5.2,115,14.8,
2026-08-03T12:30,32.0,34,33.7,0.0,0.0,,5.3,118,17.3,
2026-08-03T12:45,32.4,34,34.3,0.0,0.0,,5.3,118,20.2,
2026-08-03T13:00,32.8,34,35.0,0.0,0.0,,4.9,126,22.3,
2026-08-03T13:15,33.3,33,35.5,0.0,0.0,,4.1,142,24.1,
2026-08-03T13:30,33.7,32,35.9,0.0,0.0,,4.0,170,25.6,
2026-08-03T13:45,34.1,31,35.9,0.0,0.0,,4.9,197,27.0,
2026-08-03T14:00,34.3,31,35.4,0.0,0.0,,6.1,208,28.4,
2026-08-03T14:15,34.1,33,35.0,0.0,0.0,,7.2,207,30.6,
2026-08-03T14:30,33.7,35,34.5,0.0,0.0,,8.9,201,33.1,
2026-08-03T14:45,33.3,38,34.3,0.0,0.0,,9.8,197,34.9,
2026-08-03T15:00,33.0,39,34.1,0.0,0.0,,10.0,201,36.0,
2026-08-03T15:15,33.1,39,34.3,0.0,0.0,,9.5,217,35.3,
2026-08-03T15:30,33.3,37,34.2,0.0,0.0,,9.5,245,33.1,
2026-08-03T15:45,33.6,35,33.9,0.0,0.0,,11.6,265,31.0,
2026-08-03T16:00,33.8,34,33.8,0.0,0.0,,13.3,272,29.5,
2026-08-03T16:15,34.2,33,34.2,0.0,0.0,,13.0,265,28.8,
2026-08-03T16:30,34.7,32,34.9,0.0,0.0,,12.0,249,28.4,
2026-08-03T16:45,35.0,31,35.0,0.0,0.0,,12.3,232,29.2,
2026-08-03T17:00,34.8,31,34.6,0.0,0.0,,13.7,225,31.7,
2026-08-03T17:15,33.9,33,33.4,0.0,0.0,,16.1,231,37.4,
2026-08-03T17:30,32.6,36,31.6,0.0,0.0,,19.5,240,45.4,
2026-08-03T17:45,31.1,39,29.6,0.0,0.0,,23.3,248,53.3,
2026-08-03T18:00,30.0,41,28.2,0.0,0.0,,24.8,253,58.0,
2026-08-03T18:15,29.5,42,27.8,0.0,0.0,,23.7,257,59.0,
2026-08-03T18:30,29.2,44,28.1,0.0,0.0,,20.8,261,58.0,
2026-08-03T18:45,29.1,44,28.5,0.0,0.0,,17.3,266,55.1,
2026-08-03T19:00,28.9,45,28.8,0.1,0.1,,14.8,271,51.8,
2026-08-03T19:15,28.6,46,28.8,0.0,0.0,,12.6,275,47.5,
2026-08-03T19:30,28.3,46,28.6,0.0,0.0,,10.5,278,42.1,
2026-08-03T19:45,27.9,46,28.4,0.0,0.0,,8.8,282,36.7,
2026-08-03T20:00,27.8,46,28.4,0.0,0.0,,7.3,281,32.0,
2026-08-03T20:15,27.8,45,28.5,0.0,0.0,,6.2,277,28.4,
2026-08-03T20:30,28.0,44,28.6,0.0,0.0,,5.8,266,25.2,
2026-08-03T20:45,28.2,43,28.9,0.0,0.0,,5.2,254,22.7,
2026-08-03T21:00,28.3,43,29.1,0.0,0.0,,4.5,241,21.2,
2026-08-03T21:15,28.2,43,29.2,0.0,0.0,,2.8,220,21.6,
2026-08-03T21:30,28.0,43,29.1,0.0,0.0,,1.9,158,23.4,
2026-08-03T21:45,27.8,43,28.6,0.0,0.0,,3.5,114,25.2,
2026-08-03T22:00,27.6,45,28.4,0.0,0.0,,4.5,104,25.6,
2026-08-03T22:15,27.3,48,28.6,0.0,0.0,,3.7,101,24.1,
2026-08-03T22:30,27.0,52,29.1,0.0,0.0,,1.1,108,21.6,
2026-08-03T22:45,26.7,57,29.2,0.0,0.0,,1.1,270,18.7,
2026-08-03T23:00,26.4,60,28.9,0.0,0.0,,2.9,277,16.2,
2026-08-03T23:15,26.0,62,28.5,0.0,0.0,,3.6,276,13.7,
2026-08-03T23:30,25.7,63,28.1,0.0,0.0,,3.6,270,10.8,
2026-08-03T23:45,25.3,64,27.8,0.0,0.0,,3.3,264,8.3,
2026-08-04T00:00,25.1,64,27.5,0.0,0.0,,3.0,256,6.5,
2026-08-04T00:15,24.9,64,27.4,0.0,0.0,,2.3,252,5.4,
2026-08-04T00:30,24.9,64,27.4,0.0,0.0,,1.5,256,5.0,
2026-08-04T00:45,24.9,64,27.6,0.0,0.0,,0.4,270,5.0,
2026-08-04T01:00,24.8,63,27.4,0.0,0.0,,0.0,270,5.0,
2026-08-04T01:15,24.7,62,27.1,0.0,0.0,,0.5,225,4.7,
2026-08-04T01:30,24.6,61,26.6,0.0,0.0,,2.0,225,4.7,
2026-08-04T01:45,24.4,60,26.1,0.0,0.0,,3.3,229,4.7,
2026-08-04T02:00,24.3,59,25.8,0.0,0.0,,3.8,221,5.0,
2026-08-04T02:15,24.3,59,25.7,0.0,0.0,,3.5,204,5.8,
2026-08-04T02:30,24.3,60,25.9,0.0,0.0,,3.3,174,6.5,
2026-08-04T02:45,24.3,61,25.8,0.0,0.0,,4.2,149,7.6,
2026-08-04T03:00,24.2,62,25.7,0.0,0.0,,5.6,140,9.7,
2026-08-04T03:15,24.2,63,25.4,0.0,0.0,,7.7,143,13.3,
2026-08-04T03:30,24.1,65,25.2,0.0,0.0,,9.7,149,17.6,
2026-08-04T03:45,24.0,67,25.0,0.0,0.0,,11.8,153,22.3,
2026-08-04T04:00,24.0,67,24.8,0.0,0.0,,13.0,156,25.6,
2026-08-04T04:15,23.9,66,24.5,0.0,0.0,,13.4,160,27.7,
2026-08-04T04:30,23.9,63,24.3,0.0,0.0,,13.0,166,28.8,
2026-08-04T04:45,23.9,60,24.1,0.0,0.0,,12.0,171,29.5,
2026-08-04T05:00,23.9,59,24.1,0.0,0.0,,10.8,178,29.2,
2026-08-04T05:15,23.8,59,24.3,0.0,0.0,,8.3,185,27.4,
2026-08-04T05:30,23.7,60,24.8,0.0,0.0,,4.8,207,24.5,
2026-08-04T05:45,23.5,62,25.0,0.0,0.0,,3.4,252,21.6,
2026-08-04T06:00,23.4,63,24.9,0.0,0.0,,3.6,276,19.8,
2026-08-04T06:15,23.2,64,24.8,0.0,0.0,,3.2,243,20.2,
2026-08-04T06:30,23.1,65,24.4,0.0,0.0,,5.7,198,21.6,
2026-08-04T06:45,23.0,65,23.7,0.0,0.0,,9.4,182,23.4,
2026-08-04T07:00,22.9,66,23.3,0.0,0.0,,11.9,178,24.5,
2026-08-04T07:15,22.8,67,23.2,0.0,0.0,,11.9,180,24.8,
2026-08-04T07:30,22.7,68,23.3,0.0,0.0,,10.9,188,25.2,
2026-08-04T07:45,22.6,69,23.5,0.0,0.0,,9.7,195,25.2,
2026-08-04T08:00,22.6,70,23.7,0.0,0.0,,9.0,203,24.8,
2026-08-04T08:15,22.6,70,23.7,0.0,0.0,,9.0,209,24.1,
2026-08-04T08:30,22.8,69,23.8,0.0,0.0,,9.7,211,23.0,
2026-08-04T08:45,22.9,69,23.9,0.0,0.0,,9.9,213,22.0,
2026-08-04T09:00,23.1,68,24.0,0.0,0.0,,10.2,212,21.6,
2026-08-04T09:15,23.3,67,24.2,0.0,0.0,,10.3,209,22.0,
2026-08-04T09:30,23.5,67,24.4,0.0,0.0,,10.5,207,23.0,
2026-08-04T09:45,23.7,66,24.6,0.0,0.0,,10.5,202,24.5,
2026-08-04T10:00,23.9,66,24.9,0.0,0.0,,10.4,200,24.8,
2026-08-04T10:15,24.0,66,25.2,0.0,0.0,,9.9,199,24.5,
2026-08-04T10:30,24.2,66,25.5,0.0,0.0,,9.4,198,23.4,
2026-08-04T10:45,24.3,66,25.7,0.0,0.0,,8.9,194,22.3,
2026-08-04T11:00,24.6,65,26.1,0.0,0.0,,8.9,194,22.0,
2026-08-04T11:15,25.1,64,26.5,0.0,0.0,,9.3,193,22.3,
2026-08-04T11:30,25.6,63,27.0,0.0,0.0,,10.0,195,23.0,
2026-08-04T11:45,26.2,61,27.5,0.0,0.0,,10.8,195,23.8,
2026-08-04T12:00,26.7,59,28.0,0.0,0.0,,11.3,197,24.8,
2026-08-04T12:15,27.3,57,28.8,0.0,0.0,,11.5,200,25.9,
2026-08-04T12:30,27.8,55,29.6,0.0,0.0,,11.9,205,27.4,
2026-08-04T12:45,28.3,53,30.3,0.0,0.0,,12.1,210,28.4,
2026-08-04T13:00,28.8,50,30.7,0.0,0.0,,12.5,213,29.5,
2026-08-04T13:15,29.3,47,31.0,0.0,0.0,,12.7,215,30.2,
2026-08-04T13:30,29.7,44,31.1,0.0,0.0,,13.2,215,30.2,
2026-08-04T13:45,30.1,41,31.2,0.0,0.0,,13.4,216,30.6,
2026-08-04T14:00,30.4,38,31.2,0.0,0.0,,13.6,217,31.0,
2026-08-04T14:15,30.6,36,31.1,0.0,0.0,,13.6,220,31.7,
2026-08-04T14:30,30.7,35,31.1,0.0,0.0,,13.8,223,32.4,
2026-08-04T14:45,30.9,35,31.3,0.0,0.0,,13.8,227,33.1,
2026-08-04T15:00,31.0,34,31.3,0.0,0.0,,13.8,229,33.5,
2026-08-04T15:15,31.1,33,31.3,0.0,0.0,,13.6,233,33.1,
2026-08-04T15:30,31.2,32,31.4,0.0,0.0,,13.7,235,32.8,
2026-08-04T15:45,31.3,32,31.5,0.0,0.0,,13.3,237,32.0,
2026-08-04T16:00,31.4,31,31.4,0.0,0.0,,13.4,239,31.7,
2026-08-04T16:15,31.6,30,31.2,0.0,0.0,,13.4,239,32.0,
2026-08-04T16:30,31.7,30,31.3,0.0,0.0,,13.6,238,32.4,
2026-08-04T16:45,31.8,29,31.0,0.0,0.0,,13.8,237,33.1,
2026-08-04T17:00,31.9,29,30.8,0.0,0.0,,14.6,237,34.2,
2026-08-04T17:15,32.0,30,30.6,0.0,0.0,,15.8,240,35.3,
2026-08-04T17:30,31.9,31,30.2,0.0,0.0,,17.9,242,37.1,
2026-08-04T17:45,31.9,32,30.0,0.0,0.0,,19.5,245,38.5,
2026-08-04T18:00,31.8,33,30.0,0.0,0.0,,20.1,246,39.6,
2026-08-04T18:15,31.6,33,29.9,0.0,0.0,,18.8,244,40.7,
2026-08-04T18:30,31.3,33,29.9,0.0,0.0,,16.6,240,41.8,
2026-08-04T18:45,31.0,34,30.0,0.0,0.0,,14.3,236,42.5,
2026-08-04T19:00,30.8,34,29.9,0.0,0.0,,12.8,232,42.1,
2026-08-04T19:15,30.6,35,29.8,0.0,0.0,,12.8,232,40.7,
2026-08-04T19:30,30.4,37,29.8,0.0,0.0,,13.7,235,38.2,
2026-08-04T19:45,30.2,38,29.5,0.0,0.0,,14.6,237,35.3,
2026-08-04T20:00,30.1,39,29.4,0.0,0.0,,15.2,239,33.5,
2026-08-04T20:15,29.9,39,29.2,0.0,0.0,,15.1,237,32.8,
2026-08-04T20:30,29.7,40,29.1,0.0,0.0,,15.0,235,32.8,
2026-08-04T20:45,29.6,40,28.9,0.0,0.0,,14.6,232,33.1,
2026-08-04T21:00,29.3,40,28.7,0.0,0.0,,14.3,229,32.8,
2026-08-04T21:15,29.0,41,28.4,0.0,0.0,,14.0,228,31.7,
2026-08-04T21:30,28.7,42,28.2,0.0,0.0,,13.8,227,30.6,
2026-08-04T21:45,28.3,43,27.9,0.0,0.0,,13.5,226,29.2,
2026-08-04T22:00,28.0,44,27.6,0.0,0.0,,13.0,226,28.4,
2026-08-04T22:15,27.6,45,27.3,0.0,0.0,,12.5,226,28.4,
2026-08-04T22:30,27.3,47,27.3,0.0,0.0,,11.7,225,29.2,
2026-08-04T22:45,27.0,48,27.0,0.0,0.0,,11.5,224,29.9,
2026-08-04T23:00,26.7,49,26.8,0.0,0.0,,10.9,224,29.9,
2026-08-04T23:15,26.4,50,26.5,0.0,0.0,,10.9,224,28.4,
2026-08-04T23:30,26.1,51,26.2,0.0,0.0,,10.9,224,26.6,
2026-08-04T23:45,25.8,52,25.9,0.0,0.0,,11.2,225,24.5,
2026-08-05T00:00,25.5,53,25.6,0.0,0.0,,11.5,226,23.4,
2026-08-05T00:15,25.2,54,25.3,0.0,0.0,,11.5,229,23.4,
2026-08-05T00:30,25.0,54,24.9,0.0,0.0,,11.8,232,24.1,
2026-08-05T00:45,24.8,55,24.7,0.0,0.0,,12.0,237,25.2,
2026-08-05T01:00,24.6,55,24.4,0.0,0.0,,12.4,240,25.9,
2026-08-05T01:15,24.4,55,24.1,0.0,0.0,,12.6,243,26.6,
2026-08-05T01:30,24.2,56,24.0,0.0,0.0,,12.7,245,27.0,
2026-08-05T01:45,24.1,56,23.8,0.0,0.0,,13.0,246,27.7,
2026-08-05T02:00,23.9,57,23.6,0.0,0.0,,13.2,248,28.1,
2026-08-05T02:15,23.7,58,23.4,0.0,0.0,,13.4,250,28.1,
2026-08-05T02:30,23.4,58,23.0,0.0,0.0,,13.3,251,28.1,
2026-08-05T02:45,23.2,59,22.8,0.0,0.0,,13.3,251,28.1,
2026-08-05T03:00,23.0,60,22.6,0.0,0.0,,13.6,253,28.1,
2026-08-05T03:15,22.8,61,22.4,0.0,0.0,,13.9,253,28.4,
2026-08-05T03:30,22.7,61,22.2,0.0,0.0,,14.1,255,28.8,
2026-08-05T03:45,22.5,62,22.0,0.0,0.0,,14.5,256,29.5,
2026-08-05T04:00,22.3,63,21.9,0.0,0.0,,14.5,256,29.9,
2026-08-05T04:15,22.1,64,21.7,0.0,0.0,,14.1,255,30.2,
2026-08-05T04:30,21.8,65,21.5,0.0,0.0,,13.9,253,30.6,
2026-08-05T04:45,21.5,66,21.2,0.0,0.0,,13.3,251,30.6,
2026-08-05T05:00,21.3,67,21.0,0.0,0.0,,13.1,249,30.6,
2026-08-05T05:15,21.0,68,20.7,0.0,0.0,,13.2,248,30.2,
2026-08-05T05:30,20.7,69,20.5,0.0,0.0,,12.9,247,29.5,
2026-08-05T05:45,20.5,71,20.3,0.0,0.0,,13.0,246,28.8,
2026-08-05T06:00,20.2,72,20.0,0.0,0.0,,13.0,246,28.1,
2026-08-05T06:15,20.0,73,19.8,0.0,0.0,,12.9,243,27.7,
2026-08-05T06:30,19.8,75,19.7,0.0,0.0,,12.9,243,27.4,
2026-08-05T06:45,19.6,76,19.5,0.0,0.0,,12.7,241,27.4,
2026-08-05T07:00,19.5,77,19.5,0.0,0.0,,12.4,240,27.0,
2026-08-05T07:15,19.5,77,19.5,0.0,0.0,,12.1,240,27.0,
2026-08-05T07:30,19.6,77,19.6,0.0,0.0,,12.3,238,26.6,
2026-08-05T07:45,19.7,77,19.9,0.0,0.0,,12.0,237,26.6,
2026-08-05T08:00,19.9,77,20.2,0.0,0.0,,11.7,236,26.3,
2026-08-05T08:15,20.2,77,20.6,0.0,0.0,,11.4,235,25.6,
2026-08-05T08:30,20.4,76,20.9,0.0,0.0,,11.0,232,24.8,
2026-08-05T08:45,20.7,76,21.4,0.0,0.0,,10.7,230,24.1,
2026-08-05T09:00,21.0,75,21.7,0.0,0.0,,10.7,230,24.1,
2026-08-05T09:15,21.3,74,22.0,0.0,0.0,,10.8,233,24.8,
2026-08-05T09:30,21.6,74,22.3,0.0,0.0,,11.4,235,25.9,
2026-08-05T09:45,21.8,72,22.4,0.0,0.0,,11.8,239,27.0,
2026-08-05T10:00,22.1,71,22.7,0.0,0.0,,12.2,242,28.1,
2026-08-05T10:15,22.4,69,22.9,0.0,0.0,,12.4,244,28.8,
2026-08-05T10:30,22.7,67,23.0,0.0,0.0,,12.7,245,29.2,
2026-08-05T10:45,23.0,64,23.1,0.0,0.0,,12.7,245,29.5,
2026-08-05T11:00,23.3,61,23.2,0.0,0.0,,13.0,246,30.2,
2026-08-05T11:15,23.7,58,23.4,0.0,0.0,,13.9,245,31.3,
2026-08-05T11:30,24.1,55,23.5,0.0,0.0,,14.8,244,32.4,
2026-08-05T11:45,24.5,51,23.4,0.0,0.0,,15.8,243,33.8,
2026-08-05T12:00,24.9,49,23.7,0.0,0.0,,16.3,242,34.9,
2026-08-05T12:15,25.1,47,23.8,0.0,0.0,,16.8,242,35.6,
2026-08-05T12:30,25.3,47,24.0,0.0,0.0,,16.8,242,36.4,
2026-08-05T12:45,25.4,46,24.2,0.0,0.0,,16.6,243,36.7,
2026-08-05T13:00,25.6,45,24.2,0.0,0.0,,16.6,243,37.1,
2026-08-05T13:15,25.9,44,24.3,0.0,0.0,,16.7,245,37.1,
2026-08-05T13:30,26.2,42,24.4,0.0,0.0,,17.4,246,37.1,
2026-08-05T13:45,26.5,40,24.5,0.0,0.0,,17.4,248,36.7,
2026-08-05T14:00,26.7,39,24.8,0.0,0.0,,17.7,250,36.7,
2026-08-05T14:15,27.0,38,25.2,0.0,0.0,,17.1,252,36.7,
2026-08-05T14:30,27.2,36,25.5,0.0,0.0,,16.5,254,37.1,
2026-08-05T14:45,27.5,35,25.9,0.0,0.0,,15.5,257,37.4,
2026-08-05T15:00,27.6,34,26.1,0.0,0.0,,15.0,259,37.8,
2026-08-05T15:15,27.7,33,26.1,0.0,0.0,,15.3,261,38.5,
2026-08-05T15:30,27.8,33,26.1,0.0,0.0,,15.9,264,39.2,
2026-08-05T15:45,27.9,32,25.8,0.0,0.0,,16.6,265,40.3,
2026-08-05T16:00,27.9,32,25.6,0.0,0.0,,16.6,266,40.7,
2026-08-05T16:15,27.8,32,25.4,0.0,0.0,,15.8,269,40.7,
2026-08-05T16:30,27.8,32,25.6,0.0,0.0,,14.4,271,40.7,
2026-08-05T16:45,27.7,33,25.8,0.0,0.0,,13.0,275,40.7,
2026-08-05T17:00,27.6,33,25.7,0.0,0.0,,12.4,278,40.3,
2026-08-05T17:15,27.5,33,25.6,0.0,0.0,,12.8,280,40.3,
2026-08-05T17:30,27.5,34,25.5,0.0,0.0,,13.9,280,40.0,
2026-08-05T17:45,27.4,34,25.3,0.0,0.0,,15.3,279,39.6,
2026-08-05T18:00,27.3,34,25.0,0.0,0.0,,16.0,279,39.2,
2026-08-05T18:15,27.2,34,24.8,0.0,0.0,,16.4,279,38.5,
2026-08-05T18:30,27.0,34,24.5,0.0,0.0,,16.8,279,37.8,
2026-08-05T18:45,26.8,34,24.3,0.0,0.0,,16.8,279,37.1,
2026-08-05T19:00,26.6,34,24.2,0.0,0.0,,16.0,278,36.0,
2026-08-05T19:15,26.4,34,24.1,0.0,0.0,,14.5,276,34.9,
2026-08-05T19:30,26.2,34,24.2,0.0,0.0,,12.6,272,33.5,
2026-08-05T19:45,26.0,35,24.2,0.0,0.0,,10.8,268,32.4,
2026-08-05T20:00,25.7,36,24.2,0.0,0.0,,9.4,270,32.0,
2026-08-05T20:15,25.2,38,23.9,0.0,0.0,,9.3,283,32.4,
2026-08-05T20:30,24.7,40,23.2,0.0,0.0,,10.8,300,33.5,
2026-08-05T20:45,24.2,43,22.6,0.0,0.0,,13.2,313,34.6,
2026-08-05T21:00,23.8,45,21.9,0.0,0.0,,15.0,318,34.9,
2026-08-05T21:15,23.3,50,21.7,0.0,0.0,0,16.1,318,37.1,1010.7
2026-08-05T21:30,23.2,47,21.4,0.0,0.0,1,14.8,319,33.1,1011.0
2026-08-05T21:45,22.9,48,21.2,0.0,0.0,1,14.0,318,32.0,1011.3
2026-08-05T22:00,22.6,49,21.1,0.0,0.0,1,13.5,318,31.0,1011.5
2026-08-05T22:15,22.3,50,20.8,0.0,0.0,0,13.3,319,30.2,1011.7
2026-08-05T22:30,22.0,51,20.6,0.0,0.0,0,12.5,321,29.5,1011.8
2026-08-05T22:45,21.8,51,20.4,0.0,0.0,0,12.1,323,29.2,1011.9
2026-08-05T23:00,21.5,52,20.1,0.0,0.0,0,11.9,325,28.4,1011.9
2026-08-05T23:15,21.6,50,20.1,0.0,0.0,,11.9,325,27.7,
2026-08-05T23:30,21.3,51,19.8,0.0,0.0,,11.9,325,27.4,
2026-08-05T23:45,21.0,51,19.5,0.0,0.0,,11.6,324,26.6,
2026-08-06T00:00,20.8,52,19.3,0.0,0.0,,11.3,323,26.3,
2026-08-06T00:15,20.5,53,19.0,0.0,0.0,,11.1,324,25.9,
2026-08-06T00:30,20.2,53,18.7,0.0,0.0,,11.1,324,25.6,
2026-08-06T00:45,19.9,54,18.5,0.0,0.0,,10.6,325,24.8,
2026-08-06T01:00,19.7,54,18.2,0.0,0.0,,10.4,326,24.5,
2026-08-06T01:15,19.5,54,18.1,0.0,0.0,,9.9,327,24.1,
2026-08-06T01:30,19.4,53,17.9,0.0,0.0,,9.6,326,23.4,
2026-08-06T01:45,19.4,52,17.9,0.0,0.0,,9.1,326,23.0,
2026-08-06T02:00,19.3,52,17.8,0.0,0.0,,8.8,325,22.3,
2026-08-06T02:15,19.1,52,17.6,0.0,0.0,,8.5,324,21.6,
2026-08-06T02:30,19.0,53,17.6,0.0,0.0,,8.0,324,20.9,
2026-08-06T02:45,18.8,54,17.5,0.0,0.0,,7.7,323,19.8,
2026-08-06T03:00,18.7,55,17.5,0.0,0.0,,7.4,321,19.1,
2026-08-06T03:15,18.5,56,17.4,0.0,0.0,,7.1,319,18.4,
2026-08-06T03:30,18.4,57,17.3,0.0,0.0,,7.1,315,17.6,
2026-08-06T03:45,18.3,58,17.2,0.0,0.0,,7.1,311,16.9,
2026-08-06T04:00,18.2,59,17.2,0.0,0.0,,6.9,309,16.6,
2026-08-06T04:15,18.1,59,17.2,0.0,0.0,,6.6,311,16.2,
2026-08-06T04:30,18.1,59,17.1,0.0,0.0,,6.6,315,16.2,
2026-08-06T04:45,18.1,59,17.1,0.0,0.0,,6.4,317,15.8,
2026-08-06T05:00,18.0,59,17.1,0.0,0.0,,6.1,320,15.5,
2026-08-06T05:15,17.9,60,17.1,0.0,0.0,,5.6,315,14.8,
2026-08-06T05:30,17.9,60,17.1,0.0,0.0,,5.5,302,14.0,
2026-08-06T05:45,17.7,61,17.0,0.0,0.0,,5.4,290,13.3,
2026-08-06T06:00,17.6,62,16.9,0.0,0.0,,5.5,281,13.0,
2026-08-06T06:15,17.5,63,16.8,0.0,0.0,,5.8,277,13.0,
2026-08-06T06:30,17.3,64,16.6,0.0,0.0,,5.8,277,13.3,
2026-08-06T06:45,17.1,64,16.3,0.0,0.0,,6.2,277,13.7,
2026-08-06T07:00,17.0,65,16.2,0.0,0.0,,6.2,277,14.0,
2026-08-06T07:15,17.0,66,16.3,0.0,0.0,,6.2,280,14.4,
2026-08-06T07:30,17.0,66,16.3,0.0,0.0,,6.0,287,14.4,
2026-08-06T07:45,17.1,67,16.6,0.0,0.0,,5.8,292,14.8,
2026-08-06T08:00,17.2,67,16.7,0.0,0.0,,6.0,295,14.8,
2026-08-06T08:15,17.3,67,16.7,0.0,0.0,,6.0,295,14.8,
2026-08-06T08:30,17.4,67,16.9,0.0,0.0,,5.8,292,14.4,
2026-08-06T08:45,17.5,67,17.0,0.0,0.0,,6.0,287,14.4,
2026-08-06T09:00,17.6,67,17.2,0.0,0.0,,6.0,287,14.4,
2026-08-06T09:15,17.9,66,17.4,0.0,0.0,,6.2,291,14.8,
2026-08-06T09:30,18.1,66,17.7,0.0,0.0,,6.4,297,15.5,
2026-08-06T09:45,18.5,64,17.9,0.0,0.0,,7.0,305,16.6,
2026-08-06T10:00,18.8,63,18.2,0.0,0.0,3,7.4,309,17.6,1014.9
2026-08-06T10:15,19.1,61,18.4,0.0,0.0,2,7.9,313,19.1,1015.0
2026-08-06T10:30,19.4,59,18.5,0.0,0.0,,8.7,318,21.2,
2026-08-06T10:45,19.7,56,18.5,0.0,0.0,,9.5,323,23.0,
2026-08-06T11:00,20.0,54,18.8,0.0,0.0,,10.0,322,24.5,
2026-08-06T11:15,20.4,52,19.3,0.0,0.0,2,10.2,321,25.2,1015.4
2026-08-06T11:30,20.7,50,19.8,0.0,0.0,2,10.4,316,25.2,1015.4
2026-08-06T11:45,21.1,49,20.3,0.0,0.0,2,10.7,312,25.2,1015.3
2026-08-06T12:00,21.3,47,20.1,0.0,0.0,,8.8,305,21.2,
2026-08-06T12:15,21.5,46,20.4,0.0,0.0,,9.3,306,22.0,
2026-08-06T12:30,21.8,45,20.8,0.0,0.0,,9.5,307,23.8,
2026-08-06T12:45,22.0,45,21.1,0.0,0.0,,10.2,309,25.2,
2026-08-06T13:00,22.2,44,21.4,0.0,0.0,,10.7,312,26.3,
2026-08-06T13:15,22.5,43,21.8,0.0,0.0,,11.2,315,26.6,
2026-08-06T13:30,22.9,41,22.1,0.0,0.0,1,12.0,316,26.3,1014.9
2026-08-06T13:45,23.3,40,22.5,0.0,0.0,,12.8,320,25.9,
2026-08-06T14:00,23.6,38,22.7,0.0,0.0,,13.0,321,25.9,
2026-08-06T14:15,23.8,36,22.8,0.0,0.0,1,13.3,322,26.3,1014.8
2026-08-06T14:30,24.0,34,22.9,0.0,0.0,1,13.1,323,27.0,1014.8
2026-08-06T14:45,24.2,31,22.9,0.0,0.0,1,12.9,324,27.7,1014.8
2026-08-06T15:00,24.3,30,23.0,0.0,0.0,1,12.3,322,28.1,1014.8
2026-08-06T15:15,24.5,30,23.3,0.0,0.0,0,11.2,318,28.1,1014.8
2026-08-06T15:30,24.6,32,23.7,0.0,0.0,0,9.9,314,24.8,1014.6
2026-08-06T15:45,24.8,31,23.8,0.0,0.0,0,9.4,310,25.2,1014.5
2026-08-06T16:00,24.9,31,24.0,0.0,0.0,0,9.3,306,25.6,1014.4
2026-08-06T16:15,25.1,31,24.0,0.0,0.0,1,9.5,299,25.9,1014.3
2026-08-06T16:30,25.2,30,23.8,0.0,0.0,1,10.3,295,26.6,1014.2
2026-08-06T16:45,25.4,30,23.7,0.0,0.0,1,11.5,290,27.4,1014.1
2026-08-06T17:00,25.4,31,23.6,0.0,0.0,,11.6,306,28.4,
2026-08-06T17:15,25.4,31,23.3,0.0,0.0,,12.3,310,29.5,
2026-08-06T17:30,25.4,32,23.0,0.0,0.0,,13.5,314,30.6,
2026-08-06T17:45,25.2,30,22.2,0.0,0.0,0,14.7,306,32.4,1014.1
2026-08-06T18:00,25.3,32,22.4,0.0,0.0,,14.8,321,32.8,
2026-08-06T18:15,25.2,32,22.4,0.0,0.0,0,14.3,321,33.5,1013.8
2026-08-06T18:30,25.0,31,22.2,0.0,0.0,,13.3,322,34.6,
2026-08-06T18:45,24.8,30,22.1,0.0,0.0,,12.0,321,34.9,
2026-08-06T19:00,24.7,30,22.0,0.0,0.0,,11.2,320,35.3,
2026-08-06T19:15,24.6,30,21.9,0.0,0.0,,11.0,322,34.9,
2026-08-06T19:30,24.5,31,22.0,0.0,0.0,,11.1,324,34.2,
2026-08-06T19:45,24.4,32,21.9,0.0,0.0,,11.4,325,33.5,
2026-08-06T20:00,24.3,33,21.8,0.0,0.0,,11.7,326,33.1,
2026-08-06T20:15,24.0,33,21.4,0.0,0.0,,12.2,326,32.8,
2026-08-06T20:30,23.7,33,20.9,0.0,0.0,,12.6,323,32.8,
2026-08-06T20:45,23.3,32,20.3,0.0,0.0,,13.1,323,33.1,
2026-08-06T21:00,22.9,33,19.9,0.0,0.0,,13.4,324,33.1,
2026-08-06T21:15,22.5,35,19.6,0.0,0.0,,13.3,327,33.5,
2026-08-06T21:30,22.0,38,19.3,0.0,0.0,,13.2,331,34.6,
2026-08-06T21:45,21.5,42,19.1,0.0,0.0,,13.0,336,34.9,
2026-08-06T22:00,21.1,44,18.8,0.0,0.0,,13.0,341,34.9,
2026-08-06T22:15,20.7,45,18.4,0.0,0.0,,12.8,344,33.8,
2026-08-06T22:30,20.4,46,18.2,0.0,0.0,,12.2,346,32.0,
2026-08-06T22:45,20.2,46,18.0,0.0,0.0,,11.8,348,30.2,
2026-08-06T23:00,19.9,46,17.7,0.0,0.0,,11.3,351,28.8,
2026-08-06T23:15,19.7,46,17.5,0.0,0.0,,10.9,354,28.1,
2026-08-06T23:30,19.4,45,17.2,0.0,0.0,,10.1,356,27.4,
2026-08-06T23:45,19.2,44,17.0,0.0,0.0,,9.4,358,26.6,
2026-08-07T00:00,18.9,44,16.7,0.0,0.0,,9.0,360,25.9,
2026-08-07T00:15,18.7,44,16.5,0.0,0.0,,8.6,360,24.8,
2026-08-07T00:30,18.5,44,16.2,0.0,0.0,,8.6,360,23.0,
2026-08-07T00:45,18.3,44,16.0,0.0,0.0,,8.3,358,21.6,
2026-08-07T01:00,18.0,45,15.8,0.0,0.0,,8.3,355,20.5,
2026-08-07T01:15,17.8,47,15.6,0.0,0.0,,8.4,353,19.8,
2026-08-07T01:30,17.5,49,15.5,0.0,0.0,,8.1,347,19.4,
2026-08-07T01:45,17.2,51,15.3,0.0,0.0,,8.2,345,19.1,
2026-08-07T02:00,17.0,53,15.1,0.0,0.0,,8.0,342,18.7,
2026-08-07T02:15,16.7,55,15.0,0.0,0.0,,7.8,338,18.4,
2026-08-07T02:30,16.5,56,14.8,0.0,0.0,,7.8,338,18.0,
2026-08-07T02:45,16.3,57,14.6,0.0,0.0,,7.4,337,17.6,
2026-08-07T03:00,16.1,58,14.5,0.0,0.0,,7.1,336,17.3,
2026-08-07T03:15,15.9,59,14.3,0.0,0.0,,6.8,335,16.9,
2026-08-07T03:30,15.7,60,14.2,0.0,0.0,,6.3,336,16.6,
2026-08-07T03:45,15.5,60,14.1,0.0,0.0,,6.0,335,16.2,
2026-08-07T04:00,15.3,61,13.9,0.0,0.0,,5.6,333,15.8,
2026-08-07T04:15,15.2,62,13.9,0.0,0.0,,5.3,332,15.1,
2026-08-07T04:30,15.0,63,13.7,0.0,0.0,,5.2,326,14.4,
2026-08-07T04:45,14.8,63,13.5,0.0,0.0,,5.1,321,13.3,
2026-08-07T05:00,14.7,64,13.4,0.0,0.0,,4.8,318,12.6,
2026-08-07T05:15,14.5,65,13.3,0.0,0.0,,4.6,315,12.2,
2026-08-07T05:30,14.4,66,13.3,0.0,0.0,,4.6,309,11.9,
2026-08-07T05:45,14.3,66,13.2,0.0,0.0,,4.4,305,11.5,
2026-08-07T06:00,14.2,67,13.1,0.0,0.0,,4.2,301,11.2,
2026-08-07T06:15,14.1,68,13.1,0.0,0.0,,3.9,304,10.8,
2026-08-07T06:30,14.0,69,13.0,0.0,0.0,,3.9,304,10.4,
2026-08-07T06:45,13.9,69,13.0,0.0,0.0,,3.6,307,9.7,
2026-08-07T07:00,13.9,70,13.0,0.0,0.0,,3.3,311,9.7,
2026-08-07T07:15,13.9,71,13.1,0.0,0.0,,3.6,315,9.7,
2026-08-07T07:30,14.0,71,13.1,0.0,0.0,,3.8,319,10.1,
2026-08-07T07:45,14.1,71,13.3,0.0,0.0,,3.9,326,10.8,
2026-08-07T08:00,14.3,71,13.4,0.0,0.0,,4.2,329,11.2,
2026-08-07T08:15,14.5,70,13.7,0.0,0.0,,4.3,336,11.9,
2026-08-07T08:30,14.7,69,13.8,0.0,0.0,0,4.5,331,11.9,1016.4
2026-08-07T08:45,15.0,68,14.1,0.0,0.0,0,4.6,342,11.9,1016.4
2026-08-07T09:00,15.5,67,14.6,0.0,0.0,,5.1,352,13.3,
2026-08-07T09:15,15.8,65,14.9,0.0,0.0,,5.1,352,13.3,
2026-08-07T09:30,16.3,63,15.3,0.0,0.0,,5.1,356,13.3,
2026-08-07T09:45,16.7,61,15.8,0.0,0.0,,4.7,356,13.3,
2026-08-07T10:00,17.1,59,16.2,0.0,0.0,0,4.7,360,13.3,1016.4
2026-08-07T10:15,17.6,57,16.6,0.0,0.0,,4.7,9,13.3,
2026-08-07T10:30,18.3,54,17.4,0.0,0.0,,4.3,24,13.7,
2026-08-07T10:45,18.9,52,18.2,0.0,0.0,,4.9,36,14.0,
2026-08-07T11:00,19.4,50,18.9,0.0,0.0,,5.1,45,14.0,
2026-08-07T11:15,19.6,48,19.2,0.0,0.0,0,5.2,34,14.0,1015.8
2026-08-07T11:30,20.4,47,20.3,0.0,0.0,,4.8,42,14.4,
2026-08-07T11:45,20.8,46,21.0,0.0,0.0,,4.6,39,14.4,
2026-08-07T12:00,21.3,45,21.7,0.0,0.0,,4.4,35,14.4,
2026-08-07T12:15,21.4,44,21.8,0.0,0.0,0,4.1,38,13.3,1015.6
2026-08-07T12:30,22.1,42,22.8,0.0,0.0,,3.6,37,13.3,
2026-08-07T12:45,22.5,41,23.3,0.0,0.0,,3.3,41,12.6,
2026-08-07T13:00,22.9,39,23.8,0.0,0.0,,3.1,45,11.9,
2026-08-07T13:15,23.2,38,24.1,0.0,0.0,0,3.3,41,10.8,1014.8
2026-08-07T13:30,23.7,35,24.4,0.0,0.0,,3.8,41,9.7,
2026-08-07T13:45,24.0,32,24.6,0.0,0.0,,4.1,38,8.6,
2026-08-07T14:00,24.0,34,24.7,0.0,0.0,0,4.6,18,7.9,1014.4
2026-08-07T14:15,24.7,28,24.8,0.0,0.0,,4.7,32,7.9,
2026-08-07T14:30,24.9,26,24.8,0.0,0.0,,5.0,30,8.3,
2026-08-07T14:45,25.2,25,24.9,0.0,0.0,,5.2,25,9.0,
2026-08-07T15:00,25.4,24,24.9,0.0,0.0,,5.5,23,10.1,
2026-08-07T15:15,25.6,24,25.1,0.0,0.0,,5.5,23,11.5,
2026-08-07T15:30,25.8,25,25.3,0.0,0.0,0,5.8,22,13.0,1013.4
2026-08-07T15:45,26.0,26,25.5,0.0,0.0,,5.8,22,14.8,
2026-08-07T16:00,26.1,27,25.6,0.0,0.0,0,6.0,25,16.2,1013.1
2026-08-07T16:15,26.2,27,25.6,0.0,0.0,0,6.1,28,17.3,1012.9
2026-08-07T16:30,26.3,27,25.5,0.0,0.0,0,6.3,31,18.0,1012.8
2026-08-07T16:45,26.4,26,25.2,0.0,0.0,0,6.7,36,18.7,1012.6
2026-08-07T17:00,26.5,24,24.7,0.0,0.0,,7.4,39,19.8,
2026-08-07T17:15,26.5,25,24.5,0.0,0.0,,8.5,36,20.9,
2026-08-07T17:30,26.5,26,24.1,0.0,0.0,,10.5,31,22.0,
2026-08-07T17:45,26.9,27,24.2,0.0,0.0,0,12.6,31,25.9,1012.4
2026-08-07T18:00,26.5,28,23.8,0.0,0.0,,12.6,24,23.8,
2026-08-07T18:15,26.5,28,23.8,0.0,0.0,,12.2,19,24.1,
2026-08-07T18:30,26.5,27,23.9,0.0,0.0,,10.7,14,24.1,
2026-08-07T18:45,26.4,27,23.9,0.0,0.0,0,9.8,6,24.1,1012.3
2026-08-07T19:00,26.3,26,23.9,0.0,0.0,,9.0,360,24.1,
2026-08-07T19:15,26.3,26,23.9,0.0,0.0,,8.6,360,24.1,
2026-08-07T19:30,26.3,25,23.7,0.0,0.0,,8.6,360,24.5,
2026-08-07T19:45,26.0,26,23.4,0.0,0.0,0,9.4,4,24.5,1012.1
2026-08-07T20:00,26.1,25,23.5,0.0,0.0,,8.8,9,24.8,
2026-08-07T20:15,25.9,26,23.3,0.0,0.0,,9.3,16,25.2,
2026-08-07T20:30,25.6,27,22.9,0.0,0.0,,10.0,21,25.6,
2026-08-07T20:45,25.1,29,22.5,0.0,0.0,0,10.6,28,27.4,1012.0
2026-08-07T21:00,25.0,29,22.2,0.0,0.0,,11.4,28,25.9,
2026-08-07T21:15,24.8,29,22.0,0.0,0.0,,11.3,31,25.9,
2026-08-07T21:30,24.6,29,21.8,0.0,0.0,,11.0,32,25.6,
2026-08-07T21:45,24.4,29,21.7,0.0,0.0,0,10.2,32,25.2,1012.5
2026-08-07T22:00,24.2,29,21.6,0.0,0.0,,9.6,34,24.8,
2026-08-07T22:15,24.0,30,21.5,0.0,0.0,,9.0,37,24.5,
2026-08-07T22:30,23.7,31,21.4,0.0,0.0,0,8.4,43,23.8,1012.8
2026-08-07T22:45,23.5,31,21.3,0.0,0.0,,7.4,43,23.4,
2026-08-07T23:00,23.3,32,21.2,0.0,0.0,,6.6,45,22.3,
2026-08-07T23:15,23.0,35,21.0,0.0,0.0,0,7.5,55,21.2,1013.1
2026-08-07T23:30,22.7,34,20.8,0.0,0.0,,6.1,40,18.4,
2026-08-07T23:45,22.4,35,20.5,0.0,0.0,,6.2,36,16.6,
2026-08-08T00:00,22.1,35,20.1,0.0,0.0,0,6.9,47,17.6,1013.2
2026-08-08T00:15,21.8,36,20.0,0.0,0.0,,5.7,35,13.7,
2026-08-08T00:30,21.6,37,19.8,0.0,0.0,,5.5,32,13.3,
2026-08-08T00:45,21.3,37,19.6,0.0,0.0,1,5.2,34,13.0,1013.0
2026-08-08T01:00,21.1,37,19.3,0.0,0.0,,4.9,36,12.6,
2026-08-08T01:15,20.8,38,19.1,0.0,0.0,,4.7,32,11.9,
2026-08-08T01:30,20.6,38,18.9,0.0,0.0,0,4.4,35,11.5,1013.0
2026-08-08T01:45,20.4,40,18.8,0.0,0.0,,4.2,31,10.8,
2026-08-08T02:00,20.2,40,18.7,0.0,0.0,0,3.7,29,10.4,1013.0
2026-08-08T02:15,19.9,42,18.4,0.0,0.0,,3.9,22,10.1,
2026-08-08T02:30,19.7,43,18.3,0.0,0.0,,3.8,17,9.4,
2026-08-08T02:45,19.4,44,18.1,0.0,0.0,,3.8,17,9.0,
2026-08-08T03:00,19.2,45,17.9,0.0,0.0,,3.7,11,8.6,
2026-08-08T03:15,19.0,46,17.8,0.0,0.0,,3.7,11,8.3,
2026-08-08T03:30,18.8,47,17.5,0.0,0.0,,3.6,6,8.3,
2026-08-08T03:45,18.6,48,17.3,0.0,0.0,,4.0,5,8.3,
2026-08-08T04:00,18.4,49,17.1,0.0,0.0,,4.0,5,8.3,
2026-08-08T04:15,18.2,50,17.0,0.0,0.0,0,4.0,5,8.6,1012.3
2026-08-08T04:30,17.8,51,16.6,0.0,0.0,,4.3,5,9.0,
2026-08-08T04:45,17.6,51,16.3,0.0,0.0,,4.3,5,9.4,
2026-08-08T05:00,17.3,52,16.0,0.0,0.0,,4.3,5,9.7,
2026-08-08T05:15,17.1,53,15.8,0.0,0.0,,4.3,5,10.1,
2026-08-08T05:30,16.9,54,15.7,0.0,0.0,,4.3,5,10.1,
2026-08-08T05:45,17.0,54,15.7,0.0,0.0,0,4.3,360,10.1,1012.1
2026-08-08T06:00,16.6,55,15.3,0.0,0.0,,4.3,360,10.1,
2026-08-08T06:15,16.4,56,15.2,0.0,0.0,,4.3,355,10.1,
2026-08-08T06:30,16.2,56,15.0,0.0,0.0,,4.0,355,9.7,
2026-08-08T06:45,16.1,57,15.0,0.0,0.0,0,3.7,349,9.4,1012.3
2026-08-08T07:00,16.0,57,14.8,0.0,0.0,,3.7,349,9.4,
2026-08-08T07:15,16.0,57,14.8,0.0,0.0,,3.7,349,9.4,
2026-08-08T07:30,16.0,58,14.8,0.0,0.0,0,4.0,355,9.7,1012.3
2026-08-08T07:45,16.2,57,14.9,0.0,0.0,,4.3,355,10.1,
2026-08-08T08:00,16.3,57,15.1,0.0,0.0,,4.3,360,10.4,
2026-08-08T08:15,16.3,58,15.1,0.0,0.0,3,4.4,9,10.8,1012.2
2026-08-08T08:30,16.7,56,15.5,0.0,0.0,,4.4,9,11.2,
2026-08-08T08:45,16.9,56,15.8,0.0,0.0,,4.6,18,11.5,
2026-08-08T09:00,17.2,55,16.1,0.0,0.0,,4.7,23,11.9,
2026-08-08T09:15,17.6,54,16.4,0.0,0.0,0,5.0,30,12.2,1011.9
2026-08-08T09:30,18.0,53,16.8,0.0,0.0,,4.9,36,12.6,
2026-08-08T09:45,18.4,52,17.3,0.0,0.0,,5.1,45,13.3,
2026-08-08T10:00,18.9,51,17.7,0.0,0.0,0,5.4,48,13.7,1011.8
2026-08-08T10:15,19.5,49,18.4,0.0,0.0,,5.4,48,14.0,
2026-08-08T10:30,20.3,47,19.2,0.0,0.0,,5.4,48,14.8,
2026-08-08T10:45,20.5,46,19.5,0.0,0.0,0,6.1,45,15.1,1011.8
2026-08-08T11:00,21.8,42,21.1,0.0,0.0,,5.4,48,15.5,
2026-08-08T11:15,22.4,40,21.9,0.0,0.0,,5.4,48,15.5,
2026-08-08T11:30,23.0,39,22.7,0.0,0.0,,5.4,48,15.8,
2026-08-08T11:45,22.7,40,22.4,0.0,0.0,0,6.1,45,15.8,1011.7
2026-08-08T12:00,24.0,36,24.0,0.0,0.0,,5.1,51,15.5,
2026-08-08T12:15,24.5,35,24.7,0.0,0.0,1,5.1,51,15.1,1011.3
2026-08-08T12:30,25.0,33,25.2,0.0,0.0,,5.4,53,15.1,
2026-08-08T12:45,25.5,32,25.8,0.0,0.0,,5.2,56,14.8,
2026-08-08T13:00,26.0,31,26.4,0.0,0.0,1,5.2,56,14.4,1010.9
2026-08-08T13:15,26.5,30,27.0,0.0,0.0,,5.0,60,14.4,
2026-08-08T13:30,26.9,29,27.5,0.0,0.0,0,4.8,63,14.4,1010.5
2026-08-08T13:45,27.4,29,28.2,0.0,0.0,,4.7,67,14.4,
2026-08-08T14:00,27.7,28,28.5,0.0,0.0,0,4.2,70,14.4,1010.0
2026-08-08T14:15,28.3,26,28.9,0.0,0.0,,4.0,90,14.0,
2026-08-08T14:30,28.6,26,29.5,0.0,0.0,,3.3,96,13.3,
2026-08-08T14:45,29.0,26,30.0,0.0,0.0,,2.6,106,12.6,
2026-08-08T15:00,29.0,26,29.6,0.0,0.0,0,4.3,95,13.3,1009.5
2026-08-08T15:15,29.5,24,30.0,0.0,0.0,,3.8,107,12.2,
2026-08-08T15:30,29.7,23,29.6,0.0,0.0,,5.4,98,13.0,
2026-08-08T15:45,29.9,24,29.5,0.0,0.0,0,7.4,104,13.3,1008.9
2026-08-08T16:00,30.0,22,29.2,0.0,0.0,,7.6,90,13.7,
2026-08-08T16:15,30.2,22,29.4,0.0,0.0,,6.8,93,14.0,
2026-08-08T16:30,30.4,22,30.1,0.0,0.0,0,2.7,67,14.0,1008.2
2026-08-08T16:45,30.6,23,30.2,0.0,0.0,,3.7,119,14.0,
2026-08-08T17:00,30.7,22,30.1,0.0,0.0,0,2.7,293,14.0,1007.8
2026-08-08T17:15,30.7,22,29.8,0.0,0.0,,3.6,135,14.0,
2026-08-08T17:30,30.8,21,29.3,0.0,0.0,,4.8,132,13.7,
2026-08-08T17:45,31.1,20,29.3,0.0,0.0,0,5.0,159,12.6,1007.5
2026-08-08T18:00,30.8,19,28.6,0.0,0.0,,6.1,118,13.7,
2026-08-08T18:15,30.8,19,28.7,0.0,0.0,0,5.2,106,14.0,1007.4
2026-08-08T18:30,30.8,19,28.9,0.0,0.0,,4.0,80,14.4,
2026-08-08T18:45,30.7,20,29.0,0.0,0.0,,4.1,45,14.8,
2026-08-08T19:00,30.7,20,28.9,0.0,0.0,0,4.2,31,14.8,1006.9
2026-08-08T19:15,30.7,20,29.1,0.0,0.0,,3.3,41,14.4,
2026-08-08T19:30,30.9,18,29.1,0.0,0.0,,2.0,45,13.7,
2026-08-08T19:45,30.8,19,29.0,0.0,0.0,0,3.7,119,12.6,1007.0
2026-08-08T20:00,31.0,17,29.1,0.0,0.0,,1.8,143,11.9,
2026-08-08T20:15,30.9,17,28.9,0.0,0.0,,2.4,153,11.2,
2026-08-08T20:30,30.5,20,28.8,0.0,0.0,0,3.5,156,11.5,1007.1
2026-08-08T20:45,30.5,18,28.6,0.0,0.0,,2.7,157,9.7,
2026-08-08T21:00,30.3,19,28.5,0.0,0.0,,2.7,157,9.0,
2026-08-08T21:15,29.8,23,28.6,0.0,0.0,0,2.4,207,9.7,1007.3
2026-08-08T21:30,29.9,20,28.2,0.0,0.0,,2.6,146,8.3,
2026-08-08T21:45,29.6,20,27.9,0.0,0.0,0,2.5,135,7.6,1007.5
2026-08-08T22:00,29.4,20,27.6,0.0,0.0,,2.5,135,7.2,
2026-08-08T22:15,29.1,20,27.3,0.0,0.0,0,2.3,141,6.5,1007.7
2026-08-08T22:30,28.8,21,27.2,0.0,0.0,,2.1,149,5.8,
2026-08-08T22:45,28.6,20,26.8,0.0,0.0,0,2.2,180,4.7,1007.9
2026-08-08T23:00,28.0,23,26.5,0.0,0.0,,1.8,180,4.3,
2026-08-08T23:15,27.4,25,26.1,0.0,0.0,,1.9,202,4.3,
2026-08-08T23:30,26.7,25,25.2,0.0,0.0,0,2.0,225,4.7,1007.9
2026-08-08T23:45,26.0,29,24.8,0.0,0.0,,2.3,231,4.7,
2026-08-09T00:00,25.5,30,24.2,0.0,0.0,,2.6,236,5.0,
2026-08-09T00:15,25.2,30,23.9,0.0,0.0,,2.6,236,5.4,
2026-08-09T00:30,25.1,30,23.7,0.0,0.0,,2.8,230,5.4,
2026-08-09T00:45,24.9,29,23.4,0.0,0.0,,2.8,220,5.8,
2026-08-09T01:00,24.7,30,23.3,0.0,0.0,,2.6,214,5.8,
2026-08-09T01:15,24.3,32,23.1,0.0,0.0,,2.3,219,5.4,
2026-08-09T01:30,23.8,36,23.0,0.0,0.0,,1.8,217,5.0,
2026-08-09T01:45,23.3,39,22.7,0.0,0.0,,1.5,225,4.7,
2026-08-09T02:00,22.9,42,22.6,0.0,0.0,,1.0,225,4.0,
2026-08-09T02:15,22.7,44,22.6,0.0,0.0,,0.5,225,3.2,
2026-08-09T02:30,22.5,45,22.5,0.0,0.0,,0.0,270,2.5,
2026-08-09T02:45,22.4,45,22.4,0.0,0.0,,0.0,270,1.8,
2026-08-09T03:00,22.2,46,22.2,0.0,0.0,,0.5,45,1.1,
2026-08-09T03:15,22.1,47,22.1,0.0,0.0,,0.5,45,0.7,
2026-08-09T03:30,22.0,48,22.0,0.0,0.0,,0.8,63,0.7,
2026-08-09T03:45,21.8,49,21.9,0.0,0.0,,0.8,63,1.1,
2026-08-09T04:00,21.6,50,21.7,0.0,0.0,,0.8,63,1.1,
2026-08-09T04:15,21.3,52,21.5,0.0,0.0,,0.8,63,1.1,
2026-08-09T04:30,20.9,55,21.2,0.0,0.0,,0.7,90,1.1,
2026-08-09T04:45,20.5,58,21.0,0.0,0.0,,0.7,90,1.1,
2026-08-09T05:00,20.3,59,20.8,0.0,0.0,,0.8,117,1.4,
2026-08-09T05:15,20.3,58,20.7,0.0,0.0,,1.0,135,1.8,
2026-08-09T05:30,20.5,55,20.7,0.0,0.0,,1.3,146,2.5,
2026-08-09T05:45,20.8,52,20.7,0.0,0.0,,1.6,153,3.2,
2026-08-09T06:00,20.9,49,20.7,0.0,0.0,,1.6,153,3.6,
2026-08-09T06:15,20.9,47,20.5,0.0,0.0,,1.6,153,4.0,
2026-08-09T06:30,20.9,45,20.3,0.0,0.0,,1.1,162,4.0,
2026-08-09T06:45,20.8,43,20.1,0.0,0.0,,1.1,162,4.3,
2026-08-09T07:00,20.8,43,20.1,0.0,0.0,,0.8,153,4.3,
2026-08-09T07:15,20.7,44,20.1,0.0,0.0,,0.8,117,4.3,
2026-08-09T07:30,20.6,47,20.1,0.0,0.0,,1.8,101,4.3,
2026-08-09T07:45,20.6,49,20.1,0.0,0.0,,2.5,90,4.3,
2026-08-09T08:00,20.7,50,20.2,0.0,0.0,,2.9,97,5.0,
2026-08-09T08:15,20.9,47,20.3,0.0,0.0,,2.7,113,6.5,
2026-08-09T08:30,21.3,43,20.4,0.0,0.0,,3.1,135,8.3,
2026-08-09T08:45,21.8,38,20.5,0.0,0.0,,3.5,156,10.1,
2026-08-09T09:00,22.1,35,20.5,0.0,0.0,,4.1,165,11.2,
2026-08-09T09:15,22.4,34,20.7,0.0,0.0,,4.6,162,11.2,
2026-08-09T09:30,22.5,35,20.9,0.0,0.0,,4.5,151,10.8,
2026-08-09T09:45,22.7,36,21.2,0.0,0.0,,4.9,144,10.4,
2026-08-09T10:00,22.9,36,21.4,0.2,0.2,,5.4,143,11.5,
2026-08-09T10:15,23.3,34,21.5,0.7,0.7,,6.0,155,15.1,
2026-08-09T10:30,23.8,32,21.7,0.6,0.6,,7.3,169,20.2,
2026-08-09T10:45,24.2,30,21.8,0.1,0.1,,8.6,178,25.2,
2026-08-09T11:00,24.3,30,22.0,0.0,0.0,,8.7,185,27.7,
2026-08-09T11:15,24.1,33,22.3,0.0,0.0,,6.6,193,27.0,
2026-08-09T11:30,23.6,38,22.7,0.0,0.0,,3.4,212,24.5,
2026-08-09T11:45,23.1,44,22.8,0.2,0.2,,2.1,301,21.2,
2026-08-09T12:00,22.9,47,22.6,0.1,0.1,,3.7,331,18.7,
2026-08-09T12:15,23.1,48,23.0,0.0,0.0,,3.8,343,16.9,
2026-08-09T12:30,23.5,47,23.6,0.0,0.0,,2.5,360,15.5,
2026-08-09T12:45,24.0,45,24.2,0.0,0.0,,1.8,37,14.0,
2026-08-09T13:00,24.5,43,24.8,0.0,0.0,,2.3,72,13.3,
2026-08-09T13:15,24.9,42,25.6,0.0,0.0,,3.1,69,13.3,
2026-08-09T13:30,25.3,40,26.1,0.0,0.0,,4.2,70,14.0,
2026-08-09T13:45,25.7,38,26.5,0.0,0.0,,5.2,65,14.8,
2026-08-09T14:00,26.3,36,27.0,0.0,0.0,,5.5,67,15.1,
2026-08-09T14:15,27.0,34,27.6,0.0,0.0,,5.4,70,15.1,
2026-08-09T14:30,27.8,31,28.4,0.0,0.0,,4.7,81,15.5,
2026-08-09T14:45,28.7,28,29.1,0.0,0.0,,4.3,90,15.5,
2026-08-09T15:00,29.4,27,29.9,0.0,0.0,,4.1,105,15.1,
2026-08-09T15:15,30.0,27,30.6,0.0,0.0,,4.0,117,14.4,
2026-08-09T15:30,30.5,29,31.4,0.0,0.0,,4.3,132,13.3,
2026-08-09T15:45,30.9,30,32.0,0.0,0.0,,4.4,145,12.6,
2026-08-09T16:00,31.3,31,32.5,0.0,0.0,,4.8,153,13.0,
2026-08-09T16:15,31.6,31,32.8,0.0,0.0,,4.9,163,15.1,
2026-08-09T16:30,31.9,30,32.8,0.0,0.0,,5.2,168,18.4,
2026-08-09T16:45,32.1,29,32.6,0.0,0.0,,5.4,176,21.2,
2026-08-09T17:00,32.3,28,32.6,0.0,0.0,,5.1,184,22.7,
2026-08-09T17:15,32.4,27,32.4,0.0,0.0,,4.6,198,21.6,
2026-08-09T17:30,32.5,27,32.4,0.0,0.0,,3.8,221,19.1,
2026-08-09T17:45,32.5,26,32.2,0.0,0.0,,3.5,246,16.2,
2026-08-09T18:00,32.6,26,32.2,0.0,0.0,,4.0,265,14.0,
2026-08-09T18:15,32.6,26,32.2,0.0,0.0,,4.0,275,12.6,
2026-08-09T18:30,32.7,26,32.3,0.0,0.0,,3.8,287,11.9,
2026-08-09T18:45,32.7,27,32.6,0.0,0.0,,3.2,297,11.5,
2026-08-09T19:00,32.7,27,32.5,0.0,0.0,,3.5,294,11.9,
2026-08-09T19:15,32.6,27,32.3,0.0,0.0,,4.8,283,13.7,
2026-08-09T19:30,32.6,28,32.2,0.0,0.0,,6.5,273,16.6,
2026-08-09T19:45,32.5,28,31.7,0.0,0.0,,8.6,268,19.4,
2026-08-09T20:00,32.4,28,31.5,0.0,0.0,,9.4,268,21.2,
2026-08-09T20:15,32.3,28,31.5,0.0,0.0,,8.6,270,20.9,
2026-08-09T20:30,32.2,27,31.5,0.0,0.0,,6.9,279,19.4,
2026-08-09T20:45,32.1,26,31.4,0.0,0.0,,5.2,295,17.6,
2026-08-09T21:00,31.9,26,31.3,0.0,0.0,,4.3,312,16.6,
2026-08-09T21:15,31.7,26,31.1,0.0,0.0,,4.2,329,15.8,
2026-08-09T21:30,31.4,26,30.7,0.0,0.0,,4.2,340,14.8,
2026-08-09T21:45,31.1,26,30.3,0.0,0.0,,4.4,351,14.8,
2026-08-09T22:00,30.6,27,29.7,0.0,0.0,,5.2,348,15.8,
2026-08-09T22:15,30.0,29,29.1,0.0,0.0,,6.3,336,19.8,
2026-08-09T22:30,29.1,32,28.2,0.0,0.0,,8.2,322,25.2,
2026-08-09T22:45,28.3,35,27.2,0.0,0.0,,10.4,314,30.6,
2026-08-09T23:00,27.6,38,26.4,0.0,0.0,,12.0,311,33.8,
2026-08-09T23:15,27.1,40,26.0,0.0,0.0,,12.2,313,33.5,
2026-08-09T23:30,26.6,42,25.7,0.0,0.0,,12.0,314,31.0,
2026-08-09T23:45,26.3,43,25.5,0.0,0.0,,11.2,318,28.1,
2026-08-10T00:00,25.9,44,25.2,0.0,0.0,,10.7,320,25.6,
2026-08-10T00:15,25.6,45,25.0,0.0,0.0,,10.2,321,24.5,
2026-08-10T00:30,25.2,46,24.7,0.0,0.0,,9.5,323,23.4,
2026-08-10T00:45,24.9,46,24.4,0.0,0.0,,8.7,322,22.7,
2026-08-10T01:00,24.6,47,24.2,0.0,0.0,,8.2,322,22.0,
2026-08-10T01:15,24.3,47,23.9,0.0,0.0,,8.0,324,20.9,
2026-08-10T01:30,24.1,48,23.7,0.0,0.0,,8.0,324,19.4,
2026-08-10T01:45,23.9,48,23.4,0.0,0.0,,8.1,328,18.4,
2026-08-10T02:00,23.7,48,23.1,0.0,0.0,,8.1,328,17.6,
2026-08-10T02:15,23.4,49,22.9,0.0,0.0,,8.1,328,17.3,
2026-08-10T02:30,23.2,50,22.7,0.0,0.0,,8.3,326,17.3,
2026-08-10T02:45,23.0,50,22.4,0.0,0.0,,8.2,322,17.3,
2026-08-10T03:00,22.7,51,22.2,0.0,0.0,,8.2,322,17.6,
2026-08-10T03:15,22.5,51,21.8,0.0,0.0,,8.2,322,18.0,
2026-08-10T03:30,22.2,52,21.6,0.0,0.0,,8.3,326,18.7,
2026-08-10T03:45,22.0,52,21.3,0.0,0.0,,8.1,328,19.1,
2026-08-10T04:00,21.8,52,21.1,0.0,0.0,,8.1,328,19.1,
2026-08-10T04:15,21.6,52,20.8,0.0,0.0,,7.8,326,18.4,
2026-08-10T04:30,21.4,53,20.7,0.0,0.0,,7.7,323,17.3,
2026-08-10T04:45,21.2,53,20.5,0.0,0.0,,7.1,319,16.2,
2026-08-10T05:00,21.0,54,20.4,0.0,0.0,,6.9,317,15.1,
2026-08-10T05:15,20.9,55,20.4,0.0,0.0,,6.4,317,14.8,
2026-08-10T05:30,20.8,56,20.5,0.0,0.0,,5.6,315,14.4,
2026-08-10T05:45,20.6,56,20.4,0.0,0.0,,4.8,312,14.4,
2026-08-10T06:00,20.5,57,20.4,0.0,0.0,,4.3,312,14.0,
2026-08-10T06:15,20.4,58,20.3,0.0,0.0,,4.4,305,13.3,
2026-08-10T06:30,20.2,58,20.1,0.0,0.0,,4.3,294,11.9,
2026-08-10T06:45,20.1,58,19.9,0.0,0.0,,4.6,288,10.8,
2026-08-10T07:00,20.0,59,19.8,0.0,0.0,,4.8,283,10.1,
2026-08-10T07:15,19.9,60,19.8,0.0,0.0,,4.8,283,9.7,
2026-08-10T07:30,19.9,61,19.9,0.0,0.0,,4.5,284,9.4,
2026-08-10T07:45,19.9,62,20.0,0.0,0.0,,4.5,284,9.4,
2026-08-10T08:00,20.0,63,20.2,0.0,0.0,,4.6,288,10.1,
2026-08-10T08:15,20.1,63,20.3,0.0,0.0,,5.4,290,11.5,
2026-08-10T08:30,20.4,62,20.4,0.0,0.0,,6.2,291,14.0,
2026-08-10T08:45,20.7,61,20.6,0.0,0.0,,7.1,294,16.2,
2026-08-10T09:00,21.0,60,20.7,0.0,0.0,,7.9,294,18.0,
2026-08-10T09:15,21.3,60,21.1,0.0,0.0,,8.4,295,19.1,
2026-08-10T09:30,21.6,59,21.3,0.0,0.0,,8.7,300,19.8,
2026-08-10T09:45,21.9,59,21.8,0.0,0.0,,8.8,305,20.2,
2026-08-10T10:00,22.4,58,22.3,0.0,0.0,,9.0,307,20.9,
2026-08-10T10:15,22.9,56,22.8,0.0,0.0,,9.2,309,22.0,
2026-08-10T10:30,23.5,54,23.3,0.0,0.0,,9.4,310,23.0,
2026-08-10T10:45,24.2,51,24.0,0.0,0.0,,9.7,312,23.8,
2026-08-10T11:00,24.8,49,24.8,0.0,0.0,,9.7,315,24.5,
2026-08-10T11:15,25.3,47,25.4,0.0,0.0,,9.7,318,24.5,
2026-08-10T11:30,25.8,44,26.0,0.0,0.0,,9.2,321,24.1,
2026-08-10T11:45,26.2,42,26.5,0.0,0.0,,9.1,326,23.8,
2026-08-10T12:00,26.6,40,27.0,0.0,0.0,,8.9,328,23.4,
2026-08-10T12:15,27.0,40,27.6,0.0,0.0,,8.7,330,23.4,
2026-08-10T12:30,27.3,41,28.3,0.0,0.0,,9.0,331,23.8,
2026-08-10T12:45,27.6,41,28.8,0.0,0.0,,9.0,331,23.8,
2026-08-10T13:00,28.0,41,29.3,0.0,0.0,,9.0,331,23.8,
2026-08-10T13:15,28.3,39,29.6,0.0,0.0,,8.7,330,23.0,
2026-08-10T13:30,28.7,37,29.9,0.0,0.0,,8.4,329,22.3,
2026-08-10T13:45,29.0,34,30.0,0.0,0.0,,8.1,328,21.6,
2026-08-10T14:00,29.3,32,30.2,0.0,0.0,,7.8,326,20.9,
2026-08-10T14:15,29.6,31,30.4,0.0,0.0,,7.8,326,20.5,
2026-08-10T14:30,29.9,32,30.8,0.0,0.0,,8.0,324,20.5,
2026-08-10T14:45,30.2,32,31.1,0.0,0.0,,8.3,326,20.9,
2026-08-10T15:00,30.4,32,31.3,0.0,0.0,,8.3,326,20.9,
2026-08-10T15:15,30.6,32,31.5,0.0,0.0,,8.3,326,21.2,
2026-08-10T15:30,30.7,32,31.5,0.0,0.0,,8.6,327,21.6,
2026-08-10T15:45,30.8,31,31.4,0.0,0.0,,8.6,327,22.0,
2026-08-10T16:00,31.0,31,31.5,0.0,0.0,,8.6,327,22.0,
2026-08-10T16:15,31.1,31,31.5,0.0,0.0,,8.3,326,22.0,
2026-08-10T16:30,31.3,30,31.6,0.0,0.0,,7.4,321,21.6,
2026-08-10T16:45,31.5,30,31.7,0.0,0.0,,7.1,315,21.2,
2026-08-10T17:00,31.6,30,31.7,0.0,0.0,,6.9,313,20.9,
2026-08-10T17:15,31.6,30,31.5,0.0,0.0,,7.1,311,20.2,
2026-08-10T17:30,31.6,30,31.1,0.0,0.0,,7.9,313,19.4,
2026-08-10T17:45,31.6,30,31.0,0.0,0.0,,8.4,313,18.7,
2026-08-10T18:00,31.6,30,30.9,0.0,0.0,,8.9,313,18.4,
2026-08-10T18:15,31.7,30,31.0,0.0,0.0,,8.9,310,18.0,
2026-08-10T18:30,31.7,30,31.1,0.0,0.0,,8.8,305,17.3,
2026-08-10T18:45,31.8,30,31.2,0.0,0.0,,8.4,301,17.3,
2026-08-10T19:00,31.7,30,31.1,0.0,0.0,,8.4,301,17.6,
2026-08-10T19:15,31.6,29,30.8,0.0,0.0,,8.5,306,19.4,
2026-08-10T19:30,31.3,28,30.3,0.0,0.0,,8.7,315,22.0,
2026-08-10T19:45,31.1,28,29.9,0.0,0.0,,9.0,323,24.5,
2026-08-10T20:00,30.8,27,29.4,0.0,0.0,,9.2,329,25.9,
2026-08-10T20:15,30.6,27,29.1,0.0,0.0,,9.3,332,25.6,
2026-08-10T20:30,30.5,27,29.0,0.0,0.0,,9.2,334,24.5,
2026-08-10T20:45,30.3,28,28.9,0.0,0.0,,9.0,337,22.7,
2026-08-10T21:00,30.0,28,28.6,0.0,0.0,,9.2,339,22.0,
2026-08-10T21:15,29.7,28,28.2,0.0,0.0,,9.3,344,22.0,
2026-08-10T21:30,29.4,29,27.8,0.0,0.0,,9.9,350,22.3,
2026-08-10T21:45,29.0,30,27.4,0.0,0.0,,10.1,354,22.7,
2026-08-10T22:00,28.5,31,26.9,0.0,0.0,,10.4,358,23.8,
2026-08-10T22:15,27.9,33,26.3,0.0,0.0,,10.8,360,25.6,
2026-08-10T22:30,27.2,36,25.9,0.0,0.0,,10.8,360,28.1,
2026-08-10T22:45,26.4,39,25.3,0.0,0.0,,10.8,360,29.9,
2026-08-10T23:00,25.8,41,24.7,0.0,0.0,,10.8,2,31.0,
2026-08-10T23:15,25.3,43,24.3,0.0,0.0,,10.8,4,30.2,
2026-08-10T23:30,24.9,45,24.1,0.0,0.0,,10.5,8,28.1,
2026-08-10T23:45,24.6,47,23.8,0.0,0.0,,10.7,12,25.6,
2026-08-11T00:00,24.3,48,23.6,0.0,0.0,,10.5,16,24.1,
2026-08-11T00:15,24.0,49,23.3,0.0,0.0,,10.4,20,23.8,
2026-08-11T00:30,23.7,50,23.0,0.0,0.0,,10.5,27,23.8,
2026-08-11T00:45,23.5,50,22.8,0.0,0.0,,10.5,31,24.1,
2026-08-11T01:00,23.3,51,22.5,0.0,0.0,,10.6,35,24.5,
2026-08-11T01:15,23.0,52,22.3,0.0,0.0,,10.8,37,24.5,
2026-08-11T01:30,22.8,54,22.2,0.0,0.0,,10.5,38,24.5,
2026-08-11T01:45,22.5,56,22.1,0.0,0.0,,10.5,38,24.5,
2026-08-11T02:00,22.3,57,21.8,0.0,0.0,,10.5,38,24.1,
2026-08-11T02:15,22.0,58,21.6,0.0,0.0,,10.0,38,23.8,
2026-08-11T02:30,21.7,59,21.4,0.0,0.0,,9.7,39,23.4,
2026-08-11T02:45,21.5,59,21.1,0.0,0.0,,9.5,37,23.0,
2026-08-11T03:00,21.2,60,20.9,0.0,0.0,,9.0,37,22.7,
2026-08-11T03:15,21.0,61,20.7,0.0,0.0,,9.0,37,22.3,
2026-08-11T03:30,20.7,62,20.5,0.0,0.0,,8.8,35,21.6,
2026-08-11T03:45,20.5,62,20.2,0.0,0.0,,9.1,34,21.2,
2026-08-11T04:00,20.3,63,20.0,0.0,0.0,,9.1,34,20.9,
2026-08-11T04:15,20.2,64,19.9,0.0,0.0,,9.1,34,20.9,
2026-08-11T04:30,20.0,64,19.7,0.0,0.0,,9.1,34,20.5,
2026-08-11T04:45,19.9,65,19.6,0.0,0.0,,8.8,35,20.5,
2026-08-11T05:00,19.8,65,19.5,0.0,0.0,,8.8,35,20.5,
2026-08-11T05:15,19.6,66,19.4,0.0,0.0,,8.3,34,20.5,
2026-08-11T05:30,19.4,66,19.2,0.0,0.0,,8.0,36,20.2,
2026-08-11T05:45,19.3,67,19.1,0.0,0.0,,7.8,34,19.8,
2026-08-11T06:00,19.1,67,19.0,0.0,0.0,,7.3,33,19.4,
2026-08-11T06:15,19.0,67,18.8,0.0,0.0,,7.1,30,18.7,
2026-08-11T06:30,18.9,68,18.8,0.0,0.0,,6.9,28,17.6,
2026-08-11T06:45,18.7,68,18.5,0.0,0.0,,7.1,24,16.9,
2026-08-11T07:00,18.7,68,18.5,0.0,0.0,,7.1,24,16.2,
2026-08-11T07:15,18.6,68,18.4,0.0,0.0,,7.1,24,15.8,
2026-08-11T07:30,18.6,68,18.4,0.0,0.0,,7.2,27,15.8,
2026-08-11T07:45,18.7,68,18.5,0.0,0.0,,6.9,28,15.8,
2026-08-11T08:00,18.7,68,18.5,0.0,0.0,,7.1,30,15.8,
2026-08-11T08:15,18.8,68,18.6,0.0,0.0,,7.3,33,16.2,
2026-08-11T08:30,19.0,67,18.7,0.0,0.0,,7.6,31,16.9,
2026-08-11T08:45,19.1,67,18.9,0.0,0.0,,7.8,34,17.6,
2026-08-11T09:00,19.4,66,19.1,0.0,0.0,,7.8,34,18.4,
2026-08-11T09:15,19.7,65,19.5,0.0,0.0,,7.8,34,18.7,
2026-08-11T09:30,20.1,63,19.9,0.0,0.0,,7.5,35,18.4,
2026-08-11T09:45,20.5,62,20.4,0.0,0.0,,7.3,33,18.4,
2026-08-11T10:00,21.0,60,20.9,0.0,0.0,,7.3,33,18.7,
2026-08-11T10:15,21.7,58,21.5,0.0,0.0,,7.6,31,19.4,
2026-08-11T10:30,22.4,56,22.2,0.0,0.0,,8.1,32,20.2,
2026-08-11T10:45,23.1,53,23.0,0.0,0.0,,8.4,31,20.9,
2026-08-11T11:00,23.8,51,23.9,0.0,0.0,,8.6,33,21.6,
2026-08-11T11:15,24.4,49,24.6,0.0,0.0,,8.8,35,22.0,
2026-08-11T11:30,25.0,48,25.5,0.0,0.0,,8.5,36,22.0,
2026-08-11T11:45,25.6,46,26.2,0.0,0.0,,8.7,38,22.0,
2026-08-11T12:00,26.2,45,27.0,0.0,0.0,,8.7,42,22.0,
2026-08-11T12:15,26.7,44,27.8,0.0,0.0,,8.7,45,22.0,
2026-08-11T12:30,27.3,42,28.4,0.0,0.0,,8.7,48,21.6,
2026-08-11T12:45,27.9,41,29.2,0.0,0.0,,8.4,50,21.2,
2026-08-11T13:00,28.4,40,29.8,0.0,0.0,,8.5,54,21.2,
2026-08-11T13:15,28.8,39,30.2,0.0,0.0,,8.8,55,21.6,
2026-08-11T13:30,29.3,38,30.7,0.0,0.0,,8.8,55,22.0,
2026-08-11T13:45,29.7,37,31.1,0.0,0.0,,8.9,58,22.3,
2026-08-11T14:00,30.0,36,31.5,0.0,0.0,,8.9,58,22.3,
2026-08-11T14:15,30.4,35,31.8,0.0,0.0,,8.7,60,22.3,
2026-08-11T14:30,30.7,34,32.1,0.0,0.0,,8.2,61,22.3,
2026-08-11T14:45,31.0,33,32.3,0.0,0.0,,7.9,66,22.0,
2026-08-11T15:00,31.2,32,32.5,0.0,0.0,,7.8,68,21.2,
2026-08-11T15:15,31.4,31,32.5,0.0,0.0,,8.0,72,20.2,
2026-08-11T15:30,31.5,31,32.4,0.0,0.0,,8.3,72,18.4,
2026-08-11T15:45,31.7,30,32.3,0.0,0.0,,8.6,75,16.6,
2026-08-11T16:00,31.8,30,32.3,0.0,0.0,,8.7,73,15.5,
2026-08-11T16:15,31.9,29,32.2,0.0,0.0,,8.6,68,14.8,
2026-08-11T16:30,32.1,29,32.2,0.0,0.0,,8.4,59,14.8,
2026-08-11T16:45,32.2,28,32.0,0.0,0.0,,8.7,48,14.8,
2026-08-11T17:00,32.3,28,31.9,0.0,0.0,,8.7,42,14.8,
2026-08-11T17:15,32.3,28,31.8,0.0,0.0,,8.7,38,15.1,
2026-08-11T17:30,32.4,27,31.5,0.0,0.0,,8.5,36,15.5,
2026-08-11T17:45,32.4,27,31.5,0.0,0.0,,8.5,36,16.2,
2026-08-11T18:00,32.4,27,31.5,0.0,0.0,,8.8,35,17.3,
2026-08-11T18:15,32.4,27,31.3,0.0,0.0,,9.6,34,19.4,
2026-08-11T18:30,32.4,28,31.2,0.0,0.0,,11.0,32,22.3,
2026-08-11T18:45,32.3,28,31.0,0.0,0.0,,12.1,30,25.2,
2026-08-11T19:00,32.2,28,30.8,0.0,0.0,,12.6,31,27.4,
2026-08-11T19:15,32.0,27,30.4,0.0,0.0,,12.2,34,28.4,
2026-08-11T19:30,31.8,26,30.1,0.0,0.0,,11.3,37,28.8,
2026-08-11T19:45,31.5,25,29.7,0.0,0.0,,10.4,44,28.4,
2026-08-11T20:00,31.2,25,29.5,0.0,0.0,,9.9,46,28.4,
2026-08-11T20:15,31.0,25,29.1,0.0,0.0,,10.4,46,28.1,
2026-08-11T20:30,30.7,26,28.9,0.0,0.0,,10.9,44,27.7,
2026-08-11T20:45,30.4,27,28.5,0.0,0.0,,11.7,43,27.4,
2026-08-11T21:00,30.1,28,28.2,0.0,0.0,,12.3,40,27.0,
2026-08-11T21:15,29.7,29,27.9,0.0,0.0,,12.0,39,27.0,
2026-08-11T21:30,29.3,31,27.7,0.0,0.0,,12.0,39,27.0,
2026-08-11T21:45,28.8,32,27.3,0.0,0.0,,11.3,37,27.0,
2026-08-11T22:00,28.4,33,27.0,0.0,0.0,,10.8,37,26.6,
2026-08-11T22:15,28.1,33,26.8,0.0,0.0,,10.0,38,25.9,
2026-08-11T22:30,27.9,33,26.6,0.0,0.0,,9.0,37,24.5,
2026-08-11T22:45,27.6,33,26.4,0.0,0.0,,8.0,36,23.4,
2026-08-11T23:00,27.4,33,26.2,0.0,0.0,,7.5,35,22.0,
2026-08-11T23:15,27.1,33,25.9,0.0,0.0,,7.3,33,20.5,
2026-08-11T23:30,26.7,33,25.4,0.0,0.0,,7.3,33,19.1,
2026-08-11T23:45,26.4,34,25.2,0.0,0.0,,7.3,33,17.6,
2026-08-12T00:00,26.1,34,24.8,0.0,0.0,,7.1,30,16.6,
2026-08-12T00:15,25.7,34,24.4,0.0,0.0,,6.9,28,16.2,
2026-08-12T00:30,25.4,35,24.1,0.0,0.0,,6.8,25,15.8,
2026-08-12T00:45,25.0,35,23.7,0.0,0.0,,6.3,24,15.8,
2026-08-12T01:00,24.7,36,23.4,0.0,0.0,,6.2,21,15.5,
2026-08-12T01:15,24.4,37,23.2,0.0,0.0,,5.8,22,15.1,
2026-08-12T01:30,24.2,38,23.1,0.0,0.0,,5.5,23,14.4,
2026-08-12T01:45,23.9,38,22.8,0.0,0.0,,5.4,20,13.7,
2026-08-12T02:00,23.7,39,22.7,0.0,0.0,,5.0,21,13.0,
2026-08-12T02:15,23.4,40,22.5,0.0,0.0,,4.9,17,12.2,
2026-08-12T02:30,23.2,40,22.2,0.0,0.0,,4.8,13,11.9,
2026-08-12T02:45,22.9,41,22.0,0.0,0.0,,4.7,9,11.2,
2026-08-12T03:00,22.7,41,21.7,0.0,0.0,,4.7,4,10.8,
2026-08-12T03:15,22.5,42,21.5,0.0,0.0,,4.7,4,10.4,
2026-08-12T03:30,22.2,42,21.3,0.0,0.0,,4.3,5,10.4,
2026-08-12T03:45,22.0,43,21.1,0.0,0.0,,4.3,5,10.4,
2026-08-12T04:00,21.8,43,20.9,0.0,0.0,,4.0,5,10.1,
2026-08-12T04:15,21.6,44,20.8,0.0,0.0,,3.6,6,9.7,
2026-08-12T04:30,21.4,44,20.6,0.0,0.0,,3.6,360,9.4,
2026-08-12T04:45,21.2,45,20.4,0.0,0.0,,3.3,354,9.0,
2026-08-12T05:00,21.0,45,20.2,0.0,0.0,,3.3,354,8.6,
2026-08-12T05:15,20.9,46,20.1,0.0,0.0,,3.3,354,8.3,
2026-08-12T05:30,20.8,46,20.0,0.0,0.0,,3.3,347,7.6,
2026-08-12T05:45,20.6,47,19.9,0.0,0.0,,3.0,346,7.2,
2026-08-12T06:00,20.5,47,19.8,0.0,0.0,,3.0,346,6.8,
2026-08-12T06:15,20.4,48,19.7,0.0,0.0,,3.0,346,6.5,
2026-08-12T06:30,20.2,48,19.5,0.0,0.0,,2.6,344,6.1,
2026-08-12T06:45,20.1,49,19.5,0.0,0.0,,2.3,342,5.8,
2026-08-12T07:00,20.0,49,19.4,0.0,0.0,,2.3,342,5.8,
2026-08-12T07:15,20.1,49,19.5,0.0,0.0,,2.2,351,5.8,
2026-08-12T07:30,20.2,49,19.6,0.0,0.0,,2.2,360,5.8,
2026-08-12T07:45,20.4,48,19.7,0.0,0.0,,2.5,8,5.8,
2026-08-12T08:00,20.6,47,19.9,0.0,0.0,,2.6,16,6.1,
2026-08-12T08:15,20.9,46,20.2,0.0,0.0,,2.7,23,6.8,
2026-08-12T08:30,21.2,44,20.3,0.0,0.0,,3.4,32,8.3,
2026-08-12T08:45,21.6,43,20.6,0.0,0.0,,4.1,38,9.4,
2026-08-12T09:00,22.0,41,20.9,0.0,0.0,,4.3,42,10.4,
2026-08-12T09:15,22.4,39,21.1,0.0,0.0,,4.6,45,11.2,
2026-08-12T09:30,22.8,38,21.5,0.0,0.0,,5.1,45,11.9,
2026-08-12T09:45,23.3,36,21.9,0.0,0.0,,5.1,45,12.2,
2026-08-12T10:00,23.8,34,22.3,0.0,0.0,,5.4,48,13.0,
2026-08-12T10:15,24.4,32,22.7,0.0,0.0,,5.6,50,13.7,
2026-08-12T10:30,25.0,31,23.3,0.0,0.0,,6.1,50,14.4,
2026-08-12T10:45,25.7,29,24.0,0.0,0.0,,6.1,50,15.1,
2026-08-12T11:00,26.3,28,24.8,0.0,0.0,,6.4,52,15.8,
2026-08-12T11:15,26.9,27,25.6,0.0,0.0,,6.4,52,16.2,
2026-08-12T11:30,27.5,26,26.4,0.0,0.0,,6.7,54,16.6,
2026-08-12T11:45,28.1,26,27.3,0.0,0.0,,6.7,54,16.9,
2026-08-12T12:00,28.7,25,28.0,0.0,0.0,,6.7,54,16.9,
2026-08-12T12:15,29.3,24,28.8,0.0,0.0,,6.7,54,16.9,
2026-08-12T12:30,30.0,23,29.5,0.0,0.0,,7.0,55,17.3,
2026-08-12T12:45,30.6,23,30.3,0.0,0.0,,7.0,55,17.3,
2026-08-12T13:00,31.1,22,30.9,0.0,0.0,,7.0,55,17.3,
2026-08-12T13:15,31.6,22,31.6,0.0,0.0,,7.0,55,17.3,
2026-08-12T13:30,31.9,21,31.9,0.0,0.0,,6.8,58,17.6,
2026-08-12T13:45,32.3,21,32.4,0.0,0.0,,6.8,58,17.6,
2026-08-12T14:00,32.6,21,32.8,0.0,0.0,,6.8,58,17.3,
2026-08-12T14:15,32.9,21,33.1,0.0,0.0,,6.7,54,16.6,
2026-08-12T14:30,33.1,20,33.2,0.0,0.0,,6.6,49,15.5,
2026-08-12T14:45,33.4,19,33.3,0.0,0.0,,6.6,45,14.4,
2026-08-12T15:00,33.6,19,33.5,0.0,0.0,,6.6,41,13.3,
2026-08-12T15:15,33.8,19,33.7,0.0,0.0,,6.7,36,12.2,
2026-08-12T15:30,34.0,19,33.8,0.0,0.0,,6.7,36,11.5,
2026-08-12T15:45,34.2,18,33.7,0.0,0.0,,7.0,35,10.4,
2026-08-12T16:00,34.3,18,33.7,0.0,0.0,,7.0,35,10.1,
2026-08-12T16:15,34.5,17,33.5,0.0,0.0,,7.2,37,9.7,
2026-08-12T16:30,34.6,16,33.3,0.0,0.0,,7.1,41,10.1,
2026-08-12T16:45,34.7,15,33.1,0.0,0.0,,7.1,45,10.4,
2026-08-12T17:00,34.8,14,32.8,0.0,0.0,,7.1,49,10.8,
2026-08-12T17:15,34.9,14,32.7,0.0,0.0,,6.9,51,11.5,
2026-08-12T17:30,35.0,14,32.6,0.0,0.0,,6.6,49,13.0,
2026-08-12T17:45,35.0,14,32.6,0.0,0.0,,6.1,45,14.0,
2026-08-12T18:00,35.0,14,32.7,0.0,0.0,,5.9,43,15.1,
2026-08-12T18:15,35.0,14,32.7,0.0,0.0,,5.9,38,15.8,
2026-08-12T18:30,35.0,14,32.6,0.0,0.0,,6.3,31,16.2,
2026-08-12T18:45,35.0,14,32.5,0.0,0.0,,6.4,27,16.6,
2026-08-12T19:00,34.9,14,32.5,0.0,0.0,,6.5,19,16.6,
2026-08-12T19:15,34.8,15,32.6,0.0,0.0,,6.3,13,16.6,
2026-08-12T19:30,34.6,16,32.6,0.0,0.0,,5.8,4,16.2,
2026-08-12T19:45,34.5,18,32.8,0.0,0.0,,5.8,356,15.8,
2026-08-12T20:00,34.3,19,32.8,0.0,0.0,,5.5,349,15.5,
2026-08-12T20:15,34.1,20,32.8,0.0,0.0,,5.6,345,15.1,
2026-08-12T20:30,34.0,20,32.6,0.0,0.0,,5.5,349,15.1,
2026-08-12T20:45,33.8,20,32.4,0.0,0.0,,5.5,349,14.8,
2026-08-12T21:00,33.6,20,32.1,0.0,0.0,,5.4,352,14.8,
2026-08-12T21:15,33.3,20,31.8,0.0,0.0,,5.4,356,14.8,
2026-08-12T21:30,32.9,20,31.4,0.0,0.0,,5.4,4,14.8,
2026-08-12T21:45,32.5,20,30.9,0.0,0.0,,5.5,11,14.8,
2026-08-12T22:00,32.1,21,30.6,0.0,0.0,,5.6,15,14.4,
2026-08-12T22:15,31.7,22,30.3,0.0,0.0,,5.2,12,13.7,
2026-08-12T22:30,31.3,23,30.0,0.0,0.0,,4.7,9,13.0,
2026-08-12T22:45,30.8,25,29.8,0.0,0.0,,4.3,360,11.9,
2026-08-12T23:00,30.4,26,29.5,0.0,0.0,,3.7,349,10.8,
2026-08-12T23:15,29.9,27,29.2,0.0,0.0,,3.1,339,9.7,
2026-08-12T23:30,29.5,29,29.0,0.0,0.0,,2.8,320,9.0,
2026-08-12T23:45,29.1,30,28.7,0.0,0.0,,2.3,309,7.9,
2026-08-13T00:00,28.7,31,28.4,0.0,0.0,,2.3,288,7.2,
2026-08-13T00:15,28.4,32,28.1,0.0,0.0,,2.2,279,6.5,
2026-08-13T00:30,28.0,33,27.8,0.0,0.0,,1.8,281,5.4,
2026-08-13T00:45,27.7,34,27.6,0.0,0.0,,1.8,281,4.7,
2026-08-13T01:00,27.4,35,27.3,0.0,0.0,,1.6,297,4.3,
2026-08-13T01:15,27.0,37,27.1,0.0,0.0,,1.5,315,4.0,
2026-08-13T01:30,26.6,39,26.8,0.0,0.0,,2.1,329,4.0,
2026-08-13T01:45,26.3,41,26.6,0.0,0.0,,2.3,342,4.3,
2026-08-13T02:00,26.0,42,26.2,0.0,0.0,,2.6,344,4.3,
2026-08-13T02:15,25.8,42,26.0,0.0,0.0,,2.6,344,4.3,
2026-08-13T02:30,25.6,42,25.8,0.0,0.0,,2.6,344,4.7,
2026-08-13T02:45,25.5,42,25.6,0.0,0.0,,2.4,333,5.0,
2026-08-13T03:00,25.3,42,25.4,0.0,0.0,,2.1,329,5.0,
2026-08-13T03:15,25.1,42,25.2,0.0,0.0,,1.8,323,5.0,
2026-08-13T03:30,24.8,43,25.0,0.0,0.0,,1.8,307,4.7,
2026-08-13T03:45,24.6,44,24.8,0.0,0.0,,1.6,297,4.7,
2026-08-13T04:00,24.3,45,24.5,0.0,0.0,,1.5,284,4.3,
2026-08-13T04:15,23.9,46,24.1,0.0,0.0,,1.5,284,4.0,
2026-08-13T04:30,23.4,48,23.7,0.0,0.0,,1.3,304,3.6,
2026-08-13T04:45,22.9,49,23.1,0.0,0.0,,1.5,315,3.2,
2026-08-13T05:00,22.5,50,22.8,0.0,0.0,,1.8,323,2.9,
2026-08-13T05:15,22.3,50,22.5,0.0,0.0,,1.8,323,2.9,
2026-08-13T05:30,22.3,50,22.4,0.0,0.0,,1.8,307,3.2,
2026-08-13T05:45,22.2,49,22.3,0.0,0.0,,1.9,292,3.6,
2026-08-13T06:00,22.2,49,22.2,0.0,0.0,,1.9,292,3.6,
2026-08-13T06:15,22.0,50,22.1,0.0,0.0,,1.9,292,3.6,
2026-08-13T06:30,21.9,51,22.0,0.0,0.0,,1.6,297,3.6,
2026-08-13T06:45,21.7,52,22.0,0.0,0.0,,1.3,304,3.6,
2026-08-13T07:00,21.7,53,22.0,0.0,0.0,,1.3,304,3.6,
2026-08-13T07:15,21.7,53,22.0,0.0,0.0,,1.3,304,3.2,
2026-08-13T07:30,21.7,54,22.2,0.0,0.0,,1.1,288,2.9,
2026-08-13T07:45,21.8,54,22.3,0.0,0.0,,1.1,288,2.2,
2026-08-13T08:00,22.0,53,22.4,0.0,0.0,,1.1,288,2.2,
2026-08-13T08:15,22.3,52,22.7,0.0,0.0,,1.1,288,2.5,
2026-08-13T08:30,22.6,50,23.0,0.0,0.0,,1.0,315,3.2,
2026-08-13T08:45,23.0,48,23.3,0.0,0.0,,1.3,326,4.0,
2026-08-13T09:00,23.5,46,23.6,0.0,0.0,,1.5,346,4.7,
2026-08-13T09:15,23.9,44,23.9,0.0,0.0,,1.8,349,5.4,
2026-08-13T09:30,24.3,42,24.2,0.0,0.0,,2.2,360,6.5,
2026-08-13T09:45,24.8,40,24.6,0.0,0.0,,2.2,360,7.2,
2026-08-13T10:00,25.4,38,25.0,0.0,0.0,,2.5,8,7.9,
2026-08-13T10:15,26.1,35,25.5,0.0,0.0,,2.9,7,8.6,
2026-08-13T10:30,26.9,32,26.1,0.0,0.0,,3.0,14,9.0,
2026-08-13T10:45,27.7,29,26.9,0.0,0.0,,3.3,13,9.7,
2026-08-13T11:00,28.5,27,27.7,0.0,0.0,,3.4,18,10.1,
2026-08-13T11:15,29.1,25,28.4,0.0,0.0,,3.5,24,10.4,
2026-08-13T11:30,29.7,25,29.3,0.0,0.0,,4.0,27,11.2,
2026-08-13T11:45,30.3,24,30.0,0.0,0.0,,4.0,27,11.5,
2026-08-13T12:00,30.8,23,30.6,0.0,0.0,,4.5,29,12.2,
2026-08-13T12:15,31.4,22,31.2,0.0,0.0,,4.8,27,13.0,
2026-08-13T12:30,31.9,21,31.7,0.0,0.0,,5.3,28,13.7,
2026-08-13T12:45,32.4,21,32.4,0.0,0.0,,5.6,27,14.4,
2026-08-13T13:00,32.9,20,32.9,0.0,0.0,,5.6,27,14.8,
2026-08-13T13:15,33.5,20,33.7,0.0,0.0,,5.6,27,14.8,
2026-08-13T13:30,34.0,19,34.2,0.0,0.0,,5.8,30,14.8,
2026-08-13T13:45,34.5,19,34.8,0.0,0.0,,5.8,30,14.8,
2026-08-13T14:00,35.0,19,35.4,0.0,0.0,,5.5,32,14.8,
2026-08-13T14:15,35.3,19,35.9,0.0,0.0,,5.2,34,14.8,
2026-08-13T14:30,35.7,19,36.4,0.0,0.0,,4.8,42,15.1,
2026-08-13T14:45,35.9,18,36.5,0.0,0.0,,4.3,48,15.1,
2026-08-13T15:00,36.2,18,36.8,0.0,0.0,,3.8,49,15.1,
2026-08-13T15:15,36.4,17,36.9,0.0,0.0,,3.3,41,14.4,
2026-08-13T15:30,36.6,17,37.1,0.0,0.0,,3.1,21,13.0,
2026-08-13T15:45,36.8,16,36.9,0.0,0.0,,3.2,360,11.9,
2026-08-13T16:00,36.9,16,36.9,0.0,0.0,,3.7,349,11.5,
2026-08-13T16:15,37.0,16,36.8,0.0,0.0,,4.1,345,13.0,
2026-08-13T16:30,37.1,17,36.8,0.0,0.0,,4.8,347,15.1,
2026-08-13T16:45,37.1,18,36.7,0.0,0.0,,5.5,349,17.6,
2026-08-13T17:00,37.1,18,36.4,0.0,0.0,,6.3,347,19.4,
2026-08-13T17:15,37.2,18,36.0,0.0,0.0,,7.9,344,20.5,
2026-08-13T17:30,37.2,18,35.6,0.0,0.0,,9.4,342,21.6,
2026-08-13T17:45,37.2,18,35.3,0.0,0.0,,10.9,343,22.3,
2026-08-13T18:00,37.1,18,35.1,0.0,0.0,,12.0,344,23.0,
2026-08-13T18:15,37.0,18,34.9,0.0,0.0,,12.1,350,23.8,
2026-08-13T18:30,36.9,17,34.6,0.0,0.0,,11.9,357,24.5,
2026-08-13T18:45,36.7,17,34.4,0.0,0.0,,11.6,5,24.8,
2026-08-13T19:00,36.6,17,34.3,0.0,0.0,,11.4,11,25.2,
2026-08-13T19:15,36.4,17,34.2,0.0,0.0,,10.7,12,25.2,
2026-08-13T19:30,36.3,17,34.3,0.0,0.0,,9.5,11,25.6,
2026-08-13T19:45,36.2,18,34.5,0.0,0.0,,8.4,7,25.2,
2026-08-13T20:00,36.0,18,34.4,0.0,0.0,,7.6,5,24.5,
2026-08-13T20:15,35.8,18,34.2,0.0,0.0,,7.2,6,23.0,
2026-08-13T20:30,35.6,19,34.1,0.0,0.0,,6.9,9,21.2,
2026-08-13T20:45,35.3,19,33.8,0.0,0.0,,7.0,12,19.4,
2026-08-13T21:00,35.1,19,33.6,0.0,0.0,,6.6,13,17.6,
2026-08-13T21:15,34.8,19,33.3,0.0,0.0,,6.3,13,16.6,
2026-08-13T21:30,34.5,19,33.1,0.0,0.0,,5.5,11,15.5,
2026-08-13T21:45,34.3,19,32.9,0.0,0.0,,4.8,13,14.4,
2026-08-13T22:00,33.9,20,32.7,0.0,0.0,,4.4,9,13.3,
2026-08-13T22:15,33.5,21,32.5,0.0,0.0,,4.0,5,11.9,
2026-08-13T22:30,33.1,22,32.2,0.0,0.0,,3.6,360,10.4,
2026-08-13T22:45,32.6,24,32.0,0.0,0.0,,3.3,354,8.6,
2026-08-13T23:00,32.2,25,31.7,0.0,0.0,,2.9,353,7.6,
2026-08-13T23:15,31.9,26,31.5,0.0,0.0,,2.5,360,6.8,
2026-08-13T23:30,31.6,27,31.4,0.0,0.0,,1.8,11,6.5,
2026-08-13T23:45,31.2,28,31.2,0.0,0.0,,1.6,27,6.1,
2026-08-14T00:00,30.9,29,31.0,0.0,0.0,,1.5,45,5.8,
2026-08-14T00:15,30.6,29,30.6,0.0,0.0,,1.3,56,5.0,
2026-08-14T00:30,30.3,29,30.2,0.0,0.0,,1.0,45,4.3,
2026-08-14T00:45,29.9,29,29.9,0.0,0.0,,0.5,45,3.2,
2026-08-14T01:00,29.5,30,29.5,0.0,0.0,,0.4,360,2.9,
2026-08-14T01:15,29.0,32,29.1,0.0,0.0,,0.8,333,2.9,
2026-08-14T01:30,28.3,35,28.5,0.0,0.0,,1.3,326,2.9,
2026-08-14T01:45,27.6,38,28.0,0.0,0.0,,1.8,323,3.2,
2026-08-14T02:00,27.1,40,27.6,0.0,0.0,,2.0,315,3.2,
2026-08-14T02:15,26.8,42,27.4,0.0,0.0,,1.8,307,3.2,
2026-08-14T02:30,26.5,43,27.2,0.0,0.0,,1.9,292,3.2,
2026-08-14T02:45,26.4,44,27.1,0.0,0.0,,1.8,270,2.9,
2026-08-14T03:00,26.2,44,26.9,0.0,0.0,,1.8,259,3.2,
2026-08-14T03:15,26.2,43,26.7,0.0,0.0,,1.9,248,4.0,
2026-08-14T03:30,26.2,41,26.5,0.0,0.0,,2.1,239,5.0,
2026-08-14T03:45,26.3,39,26.3,0.0,0.0,,2.3,231,5.8,
2026-08-14T04:00,26.2,38,26.1,0.0,0.0,,2.3,231,6.1,
2026-08-14T04:15,25.9,39,25.9,0.0,0.0,,1.6,243,5.4,
2026-08-14T04:30,25.4,41,25.6,0.0,0.0,,1.1,288,4.3,
2026-08-14T04:45,25.0,44,25.3,0.0,0.0,,1.6,333,3.2,
2026-08-14T05:00,24.6,45,24.9,0.0,0.0,,1.9,338,2.5,
2026-08-14T05:15,24.5,45,24.8,0.0,0.0,,1.8,323,2.5,
2026-08-14T05:30,24.4,44,24.6,0.0,0.0,,1.6,297,2.9,
2026-08-14T05:45,24.4,42,24.3,0.0,0.0,,1.8,270,3.6,
2026-08-14T06:00,24.3,42,24.1,0.0,0.0,,2.2,261,4.0,
2026-08-14T06:15,24.1,43,24.1,0.0,0.0,,1.8,259,4.0,
2026-08-14T06:30,23.9,44,24.0,0.0,0.0,,1.4,270,4.0,
2026-08-14T06:45,23.7,46,24.0,0.0,0.0,,0.8,297,4.0,
2026-08-14T07:00,23.6,47,24.1,0.0,0.0,,0.5,315,4.0,
2026-08-14T07:15,23.6,48,24.1,0.0,0.0,,0.4,270,4.0,
2026-08-14T07:30,23.6,50,24.3,0.0,0.0,,0.5,225,4.3,
2026-08-14T07:45,23.6,51,24.4,0.0,0.0,,1.3,214,4.7,
2026-08-14T08:00,23.8,52,24.7,0.0,0.0,,1.3,214,4.7,
2026-08-14T08:15,24.2,52,25.2,0.0,0.0,,1.0,225,4.7,
2026-08-14T08:30,24.6,51,25.8,0.0,0.0,,0.7,270,4.7,
2026-08-14T08:45,25.1,50,26.3,0.0,0.0,,1.0,315,4.7,
2026-08-14T09:00,25.6,49,26.7,0.0,0.0,,1.6,333,4.7,
2026-08-14T09:15,26.1,48,27.2,0.0,0.0,,1.9,338,5.0,
2026-08-14T09:30,26.6,47,27.7,0.0,0.0,,1.9,338,5.4,
2026-08-14T09:45,27.1,46,28.2,0.0,0.0,,2.3,342,6.1,
2026-08-14T10:00,27.7,44,28.8,0.0,0.0,,2.3,342,6.8,
2026-08-14T10:15,28.5,41,29.4,0.0,0.0,,2.6,344,7.9,
2026-08-14T10:30,29.4,37,29.9,0.0,0.0,,3.0,346,9.7,
2026-08-14T10:45,30.3,33,30.5,0.0,0.0,,3.0,346,11.2,
2026-08-14T11:00,31.1,30,31.2,0.0,0.0,,2.9,353,11.9,
2026-08-14T11:15,31.7,28,32.0,0.0,0.0,,2.5,360,11.9,
2026-08-14T11:30,32.3,26,32.7,0.0,0.0,,2.3,18,11.5,
2026-08-14T11:45,32.8,25,33.4,0.0,0.0,,1.8,37,10.8,
2026-08-14T12:00,33.3,23,34.0,0.0,0.0,,1.6,63,10.1,
2026-08-14T12:15,34.0,21,34.6,0.0,0.0,,1.4,90,9.7,
2026-08-14T12:30,34.7,18,35.1,0.0,0.0,,1.6,117,9.4,
2026-08-14T12:45,35.3,16,35.5,0.0,0.0,,2.0,135,9.0,
2026-08-14T13:00,35.9,14,35.8,0.0,0.0,,2.6,146,9.0,
2026-08-14T13:15,36.4,13,36.1,0.0,0.0,,3.2,153,9.4,
2026-08-14T13:30,36.8,13,36.5,0.0,0.0,,3.7,151,10.4,
2026-08-14T13:45,37.2,14,37.1,0.0,0.0,,4.0,153,11.2,
2026-08-14T14:00,37.5,14,37.2,0.0,0.0,,4.5,151,11.9,
2026-08-14T14:15,37.8,14,37.3,0.0,0.0,,4.7,148,12.2,
2026-08-14T14:30,38.0,14,37.4,0.0,0.0,,4.7,148,12.6,
2026-08-14T14:45,38.1,15,37.7,0.0,0.0,,4.9,144,12.6,
2026-08-14T15:00,38.2,15,38.0,0.0,0.0,,4.3,138,12.6,
2026-08-14T15:15,38.3,15,38.3,0.0,0.0,,3.6,127,12.2,
2026-08-14T15:30,38.4,16,38.8,0.0,0.0,,2.6,106,11.9,
2026-08-14T15:45,38.5,16,38.7,0.0,0.0,,2.6,74,11.5,
2026-08-14T16:00,38.5,16,38.3,0.0,0.0,,3.4,58,11.9,
2026-08-14T16:15,38.5,16,37.9,0.0,0.0,,4.3,66,13.7,
2026-08-14T16:30,38.5,16,37.3,0.0,0.0,,5.9,79,16.2,
2026-08-14T16:45,38.5,16,36.9,0.0,0.0,,7.2,84,18.4,
2026-08-14T17:00,38.4,16,36.8,0.0,0.0,,8.0,85,19.4,
2026-08-14T17:15,38.3,16,36.7,0.0,0.0,,7.8,77,18.7,
2026-08-14T17:30,38.2,17,36.8,0.0,0.0,,7.6,59,16.6,
2026-08-14T17:45,38.1,17,36.6,0.0,0.0,,7.7,41,14.0,
2026-08-14T18:00,38.0,17,36.5,0.0,0.0,,7.4,29,12.6,
2026-08-14T18:15,38.0,17,36.7,0.0,0.0,,6.0,17,11.5,
2026-08-14T18:30,38.0,17,37.0,0.0,0.0,,4.4,351,10.4,
2026-08-14T18:45,38.0,17,37.1,0.0,0.0,,3.8,319,10.4,
2026-08-14T19:00,38.0,17,37.1,0.0,0.0,,3.5,294,11.9,
2026-08-14T19:15,37.9,17,37.3,0.0,0.0,,1.9,292,15.8,
2026-08-14T19:30,37.8,17,37.2,0.0,0.0,,1.4,90,22.0,
2026-08-14T19:45,37.6,17,36.6,0.0,0.0,,4.3,95,28.1,
2026-08-14T20:00,37.3,18,36.2,0.0,0.0,,5.4,94,32.0,
2026-08-14T20:15,36.6,20,36.1,0.0,0.0,,3.6,84,33.5,
2026-08-14T20:30,35.8,23,35.9,0.0,0.0,,1.8,360,33.8,
2026-08-14T20:45,34.9,25,34.7,0.0,0.0,,5.1,309,33.1,
2026-08-14T21:00,34.1,28,33.9,0.0,0.0,,7.9,300,32.0,
2026-08-14T21:15,33.4,30,33.2,0.0,0.0,,9.5,295,30.6,
2026-08-14T21:30,32.8,33,32.8,0.0,0.0,,10.4,290,28.4,
2026-08-14T21:45,32.3,35,32.4,0.0,0.0,,10.8,285,26.3,
2026-08-14T22:00,31.9,36,32.1,0.0,0.0,,10.0,285,24.5,
2026-08-14T22:15,31.6,37,32.2,0.0,0.0,,7.6,289,22.7,
2026-08-14T22:30,31.4,37,32.5,0.0,0.0,,4.1,308,21.2,
2026-08-14T22:45,31.3,37,32.5,0.0,0.0,,2.6,16,19.8,
2026-08-14T23:00,31.0,37,32.0,0.0,0.0,,3.3,49,19.1,
2026-08-14T23:15,30.5,37,31.6,0.0,0.0,,2.0,45,19.1,
2026-08-14T23:30,29.9,38,31.0,0.0,0.0,,1.6,297,19.8,
2026-08-14T23:45,29.4,38,29.8,0.0,0.0,,5.0,270,20.5,
2026-08-15T00:00,28.8,39,28.9,0.0,0.0,,7.2,267,20.9,
2026-08-15T00:15,28.4,40,28.3,0.0,0.0,,8.3,270,20.5,
2026-08-15T00:30,28.0,41,27.8,0.0,0.0,,8.7,275,19.8,
2026-08-15T00:45,27.6,42,27.5,0.0,0.0,,8.4,280,19.1,
2026-08-15T01:00,27.2,43,27.2,0.0,0.0,,8.2,285,18.7,
2026-08-15T01:15,27.0,43,27.0,0.0,0.0,,7.4,293,17.6,
2026-08-15T01:30,26.7,43,26.8,0.0,0.0,,6.0,303,16.2,
2026-08-15T01:45,26.5,43,26.6,0.0,0.0,,5.1,315,15.8,
2026-08-15T02:00,26.1,45,26.4,0.0,0.0,,5.4,323,18.4,
2026-08-15T02:15,25.5,49,25.8,0.0,0.0,,7.1,315,25.9,
2026-08-15T02:30,24.8,56,25.2,0.0,0.0,,9.8,306,37.4,
2026-08-15T02:45,24.0,62,24.4,0.0,0.0,,12.6,301,47.9,
2026-08-15T03:00,23.5,66,23.9,0.0,0.0,,14.2,300,54.0,
2026-08-15T03:15,23.3,68,23.8,0.0,0.0,,13.5,304,53.3,
2026-08-15T03:30,23.2,68,23.9,0.0,0.0,,12.0,311,47.9,
2026-08-15T03:45,23.2,67,24.1,0.0,0.0,,10.0,322,41.0,
2026-08-15T04:00,23.3,66,24.3,0.0,0.0,,9.0,331,35.6,
2026-08-15T04:15,23.4,65,24.4,0.0,0.0,,8.5,332,31.7,
2026-08-15T04:30,23.7,63,24.7,0.0,0.0,,7.9,330,27.7,
2026-08-15T04:45,23.9,61,24.9,0.0,0.0,,7.2,323,24.5,
2026-08-15T05:00,24.1,60,25.1,0.0,0.0,,6.9,321,21.6,
2026-08-15T05:15,24.1,60,25.2,0.0,0.0,,6.2,324,19.1,
2026-08-15T05:30,24.1,60,25.2,0.0,0.0,,5.8,330,17.3,
2026-08-15T05:45,24.0,60,25.2,0.0,0.0,,5.4,340,15.8,
2026-08-15T06:00,24.0,60,25.1,0.0,0.0,,5.5,349,15.5,
2026-08-15T06:15,24.0,59,24.9,0.0,0.0,,6.5,354,15.8,
2026-08-15T06:30,24.0,58,24.6,0.0,0.0,,7.9,360,17.3,
2026-08-15T06:45,24.0,57,24.3,0.0,0.0,,9.4,360,19.1,
2026-08-15T07:00,24.0,57,24.2,0.0,0.0,,9.7,360,20.9,
2026-08-15T07:15,23.8,58,24.3,0.0,0.0,,8.6,358,22.7,
2026-08-15T07:30,23.6,61,24.5,0.2,0.2,,7.3,349,24.8,
2026-08-15T07:45,23.5,63,24.8,0.0,0.0,,5.5,337,26.3,
2026-08-15T08:00,23.4,65,24.9,0.0,0.0,,4.6,321,26.6,
2026-08-15T08:15,23.4,65,25.0,0.0,0.0,,4.3,312,24.8,
2026-08-15T08:30,23.5,65,25.1,0.0,0.0,,4.3,312,21.2,
2026-08-15T08:45,23.6,64,25.2,0.0,0.0,,4.3,312,18.4,
2026-08-15T09:00,23.9,63,25.6,0.0,0.0,,3.3,311,16.9,
2026-08-15T09:15,24.3,61,26.3,0.0,0.0,,1.1,288,18.7,
2026-08-15T09:30,24.8,59,26.6,0.0,0.0,,2.3,162,22.3,
2026-08-15T09:45,25.3,57,26.7,0.0,0.0,,5.0,150,26.3,
2026-08-15T10:00,25.8,55,27.1,0.0,0.0,,6.0,147,28.8,
2026-08-15T10:15,26.2,54,27.8,0.0,0.0,,4.1,142,29.2,
2026-08-15T10:30,26.6,53,28.6,0.0,0.0,,1.1,90,28.1,
2026-08-15T10:45,27.0,52,28.7,0.0,0.0,,3.7,349,26.6,
2026-08-15T11:00,27.4,51,28.8,0.0,0.0,,6.2,339,25.6,
2026-08-15T11:15,27.8,51,29.4,0.0,0.0,,7.1,330,24.5,
2026-08-15T11:30,28.2,51,29.9,0.0,0.0,,7.7,319,23.0,
2026-08-15T11:45,28.5,50,30.0,0.0,0.0,,8.2,308,22.3,
2026-08-15T12:00,28.7,50,30.0,0.0,0.0,,8.7,300,22.3,
2026-08-15T12:15,28.6,49,29.7,0.0,0.0,,9.4,293,24.1,
2026-08-15T12:30,28.4,48,29.1,0.0,0.0,,10.5,286,27.4,
2026-08-15T12:45,28.2,47,28.5,0.0,0.0,,11.4,283,30.6,
2026-08-15T13:00,28.1,46,28.2,0.0,0.0,,11.7,281,32.4,
2026-08-15T13:15,28.3,44,28.2,0.0,0.0,,11.7,281,32.8,
2026-08-15T13:30,28.6,43,28.6,0.0,0.0,,11.1,283,32.0,
2026-08-15T13:45,28.9,41,28.9,0.0,0.0,,10.2,288,31.0,
2026-08-15T14:00,29.2,40,29.2,0.0,0.0,,9.5,295,29.9,
2026-08-15T14:15,29.4,40,29.6,0.0,0.0,,9.0,307,28.4,
2026-08-15T14:30,29.6,41,30.0,0.0,0.0,,8.9,320,27.0,
2026-08-15T14:45,29.8,43,30.4,0.0,0.0,,9.5,335,25.6,
2026-08-15T15:00,29.8,44,30.5,0.0,0.0,,9.9,341,25.2,
2026-08-15T15:15,29.7,45,30.5,0.0,0.0,,10.0,339,26.6,
2026-08-15T15:30,29.5,46,30.4,0.0,0.0,,9.3,332,29.2,
2026-08-15T15:45,29.2,47,30.2,0.0,0.0,,9.3,324,31.7,
2026-08-15T16:00,29.1,48,30.3,0.0,0.0,,8.7,318,32.4,
2026-08-15T16:15,29.1,48,30.4,0.0,0.0,,7.9,317,31.0,
2026-08-15T16:30,29.2,49,30.8,0.0,0.0,,6.6,315,28.1,
2026-08-15T16:45,29.3,48,31.0,0.0,0.0,,5.6,315,24.5,
2026-08-15T17:00,29.5,48,31.4,0.0,0.0,,4.8,318,22.0,
2026-08-15T17:15,29.7,47,31.6,0.0,0.0,,4.6,321,20.2,
2026-08-15T17:30,30.0,46,31.8,0.0,0.0,,4.9,324,18.7,
2026-08-15T17:45,30.4,44,32.0,0.0,0.0,,5.2,326,17.6,
2026-08-15T18:00,30.6,43,32.1,0.0,0.0,,5.5,328,16.9,
2026-08-15T18:15,30.7,43,32.2,0.0,0.0,,5.7,325,16.6,
2026-08-15T18:30,30.8,43,32.3,0.0,0.0,,5.9,317,16.6,
2026-08-15T18:45,30.8,42,32.1,0.0,0.0,,6.1,310,16.9,
2026-08-15T19:00,30.7,42,31.9,0.0,0.0,,6.7,306,17.3,
2026-08-15T19:15,30.7,41,31.7,0.0,0.0,,7.0,305,18.0,
2026-08-15T19:30,30.5,39,31.1,0.0,0.0,,7.2,307,18.7,
2026-08-15T19:45,30.4,38,30.8,0.0,0.0,,7.2,307,19.4,
2026-08-15T20:00,30.2,37,30.4,0.0,0.0,,7.2,307,20.2,
2026-08-15T20:15,30.0,38,30.4,0.0,0.0,,7.0,305,20.5,
2026-08-15T20:30,29.8,39,30.4,0.0,0.0,,6.1,298,20.9,
2026-08-15T20:45,29.6,41,30.4,0.0,0.0,,5.8,292,21.2,
2026-08-15T21:00,29.4,43,30.5,0.0,0.0,,5.7,288,20.9,
2026-08-15T21:15,29.3,44,30.4,0.0,0.0,,5.7,288,19.8,
2026-08-15T21:30,29.1,46,30.4,0.0,0.0,,6.2,291,18.4,
2026-08-15T21:45,28.9,47,30.2,0.0,0.0,,6.6,292,17.3,
2026-08-15T22:00,28.7,49,30.1,0.0,0.0,,6.9,298,16.9,
2026-08-15T22:15,28.4,51,29.9,0.0,0.0,,7.5,305,18.4,
2026-08-15T22:30,28.0,53,29.5,0.0,0.0,,8.4,313,20.5,
2026-08-15T22:45,27.6,55,29.1,0.0,0.0,,9.2,318,23.0,
2026-08-15T23:00,27.2,57,28.7,0.0,0.0,,9.7,321,24.8,
2026-08-15T23:15,26.8,58,28.3,0.0,0.0,,9.5,323,25.2,
2026-08-15T23:30,26.4,59,27.9,0.0,0.0,,9.2,321,25.2,
2026-08-15T23:45,26.0,59,27.4,0.0,0.0,,8.4,320,24.8,
2026-08-16T00:00,25.7,60,27.1,0.0,0.0,,7.9,321,24.1,
2026-08-16T00:15,25.3,61,26.8,0.0,0.0,,7.4,321,23.4,
2026-08-16T00:30,25.0,63,26.7,0.0,0.0,,7.1,319,22.0,
2026-08-16T00:45,24.8,65,26.6,0.0,0.0,,6.6,319,20.9,
2026-08-16T01:00,24.6,66,26.5,0.0,0.0,,6.1,320,19.4,
2026-08-16T01:15,24.4,67,26.5,0.0,0.0,,5.7,325,18.0,
2026-08-16T01:30,24.4,67,26.4,0.0,0.0,,5.3,332,16.2,
2026-08-16T01:45,24.3,68,26.5,0.0,0.0,,5.2,344,14.8,
2026-08-16T02:00,24.3,68,26.4,0.0,0.0,,5.2,348,14.0,
2026-08-16T02:15,24.2,68,26.3,0.0,0.0,,5.2,348,14.0,
2026-08-16T02:30,24.1,68,26.1,0.0,0.0,,5.6,345,14.4,
2026-08-16T02:45,24.0,67,25.8,0.0,0.0,,5.6,345,15.1,
2026-08-16T03:00,23.9,67,25.6,0.0,0.0,,6.0,343,15.8,
2026-08-16T03:15,23.7,67,25.4,0.0,0.0,,6.4,344,16.9,
2026-08-16T03:30,23.6,67,25.1,0.0,0.0,,7.1,345,18.7,
2026-08-16T03:45,23.4,67,24.7,0.0,0.0,,7.8,347,20.2,
2026-08-16T04:00,23.2,68,24.5,0.0,0.0,,8.1,347,21.2,
2026-08-16T04:15,23.0,69,24.3,0.0,0.0,,8.1,347,22.0,
2026-08-16T04:30,22.7,71,24.1,0.0,0.0,,7.3,349,22.3,
2026-08-16T04:45,22.4,73,24.0,0.0,0.0,,6.9,351,22.0,
2026-08-16T05:00,22.1,75,23.9,0.0,0.0,,6.2,350,21.6,
2026-08-16T05:15,21.9,76,23.8,0.0,0.0,,5.5,349,20.2,
2026-08-16T05:30,21.8,77,23.8,0.0,0.0,,5.2,344,18.0,
2026-08-16T05:45,21.7,77,23.7,0.0,0.0,,4.6,342,15.8,
2026-08-16T06:00,21.6,78,23.6,0.0,0.0,,4.7,337,14.8,
2026-08-16T06:15,21.4,79,23.4,0.0,0.0,,5.2,335,14.8,
2026-08-16T06:30,21.3,80,23.3,0.0,0.0,,5.6,333,15.5,
2026-08-16T06:45,21.2,81,23.1,0.0,0.0,,6.3,336,16.6,
2026-08-16T07:00,21.1,82,22.9,0.0,0.0,,7.0,339,17.3,
2026-08-16T07:15,21.0,83,22.8,0.0,0.0,,7.2,342,17.6,
2026-08-16T07:30,20.8,84,22.6,0.0,0.0,,7.6,352,18.4,
2026-08-16T07:45,20.7,84,22.5,0.0,0.0,,7.6,357,18.7,
2026-08-16T08:00,20.8,84,22.5,0.0,0.0,,7.9,360,19.1,
2026-08-16T08:15,21.0,83,22.7,0.0,0.0,,7.9,360,19.4,
2026-08-16T08:30,21.2,81,23.0,0.0,0.0,,7.6,357,19.4,
2026-08-16T08:45,21.6,79,23.3,0.0,0.0,,7.2,357,19.4,
2026-08-16T09:00,21.9,77,23.6,0.0,0.0,,7.2,354,19.8,
2026-08-16T09:15,22.2,76,23.9,0.0,0.0,,7.2,354,20.9,
2026-08-16T09:30,22.5,74,24.1,0.0,0.0,,7.6,352,22.0,
2026-08-16T09:45,22.7,73,24.3,0.0,0.0,,8.0,352,23.0,
2026-08-16T10:00,23.0,72,24.6,0.0,0.0,,8.0,352,23.8,
2026-08-16T10:15,23.3,71,25.0,0.0,0.0,,7.6,355,23.4,
2026-08-16T10:30,23.5,70,25.3,0.0,0.0,,7.2,357,22.7,
2026-08-16T10:45,23.8,69,25.6,0.0,0.0,,6.8,360,22.0,
2026-08-16T11:00,24.1,68,26.0,0.0,0.0,,6.5,3,20.9,
2026-08-16T11:15,24.4,67,26.5,0.0,0.0,,6.1,3,20.2,
2026-08-16T11:30,24.8,66,27.0,0.0,0.0,,5.4,360,19.1,
2026-08-16T11:45,25.2,64,27.6,0.0,0.0,,5.1,356,18.0,
2026-08-16T12:00,25.6,63,28.4,0.0,0.0,,4.7,356,17.3,
2026-08-16T12:15,26.0,61,29.0,0.0,0.0,,4.7,356,16.6,
2026-08-16T12:30,26.4,59,29.5,0.0,0.0,,5.0,360,16.2,
2026-08-16T12:45,26.8,57,29.9,0.0,0.0,,5.4,360,16.2,
2026-08-16T13:00,27.2,55,30.3,0.0,0.0,,5.4,4,15.8,
2026-08-16T13:15,27.7,53,30.6,0.0,0.0,,5.1,8,15.8,
2026-08-16T13:30,28.1,52,31.1,0.0,0.0,,4.6,18,15.8,
2026-08-16T13:45,28.5,50,31.5,0.0,0.0,,4.0,27,16.2,
2026-08-16T14:00,28.9,49,31.8,0.0,0.0,,3.7,29,16.2,
2026-08-16T14:15,29.1,48,32.0,0.0,0.0,,3.4,18,15.8,
2026-08-16T14:30,29.4,47,32.1,0.0,0.0,,3.6,354,15.5,
2026-08-16T14:45,29.5,46,31.9,0.0,0.0,,4.2,340,15.1,
2026-08-16T15:00,29.7,45,31.7,0.0,0.0,,5.0,330,15.1,
2026-08-16T15:15,29.9,44,31.5,0.0,0.0,,5.1,321,15.5,
2026-08-16T15:30,30.2,43,31.6,0.0,0.0,,5.1,315,16.2,
2026-08-16T15:45,30.3,42,31.7,0.0,0.0,,4.8,312,16.9,
2026-08-16T16:00,30.5,41,31.7,0.0,0.0,,5.1,309,17.6,
2026-08-16T16:15,30.5,40,31.5,0.0,0.0,,5.6,310,18.7,
2026-08-16T16:30,30.5,40,31.5,0.0,0.0,,6.1,315,20.5,
2026-08-16T16:45,30.5,40,31.3,0.0,0.0,,6.9,321,21.6,
2026-08-16T17:00,30.5,40,31.2,0.0,0.0,,7.2,323,22.3,
2026-08-16T17:15,30.4,41,31.3,0.0,0.0,,7.2,323,22.0,
2026-08-16T17:30,30.4,42,31.4,0.0,0.0,,7.0,325,20.9,
2026-08-16T17:45,30.3,42,31.4,0.0,0.0,,6.8,328,19.8,
2026-08-16T18:00,30.3,43,31.6,0.0,0.0,,6.5,326,18.7,
2026-08-16T18:15,30.3,43,31.6,0.0,0.0,,6.4,322,18.0,
2026-08-16T18:30,30.4,43,31.7,0.0,0.0,,6.6,319,17.6,
2026-08-16T18:45,30.4,42,31.5,0.0,0.0,,6.6,315,17.6,
2026-08-16T19:00,30.4,42,31.5,0.0,0.0,,6.6,311,17.6,
2026-08-16T19:15,30.3,42,31.4,0.0,0.0,,6.4,308,18.4,
2026-08-16T19:30,30.2,43,31.4,0.0,0.0,,6.1,310,19.4,
2026-08-16T19:45,30.0,44,31.4,0.0,0.0,,5.9,313,20.9,
2026-08-16T20:00,29.9,44,31.2,0.0,0.0,,5.6,310,21.2,
2026-08-16T20:15,29.8,43,31.1,0.0,0.0,,5.4,307,20.9,
2026-08-16T20:30,29.8,43,31.0,0.0,0.0,,5.5,302,19.4,
2026-08-16T20:45,29.8,42,30.8,0.0,0.0,,5.6,297,18.4,
2026-08-16T21:00,29.7,41,30.5,0.0,0.0,3,6.0,295,17.6,1006.4
2026-08-16T21:30,29.3,42,29.9,0.0,0.0,3,7.2,297,18.7,1006.6
2026-08-16T21:45,29.0,42,29.5,0.0,0.0,3,7.7,298,19.4,1006.8
2026-08-16T22:15,28.5,43,29.0,0.0,0.0,3,6.9,317,20.2,1007.1
2026-08-16T22:45,27.5,47,28.3,0.0,0.0,2,6.5,34,20.9,1007.2
2026-08-16T23:15,27.1,47,27.8,0.0,0.0,2,5.9,38,19.4,1007.3
2026-08-16T21:15,29.0,46,30.1,0.0,0.0,,7.7,28,19.4,
2026-08-16T23:30,26.9,47,27.6,0.0,0.0,2,5.6,40,18.0,1007.4
2026-08-16T23:45,26.7,48,27.5,0.0,0.0,2,5.4,42,16.6,1007.4
2026-08-17T00:15,26.3,49,27.1,0.0,0.0,2,5.2,34,15.1,1007.4
2026-08-16T22:00,28.3,48,29.3,0.0,0.0,,7.7,28,20.9,
2026-08-17T00:45,25.7,48,26.2,0.0,0.0,2,5.2,16,14.0,1007.8
2026-08-17T01:15,25.3,50,25.9,0.0,0.0,2,5.6,15,13.7,1007.8
2026-08-16T22:30,27.6,47,28.3,0.0,0.0,,7.2,37,21.2,
2026-08-16T23:00,26.9,45,27.3,0.0,0.0,,6.4,43,20.5,
2026-08-17T01:30,25.1,51,25.8,0.0,0.0,2,5.2,16,13.7,1007.7
2026-08-17T01:45,25.0,51,25.6,0.0,0.0,2,4.9,17,14.0,1007.6
2026-08-17T03:30,23.8,55,24.5,0.0,0.0,3,4.7,360,11.2,1007.4
2026-08-17T00:00,26.4,46,27.0,0.0,0.0,,4.2,31,15.5,
2026-08-17T00:30,26.0,47,26.5,0.0,0.0,,5.0,21,14.4,
2026-08-17T01:00,25.5,49,26.0,0.0,0.0,,5.6,15,13.7,
2026-08-17T04:45,22.6,58,23.1,0.0,0.0,3,5.2,348,12.6,1007.1
2026-08-17T02:00,24.1,53,24.4,0.0,0.0,,6.6,22,13.7,
2026-08-17T02:15,23.9,54,24.3,0.0,0.0,,6.2,21,14.0,
2026-08-17T02:30,23.7,54,24.2,0.0,0.0,,5.4,20,14.4,
2026-08-17T02:45,23.6,55,24.3,0.0,0.0,,4.1,15,15.1,
2026-08-17T05:45,22.3,60,22.8,0.0,0.0,3,5.7,342,13.3,1007.0
2026-08-17T06:30,21.7,62,22.1,0.0,0.0,3,6.2,324,18.0,1006.7
2026-08-17T03:00,23.4,55,24.1,0.0,0.0,,3.7,11,15.1,
2026-08-17T03:15,23.2,56,24.0,0.0,0.0,,3.6,6,14.8,
2026-08-17T03:45,22.9,57,23.6,0.0,0.0,,4.0,355,13.0,
2026-08-17T04:00,22.8,57,23.4,0.0,0.0,,4.4,351,12.6,
2026-08-17T04:15,22.7,57,23.3,0.0,0.0,,4.5,346,12.2,
2026-08-17T04:30,22.7,58,23.3,0.0,0.0,,4.5,346,12.2,
2026-08-17T07:15,21.5,62,22.0,0.0,0.0,3,5.4,318,17.6,1007.2
2026-08-17T05:00,22.6,59,23.2,0.0,0.0,,4.9,343,13.0,
2026-08-17T05:15,22.4,60,23.0,0.0,0.0,,5.4,340,13.7,
2026-08-17T07:45,21.5,61,21.7,0.0,0.0,3,6.6,319,16.2,1007.5
2026-08-17T05:30,22.2,61,22.8,0.0,0.0,,6.0,335,14.8,
2026-08-17T06:00,21.9,62,22.2,0.0,0.0,,7.1,330,16.9,
2026-08-17T09:00,21.7,59,21.7,0.0,0.0,3,7.2,333,18.0,1008.0
2026-08-17T06:15,21.8,62,22.2,0.0,0.0,,6.8,328,17.6,
2026-08-17T06:45,21.6,62,22.1,0.0,0.0,,5.6,320,18.0,
2026-08-17T07:00,21.5,62,22.0,0.0,0.0,,5.4,318,18.0,
2026-08-17T09:45,22.0,59,22.1,0.0,0.0,3,7.3,327,18.7,1008.1
2026-08-17T07:30,21.5,62,21.9,0.0,0.0,,5.9,317,16.9,
2026-08-17T08:00,21.5,61,21.7,0.0,0.0,,6.9,321,15.8,
2026-08-17T10:45,23.2,56,23.5,0.0,0.0,3,6.9,321,20.2,1008.3
2026-08-17T08:15,21.6,61,21.7,0.0,0.0,,7.5,325,16.2,
2026-08-17T08:30,21.6,60,21.6,0.0,0.0,,7.7,323,17.3,
2026-08-17T08:45,21.6,60,21.6,0.0,0.0,,7.7,323,18.0,
2026-08-17T11:30,24.3,53,24.7,0.0,0.0,3,7.4,321,20.5,1008.5
2026-08-17T09:15,21.8,60,21.9,0.0,0.0,,7.7,319,19.1,
2026-08-17T09:30,21.9,60,22.1,0.0,0.0,,7.4,317,19.1,
2026-08-17T12:15,25.3,50,26.1,0.0,0.0,2,7.9,313,21.6,1008.7
2026-08-17T10:00,22.2,60,22.5,0.0,0.0,,7.1,311,19.4,
2026-08-17T10:15,22.5,59,22.9,0.0,0.0,,6.9,313,19.8,
2026-08-17T13:00,26.0,49,27.1,0.0,0.0,2,8.7,308,23.8,1008.6
2026-08-17T10:30,22.8,58,23.2,0.0,0.0,,6.9,317,20.2,
2026-08-17T11:00,23.6,55,23.9,0.0,0.0,,7.0,325,20.5,
2026-08-17T13:15,26.3,48,27.2,0.0,0.0,3,8.7,308,24.1,1008.6
2026-08-17T11:15,23.9,54,24.3,0.0,0.0,,7.0,325,20.5,
2026-08-17T13:45,26.8,45,27.5,0.0,0.0,3,8.2,308,24.5,1008.5
2026-08-17T11:45,24.6,52,25.2,0.0,0.0,,7.4,317,20.5,
2026-08-17T14:30,27.3,42,27.0,0.0,0.0,2,9.2,312,27.4,1008.3
2026-08-17T12:00,25.0,51,25.7,0.0,0.0,,7.6,315,20.9,
2026-08-17T12:30,25.5,50,26.5,0.0,0.0,,8.2,311,22.3,
2026-08-17T15:15,27.6,41,27.3,0.0,0.0,3,11.2,315,31.0,1008.1
2026-08-17T12:45,25.8,50,26.9,0.0,0.0,,8.4,310,23.0,
2026-08-17T16:00,27.9,41,27.4,0.0,0.0,3,12.7,317,32.4,1008.1
2026-08-17T13:30,26.6,47,27.5,0.0,0.0,,8.5,306,24.1,
2026-08-17T14:00,27.0,44,27.4,0.0,0.0,,8.2,308,24.8,
2026-08-17T16:30,28.0,40,27.2,0.0,0.0,3,12.7,315,32.8,1008.1
2026-08-17T14:15,27.2,43,27.2,0.0,0.0,,8.4,310,25.9,
2026-08-17T14:45,27.3,41,26.8,0.0,0.0,,9.7,312,29.2,
2026-08-17T17:00,28.0,39,27.0,0.0,0.0,3,13.0,312,33.1,1008.0
2026-08-17T15:00,27.4,41,27.0,0.0,0.0,,10.4,314,30.2,
2026-08-17T17:30,28.0,39,26.9,0.0,0.0,2,13.6,307,34.2,1007.9
2026-08-17T15:30,27.7,41,27.4,0.0,0.0,,12.0,316,31.7,
2026-08-17T17:45,28.0,39,26.8,0.0,0.0,2,14.2,306,34.9,1007.8
2026-08-17T15:45,27.8,41,27.5,0.0,0.0,,12.2,317,32.0,
2026-08-17T18:30,27.6,41,26.5,0.0,0.0,2,14.2,306,35.6,1007.6
2026-08-17T16:15,28.0,41,27.2,0.0,0.0,,13.0,316,32.8,
2026-08-17T19:00,27.1,43,26.3,0.0,0.0,2,13.6,307,35.3,1007.6
2026-08-17T16:45,28.0,39,27.0,0.0,0.0,,13.0,314,32.8,
2026-08-17T19:30,26.6,46,26.0,0.0,0.0,1,13.3,311,34.2,1007.6
2026-08-17T17:15,28.0,39,26.9,0.0,0.0,,13.6,310,33.5,
2026-08-17T20:00,26.1,48,25.6,0.0,0.0,1,12.5,314,32.8,1007.6
2026-08-17T18:00,27.9,39,26.7,0.0,0.0,,14.5,305,35.3,
2026-08-17T18:15,27.8,40,26.6,0.0,0.0,,14.5,305,35.6,
2026-08-17T21:00,24.9,51,24.7,0.0,0.0,2,10.9,314,29.9,1007.7
2026-08-17T18:45,27.4,42,26.4,0.0,0.0,,13.9,307,35.6,
2026-08-17T21:30,24.5,53,24.3,0.0,0.0,2,10.5,311,27.7,1007.9
2026-08-17T19:15,26.9,44,26.0,0.0,0.0,,13.9,307,34.9,
2026-08-17T22:00,24.0,55,24.1,0.0,0.0,2,9.2,315,25.6,1008.0
2026-08-17T19:45,26.4,47,25.8,0.0,0.0,,13.6,310,33.5,
2026-08-17T22:30,23.6,57,23.9,0.0,0.0,2,8.9,313,24.1,1008.2
2026-08-17T23:00,23.2,59,23.5,0.0,0.0,2,9.2,309,23.0,1008.4
2026-08-17T20:15,25.8,49,25.2,0.0,0.0,,13.3,311,32.0,
2026-08-17T20:30,25.5,50,25.0,0.0,0.0,,13.0,309,31.3,
2026-08-17T20:45,25.2,50,24.6,0.0,0.0,,12.8,308,30.6,
2026-08-17T23:30,22.9,61,23.2,0.0,0.0,2,9.0,307,22.0,1008.5
2026-08-17T21:15,24.7,52,24.4,0.0,0.0,,11.5,309,28.8,
2026-08-17T23:45,22.7,62,23.1,0.0,0.0,2,8.8,305,21.2,1008.6
2026-08-17T21:45,24.2,54,24.2,0.0,0.0,,9.9,314,26.6,
2026-08-18T00:30,22.1,65,22.6,0.0,0.0,1,8.2,308,20.2,1008.7
2026-08-17T22:15,23.8,56,24.0,0.0,0.0,,8.9,313,24.8,
2026-08-18T00:45,21.9,66,22.5,0.0,0.0,1,8.0,306,19.8,1008.7
2026-08-17T22:45,23.4,58,23.7,0.0,0.0,,8.9,310,23.8,
2026-08-18T01:30,21.4,69,22.1,0.0,0.0,2,7.5,305,18.7,1008.6
2026-08-17T23:15,23.0,60,23.3,0.0,0.0,,9.0,307,22.3,
2026-08-18T01:45,21.2,70,22.1,0.0,0.0,2,7.1,300,18.0,1008.6
2026-08-18T03:00,20.4,76,21.3,0.0,0.0,2,8.3,270,15.5,1007.9
2026-08-18T00:00,22.5,63,22.9,0.0,0.0,,8.8,305,20.9,
2026-08-18T00:15,22.3,64,22.8,0.0,0.0,,8.5,306,20.5,
2026-08-18T01:00,21.7,67,22.3,0.0,0.0,,7.7,307,19.4,
2026-08-18T04:15,19.9,76,20.4,0.0,0.0,1,9.1,279,20.2,1007.9
2026-08-18T01:15,21.5,68,22.2,0.0,0.0,,7.5,305,19.1,
2026-08-18T02:00,21.1,71,21.9,0.0,0.0,,7.2,297,17.6,
2026-08-18T02:15,20.9,72,21.8,0.0,0.0,,7.3,290,16.9,
2026-08-18T05:15,19.1,78,19.4,0.0,0.0,2,9.4,266,20.9,1007.9
2026-08-18T02:30,20.7,74,21.6,0.0,0.0,,7.7,281,16.2,
2026-08-18T02:45,20.6,75,21.5,0.0,0.0,,7.9,273,15.5,
2026-08-18T03:15,20.3,76,21.1,0.0,0.0,,8.6,272,16.2,
2026-08-18T06:00,18.4,80,18.7,0.0,0.0,2,8.7,263,23.4,1007.8
2026-08-18T03:30,20.2,76,21.0,0.0,0.0,,8.7,275,17.6,
2026-08-18T03:45,20.1,76,20.8,0.0,0.0,,8.8,279,18.7,
2026-08-18T04:00,20.0,76,20.7,0.0,0.0,,8.8,282,19.8,
2026-08-18T06:45,17.9,83,18.4,0.0,0.0,2,8.5,258,24.5,1007.7
2026-08-18T04:30,19.7,77,20.3,0.0,0.0,,9.0,275,20.2,
2026-08-18T04:45,19.5,77,20.0,0.0,0.0,,9.4,270,19.8,
2026-08-18T07:15,17.8,84,18.2,0.0,0.0,3,8.8,258,25.2,1007.7
2026-08-18T05:00,19.3,78,19.8,0.0,0.0,,9.4,268,20.2,
2026-08-18T07:45,17.8,84,18.2,0.0,0.0,3,9.5,261,25.2,1007.8
2026-08-18T05:30,18.8,79,19.2,0.0,0.0,,9.0,265,21.6,
2026-08-18T05:45,18.6,79,18.9,0.0,0.0,,9.1,263,22.7,
2026-08-18T08:30,18.4,80,18.7,0.0,0.0,3,9.4,270,24.5,1008.0
2026-08-18T06:15,18.2,81,18.5,0.0,0.0,,8.8,261,23.8,
2026-08-18T06:30,18.0,82,18.4,0.0,0.0,,8.4,260,24.5,
2026-08-18T09:15,19.2,76,19.5,0.0,0.0,3,9.0,275,24.1,1008.0
2026-08-18T07:00,17.8,84,18.3,0.0,0.0,,8.5,258,24.8,
2026-08-18T10:00,19.7,74,19.9,0.0,0.0,3,10.1,270,26.3,1007.9
2026-08-18T07:30,17.8,84,18.1,0.0,0.0,,9.1,261,25.2,
2026-08-18T08:00,17.9,83,18.2,0.0,0.0,,9.8,264,25.2,
2026-08-18T10:45,20.6,68,20.4,0.0,0.0,3,11.5,272,28.4,1008.0
2026-08-18T08:15,18.1,82,18.6,0.0,0.0,,8.3,265,24.8,
2026-08-18T08:45,18.7,78,18.8,0.0,0.0,,10.8,272,23.8,
2026-08-18T11:15,21.2,64,20.9,0.0,0.0,3,11.5,272,29.2,1008.0
2026-08-18T09:00,19.0,77,18.9,0.0,0.0,,11.5,274,23.8,
2026-08-18T09:30,19.3,76,19.2,0.0,0.0,,12.2,272,24.8,
2026-08-18T12:00,22.1,56,21.5,0.0,0.0,3,11.5,268,29.9,1007.8
2026-08-18T12:30,23.0,53,22.7,0.0,0.0,3,11.5,270,29.5,1007.6
2026-08-18T09:45,19.5,75,19.4,0.0,0.0,,12.2,270,25.6,
2026-08-18T10:15,20.0,72,19.8,0.0,0.0,,12.2,270,27.0,
2026-08-18T10:30,20.3,70,20.1,0.0,0.0,,11.9,272,27.7,
2026-08-18T13:00,23.8,52,23.3,0.0,0.0,3,11.9,272,29.2,1007.4
2026-08-18T11:00,20.9,66,20.7,0.0,0.0,,11.5,272,28.8,
2026-08-18T13:30,24.2,53,23.7,0.0,0.0,3,12.0,277,29.2,1007.3
2026-08-18T14:00,24.4,54,24.0,0.0,0.0,3,12.4,280,29.5,1007.1
2026-08-18T11:30,21.5,61,21.0,0.0,0.0,,11.5,270,29.5,
2026-08-18T11:45,21.8,58,21.1,0.0,0.0,,11.5,268,29.9,
2026-08-18T15:00,24.3,57,23.9,0.0,0.0,3,15.2,277,30.2,1006.7
2026-08-18T15:45,27.0,51,26.6,0.0,0.0,3,16.8,280,40.7,1005.3
2026-08-18T16:30,26.8,52,26.7,0.0,0.0,3,15.2,284,39.6,1005.1
2026-08-18T12:15,24.5,49,24.5,0.0,0.0,,11.9,267,28.8,
2026-08-18T12:45,25.3,45,25.0,0.0,0.0,,12.2,270,29.9,
2026-08-18T13:15,25.9,45,25.4,0.0,0.0,,12.2,270,30.2,
2026-08-18T13:45,26.5,49,26.3,0.0,0.0,,12.3,267,29.5,
2026-08-18T14:15,26.8,50,26.7,0.0,0.0,,13.7,273,32.0,
2026-08-18T14:30,26.9,50,26.7,0.0,0.0,,14.9,278,34.9,
2026-08-18T17:00,26.7,53,26.8,0.0,0.0,3,13.9,291,38.5,1005.1
2026-08-18T14:45,27.0,50,26.6,0.0,0.0,,16.6,283,37.8,
2026-08-18T17:45,26.4,53,26.6,0.0,0.0,3,13.1,291,35.6,1005.1
2026-08-18T15:15,27.1,50,26.4,0.0,0.0,,17.8,284,40.3,
2026-08-18T15:30,27.1,50,26.5,0.0,0.0,,17.3,282,40.7,
2026-08-18T18:15,26.3,52,26.8,0.0,0.0,3,9.7,274,35.3,1004.7
2026-08-18T16:00,27.0,51,26.6,0.0,0.0,,16.4,279,40.3,
2026-08-18T16:15,27.0,51,26.8,0.0,0.0,,15.7,279,40.0,
2026-08-18T18:45,26.7,51,27.1,0.0,0.0,3,11.0,281,30.2,1004.4
2026-08-18T16:45,27.2,50,27.1,0.0,0.0,,14.1,283,38.9,
2026-08-18T19:30,26.2,55,26.7,0.0,0.0,3,12.0,291,33.8,1004.5
2026-08-18T17:15,27.0,50,27.1,0.0,0.0,,12.1,282,38.2,
2026-08-18T17:30,26.7,51,27.0,0.0,0.0,,11.3,279,38.2,
2026-08-18T20:00,25.4,60,26.2,0.0,0.0,3,12.1,297,38.2,1004.7
2026-08-18T18:00,26.2,52,26.7,0.0,0.0,,9.7,272,37.1,
2026-08-18T20:45,25.0,61,25.9,0.0,0.0,3,10.8,291,30.6,1004.7
2026-08-18T18:30,26.5,51,26.9,0.0,0.0,,10.5,278,32.8,
2026-08-18T21:15,24.7,62,25.7,0.0,0.0,2,9.6,290,26.6,1004.8
2026-08-18T19:00,26.8,51,27.1,0.0,0.0,,11.5,284,29.5,
2026-08-18T19:15,26.6,53,27.0,0.0,0.0,,11.7,288,31.0,
2026-08-18T21:45,24.2,62,25.5,0.0,0.0,3,6.5,264,19.4,1004.6
2026-08-18T19:45,25.8,56,26.2,0.0,0.0,,12.5,288,37.1,
2026-08-18T22:15,23.9,64,25.4,0.0,0.0,2,6.2,260,16.6,1004.8
2026-08-18T20:15,25.3,58,25.9,0.0,0.0,,11.4,288,36.7,
2026-08-18T22:45,23.6,65,24.9,0.0,0.0,2,6.5,267,15.8,1004.9
2026-08-18T20:30,25.1,59,25.9,0.0,0.0,,10.1,287,33.8,
2026-08-18T23:15,23.3,67,24.7,0.0,0.0,2,6.5,270,15.1,1004.9
2026-08-18T21:00,24.8,60,25.9,0.0,0.0,,8.0,278,27.0,
2026-08-18T23:45,23.0,69,24.7,0.0,0.0,2,5.8,270,14.8,1004.7
2026-08-18T21:30,24.4,62,25.8,0.0,0.0,,6.8,267,21.6,
2026-08-19T00:15,22.8,71,24.6,0.0,0.0,2,5.8,266,14.8,1004.7
2026-08-18T22:00,24.1,63,25.5,0.0,0.0,,6.2,260,17.6,
2026-08-19T00:45,22.9,71,24.9,0.0,0.0,2,4.3,265,13.3,1004.6
2026-08-18T22:30,23.9,64,25.3,0.0,0.0,,6.2,260,15.8,
2026-08-19T01:15,22.8,72,24.9,0.0,0.0,3,4.0,265,11.5,1004.5
2026-08-18T23:00,23.7,65,25.1,0.0,0.0,,6.6,261,15.5,
2026-08-19T01:45,22.6,73,24.8,0.0,0.0,3,4.0,265,10.8,1004.2
2026-08-18T23:30,23.3,67,24.8,0.0,0.0,,6.2,260,16.6,
2026-08-19T03:00,22.4,74,24.2,0.0,0.0,3,6.6,229,14.8,1003.2
2026-08-19T00:00,23.0,69,24.7,0.0,0.0,,5.4,262,17.3,
2026-08-19T00:30,22.9,70,24.8,0.0,0.0,,4.7,266,15.1,
2026-08-19T01:00,22.8,71,24.8,0.0,0.0,,4.0,265,12.2,
2026-08-19T04:30,22.0,74,23.0,0.0,0.0,3,10.5,274,23.8,1002.9
2026-08-19T01:30,22.9,72,24.9,0.0,0.0,,4.6,252,10.8,
2026-08-19T02:00,22.9,72,24.8,0.0,0.0,,5.6,243,10.8,
2026-08-19T02:15,22.8,72,24.6,0.0,0.0,,6.1,242,12.2,
2026-08-19T02:30,22.8,73,24.5,0.0,0.0,,6.9,242,14.8,
2026-08-19T05:15,21.7,75,22.6,0.0,0.0,3,11.2,276,25.2,1002.8
2026-08-19T02:45,22.7,74,24.5,0.0,0.0,,7.6,245,17.3,
2026-08-19T03:15,22.5,74,24.1,0.0,0.0,,8.0,252,20.2,
2026-08-19T03:30,22.4,74,23.9,0.0,0.0,,8.5,258,20.5,
2026-08-19T06:00,21.4,76,22.5,0.0,0.0,3,9.8,278,23.4,1002.6
2026-08-19T03:45,22.3,74,23.7,0.0,0.0,,8.7,265,20.9,
2026-08-19T04:00,22.2,74,23.5,0.0,0.0,,9.0,270,21.6,
2026-08-19T06:45,21.2,77,22.3,0.0,0.0,3,9.4,270,24.1,1002.2
2026-08-19T04:15,22.0,75,23.3,0.0,0.0,,9.4,272,22.3,
2026-08-19T04:45,21.7,77,22.9,0.0,0.0,,10.1,276,24.1,
2026-08-19T07:15,21.1,77,22.1,0.0,0.0,3,9.4,272,22.0,1002.2
2026-08-19T05:00,21.6,78,22.9,0.0,0.0,,10.2,278,25.2,
2026-08-19T07:45,21.0,77,22.1,0.0,0.0,3,8.7,277,20.9,1002.0
2026-08-19T05:30,21.5,78,22.7,0.0,0.0,,9.8,278,27.7,
2026-08-19T05:45,21.4,78,22.7,0.0,0.0,,9.5,279,28.8,
2026-08-19T08:30,21.0,77,22.4,0.0,0.0,3,7.0,282,19.1,1001.6
2026-08-19T06:15,21.3,78,22.6,0.0,0.0,,9.4,274,28.1,
2026-08-19T06:30,21.2,78,22.4,0.0,0.0,,9.4,272,26.3,
2026-08-19T09:15,21.1,77,22.7,0.0,0.0,61,5.9,259,18.4,1001.4
2026-08-19T07:00,21.1,77,22.2,0.0,0.0,,9.4,270,22.7,
2026-08-19T10:00,21.9,77,23.5,0.0,0.0,3,8.0,188,19.1,1000.2
2026-08-19T07:30,21.2,78,22.8,0.0,0.0,,6.6,257,21.6,
2026-08-19T08:00,21.3,78,23.3,0.0,0.0,,4.4,235,20.5,
2026-08-19T10:45,23.3,70,24.4,0.0,0.0,3,10.6,215,25.2,1000.1
2026-08-19T08:15,21.4,78,23.4,0.0,0.0,,4.4,235,19.1,
2026-08-19T08:45,21.7,77,23.6,0.0,0.0,,5.5,247,15.1,
2026-08-19T11:30,24.9,62,25.5,0.0,0.0,3,13.2,223,31.7,999.5
2026-08-19T09:00,21.8,77,23.7,0.0,0.0,,5.6,243,14.0,
2026-08-19T09:30,21.8,78,23.7,0.0,0.0,,5.8,210,15.5,
2026-08-19T12:00,25.9,57,26.1,0.0,0.0,3,14.8,225,35.3,999.0
2026-08-19T09:45,21.7,78,23.5,0.0,0.0,,7.0,192,17.3,
2026-08-19T12:45,26.9,51,26.4,0.0,0.0,2,17.1,235,39.6,998.3
2026-08-19T10:15,22.2,75,23.7,0.0,0.0,,8.6,195,20.9,
2026-08-19T10:30,22.7,73,24.1,0.0,0.0,,9.5,205,23.0,
2026-08-19T13:15,27.5,48,26.8,0.0,0.0,2,17.8,238,41.8,997.8
2026-08-19T11:00,23.8,67,24.8,0.0,0.0,,11.5,221,27.4,
2026-08-19T11:15,24.3,64,25.0,0.0,0.0,,12.5,224,29.5,
2026-08-19T13:45,28.3,45,27.6,0.0,0.0,2,17.9,236,42.8,997.3
2026-08-19T11:45,25.4,59,25.8,0.0,0.0,,14.0,224,33.5,
2026-08-19T14:30,29.2,42,28.5,0.0,0.0,2,19.4,239,46.8,996.9
2026-08-19T12:15,26.2,55,26.2,0.0,0.0,,15.5,228,36.7,
2026-08-19T12:30,26.6,53,26.3,0.0,0.0,,16.4,232,38.2,
2026-08-19T15:30,29.1,43,27.9,0.0,0.0,3,21.7,234,51.5,996.5
2026-08-19T13:00,26.5,53,26.4,0.0,0.0,,15.5,239,39.2,
2026-08-19T13:30,26.9,52,26.7,0.0,0.0,,17.0,234,41.0,
2026-08-19T16:15,29.3,42,27.7,0.0,0.0,3,22.7,237,53.3,996.0
2026-08-19T14:00,27.4,51,27.3,0.0,0.0,,18.4,228,42.8,
2026-08-19T14:15,27.7,50,27.5,0.0,0.0,,19.1,229,44.3,
2026-08-19T17:00,28.8,44,27.4,0.0,0.0,3,21.7,249,52.9,996.0
2026-08-19T14:45,28.4,46,27.9,0.0,0.0,,19.8,233,47.2,
2026-08-19T15:00,28.7,45,28.1,0.0,0.0,,20.4,234,48.6,
2026-08-19T17:45,27.2,50,25.3,0.0,0.0,61,26.8,263,60.5,996.4
2026-08-19T18:15,25.2,52,23.7,0.0,0.0,95,20.5,270,60.5,996.2
2026-08-19T15:15,28.9,44,28.0,0.0,0.0,,21.2,235,50.0,
2026-08-19T15:45,29.2,42,27.6,0.0,0.0,,22.5,235,52.6,
2026-08-19T16:00,29.3,42,27.6,0.0,0.0,,22.8,235,53.3,
2026-08-19T16:30,29.0,43,27.5,0.0,0.0,,22.4,233,53.3,
2026-08-19T18:45,23.9,70,24.0,2.0,2.0,95,19.4,281,55.8,997.0
2026-08-19T16:45,28.8,43,27.3,0.0,0.0,,21.9,234,52.9,
2026-08-19T19:15,22.1,78,22.5,0.0,0.0,80,17.5,289,52.2,997.5
2026-08-19T17:15,28.6,44,27.2,0.0,0.0,,21.1,240,53.6,
2026-08-19T17:30,28.6,43,27.2,0.0,0.0,,20.5,248,55.1,
2026-08-19T19:45,21.4,77,21.8,0.2,0.2,80,14.8,296,46.8,997.8
2026-08-19T20:30,20.8,75,21.1,0.0,0.0,80,12.7,299,36.4,998.4
2026-08-19T18:00,27.9,46,26.7,0.0,0.0,,20.6,264,56.9,
2026-08-19T18:30,25.4,61,25.1,0.2,0.2,,19.9,275,56.5,
2026-08-19T21:00,20.5,75,20.7,0.0,0.0,80,12.1,297,29.9,998.8
2026-08-19T19:00,22.7,76,23.0,0.0,0.0,,18.7,286,54.4,
2026-08-19T21:30,19.7,78,20.0,0.0,0.0,0,11.0,293,25.9,999.4
2026-08-19T19:30,21.1,81,21.5,0.2,0.1,,16.3,292,49.7,
2026-08-19T21:45,19.6,78,20.0,0.0,0.0,0,10.0,291,24.1,999.4
2026-08-19T20:00,20.1,82,20.6,0.0,0.0,,13.8,298,43.6,
2026-08-19T22:30,19.2,79,19.8,0.0,0.0,1,8.1,291,23.8,999.9
2026-08-19T20:15,19.9,82,20.4,0.1,0.1,,12.8,310,40.3,
2026-08-19T23:00,18.9,81,19.8,0.0,0.0,1,6.8,273,20.5,1000.2
2026-08-19T20:45,19.9,79,20.2,0.0,0.0,,13.1,307,33.5,
2026-08-19T23:30,18.7,83,19.7,0.0,0.0,0,6.2,263,17.6,1000.4
2026-08-19T21:15,19.8,78,20.0,0.0,0.0,,12.4,306,29.5,
2026-08-20T00:00,18.4,85,19.6,0.0,0.0,0,5.9,256,15.5,1000.4
2026-08-20T00:30,18.4,83,19.1,0.0,0.0,2,7.6,265,18.0,1000.9
2026-08-19T22:00,19.4,78,19.8,0.0,0.0,,10.2,302,27.0,
2026-08-19T22:15,19.2,79,19.7,0.0,0.0,,9.5,299,25.6,
2026-08-20T01:00,18.2,82,18.8,0.0,0.0,2,8.0,262,18.4,1001.0
2026-08-19T22:45,18.8,82,19.5,0.0,0.0,,8.3,288,22.0,
2026-08-20T01:30,18.1,83,18.6,0.0,0.0,1,8.4,260,18.7,1001.1
2026-08-19T23:15,18.5,84,19.4,0.0,0.0,,7.6,278,19.4,
2026-08-20T01:45,18.0,83,18.5,0.0,0.0,1,8.5,258,18.7,1001.1
2026-08-20T03:30,16.7,84,16.5,0.0,0.0,2,10.1,243,24.8,1001.7
2026-08-19T23:45,18.5,84,19.4,0.0,0.0,,7.2,273,18.4,
2026-08-20T00:15,18.4,84,19.3,0.0,0.0,,7.2,267,18.0,
2026-08-20T00:45,18.3,82,19.0,0.0,0.0,,7.6,265,18.0,
2026-08-20T01:15,18.1,82,18.5,0.0,0.0,,8.4,260,18.4,
2026-08-20T04:30,16.2,88,16.2,0.0,0.0,2,10.0,244,24.5,1001.8
2026-08-20T02:00,17.5,83,17.5,0.0,0.0,,10.0,255,19.1,
2026-08-20T02:15,17.3,82,17.2,0.0,0.0,,10.4,256,20.2,
2026-08-20T02:30,17.2,81,16.9,0.0,0.0,,11.1,257,22.0,
2026-08-20T05:30,16.0,84,15.5,0.0,0.0,2,10.5,264,26.3,1001.8
2026-08-20T02:45,17.1,80,16.6,0.0,0.0,,11.4,259,23.4,
2026-08-20T03:00,17.0,80,16.5,0.0,0.0,,11.4,257,24.5,
2026-08-20T03:15,16.9,81,16.4,0.0,0.0,,11.0,251,24.8,
2026-08-20T06:15,15.6,83,15.3,0.0,0.0,1,8.1,257,25.2,1001.9
2026-08-20T03:45,16.5,86,16.4,0.0,0.0,,10.0,232,24.5,
2026-08-20T04:00,16.3,88,16.3,0.0,0.0,,9.7,228,24.5,
2026-08-20T04:15,16.3,88,16.3,0.0,0.0,,9.8,234,24.5,
2026-08-20T07:00,15.0,87,14.9,0.0,0.0,1,7.1,221,16.9,1001.6
2026-08-20T04:45,15.8,87,15.5,0.0,0.0,,10.1,253,24.8,
2026-08-20T05:00,15.7,87,15.3,0.0,0.0,,10.2,260,24.8,
2026-08-20T07:45,14.8,87,14.4,0.0,0.0,1,8.5,216,19.4,1001.7
2026-08-20T05:15,15.6,87,15.2,0.0,0.0,,10.2,262,24.5,
2026-08-20T05:45,15.5,86,15.3,0.0,0.0,,8.8,258,23.8,
2026-08-20T08:30,15.4,85,14.9,0.0,0.0,1,9.7,219,22.0,1001.8
2026-08-20T06:00,15.5,86,15.3,0.0,0.0,,8.2,255,23.0,
2026-08-20T06:30,15.2,86,15.1,0.0,0.0,,7.1,240,19.8,
2026-08-20T09:15,16.5,80,15.9,0.0,0.0,1,10.5,221,24.8,1001.7
2026-08-20T06:45,15.1,87,15.0,0.0,0.0,,7.1,229,18.0,
2026-08-20T07:15,14.9,87,14.7,0.0,0.0,,7.4,219,17.3,
2026-08-20T10:00,18.2,74,17.5,0.0,0.0,2,12.5,226,28.4,1001.8
2026-08-20T07:30,15.2,88,15.1,0.0,0.0,,7.7,217,18.4,
2026-08-20T08:00,15.5,88,15.3,0.0,0.0,,8.7,218,20.5,
2026-08-20T10:45,19.2,66,17.8,0.0,0.0,2,15.1,242,36.0,1002.0
2026-08-20T08:15,15.7,87,15.5,0.0,0.0,,9.2,219,21.2,
2026-08-20T08:45,16.2,85,16.0,0.0,0.0,,9.4,220,22.0,
2026-08-20T11:30,20.1,62,18.8,0.0,0.0,3,15.8,243,37.4,1002.1
2026-08-20T09:00,16.5,83,16.2,0.0,0.0,,10.0,221,22.7,
2026-08-20T09:30,17.4,79,16.9,0.0,0.0,,11.2,222,25.2,
2026-08-20T12:00,20.6,61,19.8,0.0,0.0,3,14.9,238,36.0,1002.2
2026-08-20T09:45,17.8,76,17.2,0.0,0.0,,12.0,224,26.6,
2026-08-20T12:45,21.6,52,19.9,0.0,0.0,3,15.1,242,36.7,1002.1
2026-08-20T10:15,18.7,70,17.8,0.0,0.0,,13.0,231,30.6,
2026-08-20T10:30,19.2,66,18.0,0.0,0.0,,13.8,237,33.5,
2026-08-20T13:15,22.2,50,20.6,0.0,0.0,2,15.8,243,37.1,1002.1
2026-08-20T11:00,20.0,59,18.3,0.0,0.0,,15.1,245,37.4,
2026-08-20T11:15,20.2,57,18.5,0.0,0.0,,15.1,245,37.8,
2026-08-20T13:45,22.8,48,21.3,0.0,0.0,2,16.1,243,37.4,1002.1
2026-08-20T11:45,20.6,56,18.9,0.0,0.0,,15.1,242,36.0,
2026-08-20T14:30,23.4,45,21.7,0.0,0.0,2,16.9,246,38.5,1001.8
2026-08-20T12:15,21.1,54,19.3,0.0,0.0,,15.0,240,35.6,
2026-08-20T12:30,21.4,53,19.6,0.0,0.0,,15.3,240,36.4,
2026-08-20T15:30,24.4,40,22.4,0.0,0.0,2,15.5,252,38.2,1001.2
2026-08-20T13:00,21.9,51,20.2,0.0,0.0,,15.5,242,37.1,
2026-08-20T13:30,22.5,49,21.1,0.0,0.0,,15.1,242,37.4,
2026-08-20T16:15,24.7,40,22.4,0.0,0.0,2,16.1,260,39.2,1001.0
2026-08-20T14:00,23.1,46,21.8,0.0,0.0,,14.8,241,37.4,
2026-08-20T14:15,23.4,45,22.1,0.0,0.0,,14.8,241,37.1,
2026-08-20T17:00,24.9,39,22.8,0.0,0.0,2,14.7,259,36.7,1000.9
2026-08-20T14:45,24.0,42,22.5,0.0,0.0,,14.8,244,36.7,
2026-08-20T15:00,24.2,41,22.5,0.0,0.0,,15.0,246,36.7,
2026-08-20T17:45,24.9,39,22.8,0.0,0.0,3,14.9,262,34.6,1000.7
2026-08-20T15:15,24.3,40,22.5,0.0,0.0,,15.0,249,37.4,
2026-08-20T15:45,24.5,40,22.3,0.0,0.0,,16.0,256,39.2,
2026-08-20T18:30,24.8,41,23.1,0.0,0.0,3,13.2,259,32.4,1000.7
2026-08-20T16:00,24.6,40,22.3,0.0,0.0,,16.2,258,39.6,
2026-08-20T16:30,24.9,39,22.5,0.0,0.0,,16.3,256,38.5,
2026-08-20T19:00,24.5,42,22.8,0.0,0.0,3,13.0,264,32.0,1000.6
2026-08-20T16:45,25.0,39,22.7,0.0,0.0,,16.1,254,37.4,
2026-08-20T19:45,22.9,49,21.5,0.0,0.0,3,13.0,272,37.8,1000.9
2026-08-20T17:15,25.1,39,22.9,0.0,0.0,,15.5,252,36.0,
2026-08-20T17:30,25.0,40,23.0,0.0,0.0,,14.7,253,35.3,
2026-08-20T20:15,22.2,52,21.0,0.0,0.0,2,11.9,272,36.4,1001.1
2026-08-20T18:00,24.9,41,23.2,0.0,0.0,,13.4,256,34.2,
2026-08-20T18:15,24.8,41,23.1,0.0,0.0,,13.3,257,33.5,
2026-08-20T21:00,21.7,54,21.1,0.0,0.0,2,8.4,260,25.6,1001.4
2026-08-20T18:45,24.7,41,22.9,0.0,0.0,,13.1,262,32.0,
2026-08-20T21:45,20.9,57,20.7,0.0,0.0,3,5.4,274,17.3,1001.8
2026-08-20T19:15,24.0,44,22.5,0.0,0.0,,13.0,268,33.5,
2026-08-20T19:30,23.4,46,21.8,0.0,0.0,,13.0,273,35.6,
2026-08-20T22:15,20.5,59,20.5,0.0,0.0,3,5.1,262,13.7,1001.9
2026-08-20T20:00,22.3,51,21.0,0.0,0.0,,12.6,283,38.2,
2026-08-20T22:45,20.3,60,20.3,0.0,0.0,3,4.9,253,11.9,1002.0
2026-08-20T20:30,21.9,52,20.9,0.0,0.0,,9.8,287,33.5,
2026-08-20T20:45,21.8,52,21.1,0.0,0.0,,8.0,288,29.5,
2026-08-20T23:15,20.0,61,20.0,0.0,0.0,3,4.8,257,11.5,1002.2
2026-08-20T21:15,21.4,54,21.0,0.0,0.0,,6.0,287,23.4,
2026-08-20T23:45,19.6,62,19.6,0.0,0.0,3,4.7,266,12.2,1002.3
2026-08-20T21:30,21.1,56,20.9,0.0,0.0,,5.5,281,20.2,
2026-08-21T00:15,19.4,62,19.3,0.0,0.0,3,4.3,270,11.9,1002.5
2026-08-20T22:00,20.7,58,20.6,0.0,0.0,,5.1,266,15.1,
2026-08-21T00:45,19.1,62,19.1,0.0,0.0,3,4.0,275,10.4,1002.6
2026-08-20T22:30,20.5,58,20.4,0.0,0.0,,5.2,254,12.6,
2026-08-21T01:15,18.8,63,18.8,0.0,0.0,3,3.7,281,9.4,1002.5
2026-08-20T23:00,20.4,57,20.1,0.0,0.0,,5.7,252,11.5,
2026-08-21T01:45,18.5,64,18.5,0.0,0.0,3,3.3,283,9.0,1002.7
2026-08-20T23:30,20.1,59,19.9,0.0,0.0,,5.2,258,11.9,
2026-08-21T03:00,18.3,66,18.3,0.0,0.0,3,3.7,281,8.3,1002.7
2026-08-21T00:00,19.6,61,19.5,0.0,0.0,,4.7,266,12.2,
2026-08-21T00:30,19.3,62,19.2,0.0,0.0,,4.3,275,11.2,
2026-08-21T01:00,19.0,62,18.9,0.0,0.0,,4.0,280,9.7,
2026-08-21T04:30,17.8,69,17.7,0.0,0.0,3,5.0,291,12.2,1002.8
2026-08-21T05:30,17.1,72,17.0,0.0,0.0,3,5.1,278,13.7,1002.5
2026-08-21T01:30,18.7,65,18.8,0.0,0.0,,3.5,294,9.0,
2026-08-21T02:00,18.4,68,18.7,0.0,0.0,,3.1,306,8.6,
2026-08-21T02:15,18.3,69,18.7,0.0,0.0,,3.1,306,8.6,
2026-08-21T02:30,18.3,70,18.7,0.0,0.0,,3.2,297,8.3,
2026-08-21T02:45,18.2,71,18.6,0.0,0.0,,3.5,294,8.3,
2026-08-21T03:15,18.1,71,18.4,0.0,0.0,,4.0,297,9.0,
2026-08-21T03:30,18.1,70,18.3,0.0,0.0,,4.4,305,9.7,
2026-08-21T06:15,16.7,75,16.8,0.0,0.0,3,4.1,285,13.3,1002.3
2026-08-21T03:45,18.1,69,18.1,0.0,0.0,,5.1,309,10.4,
2026-08-21T04:00,18.0,69,18.0,0.0,0.0,,5.1,309,11.2,
2026-08-21T04:15,17.9,69,17.8,0.0,0.0,,5.2,304,11.5,
2026-08-21T07:00,16.4,77,16.5,0.0,0.0,3,4.8,283,14.8,1002.1
2026-08-21T04:45,17.6,70,17.5,0.0,0.0,,5.0,291,12.6,
2026-08-21T05:00,17.4,71,17.3,0.0,0.0,,5.2,286,13.0,
2026-08-21T07:45,16.2,79,16.5,0.0,0.0,3,3.2,270,11.9,1002.6
2026-08-21T05:15,17.3,71,17.1,0.0,0.0,,5.4,290,13.0,
2026-08-21T05:45,17.0,72,16.8,0.0,0.0,,6.0,295,13.3,
2026-08-21T08:30,16.3,79,16.5,0.0,0.0,3,4.4,279,11.9,1002.8
2026-08-21T06:00,16.9,73,16.6,0.0,0.0,,6.1,298,13.3,
2026-08-21T06:30,16.6,75,16.5,0.0,0.0,,5.5,293,14.4,
2026-08-21T09:15,16.8,75,16.7,0.0,0.0,3,5.9,284,14.8,1002.7
2026-08-21T06:45,16.5,76,16.5,0.0,0.0,,5.2,286,14.8,
2026-08-21T07:15,16.4,77,16.5,0.0,0.0,,4.4,279,14.0,
2026-08-21T07:30,16.3,77,16.5,0.0,0.0,,4.0,280,13.0,
2026-08-21T10:00,17.5,73,17.4,0.0,0.0,3,6.4,286,16.9,1002.8
2026-08-21T08:00,16.3,77,16.5,0.0,0.0,,3.6,276,11.2,
2026-08-21T10:45,18.5,69,18.5,0.0,0.0,3,5.6,285,15.1,1003.2
2026-08-21T08:15,16.4,77,16.5,0.0,0.0,,4.0,275,11.5,
2026-08-21T08:45,16.5,76,16.5,0.0,0.0,,5.2,282,13.3,
2026-08-21T11:30,19.5,63,19.3,0.0,0.0,3,6.5,270,17.3,1003.4
2026-08-21T09:00,16.7,76,16.6,0.0,0.0,,5.6,285,14.0,
2026-08-21T09:30,17.0,75,17.0,0.0,0.0,,6.0,287,15.8,
2026-08-21T12:00,20.2,59,19.6,0.0,0.0,3,8.0,262,19.8,1003.4
2026-08-21T09:45,17.3,74,17.2,0.0,0.0,,6.4,286,16.6,
2026-08-21T12:45,21.2,55,20.9,0.0,0.0,2,9.7,266,24.1,1003.1
2026-08-21T10:15,17.9,72,17.8,0.0,0.0,,6.6,283,16.6,
2026-08-21T10:30,18.3,70,18.2,0.0,0.0,,6.6,279,15.8,
2026-08-21T13:15,21.7,53,21.5,0.0,0.0,3,10.4,272,26.3,1003.1
2026-08-21T11:00,19.2,66,19.0,0.0,0.0,,7.2,270,15.1,
2026-08-21T11:15,19.5,64,19.2,0.0,0.0,,7.6,267,16.2,
2026-08-21T13:45,22.2,50,21.7,0.0,0.0,3,11.6,277,28.1,1003.0
2026-08-21T11:45,20.1,61,19.6,0.0,0.0,,8.0,260,19.4,
2026-08-21T14:30,22.4,46,21.1,0.0,0.0,2,12.0,277,30.2,1002.9
2026-08-21T12:15,20.7,58,20.2,0.0,0.0,,8.8,261,22.0,
2026-08-21T12:30,20.9,57,20.7,0.0,0.0,,9.1,263,23.0,
2026-08-21T15:30,22.6,43,20.7,0.0,0.0,3,12.5,282,31.7,1002.6
2026-08-21T13:00,21.4,54,21.3,0.0,0.0,,10.1,268,25.2,
2026-08-21T13:30,22.2,48,21.6,0.0,0.0,,11.2,272,27.0,
2026-08-21T16:15,22.9,43,21.1,0.0,0.0,3,11.7,313,31.0,1002.6
2026-08-21T14:00,22.7,42,21.3,0.0,0.0,,12.6,275,28.8,
2026-08-21T14:15,22.7,42,20.8,0.0,0.0,,13.4,275,30.2,
2026-08-21T17:00,21.8,47,19.4,0.0,0.0,3,16.4,331,38.9,1002.9
2026-08-21T14:45,22.2,43,19.8,0.0,0.0,,14.8,271,33.5,
2026-08-21T15:00,22.1,44,19.8,0.0,0.0,,14.8,273,34.2,
2026-08-21T17:45,21.3,47,18.9,0.0,0.0,2,15.6,322,40.7,1003.7
2026-08-21T15:15,22.3,44,20.1,0.0,0.0,,13.8,276,33.5,
2026-08-21T15:45,22.9,42,21.1,0.0,0.0,,11.2,291,29.9,
2026-08-21T18:30,19.0,62,18.7,0.0,0.0,61,5.5,293,46.1,1004.7
2026-08-21T19:00,19.6,59,19.0,0.0,0.0,61,7.0,258,23.4,1004.8
2026-08-21T16:00,23.0,42,21.3,0.0,0.0,,11.0,302,29.5,
2026-08-21T16:30,23.3,39,20.4,0.0,0.0,,17.2,290,32.4,
2026-08-21T16:45,23.3,39,19.9,0.0,0.0,,20.9,285,34.9,
2026-08-21T19:30,19.0,67,18.8,0.0,0.0,3,7.3,261,23.0,1004.8
2026-08-21T20:00,18.2,73,18.3,0.0,0.0,3,7.0,282,27.4,1004.9
2026-08-21T17:15,22.0,45,19.0,8.1,8.1,,19.9,287,46.1,
2026-08-21T17:30,20.8,52,18.7,1.9,1.9,,15.3,294,55.8,
2026-08-21T18:00,18.7,64,18.1,0.0,0.0,,8.2,319,65.9,
2026-08-21T18:15,18.6,64,18.2,0.0,0.0,,6.6,315,59.0,
2026-08-21T20:45,18.7,61,17.6,0.0,0.0,3,9.5,331,25.2,1005.2
2026-08-21T18:45,19.4,60,19.0,0.0,0.0,,6.1,270,32.4,
2026-08-21T21:30,17.8,68,17.2,0.0,0.0,3,7.7,332,19.1,1006.2
2026-08-21T19:15,19.3,61,18.8,0.0,0.0,,7.0,258,21.6,
2026-08-21T21:45,17.8,65,16.8,0.0,0.0,3,9.3,344,20.9,1006.4
2026-08-21T19:45,18.3,68,18.0,0.0,0.0,,6.5,273,26.3,
2026-08-21T22:15,17.6,64,16.4,0.0,0.0,3,10.2,350,22.7,1006.8
2026-08-21T20:15,17.7,73,17.7,0.0,0.0,,6.3,283,25.6,
2026-08-21T22:45,17.1,68,16.3,0.0,0.0,3,8.4,340,22.7,1007.2
2026-08-21T20:30,17.7,74,17.7,0.0,0.0,,6.4,286,22.0,
2026-08-21T23:15,16.8,71,16.2,0.0,0.0,3,7.1,330,21.2,1007.4
2026-08-21T21:00,17.7,74,17.8,0.0,0.0,,6.1,298,16.9,
2026-08-21T21:15,17.7,72,17.6,0.0,0.0,,6.6,315,17.3,
2026-08-21T23:45,16.6,72,16.1,0.0,0.0,3,6.6,319,18.4,1007.5
2026-08-22T00:15,16.4,74,16.0,0.0,0.0,2,6.2,306,16.6,1007.8
2026-08-21T22:00,17.8,63,16.5,0.0,0.0,,10.2,350,22.3,
2026-08-22T00:45,16.1,78,15.9,0.0,0.0,2,6.1,298,15.8,1008.4
2026-08-21T22:30,17.3,68,16.3,0.0,0.0,,9.7,345,23.0,
2026-08-22T01:15,15.9,80,15.7,0.0,0.0,2,6.3,294,15.1,1008.8
2026-08-21T23:00,16.7,74,16.2,0.0,0.0,,8.0,333,22.3,
2026-08-22T01:45,15.7,81,15.5,0.0,0.0,2,6.6,292,14.8,1009.1
2026-08-21T23:30,16.6,75,16.1,0.0,0.0,,7.8,326,19.8,
2026-08-22T03:00,15.3,84,15.3,0.0,0.0,2,6.2,306,14.8,1009.6
2026-08-22T00:00,16.5,75,16.1,0.0,0.0,,7.1,319,17.3,
2026-08-22T00:30,16.2,77,16.0,0.0,0.0,,6.4,308,16.2,
2026-08-22T01:00,16.0,79,15.8,0.0,0.0,,6.0,295,15.5,
2026-08-22T04:15,14.8,88,14.9,0.0,0.0,1,5.5,293,13.3,1009.6
2026-08-22T01:30,15.8,81,15.7,0.0,0.0,,6.3,294,15.1,
2026-08-22T02:00,15.6,83,15.5,0.0,0.0,,6.6,299,14.8,
2026-08-22T02:15,15.5,83,15.4,0.0,0.0,,6.5,304,14.4,
2026-08-22T05:15,14.4,88,14.6,0.0,0.0,0,4.2,301,12.2,1010.0
2026-08-22T02:30,15.5,84,15.5,0.0,0.0,,6.2,306,14.4,
2026-08-22T02:45,15.4,84,15.4,0.0,0.0,,6.1,310,14.0,
2026-08-22T03:15,15.3,85,15.3,0.0,0.0,,5.9,308,14.0,
2026-08-22T06:00,14.2,86,14.3,0.0,0.0,0,3.4,288,11.2,1010.2
2026-08-22T03:30,15.1,86,15.1,0.0,0.0,,6.0,303,14.0,
2026-08-22T03:45,15.0,87,15.0,0.0,0.0,,6.0,295,13.7,
2026-08-22T04:00,14.9,88,15.0,0.0,0.0,,5.8,292,13.7,
