timestamp,temperature_2m,relative_humidity_2m,apparent_temperature,precipitation,rain,weather_code,wind_speed_10m,wind_direction_10m,wind_gusts_10m,surface_pressure
2026-08-09T00:00,20.9,39,18.8,0.0,0.0,,8.3,53,13.3,
2026-08-09T00:15,20.5,41,18.5,0.0,0.0,,8.3,56,13.3,
2026-08-09T00:30,20.0,43,18.0,0.0,0.0,,8.6,59,13.7,
2026-08-09T00:45,19.6,46,17.7,0.0,0.0,,8.6,62,14.0,
2026-08-09T01:00,19.3,47,17.4,0.0,0.0,,8.6,65,14.0,
2026-08-09T01:15,19.1,47,17.3,0.0,0.0,,8.6,68,14.0,
2026-08-09T01:30,19.1,46,17.2,0.0,0.0,,8.3,72,13.7,
2026-08-09T01:45,19.1,45,17.1,0.0,0.0,,7.9,75,13.3,
2026-08-09T02:00,19.0,45,17.1,0.0,0.0,,7.6,78,12.6,
2026-08-09T02:15,18.7,46,16.9,0.0,0.0,,6.8,76,11.2,
2026-08-09T02:30,18.4,48,16.8,0.0,0.0,,6.1,73,9.7,
2026-08-09T02:45,18.0,50,16.7,0.0,0.0,,5.0,71,7.9,
2026-08-09T03:00,17.7,52,16.5,0.0,0.0,,4.3,68,6.5,
2026-08-09T03:15,17.5,53,16.3,0.0,0.0,,4.0,74,5.4,
2026-08-09T03:30,17.2,55,16.2,0.0,0.0,,3.2,80,4.7,
2026-08-09T03:45,17.0,55,16.0,0.0,0.0,,3.2,85,4.3,
2026-08-09T04:00,16.8,56,15.8,0.0,0.0,,2.9,91,4.0,
2026-08-09T04:15,16.7,56,15.7,0.0,0.0,,2.9,95,3.6,
2026-08-09T04:30,16.6,55,15.5,0.0,0.0,,2.9,100,3.6,
2026-08-09T04:45,16.5,54,15.4,0.0,0.0,,2.9,104,3.6,
2026-08-09T05:00,16.4,54,15.3,0.0,0.0,,2.9,108,3.6,
2026-08-09T05:15,16.2,55,15.0,0.0,0.0,,3.2,113,4.0,
2026-08-09T05:30,16.0,56,14.8,0.0,0.0,,3.6,117,4.3,
2026-08-09T05:45,15.8,58,14.6,0.0,0.0,,4.0,122,4.7,
2026-08-09T06:00,15.7,59,14.5,0.0,0.0,,4.3,126,5.0,
2026-08-09T06:15,15.6,60,14.4,0.0,0.0,,4.3,136,5.0,
2026-08-09T06:30,15.5,61,14.5,0.0,0.0,,4.0,146,4.7,
2026-08-09T06:45,15.6,62,14.6,0.0,0.0,,4.0,155,4.7,
2026-08-09T07:00,15.6,62,14.6,0.0,0.0,,4.0,165,5.0,
2026-08-09T07:15,15.7,61,14.7,0.0,0.0,,4.3,174,6.1,
2026-08-09T07:30,15.9,59,14.7,0.0,0.0,,5.0,183,7.9,
2026-08-09T07:45,16.2,57,14.8,0.0,0.0,,5.4,192,9.4,
2026-08-09T08:00,16.6,55,15.1,0.0,0.0,,5.8,201,10.4,
2026-08-09T08:15,17.1,53,15.7,0.0,0.0,,5.8,183,10.8,
2026-08-09T08:30,17.8,51,16.4,0.0,0.0,,5.8,164,10.8,
2026-08-09T08:45,18.6,48,17.1,0.0,0.0,,5.4,146,10.4,
2026-08-09T09:00,19.4,46,18.0,0.0,0.0,,5.0,127,10.4,
2026-08-09T09:15,20.2,44,18.9,0.0,0.0,,4.7,139,10.8,
2026-08-09T09:30,21.0,42,19.9,0.0,0.0,,4.0,150,10.8,
2026-08-09T09:45,21.9,41,20.9,0.0,0.0,,3.6,162,11.2,
2026-08-09T10:00,22.8,39,21.8,0.0,0.0,,3.6,173,11.9,
2026-08-09T10:15,23.9,37,22.9,0.0,0.0,,4.3,161,13.0,
2026-08-09T10:30,25.1,35,24.0,0.0,0.0,,5.0,149,14.0,
2026-08-09T10:45,26.2,33,25.0,0.0,0.0,,6.1,137,15.1,
2026-08-09T11:00,27.1,31,25.6,0.0,0.0,,7.2,125,16.6,
2026-08-09T11:15,27.7,29,26.0,0.0,0.0,,7.9,138,18.0,
2026-08-09T11:30,28.0,27,26.1,0.0,0.0,,9.0,150,19.8,
2026-08-09T11:45,28.2,26,26.2,0.0,0.0,,9.4,163,21.2,
2026-08-09T12:00,28.3,25,26.0,0.0,0.0,,9.7,175,22.0,
2026-08-09T12:15,28.2,25,26.0,0.0,0.0,,9.4,179,21.2,
2026-08-09T12:30,27.9,25,25.8,0.0,0.0,,8.3,183,19.1,
2026-08-09T12:45,27.6,26,25.6,0.0,0.0,,7.6,187,17.3,
2026-08-09T13:00,27.3,26,25.3,0.0,0.0,,7.2,191,16.2,
2026-08-09T13:15,27.3,27,25.3,0.0,0.0,,7.6,191,16.6,
2026-08-09T13:30,27.3,27,25.2,0.0,0.0,,8.3,191,17.6,
2026-08-09T13:45,27.3,28,25.3,0.0,0.0,,9.4,190,19.1,
2026-08-09T14:00,27.4,28,25.2,0.0,0.0,,10.1,190,20.5,
2026-08-09T14:15,27.4,28,25.1,0.0,0.0,,11.2,193,22.0,
2026-08-09T14:30,27.4,27,24.8,0.0,0.0,,11.9,195,23.4,
2026-08-09T14:45,27.4,26,24.6,0.0,0.0,,13.0,198,24.8,
2026-08-09T15:00,27.5,25,24.5,0.0,0.0,,13.3,200,25.9,
2026-08-09T15:15,27.8,25,25.0,0.0,0.0,,13.0,200,26.3,
2026-08-09T15:30,28.2,24,25.3,0.0,0.0,,12.6,199,26.3,
2026-08-09T15:45,28.6,25,26.1,0.0,0.0,,11.5,199,25.6,
2026-08-09T16:00,28.7,26,26.4,0.0,0.0,,10.8,198,24.8,
2026-08-09T16:15,28.4,29,26.6,0.0,0.0,,10.1,189,23.8,
2026-08-09T16:30,27.9,33,26.6,0.0,0.0,,9.7,180,22.0,
2026-08-09T16:45,27.4,38,26.7,0.0,0.0,,9.0,171,20.2,
2026-08-09T17:00,27.0,40,26.5,0.0,0.0,,8.3,162,18.4,
2026-08-09T17:15,26.8,40,26.4,0.0,0.0,,7.6,166,16.2,
2026-08-09T17:30,26.7,38,26.1,0.0,0.0,,6.8,170,13.7,
2026-08-09T17:45,26.7,35,25.9,0.0,0.0,,6.1,173,11.5,
2026-08-09T18:00,26.7,34,25.8,0.0,0.0,,5.8,177,10.4,
2026-08-09T18:15,26.8,34,25.9,0.0,0.0,,5.8,170,10.4,
2026-08-09T18:30,26.9,35,26.1,0.0,0.0,,6.1,163,11.5,
2026-08-09T18:45,27.1,36,26.4,0.0,0.0,,6.5,156,12.6,
2026-08-09T19:00,27.3,36,26.6,0.0,0.0,,6.8,149,13.3,
2026-08-09T19:15,27.6,36,27.0,0.0,0.0,,7.2,154,13.3,
2026-08-09T19:30,28.0,36,27.5,0.0,0.0,,7.2,159,13.3,
2026-08-09T19:45,28.4,35,27.8,0.0,0.0,,7.2,163,13.3,
2026-08-09T20:00,28.4,35,27.7,0.0,0.0,,7.6,168,13.3,
2026-08-09T20:15,28.0,35,27.2,0.0,0.0,,7.9,151,13.7,
2026-08-09T20:30,27.3,34,26.1,0.0,0.0,,8.6,135,14.0,
2026-08-09T20:45,26.5,34,25.0,0.0,0.0,,9.0,118,14.4,
2026-08-09T21:00,25.8,34,24.2,0.0,0.0,,9.4,101,14.8,
2026-08-09T21:15,25.4,36,23.8,0.0,0.0,,9.7,110,14.8,
2026-08-09T21:30,25.0,38,23.5,0.0,0.0,,9.7,118,15.1,
2026-08-09T21:45,24.6,41,23.3,0.0,0.0,,10.1,127,14.8,
2026-08-09T22:00,24.3,43,23.2,0.0,0.0,,9.7,135,14.4,
2026-08-09T22:15,24.0,44,23.0,0.0,0.0,,9.0,94,13.0,
2026-08-09T22:30,23.8,45,23.1,0.0,0.0,,7.9,53,11.2,
2026-08-09T22:45,23.6,46,23.0,0.0,0.0,,6.8,12,9.7,
2026-08-09T23:00,23.3,48,23.0,0.0,0.0,,6.1,331,9.0,
2026-08-09T23:15,22.9,52,22.8,0.0,0.0,,6.5,299,10.1,
2026-08-09T23:30,22.5,56,22.5,0.0,0.0,,7.2,268,12.6,
2026-08-09T23:45,22.0,60,22.2,0.0,0.0,,7.9,236,14.8,
2026-08-10T00:00,21.7,63,21.9,0.0,0.0,,8.6,204,16.6,
2026-08-10T00:15,21.4,63,21.5,0.0,0.0,,9.0,212,16.9,
2026-08-10T00:30,21.3,61,21.1,0.0,0.0,,9.0,220,16.9,
2026-08-10T00:45,21.1,59,20.7,0.0,0.0,,9.0,227,16.6,
2026-08-10T01:00,20.8,58,20.2,0.0,0.0,,9.4,235,16.6,
2026-08-10T01:15,20.4,60,19.7,0.0,0.0,,9.7,236,17.3,
2026-08-10T01:30,19.8,62,19.1,0.0,0.0,,10.4,237,18.4,
2026-08-10T01:45,19.3,66,18.7,0.0,0.0,,10.8,238,19.4,
2026-08-10T02:00,18.9,68,18.2,0.0,0.0,,11.2,239,20.2,
2026-08-10T02:15,18.8,70,18.2,0.0,0.0,,11.2,233,20.5,
2026-08-10T02:30,18.8,71,18.3,0.0,0.0,,11.2,226,20.5,
2026-08-10T02:45,18.8,72,18.3,0.0,0.0,,11.2,220,20.2,
2026-08-10T03:00,18.6,73,18.2,0.0,0.0,,11.2,213,19.8,
2026-08-10T03:15,18.3,75,18.0,0.0,0.0,,11.2,212,19.4,
2026-08-10T03:30,17.9,76,17.5,0.0,0.0,,10.8,211,19.1,
2026-08-10T03:45,17.4,78,17.0,0.0,0.0,,10.8,209,18.4,
2026-08-10T04:00,17.1,79,16.7,0.0,0.0,,10.4,208,17.6,
2026-08-10T04:15,16.9,80,16.5,0.0,0.0,,10.1,216,16.9,
2026-08-10T04:30,16.7,81,16.4,0.0,0.0,,9.7,223,15.8,
2026-08-10T04:45,16.6,81,16.4,0.0,0.0,,9.4,231,14.8,
2026-08-10T05:00,16.5,82,16.3,0.0,0.0,,9.0,238,14.4,
2026-08-10T05:15,16.5,83,16.3,0.0,0.0,,9.0,239,14.8,
2026-08-10T05:30,16.5,84,16.4,0.0,0.0,,9.4,240,15.8,
2026-08-10T05:45,16.4,85,16.3,0.0,0.0,,9.7,241,16.9,
2026-08-10T06:00,16.4,86,16.3,0.0,0.0,,9.7,242,17.3,
2026-08-10T06:15,16.2,88,16.3,0.0,0.0,,9.0,240,16.2,
2026-08-10T06:30,15.9,90,16.1,0.0,0.0,,8.3,238,14.8,
2026-08-10T06:45,15.7,92,16.1,0.0,0.0,,7.6,235,13.0,
2026-08-10T07:00,15.8,93,16.3,0.0,0.0,,7.2,233,12.6,
2026-08-10T07:15,16.1,93,16.7,0.0,0.0,,7.9,237,14.0,
2026-08-10T07:30,16.6,92,17.1,0.0,0.0,,9.4,241,16.6,
2026-08-10T07:45,17.3,91,17.8,0.0,0.0,,10.4,244,19.4,
2026-08-10T08:00,17.9,89,18.4,0.0,0.0,,11.2,248,20.9,
2026-08-10T08:15,18.4,86,19.0,0.0,0.0,,10.4,257,20.5,
2026-08-10T08:30,19.0,82,19.7,0.0,0.0,,9.4,266,19.1,
2026-08-10T08:45,19.7,78,20.5,0.0,0.0,,7.9,274,17.3,
2026-08-10T09:00,20.3,74,21.1,0.0,0.0,,7.2,283,16.6,
2026-08-10T09:15,20.9,70,21.6,0.0,0.0,,7.6,287,17.3,
2026-08-10T09:30,21.6,66,22.1,0.0,0.0,,8.3,290,18.4,
2026-08-10T09:45,22.3,62,22.5,0.0,0.0,,9.4,294,19.8,
2026-08-10T10:00,22.9,59,22.9,0.0,0.0,,9.7,297,20.9,
2026-08-10T10:15,23.4,56,23.4,0.0,0.0,,9.4,303,20.9,
2026-08-10T10:30,23.9,53,23.9,0.0,0.0,,8.6,310,20.5,
2026-08-10T10:45,24.4,50,24.5,0.0,0.0,,7.6,316,19.8,
2026-08-10T11:00,24.8,48,25.1,0.0,0.0,,7.2,322,19.8,
2026-08-10T11:15,25.2,47,25.6,0.0,0.0,,7.2,326,20.2,
2026-08-10T11:30,25.5,47,26.1,0.0,0.0,,7.9,329,20.9,
2026-08-10T11:45,25.7,46,26.4,0.0,0.0,,8.3,333,21.6,
2026-08-10T12:00,26.0,46,26.9,0.0,0.0,,8.6,336,22.0,
2026-08-10T12:15,26.4,45,27.3,0.0,0.0,,8.6,340,22.3,
2026-08-10T12:30,26.7,44,27.8,0.0,0.0,,8.3,343,22.3,
2026-08-10T12:45,27.0,43,28.2,0.0,0.0,,8.3,347,22.7,
2026-08-10T13:00,27.3,42,28.5,0.0,0.0,,7.9,350,22.7,
2026-08-10T13:15,27.6,41,28.9,0.0,0.0,,7.6,353,22.3,
2026-08-10T13:30,27.9,40,29.1,0.0,0.0,,7.2,356,22.0,
2026-08-10T13:45,28.1,40,29.5,0.0,0.0,,7.2,358,22.0,
2026-08-10T14:00,28.3,39,29.6,0.0,0.0,,7.6,1,22.3,
2026-08-10T14:15,28.5,39,29.7,0.0,0.0,,8.6,2,23.8,
2026-08-10T14:30,28.5,39,29.4,0.0,0.0,,10.4,3,25.6,
2026-08-10T14:45,28.6,39,29.2,0.0,0.0,,12.2,4,27.7,
2026-08-10T15:00,28.6,39,29.0,0.0,0.0,,13.3,5,29.2,
2026-08-10T15:15,28.6,39,28.9,0.0,0.0,,13.7,3,29.9,
2026-08-10T15:30,28.6,40,28.9,0.0,0.0,,13.7,1,29.9,
2026-08-10T15:45,28.6,40,28.7,0.0,0.0,,13.3,359,29.9,
2026-08-10T16:00,28.5,40,28.3,0.0,0.0,,13.7,357,30.2,
2026-08-10T16:15,28.5,40,27.8,0.0,0.0,,14.4,3,31.3,
2026-08-10T16:30,28.4,39,27.1,0.0,0.0,,15.8,8,32.4,
2026-08-10T16:45,28.3,39,26.8,0.0,0.0,,16.9,14,33.8,
2026-08-10T17:00,28.2,39,26.5,0.0,0.0,,17.6,19,34.6,
2026-08-10T17:15,27.9,40,26.2,0.0,0.0,,18.0,21,34.9,
2026-08-10T17:30,27.5,41,26.0,0.0,0.0,,17.6,22,34.9,
2026-08-10T17:45,27.2,43,25.7,0.0,0.0,,17.6,24,34.6,
2026-08-10T18:00,26.9,44,25.5,0.0,0.0,,17.3,25,34.2,
2026-08-10T18:15,26.7,44,25.3,0.0,0.0,,17.3,25,33.8,
2026-08-10T18:30,26.6,44,25.2,0.0,0.0,,17.3,25,33.5,
2026-08-10T18:45,26.5,44,25.1,0.0,0.0,,16.9,24,33.1,
2026-08-10T19:00,26.3,44,24.9,0.0,0.0,,16.9,24,32.8,
2026-08-10T19:15,26.0,45,24.6,0.0,0.0,,16.6,24,32.8,
2026-08-10T19:30,25.6,46,24.3,0.0,0.0,,16.2,23,32.8,
2026-08-10T19:45,25.2,47,23.8,0.0,0.0,,16.2,23,32.8,
2026-08-10T20:00,24.7,49,23.4,0.0,0.0,,16.2,22,33.1,
2026-08-10T20:15,24.2,51,22.9,0.0,0.0,,16.9,23,33.8,
2026-08-10T20:30,23.7,52,22.1,0.0,0.0,,18.0,24,34.9,
2026-08-10T20:45,23.2,54,21.5,0.0,0.0,,18.7,24,36.0,
2026-08-10T21:00,22.7,56,21.0,0.0,0.0,,19.4,25,36.4,
2026-08-10T21:15,22.2,58,20.6,0.0,0.0,,19.4,26,36.0,
2026-08-10T21:30,21.8,60,20.3,0.0,0.0,,18.7,28,34.9,
2026-08-10T21:45,21.4,62,20.0,0.0,0.0,,18.4,29,33.8,
2026-08-10T22:00,21.1,63,19.8,0.0,0.0,,17.6,30,32.8,
2026-08-10T22:15,20.9,63,19.6,0.0,0.0,,17.3,29,31.7,
2026-08-10T22:30,20.8,63,19.6,0.0,0.0,,16.6,29,30.6,
2026-08-10T22:45,20.7,62,19.4,0.0,0.0,,16.2,28,29.9,
2026-08-10T23:00,20.5,62,19.2,0.0,0.0,,15.8,27,29.2,
2026-08-10T23:15,20.2,63,18.9,0.0,0.0,,15.8,26,29.2,
2026-08-10T23:30,19.8,64,18.4,0.0,0.0,,15.8,25,29.2,
2026-08-10T23:45,19.4,66,18.1,0.0,0.0,,15.8,23,29.5,
2026-08-11T00:00,19.1,67,17.7,0.0,0.0,,15.5,22,29.2,
2026-08-11T00:15,18.8,67,17.5,0.0,0.0,,14.8,24,28.1,
2026-08-11T00:30,18.7,67,17.4,0.0,0.0,,14.0,25,26.6,
2026-08-11T00:45,18.5,67,17.3,0.0,0.0,,13.3,27,25.2,
2026-08-11T01:00,18.3,67,17.2,0.0,0.0,,12.6,28,24.1,
2026-08-11T01:15,18.1,67,17.0,0.0,0.0,,12.2,28,23.8,
2026-08-11T01:30,17.9,68,16.8,0.0,0.0,,12.2,28,23.8,
2026-08-11T01:45,17.7,68,16.5,0.0,0.0,,12.2,27,23.4,
2026-08-11T02:00,17.5,69,16.2,0.0,0.0,,12.2,27,23.0,
2026-08-11T02:15,17.2,70,16.0,0.0,0.0,,11.9,32,22.0,
2026-08-11T02:30,16.9,71,15.8,0.0,0.0,,11.2,36,20.5,
2026-08-11T02:45,16.7,72,15.7,0.0,0.0,,10.4,41,19.1,
2026-08-11T03:00,16.5,73,15.5,0.0,0.0,,10.1,45,18.0,
2026-08-11T03:15,16.3,73,15.3,0.0,0.0,,10.1,46,17.6,
2026-08-11T03:30,16.3,73,15.2,0.0,0.0,,10.4,47,17.6,
2026-08-11T03:45,16.2,72,15.0,0.0,0.0,,10.8,48,18.0,
2026-08-11T04:00,16.1,72,14.9,0.0,0.0,,11.2,49,18.7,
2026-08-11T04:15,16.0,72,14.7,0.0,0.0,,11.5,50,19.4,
2026-08-11T04:30,16.0,73,14.6,0.0,0.0,,12.2,51,20.9,
2026-08-11T04:45,15.9,73,14.3,0.0,0.0,,13.0,51,22.0,
2026-08-11T05:00,15.7,74,14.1,0.0,0.0,,13.3,52,22.7,
2026-08-11T05:15,15.5,76,13.9,0.0,0.0,,13.3,50,23.0,
2026-08-11T05:30,15.1,78,13.6,0.0,0.0,,13.3,48,23.0,
2026-08-11T05:45,14.8,80,13.3,0.0,0.0,,13.3,46,23.0,
2026-08-11T06:00,14.5,81,13.1,0.0,0.0,,13.0,44,22.7,
2026-08-11T06:15,14.4,81,12.9,0.0,0.0,,12.6,47,22.3,
2026-08-11T06:30,14.3,80,12.8,0.0,0.0,,11.9,50,21.6,
2026-08-11T06:45,14.2,78,12.8,0.0,0.0,,11.2,52,20.9,
2026-08-11T07:00,14.3,77,12.8,0.0,0.0,,11.2,55,20.9,
2026-08-11T07:15,14.4,76,12.9,0.0,0.0,,11.5,57,22.0,
2026-08-11T07:30,14.7,74,13.0,0.0,0.0,,12.6,59,23.8,
2026-08-11T07:45,15.0,72,13.1,0.0,0.0,,13.3,60,25.6,
2026-08-11T08:00,15.3,71,13.3,0.0,0.0,,14.0,62,26.6,
2026-08-11T08:15,15.5,70,13.5,0.0,0.0,,14.0,63,26.6,
2026-08-11T08:30,15.7,70,13.8,0.0,0.0,,13.7,63,26.3,
2026-08-11T08:45,15.9,70,14.1,0.0,0.0,,13.3,64,25.6,
2026-08-11T09:00,16.2,69,14.5,0.0,0.0,,13.3,64,25.2,
2026-08-11T09:15,16.7,67,15.0,0.0,0.0,,13.3,64,25.2,
2026-08-11T09:30,17.3,64,15.5,0.0,0.0,,13.7,64,25.6,
2026-08-11T09:45,18.0,61,16.2,0.0,0.0,,13.7,63,25.9,
2026-08-11T10:00,18.6,58,16.7,0.0,0.0,,14.0,63,26.6,
2026-08-11T10:15,19.2,56,17.3,0.0,0.0,,14.0,63,27.4,
2026-08-11T10:30,19.8,55,17.9,0.0,0.0,,14.4,64,28.1,
2026-08-11T10:45,20.3,53,18.5,0.0,0.0,,14.4,64,29.2,
2026-08-11T11:00,20.9,52,19.3,0.0,0.0,,14.8,64,29.9,
2026-08-11T11:15,21.4,51,20.0,0.0,0.0,,15.1,65,30.6,
2026-08-11T11:30,21.8,49,20.4,0.0,0.0,,15.8,65,31.3,
2026-08-11T11:45,22.3,48,21.0,0.0,0.0,,16.2,66,32.0,
2026-08-11T12:00,22.7,46,21.4,0.0,0.0,,16.2,66,32.4,
2026-08-11T12:15,23.1,44,21.9,0.0,0.0,,15.8,65,32.0,
2026-08-11T12:30,23.5,41,22.3,0.0,0.0,,15.1,65,31.7,
2026-08-11T12:45,23.9,38,22.7,0.0,0.0,,14.4,64,31.0,
2026-08-11T13:00,24.2,36,23.2,0.0,0.0,,13.7,63,30.6,
2026-08-11T13:15,24.6,34,23.5,0.0,0.0,,13.3,62,30.6,
2026-08-11T13:30,24.9,32,23.7,0.0,0.0,,13.3,61,30.6,
2026-08-11T13:45,25.2,30,23.8,0.0,0.0,,13.7,59,30.6,
2026-08-11T14:00,25.5,29,24.1,0.0,0.0,,13.7,58,30.6,
2026-08-11T14:15,25.8,28,24.3,0.0,0.0,,13.7,59,30.6,
2026-08-11T14:30,26.2,28,24.7,0.0,0.0,,14.0,60,30.6,
2026-08-11T14:45,26.5,27,24.9,0.0,0.0,,14.0,61,30.6,
2026-08-11T15:00,26.7,27,25.0,0.0,0.0,,14.4,62,31.0,
2026-08-11T15:15,26.9,27,25.0,0.0,0.0,,15.1,61,31.7,
2026-08-11T15:30,27.0,26,24.8,0.0,0.0,,15.8,60,32.4,
2026-08-11T15:45,27.0,26,24.7,0.0,0.0,,16.6,58,33.5,
2026-08-11T16:00,27.1,26,24.6,0.0,0.0,,16.9,57,33.8,
2026-08-11T16:15,27.1,26,24.5,0.0,0.0,,16.9,57,33.8,
2026-08-11T16:30,27.2,26,24.5,0.0,0.0,,16.9,58,33.5,
2026-08-11T16:45,27.3,26,24.5,0.0,0.0,,16.6,58,32.8,
2026-08-11T17:00,27.3,26,24.3,0.0,0.0,,16.6,58,32.8,
2026-08-11T17:15,27.4,26,24.2,0.0,0.0,,16.9,58,33.1,
2026-08-11T17:30,27.5,26,24.1,0.0,0.0,,17.3,58,33.8,
2026-08-11T17:45,27.6,25,24.0,0.0,0.0,,17.6,57,34.6,
2026-08-11T18:00,27.6,25,24.0,0.0,0.0,,17.6,57,34.6,
2026-08-11T18:15,27.6,24,23.9,0.0,0.0,,16.9,54,33.5,
2026-08-11T18:30,27.5,24,24.0,0.0,0.0,,15.8,52,32.0,
2026-08-11T18:45,27.3,23,23.9,0.0,0.0,,14.4,49,30.2,
2026-08-11T19:00,27.2,23,23.8,0.0,0.0,,13.7,46,29.2,
2026-08-11T19:15,27.0,23,23.6,0.0,0.0,,13.3,47,28.4,
2026-08-11T19:30,26.7,24,23.5,0.0,0.0,,13.3,47,28.1,
2026-08-11T19:45,26.5,24,23.1,0.0,0.0,,13.7,48,28.1,
2026-08-11T20:00,26.2,25,22.9,0.0,0.0,,13.7,48,27.7,
2026-08-11T20:15,25.8,26,22.6,0.0,0.0,,13.7,46,27.4,
2026-08-11T20:30,25.4,26,22.1,0.0,0.0,,14.0,44,26.6,
2026-08-11T20:45,25.0,27,21.7,0.0,0.0,,14.0,42,25.9,
2026-08-11T21:00,24.6,28,21.4,0.0,0.0,,14.0,40,25.6,
2026-08-11T21:15,24.2,29,21.0,0.0,0.0,,13.7,41,25.2,
2026-08-11T21:30,23.8,31,20.8,0.0,0.0,,13.3,42,25.2,
2026-08-11T21:45,23.3,32,20.4,0.0,0.0,,13.0,42,24.8,
2026-08-11T22:00,22.9,33,20.0,0.0,0.0,,12.6,43,24.5,
2026-08-11T22:15,22.5,33,19.6,0.0,0.0,,11.9,43,23.8,
2026-08-11T22:30,22.1,34,19.4,0.0,0.0,,11.2,42,22.7,
2026-08-11T22:45,21.7,34,18.9,0.0,0.0,,10.8,42,21.6,
2026-08-11T23:00,21.3,34,18.6,0.0,0.0,,10.4,41,20.9,
2026-08-11T23:15,21.0,35,18.2,0.0,0.0,,10.8,44,20.5,
2026-08-11T23:30,20.7,36,17.9,0.0,0.0,,11.2,48,20.9,
2026-08-11T23:45,20.3,37,17.4,0.0,0.0,,11.9,51,20.9,
2026-08-12T00:00,20.1,38,17.2,0.0,0.0,,12.2,54,21.2,
2026-08-12T00:15,19.8,38,16.8,0.0,0.0,,12.6,54,21.6,
2026-08-12T00:30,19.7,38,16.6,0.0,0.0,,12.6,55,21.6,
2026-08-12T00:45,19.5,38,16.4,0.0,0.0,,12.6,55,22.0,
2026-08-12T01:00,19.3,38,16.2,0.0,0.0,,12.6,55,22.0,
2026-08-12T01:15,19.1,38,15.9,0.0,0.0,,12.6,55,22.0,
2026-08-12T01:30,18.8,39,15.7,0.0,0.0,,12.6,56,22.0,
2026-08-12T01:45,18.6,39,15.5,0.0,0.0,,12.6,56,22.0,
2026-08-12T02:00,18.4,40,15.4,0.0,0.0,,12.2,56,21.6,
2026-08-12T02:15,18.2,40,15.2,0.0,0.0,,11.9,57,21.2,
2026-08-12T02:30,18.1,41,15.1,0.0,0.0,,11.9,57,20.5,
2026-08-12T02:45,17.9,41,14.9,0.0,0.0,,11.2,58,20.2,
2026-08-12T03:00,17.7,42,14.8,0.0,0.0,,10.8,58,19.1,
2026-08-12T03:15,17.5,43,14.8,0.0,0.0,,10.1,57,17.6,
2026-08-12T03:30,17.2,44,14.7,0.0,0.0,,9.0,57,15.8,
2026-08-12T03:45,17.0,45,14.7,0.0,0.0,,7.9,56,14.4,
2026-08-12T04:00,16.8,46,14.6,0.0,0.0,,7.6,55,13.3,
2026-08-12T04:15,16.6,47,14.3,0.0,0.0,,7.9,56,13.7,
2026-08-12T04:30,16.5,47,14.1,0.0,0.0,,8.3,57,14.8,
2026-08-12T04:45,16.3,47,13.8,0.0,0.0,,9.0,57,15.8,
2026-08-12T05:00,16.1,48,13.6,0.0,0.0,,9.4,58,16.2,
2026-08-12T05:15,16.0,49,13.5,0.0,0.0,,9.0,59,15.5,
2026-08-12T05:30,15.9,50,13.6,0.0,0.0,,8.3,59,14.4,
2026-08-12T05:45,15.7,51,13.6,0.0,0.0,,7.6,60,13.0,
2026-08-12T06:00,15.6,52,13.5,0.0,0.0,,7.2,60,12.2,
2026-08-12T06:15,15.4,52,13.3,0.0,0.0,,7.2,57,12.2,
2026-08-12T06:30,15.1,52,12.9,0.0,0.0,,7.6,54,13.0,
2026-08-12T06:45,14.9,52,12.6,0.0,0.0,,7.6,51,13.3,
2026-08-12T07:00,14.8,52,12.5,0.0,0.0,,7.9,48,14.0,
2026-08-12T07:15,14.9,52,12.6,0.0,0.0,,7.9,49,14.4,
2026-08-12T07:30,15.2,52,12.9,0.0,0.0,,8.3,51,15.1,
2026-08-12T07:45,15.5,52,13.3,0.0,0.0,,8.3,52,15.5,
2026-08-12T08:00,15.9,51,13.6,0.0,0.0,,8.3,53,15.8,
2026-08-12T08:15,16.3,50,14.1,0.0,0.0,,8.3,49,15.8,
2026-08-12T08:30,16.8,49,14.6,0.0,0.0,,7.9,45,15.8,
2026-08-12T08:45,17.3,47,15.2,0.0,0.0,,7.6,41,15.5,
2026-08-12T09:00,17.8,46,15.8,0.0,0.0,,7.2,37,15.1,
2026-08-12T09:15,18.3,45,16.4,0.0,0.0,,6.8,44,14.8,
2026-08-12T09:30,18.8,43,16.9,0.0,0.0,,6.5,51,14.4,
2026-08-12T09:45,19.3,42,17.4,0.0,0.0,,6.5,57,13.7,
2026-08-12T10:00,20.0,40,18.1,0.0,0.0,,6.1,64,13.7,
2026-08-12T10:15,20.8,38,18.9,0.0,0.0,,6.1,65,13.7,
2026-08-12T10:30,21.7,36,19.8,0.0,0.0,,5.8,65,14.4,
2026-08-12T10:45,22.6,35,21.1,0.0,0.0,,5.8,66,14.8,
2026-08-12T11:00,23.5,33,22.1,0.0,0.0,,6.1,66,15.5,
2026-08-12T11:15,24.3,32,23.1,0.0,0.0,,6.5,64,16.6,
2026-08-12T11:30,25.0,31,23.9,0.0,0.0,,7.2,62,17.6,
2026-08-12T11:45,25.8,30,24.8,0.0,0.0,,7.9,60,18.7,
2026-08-12T12:00,26.5,29,25.5,0.0,0.0,,8.6,58,19.8,
2026-08-12T12:15,27.1,28,26.3,0.0,0.0,,9.0,60,20.5,
2026-08-12T12:30,27.8,26,26.9,0.0,0.0,,9.0,61,20.9,
2026-08-12T12:45,28.4,25,27.5,0.0,0.0,,9.4,63,21.6,
2026-08-12T13:00,28.9,24,28.1,0.0,0.0,,9.7,64,22.3,
2026-08-12T13:15,29.5,23,28.5,0.0,0.0,,10.4,65,23.4,
2026-08-12T13:30,30.0,22,28.9,0.0,0.0,,11.2,66,24.8,
2026-08-12T13:45,30.4,22,29.3,0.0,0.0,,12.2,66,26.3,
2026-08-12T14:00,30.8,21,29.5,0.0,0.0,,12.6,67,27.0,
2026-08-12T14:15,31.1,20,29.7,0.0,0.0,,12.6,64,27.0,
2026-08-12T14:30,31.4,20,30.1,0.0,0.0,,11.9,60,26.6,
2026-08-12T14:45,31.6,20,30.4,0.0,0.0,,11.5,57,25.9,
2026-08-12T15:00,31.8,19,30.5,0.0,0.0,,11.2,53,25.9,
2026-08-12T15:15,32.0,18,30.5,0.0,0.0,,11.2,53,26.3,
2026-08-12T15:30,32.2,17,30.4,0.0,0.0,,11.5,53,27.0,
2026-08-12T15:45,32.4,17,30.4,0.0,0.0,,12.2,53,27.7,
2026-08-12T16:00,32.6,16,30.3,0.0,0.0,,12.2,53,28.1,
2026-08-12T16:15,32.9,16,30.6,0.0,0.0,,11.9,58,27.7,
2026-08-12T16:30,33.3,16,30.9,0.0,0.0,,11.5,63,27.0,
2026-08-12T16:45,33.6,16,31.2,0.0,0.0,,11.2,67,25.9,
2026-08-12T17:00,33.7,16,31.1,0.0,0.0,,11.2,72,25.6,
2026-08-12T17:15,33.7,16,30.9,0.0,0.0,,11.5,65,25.6,
2026-08-12T17:30,33.6,16,30.5,0.0,0.0,,11.9,58,25.9,
2026-08-12T17:45,33.4,17,30.3,0.0,0.0,,12.6,51,26.3,
2026-08-12T18:00,33.2,17,30.1,0.0,0.0,,13.0,44,26.6,
2026-08-12T18:15,33.1,17,30.0,0.0,0.0,,13.0,44,26.6,
2026-08-12T18:30,33.0,17,29.8,0.0,0.0,,13.0,44,26.3,
2026-08-12T18:45,32.9,18,29.9,0.0,0.0,,13.0,44,25.9,
2026-08-12T19:00,32.7,18,29.6,0.0,0.0,,13.0,44,25.9,
2026-08-12T19:15,32.5,18,29.3,0.0,0.0,,13.7,42,26.6,
2026-08-12T19:30,32.3,19,29.1,0.0,0.0,,14.4,41,28.1,
2026-08-12T19:45,32.0,19,28.7,0.0,0.0,,15.1,39,28.8,
2026-08-12T20:00,31.6,20,28.3,0.0,0.0,,15.5,37,29.2,
2026-08-12T20:15,31.0,21,27.9,0.0,0.0,,14.8,37,28.1,
2026-08-12T20:30,30.2,22,27.2,0.0,0.0,,13.7,38,25.9,
2026-08-12T20:45,29.4,23,26.6,0.0,0.0,,12.6,38,23.8,
2026-08-12T21:00,28.7,24,26.0,0.0,0.0,,11.9,38,22.3,
2026-08-12T21:15,28.3,24,25.5,0.0,0.0,,11.9,36,22.0,
2026-08-12T21:30,27.9,25,25.2,0.0,0.0,,12.2,34,22.3,
2026-08-12T21:45,27.6,25,24.8,0.0,0.0,,12.6,32,22.7,
2026-08-12T22:00,27.3,25,24.4,0.0,0.0,,12.6,30,22.7,
2026-08-12T22:15,26.9,26,24.1,0.0,0.0,,12.2,33,22.0,
2026-08-12T22:30,26.4,27,23.7,0.0,0.0,,11.5,36,21.2,
2026-08-12T22:45,26.0,28,23.4,0.0,0.0,,10.8,39,20.2,
2026-08-12T23:00,25.5,29,23.1,0.0,0.0,,10.4,42,19.4,
2026-08-12T23:15,25.1,30,22.6,0.0,0.0,,10.4,43,19.1,
2026-08-12T23:30,24.6,31,22.2,0.0,0.0,,10.4,44,18.4,
2026-08-12T23:45,24.2,32,21.8,0.0,0.0,,10.4,45,18.0,
2026-08-13T00:00,23.8,32,21.3,0.0,0.0,,10.4,46,17.6,
2026-08-13T00:15,23.4,32,20.9,0.0,0.0,,10.1,45,16.9,
2026-08-13T00:30,23.1,32,20.6,0.0,0.0,,9.7,44,16.2,
2026-08-13T00:45,22.8,31,20.2,0.0,0.0,,9.4,43,15.5,
2026-08-13T01:00,22.5,31,19.9,0.0,0.0,,8.6,42,14.8,
2026-08-13T01:15,22.2,31,19.7,0.0,0.0,,7.9,51,13.7,
2026-08-13T01:30,22.1,31,19.7,0.0,0.0,,7.2,60,13.0,
2026-08-13T01:45,21.9,31,19.5,0.0,0.0,,6.5,69,11.9,
2026-08-13T02:00,21.6,31,19.3,0.0,0.0,,6.1,78,11.2,
2026-08-13T02:15,21.3,32,19.0,0.0,0.0,,6.1,74,10.8,
2026-08-13T02:30,21.0,34,18.8,0.0,0.0,,6.1,71,10.8,
2026-08-13T02:45,20.6,35,18.4,0.0,0.0,,6.5,67,10.8,
2026-08-13T03:00,20.3,36,18.1,0.0,0.0,,6.5,63,10.4,
2026-08-13T03:15,20.0,36,17.8,0.0,0.0,,6.1,67,9.4,
2026-08-13T03:30,19.6,36,17.5,0.0,0.0,,5.4,70,7.9,
2026-08-13T03:45,19.3,36,17.2,0.0,0.0,,5.0,74,6.5,
2026-08-13T04:00,19.1,36,16.9,0.0,0.0,,4.7,77,5.8,
2026-08-13T04:15,18.9,36,16.7,0.0,0.0,,4.7,74,5.8,
2026-08-13T04:30,18.7,37,16.5,0.0,0.0,,5.0,71,5.8,
2026-08-13T04:45,18.6,37,16.4,0.0,0.0,,5.0,68,6.5,
2026-08-13T05:00,18.4,38,16.1,0.0,0.0,,5.4,65,6.8,
2026-08-13T05:15,18.1,39,15.9,0.0,0.0,,5.8,66,7.2,
2026-08-13T05:30,17.9,40,15.7,0.0,0.0,,5.8,67,7.6,
2026-08-13T05:45,17.6,41,15.3,0.0,0.0,,6.1,68,7.9,
2026-08-13T06:00,17.3,42,15.1,0.0,0.0,,6.1,69,8.3,
2026-08-13T06:15,17.0,42,14.7,0.0,0.0,,6.5,67,9.0,
2026-08-13T06:30,16.7,42,14.3,0.0,0.0,,6.8,66,9.7,
2026-08-13T06:45,16.5,41,13.9,0.0,0.0,,6.8,64,10.4,
2026-08-13T07:00,16.5,41,14.0,0.0,0.0,,6.8,62,10.4,
2026-08-13T07:15,16.9,41,14.5,0.0,0.0,,6.1,66,9.7,
2026-08-13T07:30,17.6,41,15.5,0.0,0.0,,5.0,70,8.3,
2026-08-13T07:45,18.3,41,16.4,0.0,0.0,,4.3,73,7.2,
2026-08-13T08:00,18.9,41,17.3,0.0,0.0,,3.6,77,6.5,
2026-08-13T08:15,19.4,40,17.8,0.0,0.0,,4.0,58,6.8,
2026-08-13T08:30,19.9,39,18.2,0.0,0.0,,4.3,38,7.6,
2026-08-13T08:45,20.3,37,18.4,0.0,0.0,,5.0,19,8.3,
2026-08-13T09:00,20.8,35,18.8,0.0,0.0,,5.4,359,9.0,
2026-08-13T09:15,21.4,33,19.4,0.0,0.0,,5.0,7,9.4,
2026-08-13T09:30,22.1,31,20.0,0.0,0.0,,4.7,15,9.7,
2026-08-13T09:45,22.8,29,20.8,0.0,0.0,,4.0,22,10.1,
2026-08-13T10:00,23.6,27,21.5,0.0,0.0,,3.6,30,10.4,
2026-08-13T10:15,24.6,26,22.7,0.0,0.0,,3.2,47,10.4,
2026-08-13T10:30,25.8,25,24.0,0.0,0.0,,3.2,65,10.4,
2026-08-13T10:45,26.9,24,25.4,0.0,0.0,,3.2,82,10.1,
2026-08-13T11:00,27.9,23,26.6,0.0,0.0,,3.2,99,10.4,
2026-08-13T11:15,28.6,22,27.4,0.0,0.0,,3.6,93,11.2,
2026-08-13T11:30,29.1,22,28.1,0.0,0.0,,4.3,86,12.2,
2026-08-13T11:45,29.5,22,28.7,0.0,0.0,,5.0,80,13.3,
2026-08-13T12:00,30.1,21,29.2,0.0,0.0,,5.8,73,14.8,
2026-08-13T12:15,30.7,20,29.8,0.0,0.0,,6.5,70,16.2,
2026-08-13T12:30,31.4,19,30.5,0.0,0.0,,6.8,68,17.6,
2026-08-13T12:45,32.0,18,31.1,0.0,0.0,,7.6,65,19.1,
2026-08-13T13:00,32.6,17,31.6,0.0,0.0,,8.3,62,20.5,
2026-08-13T13:15,33.2,16,32.0,0.0,0.0,,9.0,63,22.3,
2026-08-13T13:30,33.8,16,32.5,0.0,0.0,,10.1,65,23.8,
2026-08-13T13:45,34.3,15,32.8,0.0,0.0,,11.2,66,25.6,
2026-08-13T14:00,34.7,15,33.2,0.0,0.0,,11.5,67,26.3,
2026-08-13T14:15,34.9,15,33.4,0.0,0.0,,11.5,66,26.3,
2026-08-13T14:30,34.9,15,33.4,0.0,0.0,,11.2,65,25.6,
2026-08-13T14:45,34.9,15,33.5,0.0,0.0,,10.4,64,24.8,
2026-08-13T15:00,34.9,15,33.6,0.0,0.0,,10.1,63,24.1,
2026-08-13T15:15,35.1,15,33.7,0.0,0.0,,9.7,58,23.4,
2026-08-13T15:30,35.3,15,34.0,0.0,0.0,,9.0,53,22.7,
2026-08-13T15:45,35.5,14,34.0,0.0,0.0,,8.6,47,22.3,
2026-08-13T16:00,35.7,14,34.2,0.0,0.0,,8.3,42,22.0,
2026-08-13T16:15,35.9,14,34.2,0.0,0.0,,8.3,38,22.0,
2026-08-13T16:30,36.0,14,34.0,0.0,0.0,,9.0,34,22.3,
2026-08-13T16:45,36.0,14,33.9,0.0,0.0,,9.4,30,22.7,
2026-08-13T17:00,36.1,14,33.7,0.0,0.0,,9.4,26,22.7,
2026-08-13T17:15,36.0,14,33.5,0.0,0.0,,9.0,23,22.0,
2026-08-13T17:30,36.0,14,33.4,0.0,0.0,,8.3,20,20.9,
2026-08-13T17:45,35.9,14,33.4,0.0,0.0,,7.6,16,19.8,
2026-08-13T18:00,35.8,14,33.3,0.0,0.0,,7.2,13,19.1,
2026-08-13T18:15,35.7,14,33.2,0.0,0.0,,7.2,20,18.7,
2026-08-13T18:30,35.6,14,33.1,0.0,0.0,,7.9,27,18.4,
2026-08-13T18:45,35.5,14,32.9,0.0,0.0,,8.3,33,18.4,
2026-08-13T19:00,35.4,14,32.7,0.0,0.0,,8.6,40,18.0,
2026-08-13T19:15,35.2,14,32.4,0.0,0.0,,9.0,44,17.6,
2026-08-13T19:30,34.9,15,32.3,0.0,0.0,,9.0,47,17.3,
2026-08-13T19:45,34.6,16,32.1,0.0,0.0,,9.4,51,16.9,
2026-08-13T20:00,34.3,16,31.7,0.0,0.0,,9.4,54,16.2,
2026-08-13T20:15,33.8,16,31.2,0.0,0.0,,9.4,53,15.1,
2026-08-13T20:30,33.2,16,30.5,0.0,0.0,,9.4,53,14.0,
2026-08-13T20:45,32.6,16,29.8,0.0,0.0,,9.0,52,13.0,
2026-08-13T21:00,32.0,17,29.3,0.0,0.0,,8.6,51,11.9,
2026-08-13T21:15,31.4,18,28.8,0.0,0.0,,8.3,54,11.2,
2026-08-13T21:30,30.7,19,28.3,0.0,0.0,,7.6,57,10.4,
2026-08-13T21:45,30.0,21,27.9,0.0,0.0,,6.8,60,9.7,
2026-08-13T22:00,29.4,22,27.4,0.0,0.0,,6.5,63,9.4,
2026-08-13T22:15,28.9,23,26.9,0.0,0.0,,6.1,64,9.4,
2026-08-13T22:30,28.4,23,26.4,0.0,0.0,,5.8,65,9.4,
2026-08-13T22:45,27.9,24,26.0,0.0,0.0,,5.4,66,9.4,
2026-08-13T23:00,27.5,24,25.6,0.0,0.0,,5.0,67,9.0,
2026-08-13T23:15,27.2,25,25.4,0.0,0.0,,4.7,55,8.3,
2026-08-13T23:30,26.9,25,25.1,0.0,0.0,,4.7,44,7.2,
2026-08-13T23:45,26.7,26,24.9,0.0,0.0,,4.7,32,6.5,
2026-08-14T00:00,26.3,27,24.7,0.0,0.0,,4.3,20,5.4,
2026-08-14T00:15,25.8,28,24.3,0.0,0.0,,4.0,356,4.7,
2026-08-14T00:30,25.3,29,23.8,0.0,0.0,,3.2,332,4.0,
2026-08-14T00:45,24.7,29,23.2,0.0,0.0,,2.9,308,3.2,
2026-08-14T01:00,24.2,30,22.8,0.0,0.0,,2.5,284,2.9,
2026-08-14T01:15,23.8,30,22.3,0.0,0.0,,2.5,276,3.2,
2026-08-14T01:30,23.5,30,21.9,0.0,0.0,,2.9,268,4.0,
2026-08-14T01:45,23.3,31,21.6,0.0,0.0,,3.6,260,4.7,
2026-08-14T02:00,23.1,31,21.4,0.0,0.0,,3.6,252,5.0,
2026-08-14T02:15,23.0,32,21.4,0.0,0.0,,3.2,260,5.0,
2026-08-14T02:30,23.0,33,21.6,0.0,0.0,,2.9,269,4.7,
2026-08-14T02:45,23.0,35,21.8,0.0,0.0,,2.5,277,4.0,
2026-08-14T03:00,22.9,36,21.9,0.0,0.0,,2.2,285,3.6,
2026-08-14T03:15,22.7,37,21.7,0.0,0.0,,2.2,269,3.2,
2026-08-14T03:30,22.4,37,21.3,0.0,0.0,,2.2,254,2.9,
2026-08-14T03:45,22.0,38,20.9,0.0,0.0,,2.2,238,2.9,
2026-08-14T04:00,21.6,38,20.4,0.0,0.0,,2.5,222,2.9,
2026-08-14T04:15,21.3,38,19.9,0.0,0.0,,3.2,205,3.6,
2026-08-14T04:30,20.9,37,19.2,0.0,0.0,,4.0,188,4.3,
2026-08-14T04:45,20.5,37,18.7,0.0,0.0,,5.0,171,5.4,
2026-08-14T05:00,20.3,37,18.3,0.0,0.0,,5.4,154,5.8,
2026-08-14T05:15,20.2,37,18.2,0.0,0.0,,5.4,149,5.8,
2026-08-14T05:30,20.2,38,18.4,0.0,0.0,,4.7,145,5.0,
2026-08-14T05:45,20.2,39,18.5,0.0,0.0,,4.3,140,4.7,
2026-08-14T06:00,20.1,40,18.6,0.0,0.0,,4.0,135,4.3,
2026-08-14T06:15,19.9,41,18.4,0.0,0.0,,4.0,161,4.3,
2026-08-14T06:30,19.7,42,18.1,0.0,0.0,,4.7,188,5.0,
2026-08-14T06:45,19.4,43,17.8,0.0,0.0,,5.0,214,5.4,
2026-08-14T07:00,19.4,44,17.9,0.0,0.0,,5.0,240,5.4,
2026-08-14T07:15,19.7,44,18.3,0.0,0.0,,4.7,238,5.0,
2026-08-14T07:30,20.1,44,19.0,0.0,0.0,,3.6,237,4.3,
2026-08-14T07:45,20.7,44,19.8,0.0,0.0,,2.9,235,3.6,
2026-08-14T08:00,21.3,43,20.5,0.0,0.0,,2.5,233,3.6,
2026-08-14T08:15,22.0,41,21.1,0.0,0.0,,2.9,243,4.7,
2026-08-14T08:30,22.8,38,21.6,0.0,0.0,,4.0,253,6.5,
2026-08-14T08:45,23.6,35,22.3,0.0,0.0,,4.7,262,8.3,
2026-08-14T09:00,24.5,32,22.9,0.0,0.0,,5.4,272,9.7,
2026-08-14T09:15,25.3,30,23.6,0.0,0.0,,5.4,258,10.4,
2026-08-14T09:30,26.1,28,24.4,0.0,0.0,,5.0,243,10.8,
2026-08-14T09:45,26.9,26,25.2,0.0,0.0,,4.7,229,10.8,
2026-08-14T10:00,27.7,24,26.0,0.0,0.0,,4.0,214,10.8,
2026-08-14T10:15,28.5,23,26.9,0.0,0.0,,3.2,194,10.1,
2026-08-14T10:30,29.3,22,27.9,0.0,0.0,,2.2,174,9.0,
2026-08-14T10:45,30.1,21,28.9,0.0,0.0,,1.4,153,8.3,
2026-08-14T11:00,30.9,20,30.0,0.0,0.0,,1.1,133,7.9,
2026-08-14T11:15,31.7,19,30.9,0.0,0.0,,1.4,124,8.6,
2026-08-14T11:30,32.4,18,31.6,0.0,0.0,,2.2,116,10.4,
2026-08-14T11:45,33.1,18,32.5,0.0,0.0,,2.9,107,11.9,
2026-08-14T12:00,33.7,17,33.1,0.0,0.0,,3.2,98,13.3,
2026-08-14T12:15,34.2,16,33.7,0.0,0.0,,2.9,118,14.0,
2026-08-14T12:30,34.6,16,34.4,0.0,0.0,,2.5,139,14.0,
2026-08-14T12:45,35.0,15,34.9,0.0,0.0,,1.8,159,14.4,
2026-08-14T13:00,35.4,15,35.5,0.0,0.0,,1.8,179,14.8,
2026-08-14T13:15,35.8,15,35.9,0.0,0.0,,2.2,176,15.8,
2026-08-14T13:30,36.1,15,36.3,0.0,0.0,,2.9,174,16.9,
2026-08-14T13:45,36.4,16,36.7,0.0,0.0,,4.0,171,18.4,
2026-08-14T14:00,36.7,16,37.0,0.0,0.0,,4.3,168,19.1,
2026-08-14T14:15,37.0,16,37.3,0.0,0.0,,4.3,165,19.4,
2026-08-14T14:30,37.2,16,37.5,0.0,0.0,,4.0,162,19.1,
2026-08-14T14:45,37.3,15,37.5,0.0,0.0,,4.0,159,19.1,
2026-08-14T15:00,37.5,15,37.6,0.0,0.0,,4.0,156,19.1,
2026-08-14T15:15,37.7,15,37.6,0.0,0.0,,4.7,184,19.8,
2026-08-14T15:30,37.9,15,37.6,0.0,0.0,,5.8,212,21.2,
2026-08-14T15:45,38.1,15,37.5,0.0,0.0,,6.8,239,22.3,
2026-08-14T16:00,38.2,15,37.4,0.0,0.0,,7.2,267,22.7,
2026-08-14T16:15,38.3,15,37.5,0.0,0.0,,6.5,264,22.0,
2026-08-14T16:30,38.2,15,37.4,0.0,0.0,,5.4,262,20.5,
2026-08-14T16:45,38.2,15,37.3,0.0,0.0,,4.3,259,18.7,
2026-08-14T17:00,38.2,15,37.3,0.0,0.0,,3.6,256,18.0,
2026-08-14T17:15,38.2,15,37.1,0.0,0.0,,3.6,269,18.0,
2026-08-14T17:30,38.3,15,37.0,0.0,0.0,,4.3,282,18.4,
2026-08-14T17:45,38.3,15,36.8,0.0,0.0,,5.4,294,19.1,
2026-08-14T18:00,38.3,15,36.6,0.0,0.0,,6.5,307,20.5,
2026-08-14T18:15,38.1,15,36.1,0.0,0.0,,8.3,317,23.0,
2026-08-14T18:30,37.8,16,35.7,0.0,0.0,,10.4,327,26.3,
2026-08-14T18:45,37.4,17,35.0,0.0,0.0,,13.0,337,29.5,
2026-08-14T19:00,37.0,18,34.6,0.0,0.0,,14.4,347,31.3,
2026-08-14T19:15,36.6,19,34.2,0.0,0.0,,15.1,348,31.7,
2026-08-14T19:30,36.1,21,34.0,0.0,0.0,,15.1,350,30.6,
2026-08-14T19:45,35.6,22,33.6,0.0,0.0,,15.1,351,29.2,
2026-08-14T20:00,35.0,23,33.0,0.0,0.0,,15.1,352,28.1,
2026-08-14T20:15,34.1,24,32.2,0.0,0.0,,15.1,353,27.0,
2026-08-14T20:30,33.2,25,31.1,0.0,0.0,,15.1,353,25.9,
2026-08-14T20:45,32.2,25,30.0,0.0,0.0,,15.1,354,24.8,
2026-08-14T21:00,31.6,26,29.4,0.0,0.0,,14.8,354,23.8,
2026-08-14T21:15,31.4,26,29.2,0.0,0.0,,14.0,350,23.0,
2026-08-14T21:30,31.4,26,29.4,0.0,0.0,,13.3,346,22.3,
2026-08-14T21:45,31.5,27,29.8,0.0,0.0,,12.2,342,21.6,
2026-08-14T22:00,31.5,27,29.9,0.0,0.0,,11.5,338,20.9,
2026-08-14T22:15,31.2,28,29.7,0.0,0.0,,11.2,338,20.2,
2026-08-14T22:30,30.8,29,29.4,0.0,0.0,,10.8,339,19.1,
2026-08-14T22:45,30.3,30,29.0,0.0,0.0,,10.4,339,18.0,
2026-08-14T23:00,29.8,31,28.6,0.0,0.0,,9.7,339,16.6,
2026-08-14T23:15,29.2,31,28.0,0.0,0.0,,8.6,340,14.4,
2026-08-14T23:30,28.5,32,27.5,0.0,0.0,,7.2,341,11.9,
2026-08-14T23:45,27.9,32,26.9,0.0,0.0,,6.1,342,9.4,
2026-08-15T00:00,27.5,32,26.6,0.0,0.0,,5.4,343,8.3,
2026-08-15T00:15,27.6,33,26.7,0.0,0.0,,5.8,352,9.0,
2026-08-15T00:30,27.9,33,27.0,0.0,0.0,,6.8,0,10.8,
2026-08-15T00:45,28.2,34,27.4,0.0,0.0,,7.6,9,13.0,
2026-08-15T01:00,28.3,34,27.4,0.0,0.0,,7.9,17,13.7,
2026-08-15T01:15,27.9,33,27.0,0.0,0.0,,7.2,14,13.0,
2026-08-15T01:30,27.3,32,26.3,0.0,0.0,,5.8,11,10.8,
2026-08-15T01:45,26.6,32,25.6,0.0,0.0,,4.3,8,9.0,
2026-08-15T02:00,26.0,32,25.0,0.0,0.0,,3.6,5,7.6,
2026-08-15T02:15,25.5,34,24.6,0.0,0.0,,3.6,358,7.2,
2026-08-15T02:30,25.0,38,24.4,0.0,0.0,,3.6,351,7.2,
2026-08-15T02:45,24.5,41,24.1,0.0,0.0,,4.0,344,7.2,
2026-08-15T03:00,24.2,43,23.9,0.0,0.0,,4.3,337,7.6,
2026-08-15T03:15,24.1,43,23.8,0.0,0.0,,4.3,322,7.6,
2026-08-15T03:30,24.2,43,23.8,0.0,0.0,,4.3,307,7.2,
2026-08-15T03:45,24.3,42,23.8,0.0,0.0,,4.3,291,7.2,
2026-08-15T04:00,24.2,41,23.5,0.0,0.0,,5.0,276,8.6,
2026-08-15T04:15,23.9,41,22.9,0.0,0.0,,6.8,274,12.2,
2026-08-15T04:30,23.5,40,21.9,0.0,0.0,,9.4,272,17.3,
2026-08-15T04:45,23.0,40,21.0,0.0,0.0,,11.5,269,22.3,
2026-08-15T05:00,22.6,43,20.5,0.0,0.0,,13.0,267,25.2,
2026-08-15T05:15,22.2,50,20.7,0.0,0.0,,13.0,283,25.2,
2026-08-15T05:30,21.8,60,21.2,0.0,0.0,,11.9,299,23.4,
2026-08-15T05:45,21.4,69,21.7,0.0,0.0,,10.8,315,20.9,
2026-08-15T06:00,21.3,74,22.3,0.0,0.0,,9.4,331,18.4,
2026-08-15T06:15,21.5,73,22.7,0.0,0.0,,7.6,332,15.5,
2026-08-15T06:30,22.0,68,23.1,0.0,0.0,,5.8,334,12.2,
2026-08-15T06:45,22.4,62,23.5,0.0,0.0,,4.0,335,9.7,
2026-08-15T07:00,22.7,59,23.7,0.0,0.0,,3.2,336,8.3,
2026-08-15T07:15,22.8,61,23.8,0.0,0.0,,4.0,324,9.4,
2026-08-15T07:30,22.6,65,23.7,0.0,0.0,,6.1,313,12.2,
2026-08-15T07:45,22.5,70,23.7,0.0,0.0,,7.9,301,15.1,
2026-08-15T08:00,22.5,72,23.7,0.0,0.0,,9.0,289,16.6,
2026-08-15T08:15,22.6,71,23.9,0.0,0.0,,8.6,319,15.8,
2026-08-15T08:30,22.8,68,24.1,0.0,0.0,,7.6,349,14.0,
2026-08-15T08:45,23.1,64,24.3,0.0,0.0,,6.1,18,11.9,
2026-08-15T09:00,23.4,61,24.5,0.0,0.0,,5.0,48,10.4,
2026-08-15T09:15,23.6,59,24.7,0.0,0.0,,4.7,37,10.1,
2026-08-15T09:30,23.9,57,24.8,0.0,0.0,,4.7,26,10.8,
2026-08-15T09:45,24.2,56,25.1,0.0,0.0,,5.0,14,11.2,
2026-08-15T10:00,24.5,54,25.3,0.0,0.0,,5.0,3,11.9,
2026-08-15T10:15,25.1,51,25.7,0.0,0.0,,5.0,17,12.6,
2026-08-15T10:30,25.8,48,26.3,0.0,0.0,,5.0,32,13.3,
2026-08-15T10:45,26.3,46,26.8,0.0,0.0,,5.0,46,14.0,
2026-08-15T11:00,26.6,45,27.0,0.0,0.0,,5.0,60,14.4,
2026-08-15T11:15,26.1,48,26.9,0.0,0.0,,4.7,104,13.7,
2026-08-15T11:30,25.2,54,26.4,0.0,0.0,,4.3,149,11.9,
2026-08-15T11:45,24.4,59,25.9,0.0,0.0,,4.3,193,10.8,
2026-08-15T12:00,24.3,60,26.1,0.0,0.0,,4.3,237,10.8,
2026-08-15T12:15,25.4,55,27.1,0.0,0.0,,5.4,268,13.0,
2026-08-15T12:30,27.2,46,28.4,0.0,0.0,,6.8,299,16.9,
2026-08-15T12:45,29.1,37,29.7,0.0,0.0,,7.9,330,20.5,
2026-08-15T13:00,30.4,31,30.5,0.0,0.0,,8.6,1,22.7,
2026-08-15T13:15,30.9,30,31.1,0.0,0.0,,8.3,358,22.7,
2026-08-15T13:30,31.0,31,31.6,0.0,0.0,,6.8,355,21.2,
2026-08-15T13:45,30.8,34,32.0,0.0,0.0,,5.8,351,19.4,
2026-08-15T14:00,30.8,35,32.3,0.0,0.0,,4.7,348,18.4,
2026-08-15T14:15,30.9,35,32.4,0.0,0.0,,4.3,344,18.0,
2026-08-15T14:30,31.0,33,32.1,0.0,0.0,,4.3,340,17.6,
2026-08-15T14:45,31.1,32,32.0,0.0,0.0,,4.3,336,17.6,
2026-08-15T15:00,31.2,31,31.9,0.0,0.0,,4.7,332,18.0,
2026-08-15T15:15,31.4,30,31.7,0.0,0.0,,5.4,334,18.7,
2026-08-15T15:30,31.5,29,31.6,0.0,0.0,,6.1,337,20.2,
2026-08-15T15:45,31.7,28,31.3,0.0,0.0,,6.8,339,20.9,
2026-08-15T16:00,31.8,28,31.2,0.0,0.0,,7.2,341,21.2,
2026-08-15T16:15,31.8,29,31.3,0.0,0.0,,6.5,342,19.8,
2026-08-15T16:30,31.7,31,31.7,0.0,0.0,,5.0,342,17.3,
2026-08-15T16:45,31.5,32,31.9,0.0,0.0,,3.6,343,15.1,
2026-08-15T17:00,31.4,33,31.9,0.0,0.0,,3.6,343,14.4,
2026-08-15T17:15,31.3,33,31.5,0.0,0.0,,5.4,352,16.6,
2026-08-15T17:30,31.2,31,30.7,0.0,0.0,,8.3,0,20.5,
2026-08-15T17:45,31.1,30,29.9,0.0,0.0,,11.5,9,24.5,
2026-08-15T18:00,31.0,29,29.3,0.0,0.0,,13.3,17,27.0,
2026-08-15T18:15,30.9,29,29.2,0.0,0.0,,13.3,17,27.0,
2026-08-15T18:30,30.8,29,29.2,0.0,0.0,,12.6,17,25.2,
2026-08-15T18:45,30.7,29,29.3,0.0,0.0,,11.2,16,23.4,
2026-08-15T19:00,30.5,30,29.3,0.0,0.0,,10.4,16,22.0,
2026-08-15T19:15,30.3,31,29.3,0.0,0.0,,10.1,27,21.2,
2026-08-15T19:30,30.1,32,29.1,0.0,0.0,,10.1,38,20.9,
2026-08-15T19:45,29.8,34,29.0,0.0,0.0,,10.4,49,20.9,
2026-08-15T20:00,29.4,36,28.7,0.0,0.0,,10.8,60,21.6,
2026-08-15T20:15,28.8,39,28.2,0.0,0.0,,11.9,44,23.0,
2026-08-15T20:30,28.1,42,27.4,0.0,0.0,,13.3,29,25.2,
2026-08-15T20:45,27.4,46,26.8,0.0,0.0,,14.8,13,27.7,
2026-08-15T21:00,26.8,49,26.2,0.0,0.0,,15.8,357,29.2,
2026-08-15T21:15,26.3,51,25.7,0.0,0.0,,16.6,356,29.9,
2026-08-15T21:30,26.0,53,25.5,0.0,0.0,,16.6,354,30.2,
2026-08-15T21:45,25.7,55,25.3,0.0,0.0,,16.9,353,30.2,
2026-08-15T22:00,25.4,57,25.1,0.0,0.0,,16.9,351,30.2,
2026-08-15T22:15,25.1,59,24.9,0.0,0.0,,16.9,349,30.2,
2026-08-15T22:30,24.8,61,24.7,0.0,0.0,,17.3,347,29.9,
2026-08-15T22:45,24.5,62,24.4,0.0,0.0,,17.3,345,29.5,
2026-08-15T23:00,24.2,64,24.2,0.0,0.0,,16.9,343,28.8,
2026-08-15T23:15,23.7,66,23.8,0.0,0.0,,16.2,346,27.7,
2026-08-15T23:30,23.1,68,23.4,0.0,0.0,,15.1,349,26.6,
2026-08-15T23:45,22.6,70,22.9,0.0,0.0,,14.4,351,25.6,
2026-08-16T00:00,22.2,71,22.6,0.0,0.0,,13.7,354,24.8,
2026-08-16T00:15,22.2,72,22.6,0.0,0.0,,13.7,360,24.8,
2026-08-16T00:30,22.3,72,22.7,0.0,0.0,,14.0,6,25.6,
2026-08-16T00:45,22.4,71,22.8,0.0,0.0,,14.4,11,26.3,
2026-08-16T01:00,22.4,72,22.8,0.0,0.0,,14.8,17,26.6,
2026-08-16T01:15,22.3,73,22.7,0.0,0.0,,14.8,11,26.6,
2026-08-16T01:30,22.0,75,22.5,0.0,0.0,,14.8,5,25.9,
2026-08-16T01:45,21.7,77,22.3,0.0,0.0,,14.4,358,25.2,
2026-08-16T02:00,21.4,79,22.1,0.0,0.0,,14.0,352,24.5,
2026-08-16T02:15,21.0,81,21.9,0.0,0.0,,13.3,356,23.0,
2026-08-16T02:30,20.6,82,21.5,0.0,0.0,,11.9,1,21.2,
2026-08-16T02:45,20.2,83,21.3,0.0,0.0,,10.8,5,19.4,
2026-08-16T03:00,20.0,84,21.1,0.0,0.0,,10.1,9,18.7,
2026-08-16T03:15,20.0,84,21.1,0.0,0.0,,10.1,8,19.1,
2026-08-16T03:30,20.1,84,21.2,0.0,0.0,,10.4,6,20.2,
2026-08-16T03:45,20.3,84,21.4,0.0,0.0,,10.8,5,21.2,
2026-08-16T04:00,20.4,83,21.4,0.0,0.0,,11.2,3,22.0,
2026-08-16T04:15,20.3,82,21.3,0.0,0.0,,11.2,6,22.0,
2026-08-16T04:30,20.2,81,21.0,0.0,0.0,,11.2,9,21.2,
2026-08-16T04:45,20.1,80,20.8,0.0,0.0,,10.8,11,20.5,
2026-08-16T05:00,19.9,80,20.5,0.0,0.0,,10.8,14,20.2,
2026-08-16T05:15,19.6,81,20.2,0.0,0.0,,10.8,12,19.8,
2026-08-16T05:30,19.3,83,19.9,0.0,0.0,,10.8,10,19.4,
2026-08-16T05:45,19.0,86,19.7,0.0,0.0,,10.8,7,19.4,
2026-08-16T06:00,18.8,87,19.5,0.0,0.0,,10.8,5,19.4,
2026-08-16T06:15,18.8,88,19.5,0.0,0.0,,11.2,7,20.2,
2026-08-16T06:30,18.9,88,19.6,0.0,0.0,,11.5,9,20.9,
2026-08-16T06:45,19.0,88,19.7,0.0,0.0,,11.9,11,22.0,
2026-08-16T07:00,19.1,87,19.8,0.0,0.0,,11.9,13,22.0,
2026-08-16T07:15,19.1,85,19.8,0.0,0.0,,11.2,16,20.9,
2026-08-16T07:30,19.1,82,19.7,0.0,0.0,,10.1,20,19.1,
2026-08-16T07:45,19.1,79,19.7,0.0,0.0,,9.0,23,17.3,
2026-08-16T08:00,19.2,77,19.7,0.0,0.0,,7.9,26,15.8,
2026-08-16T08:15,19.3,77,19.9,0.0,0.0,,7.6,27,15.1,
2026-08-16T08:30,19.4,77,20.2,0.0,0.0,,7.2,28,15.1,
2026-08-16T08:45,19.6,78,20.5,0.0,0.0,,6.8,28,15.1,
2026-08-16T09:00,19.9,78,20.9,0.0,0.0,,6.8,29,15.5,
2026-08-16T09:15,20.3,76,21.4,0.0,0.0,,6.8,22,15.8,
2026-08-16T09:30,20.9,74,21.9,0.0,0.0,,7.2,16,16.6,
2026-08-16T09:45,21.4,71,22.4,0.0,0.0,,7.6,9,17.3,
2026-08-16T10:00,21.9,69,22.8,0.0,0.0,,7.9,2,18.0,
2026-08-16T10:15,22.2,67,23.0,0.0,0.0,,7.9,3,18.4,
2026-08-16T10:30,22.4,66,23.2,0.0,0.0,,7.9,4,18.4,
2026-08-16T10:45,22.6,64,23.3,0.0,0.0,,7.9,5,18.4,
2026-08-16T11:00,22.9,63,23.6,0.0,0.0,,7.9,6,18.7,
2026-08-16T11:15,23.3,62,24.0,0.0,0.0,,8.3,6,19.4,
2026-08-16T11:30,23.7,60,24.4,0.0,0.0,,8.6,5,20.2,
2026-08-16T11:45,24.2,59,24.8,0.0,0.0,,9.0,5,21.2,
2026-08-16T12:00,24.5,58,25.2,0.0,0.0,,9.0,4,21.6,
2026-08-16T12:15,24.7,57,25.4,0.0,0.0,,9.0,4,21.6,
2026-08-16T12:30,24.8,55,25.4,0.0,0.0,,8.6,5,21.2,
2026-08-16T12:45,24.9,54,25.4,0.0,0.0,,8.6,5,20.5,
2026-08-16T13:00,25.0,53,25.7,0.0,0.0,,8.3,5,20.2,
2026-08-16T13:15,25.1,53,26.0,0.0,0.0,,7.9,4,19.8,
2026-08-16T13:30,25.1,52,26.2,0.0,0.0,,7.6,3,19.1,
2026-08-16T13:45,25.2,52,26.4,0.0,0.0,,7.2,1,18.7,
2026-08-16T14:00,25.5,51,26.6,0.0,0.0,,6.8,0,18.7,
2026-08-16T14:15,26.0,48,26.9,0.0,0.0,,6.8,357,19.1,
2026-08-16T14:30,26.7,45,27.3,0.0,0.0,,6.8,355,20.2,
2026-08-16T14:45,27.4,41,27.6,0.0,0.0,,7.2,352,20.9,
2026-08-16T15:00,27.9,39,28.0,0.0,0.0,,7.2,349,21.6,
2026-08-16T15:15,28.1,39,28.3,0.0,0.0,,7.6,352,22.0,
2026-08-16T15:30,28.2,40,28.5,0.0,0.0,,7.6,355,22.0,
2026-08-16T15:45,28.2,41,28.5,0.0,0.0,,7.9,358,22.0,
2026-08-16T16:00,28.2,41,28.7,0.0,0.0,,7.9,1,22.0,
2026-08-16T16:15,28.3,40,28.7,0.0,0.0,,7.9,1,21.6,
2026-08-16T16:30,28.3,38,28.5,0.0,0.0,,7.6,1,20.9,
2026-08-16T16:45,28.4,36,28.3,0.0,0.0,,7.2,1,20.5,
2026-08-16T17:00,28.4,35,28.1,0.0,0.0,,7.2,1,20.5,
2026-08-16T17:15,28.5,34,27.8,0.0,0.0,,7.6,357,20.9,
2026-08-16T17:30,28.6,34,27.8,0.0,0.0,,8.3,354,21.6,
2026-08-16T17:45,28.6,34,27.7,0.0,0.0,,9.4,350,22.7,
2026-08-16T18:00,28.6,34,27.4,0.0,0.0,,10.4,346,24.1,
2026-08-16T18:15,28.3,35,27.0,0.0,0.0,,11.9,346,25.9,
2026-08-16T18:30,28.0,36,26.5,0.0,0.0,,13.7,345,28.4,
2026-08-16T18:45,27.6,38,26.0,0.0,0.0,,15.5,345,30.6,
2026-08-16T19:00,27.2,39,25.5,0.0,0.0,,16.6,344,32.4,
2026-08-16T19:15,26.8,41,25.2,0.0,0.0,,16.6,345,33.8,
2026-08-16T19:30,26.4,42,24.9,0.0,0.0,,16.2,347,34.9,
2026-08-16T19:45,26.0,44,24.7,0.0,0.0,,15.5,348,35.3,
2026-08-16T20:00,25.7,45,24.4,0.0,0.0,,14.8,349,35.3,
2026-08-16T20:15,25.3,46,24.2,0.0,0.0,,14.4,351,34.2,
2026-08-16T20:30,25.0,46,23.8,0.0,0.0,,14.0,353,32.0,
2026-08-16T20:45,24.7,46,23.5,0.0,0.0,,13.7,355,29.9,
2026-08-16T22:45,22.9,47,22.0,0.0,0.0,0,7.9,8,20.5,1013.2
2026-08-16T21:00,24.4,47,23.3,0.0,0.0,,13.0,12,31.3,
2026-08-16T21:15,24.2,47,23.1,0.0,0.0,,12.2,13,29.9,
2026-08-16T21:30,24.0,47,22.9,0.0,0.0,,11.9,13,27.7,
2026-08-16T21:45,23.8,47,22.7,0.0,0.0,,11.5,14,25.6,
2026-08-16T22:00,23.6,45,22.6,0.0,0.0,,9.0,0,23.4,
2026-08-16T22:15,23.4,45,22.4,0.0,0.0,,8.6,1,22.0,
2026-08-17T00:45,20.8,65,21.2,0.0,0.0,1,5.8,75,10.8,1012.8
2026-08-16T22:30,22.5,54,22.3,0.0,0.0,,7.2,35,15.1,
2026-08-16T23:00,22.1,57,22.1,0.0,0.0,,7.2,52,15.5,
2026-08-16T23:15,21.9,59,22.1,0.0,0.0,,6.8,55,14.8,
2026-08-16T23:30,21.7,60,22.0,0.0,0.0,,6.5,57,14.0,
2026-08-16T23:45,21.5,62,21.9,0.0,0.0,,6.5,60,13.0,
2026-08-17T01:45,20.6,68,21.3,0.0,0.0,2,5.0,82,10.1,1012.7
2026-08-17T00:00,21.1,53,20.2,0.0,0.0,,9.0,29,14.0,
2026-08-17T00:15,20.9,54,20.1,0.0,0.0,,8.6,34,14.4,
2026-08-17T00:30,20.7,56,20.1,0.0,0.0,,7.9,39,14.4,
2026-08-17T01:00,20.5,59,20.2,0.0,0.0,,6.5,49,14.0,
2026-08-17T01:15,20.4,60,20.3,0.0,0.0,,6.5,60,13.7,
2026-08-17T01:30,20.5,60,20.3,0.0,0.0,,6.8,71,13.3,
2026-08-17T02:00,19.6,65,19.1,0.0,0.0,,9.4,90,15.1,
2026-08-17T02:15,19.5,65,19.1,0.0,0.0,,9.0,97,15.5,
2026-08-17T02:30,19.6,66,19.4,0.0,0.0,,8.3,103,15.5,
2026-08-17T02:45,19.6,67,19.7,0.0,0.0,,7.2,110,15.5,
2026-08-17T03:00,20.0,64,19.9,0.0,0.0,,7.6,120,11.5,
2026-08-17T03:15,20.1,65,20.2,0.0,0.0,,6.8,145,10.4,
2026-08-17T03:30,20.0,67,20.4,0.0,0.0,,6.1,171,9.0,
2026-08-17T03:45,20.0,69,20.6,0.0,0.0,,5.4,196,7.9,
2026-08-17T04:00,20.0,70,20.8,0.0,0.0,,4.7,221,7.6,
2026-08-17T04:15,20.1,70,21.0,0.0,0.0,,4.3,264,7.9,
2026-08-17T04:30,20.2,69,21.1,0.0,0.0,,4.0,308,8.6,
2026-08-17T07:15,17.9,92,19.5,0.0,0.0,3,4.7,153,15.8,1011.6
2026-08-17T04:45,20.3,68,21.2,0.0,0.0,,4.0,351,9.4,
2026-08-17T05:00,20.3,68,21.0,0.0,0.0,,4.3,34,10.4,
2026-08-17T05:15,20.0,70,20.8,0.2,0.2,,5.0,31,11.5,
2026-08-17T05:30,19.3,74,19.8,0.1,0.1,,7.2,289,12.2,
2026-08-17T05:45,19.2,77,19.5,0.1,0.1,,9.4,310,16.2,
2026-08-17T06:00,19.0,80,19.3,0.1,0.1,,10.4,331,18.7,
2026-08-17T06:15,20.0,68,19.8,0.3,0.3,,10.1,26,19.8,
2026-08-17T06:30,19.5,74,19.9,0.3,0.3,,8.6,24,20.2,
2026-08-17T06:45,19.0,79,19.8,0.3,0.3,,6.8,23,19.8,
2026-08-17T07:00,18.7,83,19.9,0.3,0.3,,5.4,21,18.7,
2026-08-17T07:30,17.5,93,19.4,0.1,0.1,,1.8,99,5.4,
2026-08-17T07:45,17.7,91,19.4,0.1,0.1,,3.2,98,6.8,
2026-08-17T08:00,17.8,90,19.4,0.1,0.1,,4.0,97,7.9,
2026-08-17T08:15,17.9,89,19.3,0.0,0.0,,4.3,110,8.3,
2026-08-17T08:30,17.9,89,19.4,0.0,0.0,,4.7,123,8.6,
2026-08-17T08:45,18.0,88,19.4,0.0,0.0,,4.7,135,9.0,
2026-08-17T09:00,18.1,85,18.9,0.0,0.0,,7.6,92,14.4,
2026-08-17T09:15,18.3,84,19.2,0.0,0.0,,6.5,93,14.8,
2026-08-17T09:30,18.4,84,19.7,0.0,0.0,,4.7,94,15.1,
2026-08-17T09:45,18.6,84,20.2,0.0,0.0,,2.9,94,14.8,
2026-08-17T10:00,18.9,84,20.7,0.0,0.0,,1.8,95,14.4,
2026-08-17T10:15,19.2,84,21.1,0.0,0.0,,2.2,100,13.3,
2026-08-17T13:15,23.0,74,25.7,0.0,0.0,3,2.2,328,10.4,1012.0
2026-08-17T10:30,18.8,87,20.4,0.0,0.0,,4.7,184,9.7,
2026-08-17T10:45,18.6,87,20.1,0.0,0.0,,4.7,199,9.4,
2026-08-17T11:00,18.5,87,20.0,0.0,0.0,,4.3,214,9.0,
2026-08-17T11:15,18.5,87,20.1,0.0,0.0,,4.0,197,9.0,
2026-08-17T11:30,18.5,87,20.3,0.0,0.0,,3.2,180,9.4,
2026-08-17T11:45,18.7,86,20.5,0.0,0.0,,2.9,162,10.1,
2026-08-17T12:00,18.9,86,20.8,0.0,0.0,,2.5,145,10.4,
2026-08-17T12:15,19.2,86,21.2,0.0,0.0,,2.5,123,10.4,
2026-08-17T12:30,19.6,85,21.7,0.0,0.0,,2.9,101,10.8,
2026-08-17T12:45,20.0,84,22.2,0.0,0.0,,3.2,78,10.8,
2026-08-17T13:00,20.5,83,22.6,0.0,0.0,,4.0,56,11.5,
2026-08-17T13:30,21.6,78,23.5,0.0,0.0,,6.1,31,14.8,
2026-08-17T13:45,22.2,76,23.9,0.0,0.0,,7.2,18,16.9,
2026-08-17T14:00,22.5,74,24.1,0.0,0.0,,7.9,5,18.4,
2026-08-17T14:15,22.5,74,24.0,0.0,0.0,,8.3,0,19.8,
2026-08-17T14:30,22.2,75,23.8,0.0,0.0,,8.3,355,20.9,
2026-08-17T14:45,21.9,76,23.5,0.0,0.0,,7.9,350,21.6,
2026-08-17T15:00,21.7,76,23.3,0.0,0.0,,7.6,345,22.0,
2026-08-17T17:30,22.6,76,23.9,0.0,0.0,3,12.2,351,29.5,1011.9
2026-08-17T17:45,22.9,74,24.3,0.0,0.0,3,10.4,355,27.4,1011.9
2026-08-17T15:15,21.7,76,23.4,0.0,0.0,,6.8,339,20.9,
2026-08-17T15:30,21.8,75,23.6,0.0,0.0,,5.8,334,18.7,
2026-08-17T15:45,21.9,74,23.7,0.0,0.0,,5.4,328,16.9,
2026-08-17T16:00,22.0,74,23.8,0.0,0.0,,5.4,322,16.6,
2026-08-17T16:15,22.0,75,23.6,0.0,0.0,,7.2,328,19.1,
2026-08-17T16:30,22.0,76,23.3,0.0,0.0,,10.1,333,23.4,
2026-08-17T16:45,22.0,77,23.0,0.0,0.0,,12.6,339,28.1,
2026-08-17T17:00,22.1,78,23.1,0.0,0.0,,14.0,344,30.6,
2026-08-17T17:15,23.9,65,25.4,0.0,0.0,,6.1,348,30.6,
2026-08-17T20:00,21.8,78,24.0,0.0,0.0,3,4.3,51,15.8,1012.2
2026-08-17T18:00,22.3,74,24.1,0.0,0.0,,5.8,358,25.6,
2026-08-17T18:15,22.2,74,24.0,0.0,0.0,,6.1,11,24.1,
2026-08-17T18:30,22.3,73,24.0,0.0,0.0,,6.5,23,22.3,
2026-08-17T18:45,22.5,72,24.1,0.0,0.0,,6.8,36,20.5,
2026-08-17T19:00,22.5,72,24.1,0.0,0.0,,6.8,48,19.1,
2026-08-17T19:15,22.4,73,24.1,0.0,0.0,,6.5,49,18.0,
2026-08-17T19:30,22.2,75,24.1,0.0,0.0,,5.8,50,17.3,
2026-08-17T19:45,21.9,77,24.1,0.0,0.0,,4.7,50,16.6,
2026-08-17T20:15,21.7,78,23.8,0.0,0.0,,4.3,43,14.8,
2026-08-17T20:30,21.7,76,23.6,0.0,0.0,,4.7,35,13.7,
2026-08-17T20:45,21.6,75,23.4,0.0,0.0,,5.0,27,12.6,
2026-08-17T23:00,20.4,74,21.6,0.0,0.0,3,5.0,219,7.2,1012.7
2026-08-17T23:30,20.3,74,21.5,0.0,0.0,3,4.3,226,7.9,1012.7
2026-08-17T21:00,21.6,74,23.2,0.0,0.0,,5.4,19,11.9,
2026-08-17T21:15,21.5,74,23.0,0.0,0.0,,5.4,337,12.2,
2026-08-17T21:30,21.3,74,22.9,0.0,0.0,,5.0,294,13.0,
2026-08-17T21:45,21.2,75,22.8,0.0,0.0,,4.7,252,13.7,
2026-08-17T22:00,21.0,75,22.7,0.0,0.0,,4.3,209,13.7,
2026-08-17T22:15,20.9,75,22.4,0.0,0.0,,4.3,212,12.6,
2026-08-17T22:30,20.7,75,22.2,0.0,0.0,,4.7,214,10.4,
2026-08-17T22:45,20.6,74,21.8,0.0,0.0,,5.0,217,8.3,
2026-08-17T23:15,20.3,74,21.5,0.0,0.0,,4.7,222,7.2,
2026-08-17T23:45,20.2,75,21.5,0.0,0.0,,4.0,229,9.0,
2026-08-18T00:00,19.3,91,21.5,0.0,0.0,,4.3,182,7.6,
2026-08-18T00:15,19.2,92,21.4,0.0,0.0,,4.7,187,8.3,
2026-08-18T00:30,19.1,91,21.0,0.0,0.0,,5.4,192,9.4,
2026-08-18T00:45,19.0,91,20.8,0.0,0.0,,6.5,196,10.4,
2026-08-18T01:00,19.0,90,20.7,0.0,0.0,,6.8,201,11.2,
2026-08-18T04:15,19.6,86,20.5,0.0,0.0,3,11.9,231,21.6,1010.8
2026-08-18T05:15,19.1,91,20.1,0.0,0.0,3,12.2,225,22.3,1010.3
2026-08-18T01:15,19.5,84,20.6,0.0,0.0,,9.4,260,16.9,
2026-08-18T01:30,19.1,87,20.3,0.0,0.0,,8.3,249,14.8,
2026-08-18T01:45,18.6,91,20.1,0.0,0.0,,7.2,238,12.6,
2026-08-18T02:00,18.3,93,19.8,0.0,0.0,,6.8,227,11.5,
2026-08-18T02:15,18.2,94,19.8,0.0,0.0,,7.2,222,12.2,
2026-08-18T02:30,18.4,93,19.8,0.0,0.0,,7.9,217,13.7,
2026-08-18T02:45,18.5,93,19.9,0.0,0.0,,9.0,212,15.1,
2026-08-18T03:00,18.7,92,19.9,0.0,0.0,,9.7,207,16.6,
2026-08-18T03:15,18.8,92,20.0,0.0,0.0,,10.1,206,17.3,
2026-08-18T03:30,18.8,91,20.0,0.0,0.0,,10.1,205,17.6,
2026-08-18T03:45,18.9,91,20.1,0.0,0.0,,10.4,204,18.4,
2026-08-18T04:00,19.0,91,20.2,0.0,0.0,,10.4,203,18.7,
2026-08-18T04:30,19.0,91,20.1,0.0,0.0,,11.2,212,20.2,
2026-08-18T04:45,19.1,91,20.1,0.0,0.0,,11.5,217,20.9,
2026-08-18T05:00,19.1,91,20.1,0.0,0.0,,11.9,221,21.6,
2026-08-18T05:30,19.0,91,19.8,0.0,0.0,,13.3,230,22.7,
2026-08-18T05:45,19.1,91,19.9,0.0,0.0,,13.7,234,23.0,
2026-08-18T09:15,20.7,75,19.6,0.0,0.0,3,22.0,256,38.5,1009.9
2026-08-18T10:00,20.5,76,19.7,0.0,0.0,3,19.8,264,39.6,1009.9
2026-08-18T06:00,19.2,90,19.8,0.0,0.0,,14.4,238,23.8,
2026-08-18T06:15,19.2,89,19.7,0.0,0.0,,14.8,237,24.5,
2026-08-18T06:30,19.3,89,19.8,0.0,0.0,,15.1,236,24.8,
2026-08-18T06:45,19.4,88,19.8,0.0,0.0,,15.5,234,25.6,
2026-08-18T07:00,19.5,87,19.8,0.0,0.0,,16.2,233,27.0,
2026-08-18T07:15,19.7,86,19.8,0.0,0.0,,17.3,235,29.2,
2026-08-18T07:30,19.8,84,19.7,0.0,0.0,,18.4,238,31.7,
2026-08-18T07:45,20.0,83,19.7,0.0,0.0,,19.4,240,34.6,
2026-08-18T08:00,20.2,81,19.6,0.0,0.0,,20.5,242,36.4,
2026-08-18T08:15,20.3,79,19.5,0.0,0.0,,21.2,245,37.4,
2026-08-18T08:30,20.5,78,19.6,0.0,0.0,,22.0,248,37.8,
2026-08-18T08:45,20.6,76,19.6,0.0,0.0,,22.3,250,37.8,
2026-08-18T09:00,20.7,75,19.5,0.0,0.0,,22.3,253,38.2,
2026-08-18T09:30,20.6,75,19.6,0.0,0.0,,21.2,259,39.2,
2026-08-18T12:00,19.8,85,19.5,0.0,0.1,3,19.8,261,34.6,1009.7
2026-08-18T09:45,20.5,75,19.6,0.0,0.0,,20.5,261,39.6,
2026-08-18T10:15,21.7,72,21.0,0.0,0.0,,20.2,257,39.2,
2026-08-18T10:30,21.2,76,21.0,0.0,0.0,,18.4,256,35.6,
2026-08-18T10:45,20.6,80,20.8,0.0,0.0,,16.2,254,32.0,
2026-08-18T11:00,20.2,83,20.6,0.0,0.0,,15.1,253,30.2,
2026-08-18T11:15,20.0,84,20.4,0.0,0.0,,15.1,252,30.6,
2026-08-18T11:30,19.9,85,20.2,0.0,0.0,,15.8,252,32.0,
2026-08-18T11:45,19.8,85,20.0,0.0,0.0,,16.6,251,33.8,
2026-08-18T14:00,20.0,91,20.4,0.0,0.0,3,19.1,260,37.4,1009.5
2026-08-18T15:00,19.7,94,20.3,0.0,0.0,3,18.4,258,34.6,1008.3
2026-08-18T12:15,19.2,94,20.1,0.0,0.0,,15.1,258,29.9,
2026-08-18T12:30,19.2,94,20.0,0.0,0.0,,15.5,257,29.9,
2026-08-18T12:45,19.2,93,19.9,0.0,0.0,,15.5,255,29.9,
2026-08-18T13:00,19.3,93,20.0,0.0,0.0,,15.5,254,29.9,
2026-08-18T13:15,19.7,92,20.7,0.1,0.1,,14.8,249,28.8,
2026-08-18T13:30,19.7,93,20.8,0.1,0.1,,14.4,250,28.4,
2026-08-18T13:45,19.7,94,20.9,0.1,0.1,,14.4,252,28.4,
2026-08-18T16:30,20.4,94,21.7,0.0,0.0,3,15.8,253,32.8,1007.8
2026-08-18T14:15,20.1,90,20.4,0.0,0.0,,19.4,259,36.7,
2026-08-18T14:30,20.1,91,20.4,0.0,0.0,,19.4,258,36.7,
2026-08-18T14:45,20.0,92,20.6,0.0,0.0,,18.7,256,36.4,
2026-08-18T15:15,19.8,94,20.5,0.0,0.0,,18.0,254,33.5,
2026-08-18T15:30,19.8,94,20.5,0.0,0.0,,18.4,254,33.8,
2026-08-18T15:45,19.9,94,20.5,0.0,0.0,,18.4,254,34.2,
2026-08-18T18:15,19.7,96,20.9,0.0,0.0,3,14.8,243,28.8,1006.9
2026-08-18T16:00,20.2,93,21.1,0.0,0.0,,17.6,250,31.7,
2026-08-18T16:15,20.2,93,21.1,0.0,0.0,,17.3,248,31.7,
2026-08-18T16:45,20.1,94,21.3,0.0,0.0,,15.8,243,32.4,
2026-08-18T17:00,20.1,94,21.3,0.0,0.0,,15.5,241,32.8,
2026-08-18T19:30,20.5,94,21.9,0.0,0.0,3,15.5,255,31.3,1007.0
2026-08-18T17:15,20.2,94,21.4,0.0,0.0,,15.8,246,33.5,
2026-08-18T17:30,20.2,94,21.4,0.0,0.0,,16.2,250,34.2,
2026-08-18T17:45,19.8,95,21.3,0.1,0.1,,13.0,245,24.5,
2026-08-18T18:00,19.8,95,21.3,0.1,0.1,,13.3,245,25.2,
2026-08-18T20:45,20.5,93,22.0,0.0,0.0,3,14.4,251,31.7,1007.2
2026-08-18T18:30,19.9,96,21.5,0.0,0.0,,13.3,244,27.7,
2026-08-18T18:45,19.9,97,21.6,0.0,0.0,,13.0,246,28.1,
2026-08-18T19:00,19.9,97,21.6,0.0,0.0,,13.0,249,28.4,
2026-08-18T19:15,20.1,96,21.7,0.0,0.0,,13.3,250,28.4,
2026-08-18T19:45,20.8,93,22.4,0.0,0.0,,14.4,255,29.2,
2026-08-18T22:15,20.0,91,21.2,0.0,0.0,3,14.0,253,31.7,1007.9
2026-08-18T23:15,19.8,90,20.3,0.0,0.0,3,16.9,254,34.2,1007.7
2026-08-18T20:00,20.7,92,22.3,0.0,0.0,,13.3,255,25.6,
2026-08-18T20:15,20.7,92,22.3,0.0,0.0,,13.3,255,25.2,
2026-08-18T20:30,20.7,92,22.3,0.0,0.0,,13.3,256,24.8,
2026-08-18T21:00,20.7,92,22.3,0.0,0.0,,13.0,256,24.5,
2026-08-18T21:15,20.6,92,22.3,0.0,0.0,,12.6,253,24.1,
2026-08-18T21:30,20.6,93,22.4,0.0,0.0,,11.9,250,23.8,
2026-08-18T21:45,20.5,93,22.4,0.0,0.0,,11.5,247,23.8,
2026-08-18T22:00,20.5,93,22.3,0.0,0.0,,11.5,244,24.5,
2026-08-18T22:30,20.3,90,21.4,0.0,0.0,,14.0,247,26.6,
2026-08-18T22:45,20.3,90,21.3,0.0,0.0,,15.1,247,28.4,
2026-08-18T23:00,20.3,90,21.2,0.0,0.0,,15.8,247,29.5,
2026-08-18T23:30,20.0,90,20.8,0.0,0.0,,15.5,248,29.5,
2026-08-18T23:45,20.0,90,20.8,0.0,0.0,,15.1,247,29.5,
2026-08-19T00:00,19.5,91,20.3,0.0,0.0,,15.1,242,28.8,
2026-08-19T00:15,19.5,91,20.1,0.0,0.0,,15.5,241,28.8,
2026-08-19T00:30,19.4,91,20.0,0.0,0.0,,15.8,241,29.2,
2026-08-19T00:45,19.4,90,19.9,0.0,0.0,,15.8,240,29.2,
2026-08-19T01:00,19.3,90,19.7,0.0,0.0,,16.2,239,29.5,
2026-08-19T01:15,18.9,90,19.2,0.0,0.0,,15.5,236,31.0,
2026-08-19T01:30,18.7,90,19.0,0.0,0.0,,15.1,235,31.0,
2026-08-19T01:45,18.6,91,19.0,0.0,0.0,,14.8,233,31.0,
2026-08-19T02:00,18.5,91,18.9,0.0,0.0,,14.4,231,30.6,
2026-08-19T02:15,18.4,91,18.8,0.0,0.0,,14.0,230,29.5,
2026-08-19T02:30,18.3,92,18.8,0.0,0.0,,13.3,229,28.4,
2026-08-19T05:15,17.6,91,17.5,0.0,0.0,3,15.5,226,29.5,1004.9
2026-08-19T02:45,18.8,91,19.3,0.0,0.0,,14.0,222,27.0,
2026-08-19T03:00,18.7,91,19.3,0.0,0.0,,14.0,221,27.0,
2026-08-19T03:15,18.6,91,19.1,0.0,0.0,,14.0,222,26.6,
2026-08-19T03:30,18.5,92,19.0,0.0,0.0,,14.0,224,26.3,
2026-08-19T03:45,18.3,92,18.8,0.0,0.0,,14.0,225,25.9,
2026-08-19T04:00,18.2,92,18.6,0.0,0.0,,14.0,226,25.6,
2026-08-19T04:15,18.2,92,18.6,0.0,0.0,,13.7,227,25.9,
2026-08-19T04:30,18.2,92,18.6,0.0,0.0,,13.7,229,26.3,
2026-08-19T04:45,18.1,91,18.5,0.0,0.0,,13.3,230,26.6,
2026-08-19T05:00,18.1,91,18.6,0.0,0.0,,13.0,231,26.6,
2026-08-19T05:30,18.1,92,18.7,0.0,0.0,,12.2,230,24.8,
2026-08-19T05:45,17.6,91,17.9,0.0,0.0,,13.0,218,27.7,
2026-08-19T06:00,17.7,91,17.9,0.0,0.0,,13.0,220,28.1,
2026-08-19T09:15,17.8,93,17.9,0.0,0.0,3,15.1,226,30.2,1004.2
2026-08-19T10:45,18.8,85,19.0,0.0,0.0,3,13.7,227,29.2,1003.5
2026-08-19T11:30,18.8,87,19.4,0.0,0.0,3,11.5,216,26.6,1003.3
2026-08-19T06:15,18.3,91,18.6,0.0,0.0,,14.4,215,27.4,
2026-08-19T06:30,18.2,91,18.4,0.0,0.0,,15.1,217,28.8,
2026-08-19T06:45,18.1,90,18.1,0.0,0.0,,15.8,220,29.9,
2026-08-19T07:00,18.0,89,17.8,0.0,0.0,,16.2,222,30.2,
2026-08-19T07:15,18.0,89,17.8,0.1,0.1,,15.8,224,29.5,
2026-08-19T07:30,17.9,89,17.8,0.1,0.1,,14.8,225,27.7,
2026-08-19T07:45,17.8,89,17.9,0.1,0.1,,13.7,227,26.3,
2026-08-19T08:00,17.8,89,17.9,0.1,0.1,,13.3,228,25.6,
2026-08-19T08:15,17.7,89,17.8,0.0,0.0,,13.7,226,26.3,
2026-08-19T08:30,17.6,90,17.6,0.0,0.0,,14.4,223,27.7,
2026-08-19T08:45,17.6,91,17.5,0.0,0.0,,15.5,221,29.5,
2026-08-19T09:00,17.6,91,17.5,0.0,0.0,,15.8,218,30.6,
2026-08-19T09:30,17.9,90,17.8,0.0,0.0,,15.8,226,30.6,
2026-08-19T09:45,17.8,92,18.0,0.0,0.0,,14.4,226,29.2,
2026-08-19T10:00,17.8,92,18.0,0.0,0.0,,14.8,223,29.9,
2026-08-19T10:15,17.8,94,18.9,0.0,0.0,,9.4,234,20.5,
2026-08-19T10:30,17.9,93,18.9,0.0,0.0,,9.4,233,20.5,
2026-08-19T11:00,18.0,92,19.0,0.0,0.0,,9.4,230,21.2,
2026-08-19T11:15,18.1,92,19.1,0.0,0.0,,9.4,223,21.2,
2026-08-19T11:45,18.7,88,19.5,0.0,0.0,,10.8,214,23.8,
2026-08-19T12:00,18.2,94,19.6,0.0,0.0,,8.6,206,16.6,
2026-08-19T12:15,18.2,95,19.5,0.4,0.4,,9.4,205,17.3,
2026-08-19T12:30,18.1,94,19.2,0.4,0.4,,10.4,204,19.1,
2026-08-19T12:45,18.2,93,19.0,0.4,0.4,,12.2,189,21.6,
2026-08-19T13:00,18.2,93,18.9,0.4,0.4,,12.6,183,23.0,
2026-08-19T13:15,18.2,93,19.0,0.5,0.5,,11.5,185,24.1,
2026-08-19T13:30,18.1,93,19.1,0.5,0.5,,9.7,188,24.8,
2026-08-19T13:45,18.0,94,19.3,0.5,0.5,,7.9,190,24.8,
2026-08-19T14:00,17.9,94,19.4,0.5,0.5,,6.5,192,24.1,
2026-08-19T14:15,17.8,94,19.4,1.3,1.3,,5.8,178,21.6,
2026-08-19T14:30,18.2,94,20.2,1.1,1.1,,3.6,167,10.1,
2026-08-19T14:45,18.2,95,20.3,1.1,1.1,,3.6,148,11.2,
2026-08-19T15:00,18.1,95,20.2,1.1,1.1,,3.6,128,11.5,
2026-08-19T17:45,16.9,96,18.0,0.7,0.7,63,7.2,53,13.7,1000.0
2026-08-19T15:15,16.7,94,18.3,2.2,2.2,,2.2,92,5.8,
2026-08-19T15:30,16.7,95,18.4,2.2,2.2,,2.5,82,6.5,
2026-08-19T15:45,16.8,95,18.4,2.2,2.2,,2.9,71,7.6,
2026-08-19T16:00,16.8,96,18.5,2.2,2.2,,3.2,60,8.6,
2026-08-19T16:15,16.8,96,18.5,1.3,1.3,,3.6,65,9.7,
2026-08-19T16:30,16.9,96,18.5,1.3,1.3,,4.0,70,10.4,
2026-08-19T16:45,17.7,96,19.6,1.2,1.2,,4.7,74,11.2,
2026-08-19T17:00,17.7,96,19.7,1.2,1.2,,4.0,71,11.2,
2026-08-19T17:15,17.7,96,19.8,0.3,0.3,,3.2,72,10.8,
2026-08-19T17:30,17.8,96,20.0,0.3,0.3,,2.5,72,10.1,
2026-08-19T19:45,17.1,94,18.4,0.0,0.0,3,6.1,289,11.9,1001.0
2026-08-19T20:30,17.2,95,18.4,0.0,0.0,3,7.2,263,12.6,1001.3
2026-08-19T18:00,17.1,94,18.5,1.8,1.8,,4.7,16,18.0,
2026-08-19T18:15,17.1,94,18.6,0.0,0.0,,4.3,0,16.9,
2026-08-19T18:30,17.1,94,18.6,0.0,0.0,,4.3,345,15.5,
2026-08-19T21:45,16.5,97,17.4,0.0,0.0,1,8.3,219,15.1,1002.6
2026-08-19T22:30,17.1,95,17.9,0.0,0.0,3,10.1,210,18.4,1002.6
2026-08-19T18:45,17.8,94,19.8,0.5,0.5,,2.9,330,6.5,
2026-08-19T19:00,18.0,94,20.3,0.5,0.5,,1.1,304,4.3,
2026-08-19T19:15,17.9,94,20.2,0.2,0.2,,1.1,300,4.3,
2026-08-19T19:30,17.7,93,19.7,0.2,0.2,,2.2,296,6.1,
2026-08-19T20:00,17.3,93,18.7,0.2,0.2,,4.7,288,9.7,
2026-08-19T20:15,17.2,93,18.6,0.0,0.0,,5.4,279,10.4,
2026-08-19T20:45,17.2,94,18.4,0.0,0.0,,6.5,261,11.9,
2026-08-19T21:00,17.2,94,18.3,0.0,0.0,,7.2,252,12.6,
2026-08-20T00:00,15.6,96,15.7,0.0,0.0,0,10.8,213,18.4,1002.7
2026-08-19T21:15,16.8,94,17.9,0.0,0.0,,6.1,195,11.2,
2026-08-19T21:30,16.6,95,17.6,0.0,0.0,,7.2,201,13.0,
2026-08-19T22:00,16.3,96,17.0,0.0,0.0,,8.6,211,15.5,
2026-08-19T22:15,16.9,96,17.7,0.0,0.0,,9.4,213,16.6,
2026-08-19T22:45,17.0,94,17.8,0.0,0.0,,8.6,193,16.2,
2026-08-19T23:00,16.9,94,17.7,0.0,0.0,,8.6,187,16.2,
2026-08-19T23:15,16.8,94,17.5,0.0,0.0,,8.6,193,16.2,
2026-08-19T23:30,16.5,94,17.2,0.0,0.0,,8.6,198,16.2,
2026-08-19T23:45,16.3,95,16.9,0.0,0.0,,8.6,204,16.2,
2026-08-20T03:30,15.8,94,15.2,0.0,0.0,0,15.5,222,27.4,1003.4
2026-08-20T00:15,15.5,95,15.5,0.0,0.0,,11.2,205,18.7,
2026-08-20T00:30,15.7,95,15.8,0.0,0.0,,10.8,204,17.6,
2026-08-20T00:45,15.9,95,16.2,0.0,0.0,,10.1,202,16.9,
2026-08-20T01:00,16.0,95,16.4,0.0,0.0,,9.7,200,16.6,
2026-08-20T01:15,16.0,95,16.3,0.0,0.0,,9.7,200,16.9,
2026-08-20T01:30,15.9,95,16.1,0.0,0.0,,10.1,200,18.0,
2026-08-20T01:45,15.8,95,15.9,0.0,0.0,,10.8,200,19.1,
2026-08-20T02:00,15.6,95,15.6,0.0,0.0,,11.2,200,20.2,
2026-08-20T02:15,15.5,95,15.4,0.0,0.0,,11.5,203,20.9,
2026-08-20T02:30,15.3,95,15.1,0.0,0.0,,11.9,207,21.2,
2026-08-20T02:45,15.2,95,14.9,0.0,0.0,,12.2,210,22.0,
2026-08-20T03:00,15.1,95,14.7,0.0,0.0,,12.6,213,22.3,
2026-08-20T03:15,15.1,95,14.6,0.0,0.0,,13.0,216,22.7,
2026-08-20T03:45,15.6,94,14.8,0.0,0.0,,16.2,220,28.8,
2026-08-20T04:00,15.5,94,14.6,0.0,0.0,,16.9,219,30.2,
2026-08-20T04:15,15.4,94,14.5,0.0,0.0,,16.9,218,30.6,
2026-08-20T07:00,14.9,94,14.0,0.0,0.0,3,15.5,214,30.2,1003.3
2026-08-20T07:45,15.2,95,14.4,0.0,0.0,3,15.5,210,28.8,1003.5
2026-08-20T08:30,15.3,93,14.1,0.0,0.0,0,18.0,207,33.1,1003.9
2026-08-20T04:30,15.0,96,14.3,0.0,0.0,,15.1,218,27.7,
2026-08-20T04:45,15.0,96,14.2,0.0,0.0,,15.8,216,29.2,
2026-08-20T05:00,15.0,96,14.1,0.0,0.0,,16.2,215,29.5,
2026-08-20T05:15,14.9,96,14.0,0.0,0.0,,15.8,214,28.8,
2026-08-20T05:30,14.8,96,14.0,0.0,0.0,,14.8,212,27.4,
2026-08-20T05:45,14.7,95,14.0,0.0,0.0,,13.7,211,25.6,
2026-08-20T06:00,14.6,95,13.9,0.0,0.0,,13.0,209,24.5,
2026-08-20T06:15,14.5,95,13.9,0.0,0.0,,12.6,212,24.1,
2026-08-20T06:30,14.4,95,13.8,0.0,0.0,,12.2,214,24.1,
2026-08-20T06:45,14.3,95,13.6,0.0,0.0,,12.2,217,24.1,
2026-08-20T07:15,14.4,95,13.6,0.0,0.0,,13.3,215,25.9,
2026-08-20T07:30,14.5,95,13.6,0.0,0.0,,14.8,211,27.4,
2026-08-20T10:00,16.6,88,15.2,0.0,0.0,3,19.8,214,37.8,1003.8
2026-08-20T08:00,15.2,94,14.4,0.0,0.0,,15.1,210,28.4,
2026-08-20T08:15,15.4,94,14.6,0.0,0.0,,15.1,211,28.8,
2026-08-20T08:45,15.7,92,15.0,0.0,0.0,,15.1,214,29.5,
2026-08-20T09:00,15.9,91,15.2,0.0,0.0,,15.1,215,30.2,
2026-08-20T09:15,16.2,91,15.4,0.0,0.0,,16.9,211,33.5,
2026-08-20T09:30,16.6,89,15.7,0.0,0.0,,17.6,214,34.2,
2026-08-20T09:45,17.0,88,16.1,0.0,0.0,,18.0,216,34.9,
2026-08-20T12:45,18.2,79,16.8,0.0,0.0,3,19.8,229,40.7,1003.9
2026-08-20T10:15,17.1,87,16.1,0.0,0.0,,18.4,211,36.0,
2026-08-20T10:30,17.6,85,16.6,0.0,0.0,,18.7,211,36.4,
2026-08-20T10:45,18.0,83,17.0,0.0,0.0,,19.1,210,36.7,
2026-08-20T13:15,18.5,78,17.1,0.0,0.0,3,20.2,232,41.8,1004.1
2026-08-20T11:00,18.3,82,17.3,0.0,0.0,,19.4,210,37.1,
2026-08-20T11:15,18.4,81,17.3,0.0,0.0,,19.8,213,37.1,
2026-08-20T11:30,18.8,77,17.5,0.0,0.0,,19.8,224,37.8,
2026-08-20T11:45,18.9,75,17.5,0.0,0.0,,20.2,224,38.5,
2026-08-20T12:00,19.0,76,17.8,0.0,0.0,,19.1,229,37.1,
2026-08-20T12:15,19.1,75,17.8,0.0,0.0,,19.4,230,38.2,
2026-08-20T12:30,19.2,74,17.7,0.0,0.0,,20.5,230,40.0,
2026-08-20T13:00,18.4,79,17.3,0.0,0.0,,18.0,227,35.3,
2026-08-20T13:30,18.9,77,17.6,0.0,0.0,,19.4,227,37.4,
2026-08-20T16:15,19.5,81,19.1,0.1,0.1,51,18.0,238,49.7,1004.2
2026-08-20T13:45,19.2,75,17.9,0.0,0.0,,20.2,227,38.5,
2026-08-20T14:00,19.6,73,18.1,0.0,0.0,,20.9,227,39.6,
2026-08-20T14:15,20.1,71,18.6,0.0,0.0,,21.2,228,40.0,
2026-08-20T14:30,21.2,66,20.3,0.2,0.2,,16.6,237,32.8,
2026-08-20T14:45,21.3,67,20.5,0.2,0.2,,17.3,239,33.8,
2026-08-20T15:00,21.1,69,20.3,0.2,0.2,,18.0,240,35.6,
2026-08-20T17:45,19.3,82,19.0,0.0,0.0,1,16.9,249,35.6,1003.9
2026-08-20T15:15,19.7,82,19.7,1.0,1.0,,15.8,237,37.1,
2026-08-20T15:30,18.7,85,18.4,1.0,1.0,,16.6,236,43.6,
2026-08-20T15:45,17.8,88,17.2,1.0,1.0,,17.3,235,49.7,
2026-08-20T18:30,19.6,78,18.8,0.0,0.0,0,18.7,256,37.8,1003.9
2026-08-20T16:00,20.1,79,19.7,1.0,1.0,,17.6,238,34.9,
2026-08-20T16:30,19.2,81,19.0,0.1,0.1,,15.5,229,42.1,
2026-08-20T16:45,18.8,83,18.7,0.1,0.1,,14.4,225,45.7,
2026-08-20T17:00,18.5,83,18.3,0.1,0.1,,14.0,220,47.5,
2026-08-20T17:15,20.3,75,19.7,0.5,0.5,,18.0,251,39.6,
2026-08-20T17:30,19.4,81,19.2,0.5,0.5,,15.8,254,42.8,
2026-08-20T18:00,17.9,90,18.3,0.5,0.5,,12.6,260,45.7,
2026-08-20T18:15,17.9,90,18.4,0.0,0.0,,11.9,255,42.1,
2026-08-20T18:45,19.8,75,18.9,0.0,0.0,,18.4,250,34.2,
2026-08-20T19:00,19.9,74,18.9,0.0,0.0,,18.7,250,34.9,
2026-08-20T19:15,19.8,76,19.7,0.0,0.0,,14.0,244,28.4,
2026-08-20T19:30,19.8,76,19.7,0.0,0.0,,13.3,245,28.4,
2026-08-20T19:45,19.6,77,19.7,0.0,0.0,,12.6,247,28.8,
2026-08-20T20:00,19.5,78,19.6,0.0,0.0,,12.2,248,28.4,
2026-08-20T20:15,19.2,79,19.4,0.0,0.0,,11.9,243,27.4,
2026-08-20T22:45,15.6,90,15.6,0.0,0.0,2,8.6,206,14.8,1005.8
2026-08-20T23:15,15.4,91,15.4,0.0,0.0,3,9.4,206,16.2,1006.0
2026-08-21T00:15,15.7,90,15.8,0.0,0.0,0,8.6,225,18.0,1006.0
2026-08-20T20:30,18.6,81,18.7,0.0,0.0,,11.5,255,22.3,
2026-08-20T20:45,18.3,82,18.6,0.0,0.0,,9.7,253,18.4,
2026-08-20T21:00,18.0,83,18.5,0.0,0.0,,8.6,250,16.2,
2026-08-20T21:15,17.8,84,18.3,0.0,0.0,,8.6,244,15.8,
2026-08-20T21:30,17.7,84,18.1,0.0,0.0,,9.4,238,16.6,
2026-08-20T21:45,17.6,85,17.8,0.0,0.0,,10.1,232,17.6,
2026-08-20T22:00,17.4,85,17.5,0.0,0.0,,10.8,226,18.7,
2026-08-20T22:15,17.2,85,17.2,0.0,0.0,,11.2,225,19.8,
2026-08-21T00:45,15.4,91,15.4,0.0,0.0,1,9.4,210,16.9,1005.9
2026-08-20T22:30,16.9,88,17.1,0.0,0.0,,9.7,230,18.4,
2026-08-20T23:00,16.6,89,16.7,0.0,0.0,,10.4,226,19.1,
2026-08-20T23:30,15.2,92,15.3,0.0,0.0,,7.9,211,14.0,
2026-08-20T23:45,15.1,92,15.1,0.0,0.0,,8.6,207,15.1,
2026-08-21T00:00,15.7,90,15.8,0.0,0.0,,8.6,241,14.4,
2026-08-21T00:30,15.4,90,15.4,0.0,0.0,,9.0,230,14.4,
2026-08-21T01:00,15.1,91,14.9,0.0,0.0,,9.4,219,15.1,
2026-08-21T01:15,15.1,92,15.2,0.0,0.0,,8.3,199,14.8,
2026-08-21T01:30,15.0,93,15.0,0.0,0.0,,8.6,197,15.8,
2026-08-21T01:45,14.8,93,14.7,0.0,0.0,,9.0,195,16.6,
2026-08-21T02:00,14.7,93,14.5,0.0,0.0,,9.4,193,17.3,
2026-08-21T02:15,14.6,93,14.4,0.0,0.0,,9.7,194,18.0,
2026-08-21T02:30,14.5,94,14.2,0.0,0.0,,10.4,196,18.4,
2026-08-21T02:45,14.4,92,13.7,0.0,0.0,,11.9,204,20.5,
2026-08-21T03:00,14.4,92,13.5,0.0,0.0,,12.6,208,21.6,
2026-08-21T03:15,14.3,92,13.4,0.0,0.0,,13.0,208,22.3,
2026-08-21T03:30,14.3,93,13.4,0.0,0.0,,13.3,209,23.0,
2026-08-21T07:00,13.7,95,14.1,0.0,0.0,3,4.0,232,12.6,1005.5
2026-08-21T07:45,14.0,94,14.6,0.0,0.0,0,3.2,256,9.0,1005.6
2026-08-21T03:45,14.6,93,13.9,0.0,0.0,,12.2,216,22.7,
2026-08-21T04:00,14.6,93,14.0,0.0,0.0,,11.9,219,22.3,
2026-08-21T04:15,14.7,93,14.2,0.0,0.0,,11.2,215,21.2,
2026-08-21T04:30,14.8,93,14.6,0.0,0.0,,9.7,212,19.1,
2026-08-21T04:45,14.8,93,14.7,0.0,0.0,,8.6,208,17.3,
2026-08-21T05:00,14.7,93,14.8,0.0,0.0,,7.9,204,15.8,
2026-08-21T05:15,14.6,93,14.6,0.0,0.0,,7.6,212,15.1,
2026-08-21T05:30,14.3,92,14.1,0.0,0.0,,7.6,220,15.1,
2026-08-21T05:45,14.0,92,13.8,0.0,0.0,,7.6,227,15.1,
2026-08-21T06:00,13.8,92,13.5,0.0,0.0,,7.6,235,15.1,
2026-08-21T06:15,13.6,92,13.3,0.0,0.0,,7.2,228,15.1,
2026-08-21T06:30,13.4,93,13.2,0.0,0.0,,6.5,221,15.1,
2026-08-21T06:45,13.3,93,13.1,0.0,0.0,,6.1,213,15.5,
2026-08-21T07:15,13.3,93,13.2,0.0,0.0,,5.8,209,14.4,
2026-08-21T07:30,13.4,93,13.2,0.0,0.0,,6.1,211,13.7,
2026-08-21T08:00,14.2,93,14.8,0.0,0.0,,2.9,253,5.4,
2026-08-21T08:15,14.5,92,15.2,0.0,0.0,,2.9,249,6.1,
2026-08-21T08:30,14.9,91,15.6,0.0,0.0,,2.9,245,6.8,
2026-08-21T08:45,15.3,89,16.0,0.0,0.0,,2.5,241,7.6,
2026-08-21T09:00,15.7,88,16.5,0.0,0.0,,2.5,237,8.3,
2026-08-21T09:15,15.6,87,16.4,0.0,0.0,,2.2,299,7.2,
2026-08-21T09:30,16.0,86,16.9,0.0,0.0,,2.5,296,7.9,
2026-08-21T12:00,19.4,72,20.2,0.0,0.0,3,4.3,333,13.7,1007.3
2026-08-21T09:45,16.9,85,18.1,0.0,0.0,,1.8,50,8.3,
2026-08-21T10:00,17.4,84,18.7,0.0,0.0,,1.8,85,8.6,
2026-08-21T10:15,17.8,83,19.2,0.0,0.0,,1.8,63,9.0,
2026-08-21T10:30,18.1,82,19.5,0.0,0.0,,2.2,41,9.7,
2026-08-21T10:45,18.4,80,19.7,0.0,0.0,,2.5,18,10.1,
2026-08-21T11:00,18.6,79,19.9,0.0,0.0,,2.9,356,10.8,
2026-08-21T11:15,18.9,77,20.0,0.0,0.0,,3.2,360,11.5,
2026-08-21T11:30,18.9,76,19.7,0.0,0.0,,4.7,33,14.0,
2026-08-21T11:45,19.0,75,19.8,0.0,0.0,,4.7,18,14.0,
2026-08-21T12:15,19.7,69,20.4,0.0,0.0,,4.0,340,13.3,
2026-08-21T12:30,20.0,67,20.7,0.0,0.0,,3.6,346,13.0,
2026-08-21T12:45,20.2,66,20.7,0.0,0.0,,4.3,343,13.3,
2026-08-21T13:00,20.1,66,20.5,0.0,0.0,,5.8,346,15.5,
2026-08-21T13:15,19.7,69,19.7,0.0,0.0,,9.0,351,20.5,
2026-08-21T13:30,19.1,73,18.5,0.0,0.0,,14.0,356,27.4,
2026-08-21T13:45,20.4,63,20.2,0.0,0.0,,8.3,360,18.4,
2026-08-21T14:00,20.2,64,19.9,0.0,0.0,,9.4,4,20.2,
2026-08-21T14:15,19.7,66,19.1,0.1,0.1,,11.2,6,23.0,
2026-08-21T14:30,18.9,70,18.1,0.1,0.1,,13.3,8,27.0,
2026-08-21T14:45,18.1,74,17.0,0.1,0.1,,15.5,9,30.6,
2026-08-21T15:00,17.5,78,16.3,0.1,0.1,,16.2,11,33.1,
2026-08-21T17:45,18.2,74,16.9,0.0,0.0,3,16.9,337,31.3,1007.8
2026-08-21T18:30,18.4,71,17.2,0.0,0.0,3,15.1,344,31.3,1008.2
2026-08-21T15:15,17.1,89,17.9,0.1,0.1,,6.8,30,15.5,
2026-08-21T15:30,17.1,89,18.1,0.1,0.1,,5.0,357,15.1,
2026-08-21T15:45,17.2,87,18.3,0.1,0.1,,3.6,324,15.1,
2026-08-21T16:00,17.3,85,18.4,0.1,0.1,,3.6,291,16.2,
2026-08-21T16:15,17.5,83,18.2,0.0,0.0,,5.8,300,19.1,
2026-08-21T16:30,17.8,81,18.0,0.0,0.0,,9.0,310,23.0,
2026-08-21T19:00,15.8,90,16.3,0.1,0.1,51,6.1,307,17.6,1008.5
2026-08-21T16:45,16.0,87,16.1,0.3,0.3,,7.9,8,15.5,
2026-08-21T17:00,16.2,86,16.2,0.3,0.3,,8.3,23,16.9,
2026-08-21T17:15,16.4,85,16.3,0.0,0.0,,9.0,10,18.4,
2026-08-21T17:30,16.7,83,16.5,0.0,0.0,,10.1,356,19.8,
2026-08-21T18:00,17.1,80,16.5,0.0,0.0,,11.9,329,22.3,
2026-08-21T18:15,17.1,81,16.5,0.0,0.0,,12.2,332,23.4,
2026-08-21T20:45,16.1,77,14.9,0.0,0.0,3,12.2,7,31.3,1010.3
2026-08-21T18:45,17.8,70,16.7,0.0,0.0,,12.6,349,28.4,
2026-08-21T19:15,17.5,71,16.3,0.0,0.0,,13.0,353,28.8,
2026-08-21T19:30,17.4,73,16.1,0.0,0.0,,14.8,355,29.5,
2026-08-21T21:45,15.6,91,15.8,0.0,0.0,3,7.6,323,13.3,1011.1
2026-08-21T19:45,15.8,91,16.4,0.0,0.0,,5.8,313,12.2,
2026-08-21T20:00,15.9,91,16.5,0.0,0.0,,6.1,312,13.7,
2026-08-21T20:15,15.9,91,16.5,0.0,0.0,,6.5,319,14.4,
2026-08-21T23:15,14.8,92,14.8,0.0,0.0,0,7.9,293,13.7,1011.7
2026-08-21T20:30,16.2,81,15.7,0.0,0.0,,10.4,343,18.4,
2026-08-21T21:00,15.7,78,14.9,0.0,0.0,,9.7,354,18.4,
2026-08-21T21:15,15.6,79,14.9,0.0,0.0,,9.0,339,18.7,
2026-08-21T21:30,15.5,81,15.0,0.0,0.0,,7.9,325,19.1,
2026-08-21T22:00,15.2,85,15.1,0.0,0.0,,6.1,295,18.4,
2026-08-21T22:15,15.0,86,15.0,0.0,0.0,,5.8,286,16.6,
2026-08-21T22:30,15.6,90,15.9,0.0,0.0,,6.8,317,12.6,
2026-08-21T22:45,15.5,89,15.8,0.0,0.0,,6.8,317,13.0,
2026-08-21T23:00,15.5,88,15.6,0.0,0.0,,6.8,316,13.3,
2026-08-22T01:45,13.8,90,12.6,0.0,0.0,3,13.0,301,24.8,1012.5
2026-08-21T23:30,14.1,92,13.8,0.0,0.0,,8.3,280,13.0,
2026-08-21T23:45,13.7,92,13.3,0.0,0.0,,7.9,274,12.6,
2026-08-22T00:00,13.3,92,12.8,0.0,0.0,,7.9,269,12.2,
2026-08-22T00:15,13.1,92,12.6,0.0,0.0,,7.9,271,12.2,
2026-08-22T00:30,13.0,92,12.4,0.0,0.0,,7.6,274,12.2,
2026-08-22T00:45,12.9,92,12.4,0.0,0.0,,7.6,276,13.0,
2026-08-22T01:00,12.9,92,12.2,0.0,0.0,,8.3,278,14.4,
2026-08-22T01:15,13.7,92,13.1,0.0,0.0,,9.7,281,16.9,
2026-08-22T01:30,13.5,92,12.8,0.0,0.0,,9.4,281,17.3,
2026-08-22T02:00,13.0,93,12.4,0.0,0.0,,8.3,280,17.6,
2026-08-22T02:15,13.0,93,12.4,0.0,0.0,,8.6,284,18.0,
2026-08-22T02:30,13.7,87,12.4,0.0,0.0,,12.2,303,25.6,
2026-08-22T02:45,13.6,87,12.5,0.0,0.0,,10.4,300,25.6,
2026-08-22T03:00,13.4,87,12.5,0.0,0.0,,9.4,298,24.8,
2026-08-22T03:15,13.2,87,12.4,0.0,0.0,,8.3,294,23.0,
2026-08-22T03:30,12.2,84,11.2,0.0,0.0,,5.8,289,10.4,
2026-08-22T03:45,12.0,84,11.0,0.0,0.0,,6.1,277,10.8,
2026-08-22T04:00,11.9,84,10.8,0.0,0.0,,6.5,266,11.2,
2026-08-22T06:45,11.4,91,10.6,0.0,0.0,0,6.1,246,8.3,1014.0
2026-08-22T04:15,13.2,91,12.5,0.0,0.0,,8.3,305,15.5,
2026-08-22T04:30,13.1,89,12.5,0.0,0.0,,7.2,301,15.8,
2026-08-22T04:45,12.9,87,12.3,0.0,0.0,,6.5,297,15.5,
2026-08-22T05:00,12.7,86,12.1,0.0,0.0,,5.8,293,15.1,
2026-08-22T05:15,12.5,86,11.8,0.0,0.0,,5.8,277,14.0,
2026-08-22T07:45,11.1,93,9.9,0.0,0.0,0,9.0,265,16.9,1014.6
2026-08-22T05:30,11.0,89,9.7,0.0,0.0,,7.6,246,11.9,
2026-08-22T05:45,10.7,89,9.4,0.0,0.0,,7.2,249,11.5,
2026-08-22T06:00,10.5,89,9.2,0.0,0.0,,7.2,253,11.5,
2026-08-22T06:15,10.4,89,9.0,0.0,0.0,,7.2,249,11.5,
2026-08-22T06:30,10.2,89,8.8,0.0,0.0,,7.2,245,11.9,
2026-08-22T07:00,10.2,90,8.8,0.0,0.0,,7.2,237,12.6,
2026-08-22T07:15,10.3,90,9.0,0.0,0.0,,7.2,241,12.6,
2026-08-22T07:30,11.6,92,10.7,0.0,0.0,,7.2,252,10.8,
2026-08-22T08:00,11.9,92,11.0,0.0,0.0,,7.2,240,12.6,
2026-08-22T08:15,12.2,92,11.4,0.0,0.0,,7.6,250,14.0,
2026-08-22T08:30,12.6,90,11.7,0.0,0.0,,9.0,283,17.3,
2026-08-22T08:45,13.3,89,12.5,0.0,0.0,,9.0,289,17.6,
2026-08-22T09:00,13.9,88,13.2,0.0,0.0,,9.0,295,18.0,
2026-08-22T09:15,14.4,87,13.7,0.0,0.0,,9.4,299,18.7,
2026-08-22T09:30,14.9,87,14.3,0.0,0.0,,9.7,303,19.8,
2026-08-22T09:45,15.3,83,14.8,0.0,0.0,,9.0,310,22.0,
2026-08-22T10:00,15.8,81,15.3,0.0,0.0,,9.0,315,22.3,
2026-08-22T10:15,16.3,80,15.9,0.0,0.0,,9.0,321,22.3,
2026-08-22T10:30,16.2,82,15.4,0.0,0.0,,12.6,326,25.2,
2026-08-22T10:45,16.5,80,15.5,0.0,0.0,,13.7,329,27.4,
2026-08-22T13:15,19.5,64,18.7,0.0,0.0,3,11.2,340,23.8,1017.3
2026-08-22T13:30,20.4,57,19.5,0.0,0.0,3,10.1,345,22.7,1017.3
2026-08-22T11:00,16.7,80,16.1,0.0,0.0,,10.8,337,22.7,
2026-08-22T11:15,16.9,79,16.5,0.0,0.0,,10.1,336,22.7,
2026-08-22T11:30,17.2,78,16.9,0.0,0.0,,9.0,334,23.0,
2026-08-22T11:45,17.5,76,17.4,0.0,0.0,,7.9,333,22.7,
2026-08-22T14:00,20.3,59,19.4,0.0,0.0,3,11.2,347,26.6,1017.3
2026-08-22T12:00,18.6,68,17.5,0.0,0.0,,13.3,331,26.6,
2026-08-22T12:15,18.9,67,17.9,0.0,0.0,,12.6,332,25.9,
2026-08-22T12:30,19.1,66,18.2,0.0,0.0,,11.5,333,24.5,
2026-08-22T12:45,19.2,65,18.6,0.0,0.0,,10.1,334,23.4,
2026-08-22T13:00,19.3,65,18.7,0.0,0.0,,9.7,335,22.7,
2026-08-22T13:45,19.1,64,18.0,0.0,0.0,,12.2,342,25.9,
2026-08-22T16:15,19.7,57,17.9,0.0,0.0,3,14.0,11,30.2,1018.0
2026-08-22T14:15,19.7,60,18.7,0.0,0.0,,10.8,356,27.7,
2026-08-22T14:30,18.7,64,17.7,0.0,0.0,,10.4,7,32.8,
2026-08-22T14:45,17.6,68,16.7,0.0,0.0,,10.1,18,37.1,
2026-08-22T15:00,18.5,64,18.5,0.0,0.0,,3.6,25,12.6,
2026-08-22T15:15,18.3,64,18.0,0.0,0.0,,5.0,21,15.5,
2026-08-22T15:30,18.1,64,17.3,0.0,0.0,,8.3,18,20.5,
2026-08-22T15:45,18.1,63,16.7,0.0,0.0,,11.5,14,26.3,
2026-08-22T16:00,18.1,63,16.4,0.0,0.0,,13.3,10,29.5,
2026-08-22T16:30,20.0,56,18.1,0.0,0.0,,15.5,4,32.8,
2026-08-22T16:45,20.0,56,18.2,0.0,0.0,,14.4,4,32.4,
2026-08-22T17:00,19.9,56,18.2,0.0,0.0,,13.7,5,31.7,
2026-08-22T19:15,19.3,56,17.4,0.0,0.0,2,14.0,353,26.6,1018.9
2026-08-22T17:15,16.4,83,16.4,0.1,0.1,,8.3,17,16.9,
2026-08-22T17:30,16.1,83,15.8,0.1,0.1,,9.0,35,20.9,
2026-08-22T17:45,15.9,83,15.4,0.1,0.1,,10.1,52,24.8,
2026-08-22T18:00,15.9,82,15.3,0.1,0.1,,10.1,70,27.0,
2026-08-22T18:15,16.2,81,15.9,0.0,0.0,,9.0,57,25.9,
2026-08-22T18:30,19.8,57,18.4,0.0,0.0,,11.5,3,22.3,
2026-08-22T18:45,19.6,57,18.2,0.0,0.0,,11.9,2,22.3,
2026-08-22T19:00,19.4,58,18.0,0.0,0.0,,12.2,1,23.0,
2026-08-22T21:45,16.3,70,14.9,0.0,0.0,0,11.5,17,25.6,1020.3
2026-08-22T19:30,19.3,56,17.3,0.0,0.0,,14.4,358,27.0,
2026-08-22T19:45,19.0,58,17.1,0.0,0.0,,14.8,359,27.0,
2026-08-22T20:00,18.7,59,16.8,0.0,0.0,,14.8,359,27.0,
2026-08-22T20:15,18.4,61,16.5,0.0,0.0,,14.8,5,27.4,
2026-08-22T20:30,17.0,80,16.7,0.0,0.0,,10.1,21,18.0,
2026-08-22T20:45,16.7,79,16.2,0.0,0.0,,10.1,21,18.7,
2026-08-22T23:15,14.0,84,13.1,0.0,0.0,0,9.4,19,18.4,1020.7
2026-08-22T23:45,14.7,78,13.7,0.0,0.0,3,9.0,21,16.2,1020.8
2026-08-22T21:00,17.4,68,16.2,0.0,0.0,,11.5,16,20.5,
2026-08-22T21:15,17.2,68,15.9,0.0,0.0,,11.5,16,20.9,
2026-08-22T21:30,17.0,69,15.8,0.0,0.0,,11.2,17,20.9,
2026-08-22T22:00,16.5,71,15.3,0.0,0.0,,10.8,17,20.5,
2026-08-22T22:15,15.8,72,14.6,0.0,0.0,,9.7,21,18.4,
2026-08-22T22:30,15.5,74,14.5,0.0,0.0,,9.4,20,18.4,
2026-08-22T22:45,15.3,75,14.3,0.0,0.0,,9.0,20,18.7,
2026-08-22T23:00,15.1,76,14.2,0.0,0.0,,8.6,19,18.4,
2026-08-22T23:30,14.7,78,13.8,0.0,0.0,,7.9,16,16.6,
2026-08-23T00:00,14.5,79,13.5,0.0,0.0,,9.4,28,15.1,
2026-08-23T00:15,14.4,79,13.3,0.0,0.0,,9.4,30,15.5,
2026-08-23T00:30,14.3,80,13.2,0.0,0.0,,9.4,31,15.8,
2026-08-23T00:45,14.1,80,13.0,0.0,0.0,,9.4,33,16.2,
2026-08-23T01:00,13.9,81,12.9,0.0,0.0,,9.0,34,16.6,
2026-08-23T01:15,13.6,82,12.7,0.0,0.0,,7.6,11,11.5,
2026-08-23T01:30,13.2,84,12.4,0.0,0.0,,6.5,11,10.1,
2026-08-23T01:45,12.8,86,12.2,0.0,0.0,,5.4,11,8.3,
2026-08-23T02:00,12.4,87,11.9,0.0,0.0,,4.7,11,7.2,
2026-08-23T02:15,12.2,88,11.7,0.0,0.0,,4.3,11,6.8,
2026-08-23T02:30,12.0,88,11.5,0.0,0.0,,4.0,10,6.8,
2026-08-23T02:45,12.5,85,12.0,0.0,0.0,,4.3,31,6.5,
2026-08-23T03:00,12.6,85,12.0,0.0,0.0,,4.3,37,6.5,
2026-08-23T03:15,12.5,85,12.0,0.0,0.0,,4.3,32,6.5,
2026-08-23T03:30,12.4,85,11.8,0.0,0.0,,4.3,27,6.5,
2026-08-23T06:15,11.2,87,10.7,0.0,0.0,0,2.5,1,5.8,1021.0
2026-08-23T03:45,12.7,84,11.9,0.0,0.0,,6.1,29,9.4,
2026-08-23T04:00,12.6,84,11.8,0.0,0.0,,6.1,26,9.4,
2026-08-23T04:15,12.3,85,11.5,0.0,0.0,,5.4,15,8.3,
2026-08-23T04:30,11.9,85,11.2,0.0,0.0,,4.3,4,6.1,
2026-08-23T04:45,11.5,86,10.9,0.0,0.0,,2.9,352,4.3,
2026-08-23T05:00,11.1,87,10.6,0.0,0.0,,2.2,341,2.9,
2026-08-23T05:15,10.9,87,10.4,0.0,0.0,,1.8,332,2.5,
2026-08-23T05:30,10.8,87,10.2,0.0,0.0,,2.2,323,2.5,
2026-08-23T05:45,10.8,87,10.1,0.0,0.0,,2.5,314,2.5,
2026-08-23T06:00,10.7,87,10.0,0.0,0.0,,2.5,305,2.9,
2026-08-23T06:30,10.9,87,10.3,0.0,0.0,,1.8,53,3.2,
2026-08-23T06:45,10.7,87,10.2,0.0,0.0,,1.4,65,2.9,
2026-08-23T07:00,10.7,87,10.1,0.0,0.0,,1.4,76,3.2,
2026-08-23T07:15,10.9,88,10.3,0.0,0.0,,2.2,110,4.7,
2026-08-23T07:30,11.0,89,10.5,0.0,0.0,,1.8,105,4.7,
2026-08-23T07:45,11.1,89,10.7,0.0,0.0,,1.4,100,5.0,
2026-08-23T08:00,11.3,89,11.0,0.0,0.0,,1.4,95,5.4,
2026-08-23T08:15,11.7,88,11.5,0.0,0.0,,1.4,81,5.8,
2026-08-23T08:30,11.7,87,11.0,0.0,0.0,,4.7,13,8.3,
2026-08-23T08:45,12.3,86,11.7,0.0,0.0,,4.3,23,9.0,
2026-08-23T09:00,12.8,85,12.4,0.0,0.0,,4.0,33,9.4,
2026-08-23T09:15,13.3,84,13.0,0.0,0.0,,4.0,37,9.7,
2026-08-23T09:30,13.8,83,13.5,0.0,0.0,,4.0,40,9.7,
2026-08-23T09:45,14.9,75,14.6,0.0,0.0,,3.2,32,9.4,
2026-08-23T10:00,15.4,73,15.1,0.0,0.0,,3.6,34,10.4,
2026-08-23T10:15,15.9,71,15.6,0.0,0.0,,4.0,39,11.5,
2026-08-23T10:30,16.4,68,15.9,0.0,0.0,,4.7,45,12.6,
2026-08-23T10:45,17.5,59,16.5,0.0,0.0,,6.1,48,16.6,
2026-08-23T11:00,18.0,57,17.0,0.0,0.0,,6.8,55,18.0,
2026-08-23T13:45,19.8,54,18.6,0.0,0.0,3,11.9,42,25.9,1021.7
2026-08-23T14:30,19.5,57,17.8,0.0,0.0,2,13.7,42,28.1,1021.7
2026-08-23T11:15,17.5,66,17.0,0.0,0.0,,6.8,61,16.2,
2026-08-23T11:30,17.9,64,17.3,0.0,0.0,,7.9,54,18.4,
2026-08-23T11:45,18.3,61,17.7,0.0,0.0,,9.0,46,20.5,
2026-08-23T12:00,18.7,58,18.0,0.0,0.0,,10.1,39,22.3,
2026-08-23T12:15,19.2,55,18.4,0.0,0.0,,10.8,42,23.4,
2026-08-23T12:30,19.6,51,18.8,0.0,0.0,,10.8,45,24.5,
2026-08-23T12:45,20.1,48,19.0,0.0,0.0,,11.2,47,25.2,
2026-08-23T13:00,20.4,46,19.0,0.0,0.0,,11.5,50,25.9,
2026-08-23T13:15,20.6,45,18.8,0.0,0.0,,11.9,46,26.6,
2026-08-23T13:30,20.7,46,18.7,0.0,0.0,,12.6,42,27.4,
2026-08-23T14:00,20.7,47,18.7,0.0,0.0,,13.7,33,29.5,
2026-08-23T14:15,20.7,48,18.8,0.0,0.0,,14.0,30,31.3,
2026-08-23T16:45,20.4,52,18.6,0.0,0.0,2,13.3,38,31.7,1020.9
2026-08-23T14:45,19.5,58,18.0,0.0,0.0,,13.0,43,26.6,
2026-08-23T15:00,19.5,58,17.9,0.0,0.0,,13.3,44,27.0,
2026-08-23T15:15,19.6,58,18.3,0.0,0.0,,14.0,43,28.1,
2026-08-23T15:30,20.4,54,18.5,0.0,0.0,,15.1,36,34.9,
2026-08-23T15:45,20.7,53,19.1,0.0,0.0,,13.7,42,34.6,
2026-08-23T16:00,20.8,52,19.2,0.0,0.0,,12.6,48,34.2,
2026-08-23T16:15,20.7,52,19.0,0.0,0.0,,13.0,48,34.2,
2026-08-23T19:15,19.6,50,17.5,0.0,0.0,2,13.0,39,30.6,1020.4
2026-08-23T16:30,20.9,49,18.9,0.0,0.0,,13.7,37,28.4,
2026-08-23T17:00,20.3,52,18.5,0.0,0.0,,13.3,42,27.0,
2026-08-23T17:15,20.3,52,18.5,0.0,0.0,,13.0,39,27.0,
2026-08-23T17:30,20.3,52,18.5,0.0,0.0,,13.0,37,27.4,
2026-08-23T17:45,20.4,51,18.6,0.0,0.0,,12.6,34,27.7,
2026-08-23T18:00,20.4,51,18.6,0.0,0.0,,12.6,31,27.7,
2026-08-23T20:30,18.8,55,17.2,0.0,0.0,3,10.1,40,21.2,1020.1
2026-08-23T18:15,20.4,53,18.8,0.0,0.0,,12.2,55,25.6,
2026-08-23T18:30,20.2,52,18.4,0.0,0.0,,12.6,59,26.6,
2026-08-23T18:45,20.0,50,18.0,0.0,0.0,,13.0,47,25.6,
2026-08-23T19:00,19.9,50,17.8,0.0,0.0,,13.0,45,25.9,
2026-08-23T19:30,19.7,51,17.7,0.0,0.0,,12.2,42,26.3,
2026-08-23T19:45,19.6,51,17.7,0.0,0.0,,11.5,41,26.3,
2026-08-23T20:00,19.4,52,17.6,0.0,0.0,,11.5,39,26.3,
2026-08-23T20:15,19.2,52,17.2,0.0,0.0,,11.9,38,25.9,
2026-08-23T20:45,18.1,55,15.8,0.0,0.0,,13.7,23,24.1,
2026-08-23T21:00,17.7,55,15.3,0.0,0.0,,13.7,20,24.1,
2026-08-23T21:15,17.3,56,15.0,0.0,0.0,,13.3,22,24.5,
2026-08-23T23:45,15.2,64,13.0,0.0,0.0,1,13.0,35,23.4,1020.2
2026-08-23T21:30,17.5,56,15.4,0.0,0.0,,12.6,37,21.6,
2026-08-23T21:45,17.2,57,14.9,0.0,0.0,,13.3,33,23.4,
2026-08-23T22:00,17.0,57,14.6,0.0,0.0,,13.7,30,24.8,
2026-08-23T22:15,16.7,58,14.3,0.0,0.0,,13.7,30,25.2,
2026-08-23T22:30,16.4,59,14.0,0.0,0.0,,13.7,30,25.2,
2026-08-23T22:45,16.2,61,13.9,0.0,0.0,,13.3,29,25.2,
2026-08-23T23:00,15.9,62,13.7,0.0,0.0,,13.0,29,24.8,
2026-08-23T23:15,15.7,63,13.5,0.0,0.0,,12.6,31,24.5,
2026-08-24T01:30,13.1,78,11.4,0.0,0.0,0,11.2,46,19.8,1020.0
2026-08-24T01:45,13.0,80,11.2,0.0,0.0,0,11.5,45,20.2,1020.0
2026-08-23T23:30,15.1,62,13.0,0.0,0.0,,10.4,33,19.8,
2026-08-24T00:00,14.9,65,12.8,0.0,0.0,,11.5,42,22.0,
2026-08-24T00:15,14.7,67,12.7,0.0,0.0,,11.5,45,22.0,
2026-08-24T00:30,14.4,69,12.5,0.0,0.0,,11.5,48,21.6,
2026-08-24T00:45,14.2,70,12.2,0.0,0.0,,11.5,51,20.9,
2026-08-24T01:00,14.0,72,12.1,0.0,0.0,,11.5,54,20.5,
2026-08-24T01:15,13.8,73,11.9,0.0,0.0,,11.5,55,20.5,
2026-08-24T02:00,12.9,80,11.0,0.0,0.0,,11.9,55,20.2,
2026-08-24T02:15,12.7,81,10.9,0.0,0.0,,11.9,57,20.2,
2026-08-24T02:30,12.7,81,10.8,0.0,0.0,,11.9,60,19.8,
2026-08-24T02:45,12.6,82,10.8,0.0,0.0,,11.9,62,19.8,
2026-08-24T03:00,12.5,82,10.7,0.0,0.0,,11.9,64,19.8,
2026-08-24T03:15,12.4,83,10.6,0.0,0.0,,11.9,61,20.2,
2026-08-24T03:30,12.2,84,10.4,0.0,0.0,,11.9,58,20.5,
2026-08-24T03:45,12.1,84,10.3,0.0,0.0,,11.5,55,20.5,
2026-08-24T04:00,11.9,85,10.1,0.0,0.0,,11.5,52,20.9,
2026-08-24T07:00,11.3,86,9.6,0.0,0.0,3,10.1,62,18.7,1018.0
2026-08-24T08:45,12.6,78,10.5,0.0,0.0,3,12.6,66,23.8,1017.7
2026-08-24T04:15,12.1,83,10.2,0.0,0.0,,11.9,54,20.2,
2026-08-24T04:30,11.9,86,10.1,0.0,0.0,,11.5,55,19.1,
2026-08-24T04:45,11.7,88,10.0,0.0,0.0,,11.2,57,18.4,
2026-08-24T05:00,11.5,89,9.9,0.0,0.0,,11.2,58,17.6,
2026-08-24T05:15,11.4,89,9.7,0.0,0.0,,11.2,58,17.6,
2026-08-24T05:30,11.3,88,9.5,0.0,0.0,,11.5,58,18.0,
2026-08-24T05:45,11.2,88,9.3,0.0,0.0,,11.9,58,18.7,
2026-08-24T06:00,11.1,87,9.2,0.0,0.0,,11.9,58,19.1,
2026-08-24T06:15,11.0,87,9.1,0.0,0.0,,11.5,60,19.4,
2026-08-24T06:30,10.9,87,9.0,0.0,0.0,,11.2,62,19.4,
2026-08-24T06:45,10.8,87,8.9,0.0,0.0,,10.8,64,19.4,
2026-08-24T07:15,11.5,85,9.8,0.0,0.0,,9.7,49,18.0,
2026-08-24T07:30,11.6,84,9.8,0.0,0.0,,10.4,51,18.7,
2026-08-24T07:45,11.8,84,10.0,0.0,0.0,,10.8,52,20.2,
2026-08-24T08:00,12.0,83,10.2,0.0,0.0,,11.2,54,20.9,
2026-08-24T10:45,17.1,63,15.1,0.0,0.0,3,14.0,69,29.2,1016.7
2026-08-24T08:15,11.9,85,10.5,0.0,0.0,,8.6,53,18.4,
2026-08-24T08:30,12.2,82,10.7,0.0,0.0,,9.4,53,19.8,
2026-08-24T09:00,13.1,76,11.3,0.0,0.0,,10.8,53,22.3,
2026-08-24T09:15,13.6,74,11.7,0.0,0.0,,11.5,56,23.4,
2026-08-24T09:30,14.2,72,12.2,0.0,0.0,,12.2,59,24.1,
2026-08-24T09:45,14.7,71,12.7,0.0,0.0,,13.0,61,25.2,
2026-08-24T10:00,15.3,69,13.3,0.0,0.0,,13.3,64,25.9,
2026-08-24T10:15,15.8,67,13.8,0.0,0.0,,13.7,66,26.6,
2026-08-24T10:30,16.8,63,14.6,0.0,0.0,,14.8,64,28.8,
2026-08-24T11:00,17.9,58,15.4,0.0,0.0,,16.6,67,32.4,
2026-08-24T11:15,18.0,58,15.5,0.0,0.0,,16.2,70,31.7,
2026-08-24T11:30,18.3,57,15.7,0.0,0.0,,17.3,70,33.5,
2026-08-24T11:45,18.5,55,15.7,0.0,0.0,,18.4,69,34.9,
2026-08-24T12:00,18.9,53,15.9,0.0,0.0,,18.7,68,36.0,
2026-08-24T15:00,19.3,44,16.2,0.0,0.0,3,15.8,62,31.0,1014.0
2026-08-24T12:15,19.4,49,16.4,0.0,0.0,,18.4,67,35.3,
2026-08-24T12:30,20.0,46,16.7,0.0,0.0,,18.7,68,36.0,
2026-08-24T12:45,20.5,44,17.2,0.0,0.0,,18.7,70,36.7,
2026-08-24T13:00,20.9,42,17.5,0.0,0.0,,18.7,71,37.4,
2026-08-24T13:15,21.1,41,17.7,0.0,0.0,,18.7,70,37.8,
2026-08-24T13:30,21.3,40,18.2,0.0,0.0,,18.4,69,37.8,
2026-08-24T13:45,21.4,39,18.5,0.0,0.0,,18.4,68,37.8,
2026-08-24T14:00,21.5,38,18.7,0.0,0.0,,18.4,67,37.8,
2026-08-24T14:15,21.6,39,19.2,0.0,0.0,,18.0,69,36.4,
2026-08-24T14:30,21.8,39,19.5,0.0,0.0,,18.4,68,36.4,
2026-08-24T14:45,22.0,38,19.6,0.0,0.0,,18.4,67,36.7,
2026-08-24T17:45,20.5,44,17.5,0.0,0.0,3,16.9,66,33.1,1011.9
2026-08-24T15:15,19.7,42,16.5,0.0,0.0,,16.2,64,29.5,
2026-08-24T15:30,20.5,40,17.1,0.0,0.0,,16.9,63,31.7,
2026-08-24T15:45,21.3,37,17.7,0.0,0.0,,17.6,63,33.8,
2026-08-24T16:00,21.9,35,18.2,0.0,0.0,,18.0,62,35.3,
2026-08-24T16:15,22.2,34,18.5,0.0,0.0,,18.0,63,35.6,
2026-08-24T16:30,22.3,34,18.6,0.0,0.0,,17.6,65,35.6,
2026-08-24T16:45,22.3,35,18.9,0.0,0.0,,17.3,66,35.3,
2026-08-24T17:00,22.4,35,18.9,0.0,0.0,,17.3,67,35.3,
2026-08-24T17:15,22.4,35,19.0,0.0,0.0,,17.3,68,35.3,
2026-08-24T17:30,23.1,34,19.8,0.0,0.0,,16.6,66,33.5,
2026-08-24T18:00,23.1,35,20.0,0.0,0.0,,16.2,67,33.5,
2026-08-24T18:15,20.5,46,18.0,0.0,0.0,,14.0,56,29.2,
2026-08-24T18:30,20.4,47,18.1,0.0,0.0,,13.7,57,29.2,
2026-08-24T18:45,20.4,48,18.2,0.0,0.0,,13.0,57,29.5,
2026-08-24T19:00,20.3,49,18.3,0.0,0.0,,13.0,58,29.5,
2026-08-24T19:15,20.2,50,18.2,0.0,0.0,,13.3,58,29.5,
2026-08-24T19:30,22.1,40,19.2,0.0,0.0,,15.8,70,33.5,
2026-08-24T19:45,21.9,41,19.2,0.0,0.0,,14.8,70,33.5,
2026-08-24T20:00,21.6,42,19.1,0.0,0.0,,14.0,70,32.8,
2026-08-24T20:15,21.4,43,19.0,0.0,0.0,,13.3,68,31.3,
2026-08-24T20:30,21.1,44,18.8,0.0,0.0,,13.0,65,29.5,
2026-08-24T20:45,20.6,44,18.2,0.0,0.0,,13.3,54,27.0,
2026-08-24T21:00,20.2,45,17.8,0.0,0.0,,13.3,51,27.0,
2026-08-24T21:15,18.3,55,16.0,0.0,0.0,,14.4,52,28.1,
2026-08-24T21:30,18.0,56,15.9,0.0,0.0,,13.3,56,28.4,
2026-08-25T00:00,15.9,62,14.1,0.0,0.0,2,10.4,60,17.6,1010.0
2026-08-24T21:45,19.1,52,17.1,0.0,0.0,,11.9,65,21.6,
2026-08-24T22:00,19.2,52,17.3,0.0,0.0,,11.2,70,19.8,
2026-08-24T22:15,19.0,53,17.2,0.0,0.0,,10.8,66,19.1,
2026-08-24T22:30,18.7,54,17.0,0.0,0.0,,10.4,63,19.4,
2026-08-24T22:45,18.3,56,16.7,0.0,0.0,,10.4,59,19.4,
2026-08-24T23:00,18.0,57,16.4,0.0,0.0,,10.4,55,19.8,
2026-08-24T23:15,18.0,53,15.6,0.0,0.0,,13.7,57,24.5,
2026-08-24T23:30,17.8,54,15.6,0.0,0.0,,12.6,57,24.8,
2026-08-24T23:45,16.4,59,14.3,0.0,0.0,,11.5,55,19.1,
2026-08-25T00:15,15.6,62,13.6,0.0,0.0,,10.4,52,17.3,
2026-08-25T00:30,15.4,63,13.5,0.0,0.0,,10.1,50,17.3,
2026-08-25T00:45,15.3,63,13.4,0.0,0.0,,9.7,48,17.6,
2026-08-25T01:00,15.1,63,13.2,0.0,0.0,,9.7,46,18.0,
2026-08-25T01:15,15.0,63,13.0,0.0,0.0,,10.1,48,18.7,
2026-08-25T01:30,14.9,63,12.8,0.0,0.0,,10.4,50,19.4,
2026-08-25T05:30,14.1,60,11.4,0.0,0.0,3,12.6,55,25.6,1008.4
2026-08-25T01:45,15.9,60,13.7,0.0,0.0,,11.9,53,20.9,
2026-08-25T02:00,15.6,61,13.4,0.0,0.0,,12.2,51,21.6,
2026-08-25T02:15,15.3,62,13.1,0.0,0.0,,12.2,52,22.0,
2026-08-25T02:30,14.9,64,12.7,0.0,0.0,,12.2,52,21.6,
2026-08-25T02:45,14.6,66,12.4,0.0,0.0,,12.2,53,21.6,
2026-08-25T03:00,14.3,67,12.0,0.0,0.0,,12.2,53,21.6,
2026-08-25T03:15,14.1,67,11.9,0.0,0.0,,12.2,53,21.6,
2026-08-25T03:30,14.1,67,11.7,0.0,0.0,,12.6,53,22.0,
2026-08-25T03:45,14.0,66,11.6,0.0,0.0,,13.0,52,22.0,
2026-08-25T04:00,14.0,66,11.5,0.0,0.0,,13.0,52,22.3,
2026-08-25T04:15,13.9,66,11.4,0.0,0.0,,13.0,52,22.7,
2026-08-25T04:30,14.9,58,12.3,0.0,0.0,,12.6,50,22.7,
2026-08-25T04:45,14.8,58,12.2,0.0,0.0,,12.6,50,22.7,
2026-08-25T05:00,14.7,59,12.1,0.0,0.0,,12.2,50,22.7,
2026-08-25T07:45,13.5,65,11.2,0.0,0.0,3,10.4,55,19.1,1008.4
2026-08-25T05:15,14.1,60,11.2,0.0,0.0,,13.7,49,24.5,
2026-08-25T05:45,13.6,64,11.2,0.0,0.0,,11.2,50,20.9,
2026-08-25T06:00,13.5,65,11.2,0.0,0.0,,10.4,51,19.4,
2026-08-25T06:15,13.4,66,11.2,0.0,0.0,,10.1,52,19.1,
2026-08-25T06:30,13.3,66,11.1,0.0,0.0,,10.1,53,19.1,
2026-08-25T06:45,13.2,67,11.0,0.0,0.0,,10.4,53,19.4,
2026-08-25T07:00,13.2,67,11.0,0.0,0.0,,10.4,54,19.4,
2026-08-25T07:15,13.2,67,11.0,0.0,0.0,,10.4,55,19.4,
2026-08-25T07:30,13.2,67,11.0,0.0,0.0,,10.8,57,19.4,
2026-08-25T08:00,13.6,64,11.5,0.0,0.0,,9.4,49,18.0,
2026-08-25T08:15,13.8,64,11.7,0.0,0.0,,9.4,54,18.0,
2026-08-25T08:30,14.1,64,12.1,0.0,0.0,,9.4,58,18.4,
2026-08-25T08:45,14.4,63,12.4,0.0,0.0,,9.4,63,18.4,
2026-08-25T09:00,14.7,63,12.8,0.0,0.0,,9.4,67,18.7,
2026-08-25T11:45,18.4,56,16.7,0.0,0.0,3,10.4,82,21.2,1008.7
2026-08-25T09:15,14.6,66,12.6,0.0,0.0,,10.8,69,20.2,
2026-08-25T09:30,14.9,65,12.9,0.0,0.0,,10.8,71,20.5,
2026-08-25T09:45,15.2,64,13.3,0.0,0.0,,10.8,72,20.9,
2026-08-25T12:15,18.8,55,17.2,0.0,0.0,3,10.1,87,21.6,1008.8
2026-08-25T13:00,20.7,49,19.0,0.0,0.0,3,11.5,101,24.1,1008.8
2026-08-25T10:00,16.1,58,13.8,0.0,0.0,,11.5,67,21.2,
2026-08-25T10:15,16.5,57,14.3,0.0,0.0,,11.5,68,21.6,
2026-08-25T10:30,16.9,58,14.8,0.0,0.0,,11.9,70,22.0,
2026-08-25T10:45,17.2,58,15.2,0.0,0.0,,11.9,71,22.3,
2026-08-25T11:00,17.5,58,15.6,0.0,0.0,,11.9,72,22.7,
2026-08-25T11:15,17.7,58,15.9,0.0,0.0,,11.9,72,23.0,
2026-08-25T11:30,17.8,57,15.9,0.0,0.0,,11.9,72,23.0,
2026-08-25T12:00,18.2,56,16.3,0.0,0.0,,11.5,71,23.0,
2026-08-25T16:00,20.5,58,19.5,0.0,0.0,3,11.5,90,22.7,1008.2
2026-08-25T12:30,19.6,52,18.2,0.0,0.0,,9.0,76,20.9,
2026-08-25T12:45,20.2,51,18.8,0.0,0.0,,9.4,80,21.6,
2026-08-25T13:15,20.5,50,19.0,0.0,0.0,,10.1,84,22.3,
2026-08-25T13:30,20.3,51,18.7,0.0,0.0,,10.4,84,22.3,
2026-08-25T13:45,20.0,51,18.4,0.0,0.0,,10.8,85,22.7,
2026-08-25T14:00,19.9,52,18.2,0.0,0.0,,11.2,85,22.7,
2026-08-25T14:15,19.8,53,18.2,0.0,0.0,,11.2,85,22.7,
2026-08-25T14:30,19.9,53,18.3,0.0,0.0,,11.2,84,22.7,
2026-08-25T14:45,19.9,54,18.4,0.0,0.0,,11.2,84,22.7,
2026-08-25T15:00,20.0,55,18.6,0.0,0.0,,11.2,83,22.7,
2026-08-25T15:15,19.4,58,18.3,0.0,0.0,,9.7,74,18.4,
2026-08-25T15:30,19.8,58,18.7,0.0,0.0,,10.4,76,19.8,
2026-08-25T15:45,20.2,58,19.2,0.0,0.0,,10.8,77,21.6,
2026-08-25T18:45,23.1,60,22.9,0.0,0.0,0,13.0,99,27.0,1007.7
2026-08-25T16:15,21.0,57,20.2,0.0,0.0,,10.8,79,22.7,
2026-08-25T16:30,21.4,56,20.6,0.0,0.0,,10.4,78,22.3,
2026-08-25T16:45,21.9,55,21.1,0.0,0.0,,10.4,76,22.3,
2026-08-25T17:00,22.2,55,21.6,0.0,0.0,,10.4,75,22.3,
2026-08-25T17:15,22.6,55,22.0,0.0,0.0,,10.8,80,22.7,
2026-08-25T17:30,22.9,55,22.3,0.0,0.0,,11.2,85,23.4,
2026-08-25T17:45,23.6,54,23.3,0.0,0.0,,10.4,96,24.8,
2026-08-25T18:00,23.5,56,23.5,0.0,0.0,,10.1,97,24.5,
2026-08-25T18:15,22.3,58,22.0,0.0,0.0,,9.7,61,19.1,
2026-08-25T18:30,22.3,58,22.0,0.0,0.0,,9.7,62,19.4,
2026-08-25T19:00,22.3,58,22.0,0.0,0.0,,10.1,62,19.8,
2026-08-25T19:15,22.2,59,22.0,0.0,0.0,,10.1,61,20.2,
2026-08-25T19:30,22.2,60,22.0,0.0,0.0,,10.4,61,20.2,
2026-08-25T19:45,23.1,60,22.9,0.0,0.0,,12.2,94,25.2,
2026-08-25T20:00,22.9,61,22.8,0.0,0.0,,12.2,93,24.8,
2026-08-25T22:30,19.8,76,19.7,0.0,0.0,0,13.0,98,22.7,1009.4
2026-08-25T20:15,22.8,57,22.9,0.0,0.0,,7.9,65,15.5,
2026-08-25T20:30,22.4,58,22.5,0.0,0.0,,7.9,69,15.8,
2026-08-25T20:45,22.1,60,22.2,0.0,0.0,,8.3,72,16.2,
2026-08-25T21:00,21.8,61,21.9,0.0,0.0,,8.3,75,16.2,
2026-08-26T00:00,19.0,73,18.9,0.0,0.0,3,10.1,117,21.6,1009.5
2026-08-25T21:15,20.6,71,21.1,0.0,0.0,,9.0,71,14.4,
2026-08-25T21:30,20.6,72,21.0,0.0,0.0,,10.4,69,16.6,
2026-08-25T21:45,20.6,72,20.8,0.0,0.0,,11.5,68,19.1,
2026-08-25T22:00,20.6,73,20.7,0.0,0.0,,12.6,66,21.2,
2026-08-25T22:15,20.4,74,20.4,0.0,0.0,,13.3,77,22.7,
2026-08-25T22:45,20.1,76,19.9,0.0,0.0,,14.4,98,25.2,
2026-08-26T01:00,18.1,82,18.1,0.0,0.0,3,11.9,115,22.3,1009.4
2026-08-25T23:00,19.9,73,20.1,0.0,0.0,,9.7,101,18.7,
2026-08-25T23:15,19.8,73,20.1,0.0,0.0,,9.4,104,18.4,
2026-08-25T23:30,19.8,74,20.1,0.0,0.0,,9.4,107,18.4,
2026-08-25T23:45,19.8,74,20.1,0.0,0.0,,9.7,109,18.4,
2026-08-26T00:15,18.9,74,18.8,0.0,0.0,,10.1,112,18.4,
2026-08-26T00:30,18.6,77,18.6,0.0,0.0,,10.8,112,19.4,
2026-08-26T00:45,18.3,80,18.3,0.0,0.0,,11.2,112,20.2,
2026-08-26T01:15,17.9,83,17.9,0.0,0.0,,11.5,111,21.2,
2026-08-26T01:30,17.6,84,17.7,0.0,0.0,,10.8,110,21.2,
2026-08-26T01:45,17.5,85,17.6,0.0,0.0,,10.4,108,20.9,
2026-08-26T02:00,17.9,89,18.3,0.0,0.0,,11.5,121,20.5,
2026-08-26T02:15,17.7,88,18.1,1.1,1.1,,10.8,122,19.4,
2026-08-26T02:30,17.5,86,17.8,1.1,1.1,,10.1,122,17.6,
2026-08-26T02:45,17.3,83,17.4,1.1,1.1,,9.4,123,16.2,
2026-08-26T03:00,17.1,82,17.3,1.1,1.1,,8.3,123,15.5,
2026-08-26T03:15,17.0,83,17.3,0.0,0.0,,7.2,114,16.2,
2026-08-26T03:30,16.9,84,17.4,0.0,0.0,,5.8,104,17.6,
2026-08-26T03:45,16.7,86,17.5,0.0,0.0,,4.7,95,19.4,
2026-08-26T04:00,16.6,88,17.6,0.0,0.0,,4.3,85,20.2,
2026-08-26T08:00,16.5,94,17.1,0.1,0.1,51,8.6,96,15.1,1010.4
2026-08-26T09:00,17.4,90,18.1,0.0,0.0,0,9.4,143,18.4,1010.5
2026-08-26T04:15,17.1,86,17.6,0.0,0.0,,7.9,105,14.0,
2026-08-26T04:30,17.1,88,17.7,0.0,0.0,,8.3,107,14.4,
2026-08-26T04:45,17.1,90,17.7,0.0,0.0,,8.6,109,15.1,
2026-08-26T05:00,17.0,92,17.7,0.0,0.0,,8.6,111,15.1,
2026-08-26T05:15,16.8,93,17.6,0.0,0.0,,7.9,95,14.4,
2026-08-26T05:30,16.6,93,17.5,0.0,0.0,,6.5,79,12.6,
2026-08-26T05:45,16.3,93,17.2,0.0,0.0,,5.4,63,11.2,
2026-08-26T06:00,16.1,93,17.1,0.0,0.0,,4.7,47,10.4,
2026-08-26T06:15,16.1,93,17.1,0.5,0.5,,4.7,58,10.4,
2026-08-26T06:30,16.2,93,17.2,0.5,0.5,,5.0,68,10.8,
2026-08-26T06:45,16.3,92,17.1,0.5,0.5,,5.8,79,11.2,
2026-08-26T07:00,16.4,92,17.2,0.5,0.5,,6.5,89,11.9,
2026-08-26T07:15,16.4,92,17.1,0.0,0.0,,7.2,90,12.6,
2026-08-26T07:30,16.5,92,17.1,0.0,0.0,,7.6,91,13.7,
2026-08-26T07:45,16.6,91,17.1,0.0,0.0,,8.3,92,14.8,
2026-08-26T08:15,16.6,93,17.3,0.8,0.8,,8.3,113,15.1,
2026-08-26T08:30,16.9,92,17.6,0.8,0.8,,7.9,124,15.5,
2026-08-26T08:45,17.1,91,18.0,0.8,0.8,,7.6,135,15.8,
2026-08-26T09:15,17.7,90,18.8,0.0,0.0,,6.8,143,16.2,
2026-08-26T09:30,17.9,89,19.1,0.0,0.0,,6.5,140,16.2,
2026-08-26T09:45,18.2,89,19.5,0.0,0.0,,6.1,137,16.2,
2026-08-26T10:00,18.5,89,20.0,0.0,0.0,,5.8,134,16.2,
2026-08-26T10:15,18.9,88,20.5,0.0,0.0,,5.8,135,15.8,
2026-08-26T10:30,18.9,86,20.0,0.3,0.3,,8.6,148,20.9,
2026-08-26T10:45,19.0,88,20.4,0.3,0.3,,7.6,145,21.2,
2026-08-26T11:00,19.1,89,20.7,0.3,0.3,,6.8,143,20.9,
2026-08-26T11:15,20.6,86,22.8,0.0,0.0,,5.0,104,11.9,
2026-08-26T11:30,21.3,84,23.7,0.0,0.0,,4.7,114,12.2,
2026-08-26T11:45,21.9,82,24.7,0.0,0.0,,4.7,124,13.0,
2026-08-26T12:00,22.6,80,25.8,0.0,0.0,,4.7,134,13.3,
2026-08-26T12:15,23.1,77,26.5,0.0,0.0,,4.7,144,13.7,
2026-08-26T12:30,22.9,77,25.9,0.0,0.0,,7.2,125,17.6,
2026-08-26T12:45,23.1,77,26.1,0.0,0.0,,8.3,135,19.4,
2026-08-26T13:00,23.4,75,26.4,0.0,0.0,,9.0,145,20.2,
2026-08-26T13:15,23.9,72,27.0,0.0,0.0,,8.6,145,19.8,
2026-08-26T13:30,24.7,68,27.7,0.0,0.0,,7.9,146,18.7,
2026-08-26T13:45,25.3,65,28.3,0.0,0.0,,7.2,146,17.6,
2026-08-26T14:00,25.8,62,28.5,0.0,0.0,,6.5,146,16.6,
2026-08-26T14:15,26.0,60,28.2,0.0,0.0,,6.5,140,15.8,
2026-08-26T14:30,26.1,59,27.9,0.0,0.0,,6.5,133,14.8,
2026-08-26T14:45,26.0,59,27.7,0.0,0.0,,6.5,127,14.4,
2026-08-26T15:00,25.9,59,27.5,0.0,0.0,,6.5,120,15.1,
2026-08-26T15:15,25.5,61,27.3,0.0,0.0,,6.5,142,17.6,
2026-08-26T15:30,25.0,64,26.9,0.0,0.0,,6.1,163,21.6,
2026-08-26T15:45,24.5,67,26.5,0.0,0.0,,6.1,185,25.6,
2026-08-26T16:00,24.3,68,26.3,0.0,0.0,,6.5,206,27.7,
2026-08-26T16:15,27.2,54,28.8,0.0,0.0,,6.8,184,19.4,
2026-08-26T16:30,27.1,55,28.9,0.0,0.0,,5.4,217,19.8,
2026-08-26T16:45,26.9,56,29.0,0.0,0.0,,4.3,249,20.2,
2026-08-26T17:00,25.7,61,28.0,0.0,0.0,,3.2,126,9.4,
2026-08-26T17:15,25.9,60,28.0,0.0,0.0,,4.0,119,10.8,
2026-08-26T17:30,26.3,58,28.1,0.0,0.0,,5.4,112,14.0,
2026-08-26T17:45,26.7,56,28.3,0.0,0.0,,7.2,104,17.6,
2026-08-26T18:00,27.0,55,28.2,0.0,0.0,,9.0,97,20.9,
2026-08-26T18:15,27.0,55,28.0,0.0,0.0,,10.8,107,23.4,
2026-08-26T18:30,26.8,56,27.6,0.0,0.0,,13.0,118,25.9,
2026-08-26T18:45,26.6,58,27.1,0.0,0.0,,15.1,128,28.1,
2026-08-26T19:00,26.3,59,26.8,0.0,0.0,,15.8,138,29.5,
2026-08-26T19:15,24.9,66,26.1,0.0,0.0,,12.2,75,23.0,
2026-08-26T19:30,24.4,68,25.5,0.0,0.0,,13.0,73,24.1,
2026-08-26T19:45,24.0,70,25.0,0.0,0.0,,13.7,70,24.8,
2026-08-26T20:00,23.7,71,24.7,0.0,0.0,,13.7,67,24.5,
2026-08-26T20:15,23.7,72,24.9,0.0,0.0,,12.6,59,22.7,
2026-08-26T20:30,23.8,73,25.4,0.0,0.0,,10.8,51,19.8,
2026-08-26T20:45,23.9,73,25.9,0.0,0.0,,9.0,42,16.9,
2026-08-26T21:00,23.9,74,26.2,0.0,0.0,,7.9,34,15.5,
2026-08-26T21:15,23.7,74,25.8,0.0,0.0,,8.3,47,16.2,
2026-08-26T21:30,23.4,75,25.3,0.0,0.0,,9.7,59,18.7,
2026-08-26T21:45,23.1,75,24.6,0.0,0.0,,11.2,72,20.9,
2026-08-26T22:00,23.0,77,25.4,0.0,0.0,,5.8,52,13.7,
2026-08-26T22:15,22.6,79,25.0,0.0,0.0,,6.1,52,14.0,
2026-08-26T22:30,22.2,82,24.6,0.0,0.0,,7.2,52,14.4,
2026-08-26T22:45,21.9,85,24.2,0.0,0.0,,8.3,52,15.1,
2026-08-26T23:00,21.6,86,23.7,0.0,0.0,,9.4,52,16.6,
2026-08-26T23:15,21.6,85,23.3,0.0,0.0,,11.2,57,19.4,
2026-08-26T23:30,21.6,82,22.9,0.0,0.0,,13.0,61,23.0,
2026-08-26T23:45,21.7,80,22.6,0.0,0.0,,14.8,66,26.3,
2026-08-27T00:00,21.8,78,22.3,0.0,0.0,,15.8,70,28.1,
2026-08-27T00:15,21.7,78,22.3,0.0,0.0,,15.5,74,27.4,
2026-08-27T00:30,21.6,78,22.3,0.0,0.0,,14.4,78,25.2,
2026-08-27T00:45,21.5,79,22.4,0.0,0.0,,13.3,81,22.3,
2026-08-27T01:00,21.4,80,22.4,0.0,0.0,,12.2,85,20.2,
2026-08-27T01:15,21.2,82,22.5,0.0,0.0,,11.5,83,19.1,
2026-08-27T01:30,21.1,85,22.6,0.0,0.0,,11.2,81,18.4,
2026-08-27T01:45,20.9,87,22.5,0.0,0.0,,10.8,79,17.6,
2026-08-27T02:00,20.7,89,22.5,0.0,0.0,,10.4,77,17.3,
2026-08-27T02:15,20.5,89,22.2,0.0,0.0,,10.4,76,17.3,
2026-08-27T02:30,20.3,89,21.9,0.0,0.0,,10.4,75,17.6,
2026-08-27T02:45,20.2,88,21.6,0.0,0.0,,10.4,73,17.6,
2026-08-27T03:00,20.0,88,21.4,0.0,0.0,,10.4,72,17.6,
2026-08-27T03:15,20.0,88,21.4,0.0,0.0,,10.1,72,16.9,
2026-08-27T03:30,20.0,89,21.7,0.0,0.0,,9.4,72,15.8,
2026-08-27T03:45,20.1,90,21.9,0.0,0.0,,8.6,72,15.1,
2026-08-27T04:00,20.0,90,21.9,0.0,0.0,,8.6,72,14.8,
2026-08-27T04:15,19.9,90,21.5,0.0,0.0,,9.4,73,15.8,
2026-08-27T04:30,19.6,90,21.0,0.0,0.0,,10.8,73,17.6,
2026-08-27T04:45,19.4,90,20.5,0.0,0.0,,11.9,74,19.4,
2026-08-27T05:00,19.2,90,20.1,0.0,0.0,,12.6,74,20.2,
2026-08-27T05:15,19.1,90,20.0,0.0,0.0,,12.2,73,19.8,
2026-08-27T05:30,19.0,91,20.1,0.0,0.0,,11.5,73,18.4,
2026-08-27T05:45,18.9,91,20.1,0.0,0.0,,10.4,72,16.9,
2026-08-27T06:00,18.9,91,20.2,0.0,0.0,,9.7,71,15.8,
2026-08-27T06:15,19.0,90,20.2,0.0,0.0,,9.7,106,15.8,
2026-08-27T06:30,19.1,89,20.3,0.0,0.0,,9.7,141,16.6,
2026-08-27T06:45,19.2,88,20.4,0.0,0.0,,9.7,175,16.9,
2026-08-27T07:00,19.3,88,20.5,0.0,0.0,,9.7,210,17.3,
2026-08-27T07:15,19.2,89,20.4,0.6,0.6,,9.4,168,16.6,
2026-08-27T07:30,19.0,91,20.4,0.6,0.6,,8.6,126,15.8,
2026-08-27T07:45,18.8,93,20.3,0.6,0.6,,8.3,84,14.8,
2026-08-27T08:00,18.7,94,20.4,0.6,0.6,,7.9,42,14.4,
2026-08-27T08:15,18.8,94,20.5,0.0,0.0,,7.9,64,14.8,
2026-08-27T08:30,18.9,94,20.6,0.0,0.0,,8.6,86,15.8,
2026-08-27T08:45,19.2,93,20.8,0.0,0.0,,9.0,107,16.9,
2026-08-27T09:00,19.4,92,21.1,0.0,0.0,,9.0,129,17.3,
2026-08-27T09:15,19.8,91,21.6,0.0,0.0,,8.3,148,16.6,
2026-08-27T09:30,20.2,89,22.3,0.0,0.0,,6.8,167,15.1,
2026-08-27T09:45,20.6,87,22.8,0.0,0.0,,5.8,185,13.7,
2026-08-27T10:00,21.0,86,23.4,0.0,0.0,,5.4,204,13.3,
2026-08-27T10:15,21.3,85,23.7,0.0,0.0,,6.1,199,14.8,
2026-08-27T10:30,21.6,85,23.9,0.0,0.0,,7.6,195,17.6,
2026-08-27T10:45,21.9,85,24.2,0.0,0.0,,8.6,190,20.2,
2026-08-27T11:00,22.3,84,24.5,0.0,0.0,,9.7,185,22.0,
2026-08-27T11:15,22.8,82,25.1,0.0,0.0,,9.7,183,22.3,
2026-08-27T11:30,23.5,80,26.0,0.0,0.0,,9.4,181,21.6,
2026-08-27T11:45,24.1,77,26.8,0.0,0.0,,9.0,179,20.9,
2026-08-27T12:00,24.5,75,27.5,0.0,0.0,,9.0,177,20.9,
2026-08-27T12:15,24.8,73,27.8,0.0,0.0,,9.7,183,22.0,
2026-08-27T12:30,25.0,71,27.8,0.0,0.0,,10.8,189,23.4,
2026-08-27T12:45,25.2,69,27.7,0.0,0.0,,11.9,195,25.2,
2026-08-27T13:00,25.3,68,27.7,0.0,0.0,,13.0,201,27.0,
2026-08-27T13:15,25.5,67,27.7,0.0,0.0,,14.0,204,28.8,
2026-08-27T13:30,25.7,67,27.7,0.0,0.0,,15.5,207,30.6,
2026-08-27T13:45,25.9,67,27.8,0.0,0.0,,16.6,209,31.7,
2026-08-27T14:00,26.1,66,28.0,0.0,0.0,,16.9,212,32.0,
2026-08-27T14:15,26.3,65,28.4,0.0,0.0,,15.8,217,30.6,
2026-08-27T14:30,26.6,63,28.8,0.0,0.0,,14.0,222,27.7,
2026-08-27T14:45,26.9,61,29.1,0.0,0.0,,12.2,226,24.8,
2026-08-27T15:00,27.0,60,29.2,0.0,0.0,,11.2,231,23.4,
2026-08-27T15:15,27.0,59,28.7,0.0,0.0,,11.9,230,24.8,
2026-08-27T15:30,26.9,59,28.0,0.0,0.0,,13.7,229,27.7,
2026-08-27T15:45,26.7,58,27.3,0.0,0.0,,15.1,227,30.2,
2026-08-27T16:00,26.6,58,27.1,0.0,0.0,,15.8,226,31.3,
2026-08-27T16:15,26.8,57,27.4,0.0,0.0,,14.4,219,28.8,
2026-08-27T16:30,27.1,57,28.3,0.0,0.0,,11.5,212,24.1,
2026-08-27T16:45,27.3,57,28.9,0.0,0.0,,9.0,204,20.2,
2026-08-27T17:00,27.1,58,28.9,0.0,0.0,,8.6,197,19.4,
2026-08-27T17:15,26.4,61,27.7,0.0,0.0,,11.5,216,24.5,
2026-08-27T17:30,25.2,66,25.9,0.0,0.0,,16.6,234,33.5,
2026-08-27T17:45,24.0,70,23.9,0.0,0.0,,21.6,253,42.1,
2026-08-27T18:00,23.1,74,22.6,0.0,0.0,,23.8,271,45.7,
2026-08-27T18:15,22.4,76,22.2,0.0,0.0,,22.0,263,42.1,
2026-08-27T18:30,21.9,77,22.1,0.0,0.0,,17.6,255,33.5,
2026-08-27T18:45,21.5,78,22.3,0.0,0.0,,13.0,246,24.1,
2026-08-27T19:00,21.2,79,22.6,0.0,0.0,,9.4,238,17.3,
2026-08-27T19:15,21.2,82,23.1,0.1,0.1,,7.2,227,13.3,
2026-08-27T19:30,21.5,85,24.0,0.1,0.1,,5.8,216,10.4,
2026-08-27T19:45,21.7,89,24.7,0.1,0.1,,5.0,204,9.4,
2026-08-27T20:00,21.8,91,25.0,0.1,0.1,,5.4,193,10.1,
2026-08-27T20:15,21.6,92,24.6,1.6,1.6,,7.2,202,14.4,
2026-08-27T20:30,21.3,93,23.7,1.6,1.6,,10.8,211,21.2,
2026-08-27T20:45,21.0,93,22.8,1.6,1.6,,13.7,220,28.4,
2026-08-27T21:00,20.7,93,22.1,1.6,1.6,,15.5,229,32.8,
2026-08-27T21:15,19.9,78,20.6,0.0,0.0,,9.4,318,19.4,
2026-08-27T21:30,19.5,83,20.8,0.0,0.0,,6.8,337,15.8,
2026-08-27T21:45,19.1,88,21.0,0.0,0.0,,4.3,356,11.9,
2026-08-27T22:00,18.9,91,21.2,0.0,0.0,,2.5,15,9.0,
2026-08-27T22:15,18.9,92,21.4,0.0,0.0,,2.2,45,7.6,
2026-08-27T22:30,19.1,91,21.5,0.0,0.0,,2.2,75,7.2,
2026-08-27T22:45,19.2,90,21.5,0.0,0.0,,2.9,105,7.2,
2026-08-27T23:00,19.2,90,21.4,0.0,0.0,,3.6,135,7.6,
2026-08-27T23:15,19.0,91,21.1,0.0,0.0,,4.7,139,8.6,
2026-08-27T23:30,18.7,92,20.5,0.0,0.0,,6.1,143,10.8,
2026-08-27T23:45,18.4,93,20.0,0.0,0.0,,7.2,147,12.6,
2026-08-28T00:00,18.2,94,19.7,0.0,0.0,,7.9,151,13.7,
2026-08-28T00:15,18.2,94,19.7,0.0,0.0,,7.6,161,13.3,
2026-08-28T00:30,18.2,94,19.8,0.0,0.0,,6.8,171,12.2,
2026-08-28T00:45,18.2,94,20.0,0.0,0.0,,5.8,180,10.8,
2026-08-28T01:00,18.2,94,20.0,0.0,0.0,,5.4,190,10.4,
2026-08-28T01:15,18.1,94,19.7,0.0,0.0,,6.1,182,11.2,
2026-08-28T01:30,17.9,95,19.4,0.0,0.0,,7.2,174,12.6,
2026-08-28T01:45,17.7,95,18.9,0.0,0.0,,8.6,166,14.0,
2026-08-28T02:00,17.6,95,18.7,0.0,0.0,,9.4,158,15.1,
2026-08-28T02:15,17.6,95,18.6,0.0,0.0,,9.7,174,16.2,
2026-08-28T02:30,17.5,95,18.5,0.0,0.0,,9.7,189,16.9,
2026-08-28T02:45,17.5,95,18.5,0.0,0.0,,9.7,205,17.3,
2026-08-28T03:00,17.5,95,18.5,0.0,0.0,,9.4,220,17.3,
2026-08-28T03:15,17.5,95,18.6,0.0,0.0,,8.6,200,15.8,
2026-08-28T03:30,17.6,95,18.8,0.0,0.0,,7.9,179,13.7,
2026-08-28T03:45,17.6,95,19.1,0.0,0.0,,6.8,159,11.5,
2026-08-28T04:00,17.6,95,19.2,0.0,0.0,,5.8,138,10.1,
2026-08-28T04:15,17.6,95,19.3,0.0,0.0,,4.7,168,9.7,
2026-08-28T04:30,17.4,95,19.2,0.0,0.0,,3.6,199,9.7,
2026-08-28T04:45,17.3,95,19.3,0.0,0.0,,2.5,229,10.1,
2026-08-28T05:00,17.2,95,19.2,0.0,0.0,,2.2,259,10.1,
2026-08-28T05:15,17.2,95,19.0,0.0,0.0,,2.5,251,9.4,
2026-08-28T19:30,19.4,75,19.0,0.0,0.0,1,14.4,231,36.7,1006.7
2026-08-28T05:30,17.3,97,19.2,0.0,0.0,,4.0,177,9.0,
2026-08-28T05:45,17.5,96,19.4,0.0,0.0,,4.0,168,8.3,
2026-08-28T06:00,17.7,95,19.5,0.0,0.0,,4.3,159,8.6,
2026-08-28T06:15,17.7,95,19.3,0.0,0.0,,5.4,184,10.1,
2026-08-28T06:30,17.6,95,19.0,0.0,0.0,,6.8,210,12.2,
2026-08-28T06:45,17.5,96,18.7,0.0,0.0,,8.3,235,14.8,
2026-08-28T07:00,17.4,96,18.5,0.0,0.0,,9.4,260,16.2,
2026-08-28T07:15,17.4,96,18.3,0.0,0.0,,9.7,243,16.9,
2026-08-28T07:30,17.4,96,18.3,0.0,0.0,,10.1,227,17.6,
2026-08-28T07:45,17.4,96,18.3,0.0,0.0,,9.7,210,17.6,
2026-08-28T08:00,17.4,96,18.4,0.0,0.0,,9.4,193,16.9,
2026-08-28T08:15,17.4,96,18.6,0.0,0.0,,8.3,184,15.1,
2026-08-28T08:30,17.4,96,18.9,0.0,0.0,,6.5,174,12.6,
2026-08-28T08:45,17.5,96,19.2,0.0,0.0,,4.7,165,10.1,
2026-08-28T09:00,17.6,96,19.5,0.0,0.0,,4.0,155,9.0,
2026-08-28T09:15,17.7,95,19.5,0.0,0.0,,4.7,163,10.1,
2026-08-28T09:30,18.0,93,19.5,0.0,0.0,,6.1,172,13.0,
2026-08-28T09:45,18.2,92,19.5,0.0,0.0,,7.6,180,15.8,
2026-08-28T10:00,18.3,91,19.4,0.0,0.0,,9.0,188,18.0,
2026-08-28T10:15,18.3,92,19.4,0.1,0.1,,9.7,184,19.1,
2026-08-28T10:30,18.2,94,19.4,0.1,0.1,,10.1,180,19.8,
2026-08-28T10:45,18.1,95,19.2,0.1,0.1,,10.4,176,20.2,
2026-08-28T11:00,18.1,95,19.2,0.1,0.1,,10.8,172,21.2,
2026-08-28T11:15,18.3,92,19.1,0.1,0.1,,11.5,182,23.0,
2026-08-28T11:30,18.6,88,19.1,0.1,0.1,,12.2,192,25.6,
2026-08-28T11:45,18.8,84,19.0,0.1,0.1,,13.0,202,27.7,
2026-08-28T12:00,18.8,82,18.8,0.1,0.1,,13.3,212,29.2,
2026-08-28T12:15,18.3,83,18.2,0.0,0.0,,13.3,209,28.8,
2026-08-28T12:30,17.5,86,17.3,0.0,0.0,,13.3,207,27.0,
2026-08-28T12:45,16.8,89,16.5,0.0,0.0,,13.3,204,25.6,
2026-08-28T13:00,16.4,91,16.0,0.0,0.0,,14.0,201,25.6,
2026-08-28T13:15,16.6,91,16.0,0.0,0.0,,15.8,202,28.1,
2026-08-28T13:30,17.2,90,16.3,0.0,0.0,,18.7,203,32.4,
2026-08-28T13:45,17.8,89,16.8,0.0,0.0,,21.2,204,36.7,
2026-08-28T14:00,18.1,88,16.9,0.0,0.0,,22.7,205,38.9,
2026-08-28T14:15,17.9,88,16.7,0.0,0.0,,22.3,209,38.5,
2026-08-28T14:30,17.4,88,16.2,0.0,0.0,,21.2,212,36.4,
2026-08-28T14:45,16.9,88,15.8,0.0,0.0,,19.4,216,33.5,
2026-08-28T15:00,16.7,88,15.6,0.0,0.0,,18.4,219,32.0,
2026-08-28T15:15,17.1,86,16.0,0.0,0.0,,18.0,224,32.0,
2026-08-28T15:30,17.7,84,16.7,0.0,0.0,,18.0,229,32.4,
2026-08-28T15:45,18.4,82,17.5,0.0,0.0,,18.0,233,33.1,
2026-08-28T16:00,18.8,80,17.9,0.0,0.0,,18.0,238,33.5,
2026-08-28T16:15,18.8,79,17.9,0.0,0.0,,17.6,236,33.5,
2026-08-28T16:30,18.6,79,17.8,0.0,0.0,,16.9,235,33.1,
2026-08-28T16:45,18.3,79,17.5,0.0,0.0,,16.2,233,32.8,
2026-08-28T17:00,18.3,79,17.6,0.0,0.0,,15.5,231,31.7,
2026-08-28T17:15,18.5,80,18.1,0.0,0.0,,14.4,229,29.9,
2026-08-28T17:30,18.9,81,19.0,0.0,0.0,,13.0,226,27.4,
2026-08-28T17:45,19.4,82,19.8,0.0,0.0,,11.9,224,25.2,
2026-08-28T18:00,19.7,82,20.4,0.0,0.0,,11.5,221,24.5,
2026-08-28T18:15,19.9,79,20.3,0.0,0.0,,12.2,225,25.9,
2026-08-28T18:30,20.0,75,19.8,0.0,0.0,,14.0,228,28.8,
2026-08-28T18:45,20.1,71,19.3,0.0,0.0,,15.8,232,31.7,
2026-08-28T19:00,20.0,70,19.0,0.0,0.0,,16.9,235,33.1,
2026-08-28T19:15,19.8,73,19.0,0.0,0.0,,16.9,228,33.1,
2026-08-28T19:45,19.1,84,19.0,0.0,0.0,,15.8,213,31.0,
2026-08-28T20:00,18.7,87,18.8,0.0,0.0,,15.1,206,28.8,
2026-08-28T20:15,18.3,87,18.4,0.0,0.0,,13.7,207,25.9,
2026-08-28T20:30,17.7,84,17.6,0.0,0.0,,12.2,209,22.0,
2026-08-28T20:45,17.3,81,17.1,0.0,0.0,,10.4,210,18.4,
2026-08-28T21:00,17.0,80,16.8,0.0,0.0,,9.4,211,15.8,
2026-08-28T21:15,17.0,81,16.9,0.0,0.0,,8.6,209,14.8,
2026-08-28T21:30,17.2,84,17.5,0.0,0.0,,8.6,207,14.4,
2026-08-28T21:45,17.5,88,18.1,0.0,0.0,,8.6,205,14.8,
2026-08-28T22:00,17.6,90,18.3,0.0,0.0,,9.0,203,15.5,
2026-08-28T22:15,17.5,91,18.1,0.0,0.0,,9.7,202,16.9,
2026-08-28T22:30,17.3,92,17.8,0.0,0.0,,10.8,200,19.4,
2026-08-28T22:45,17.1,92,17.4,0.0,0.0,,11.9,199,22.0,
2026-08-28T23:00,16.9,92,17.0,0.0,0.0,,12.6,197,23.4,
2026-08-28T23:15,16.8,92,16.8,0.0,0.0,,13.0,195,23.8,
2026-08-28T23:30,16.6,91,16.5,0.0,0.0,,12.6,193,23.0,
2026-08-28T23:45,16.5,90,16.3,0.0,0.0,,12.2,190,22.3,
2026-08-29T00:00,16.3,90,16.1,0.0,0.0,,12.2,188,22.0,
2026-08-29T00:15,16.2,90,15.9,0.0,0.0,,12.2,192,22.0,
2026-08-29T00:30,16.0,91,15.8,0.0,0.0,,12.2,195,22.0,
2026-08-29T00:45,15.9,92,15.7,0.0,0.0,,12.2,199,22.3,
2026-08-29T01:00,15.8,92,15.6,0.0,0.0,,12.2,202,22.7,
2026-08-29T01:15,16.1,93,15.8,0.0,0.0,,13.3,193,25.2,
2026-08-29T01:30,15.9,92,15.3,0.0,0.0,,15.1,193,27.4,
2026-08-29T01:45,15.8,91,14.8,0.0,0.0,,16.6,192,29.2,
2026-08-29T02:00,15.7,91,14.5,0.0,0.0,,17.6,192,30.2,
2026-08-29T02:15,15.6,91,14.4,0.0,0.0,,17.6,195,30.6,
2026-08-29T02:30,15.5,91,14.4,0.0,0.0,,17.3,197,29.9,
2026-08-29T02:45,15.5,91,14.5,0.0,0.0,,16.6,200,29.5,
2026-08-29T03:00,15.6,91,14.6,0.0,0.0,,16.2,202,28.8,
2026-08-29T03:15,15.8,91,14.9,0.0,0.0,,16.2,203,28.4,
2026-08-29T03:30,16.0,91,15.2,0.0,0.0,,15.8,205,28.1,
2026-08-29T03:45,16.3,92,15.7,0.0,0.0,,15.8,206,27.4,
2026-08-29T04:00,16.4,92,15.8,0.0,0.0,,15.5,207,26.6,
2026-08-29T04:15,16.2,93,15.7,0.0,0.0,,14.8,205,25.6,
2026-08-29T04:30,15.8,94,15.4,0.0,0.0,,14.0,203,24.1,
2026-08-29T04:45,15.4,95,15.1,0.0,0.0,,13.0,201,23.0,
2026-08-29T05:00,15.2,96,14.9,0.0,0.0,,12.6,199,22.3,
2026-08-29T05:15,15.1,96,14.8,0.0,0.0,,12.6,199,22.3,
2026-08-29T05:30,15.1,95,14.7,0.0,0.0,,13.0,199,23.0,
2026-08-29T05:45,15.2,94,14.7,0.0,0.0,,13.7,199,23.8,
2026-08-29T06:00,15.2,94,14.7,0.0,0.0,,13.7,199,24.1,
2026-08-29T06:15,15.2,94,14.6,0.0,0.0,,13.3,199,23.4,
2026-08-29T06:30,15.1,95,14.7,0.0,0.0,,12.6,198,22.3,
2026-08-29T06:45,15.0,96,14.6,0.0,0.0,,12.2,198,21.2,
2026-08-29T07:00,14.9,96,14.6,0.0,0.0,,11.9,197,20.9,
2026-08-29T07:15,15.0,96,14.6,0.0,0.0,,12.2,197,22.0,
2026-08-29T07:30,15.0,96,14.6,0.0,0.0,,13.3,197,23.8,
2026-08-29T07:45,15.1,96,14.5,0.0,0.0,,14.4,197,25.6,
2026-08-29T08:00,15.4,95,15.0,0.0,0.0,,13.3,197,24.8,
2026-08-29T08:15,15.7,94,15.3,0.0,0.0,,13.7,193,25.6,
2026-08-29T08:30,16.1,93,15.8,0.0,0.0,,13.7,188,25.9,
2026-08-29T08:45,16.5,91,16.2,0.0,0.0,,13.7,184,26.6,
2026-08-29T09:00,16.8,90,16.5,0.0,0.0,,14.0,179,27.4,
2026-08-29T09:15,17.0,89,16.6,0.0,0.0,,14.8,181,28.4,
2026-08-29T09:30,17.2,89,16.7,0.0,0.0,,15.5,183,29.9,
2026-08-29T09:45,17.4,89,16.9,0.0,0.0,,16.2,185,31.0,
2026-08-29T10:00,17.6,88,17.1,0.0,0.0,,16.6,187,31.7,
2026-08-29T10:15,18.0,87,17.6,0.0,0.0,,16.6,188,31.7,
2026-08-29T10:30,18.4,86,18.2,0.0,0.0,,16.2,189,31.0,
2026-08-29T10:45,18.8,85,18.7,0.0,0.0,,15.8,189,30.6,
2026-08-29T11:00,19.0,84,18.9,0.0,0.0,,15.8,190,30.6,
2026-08-29T11:15,19.0,84,18.7,0.0,0.0,,16.6,190,32.0,
2026-08-29T11:30,18.7,85,18.2,0.0,0.0,,18.0,191,34.2,
2026-08-29T11:45,18.5,85,17.7,0.0,0.0,,19.1,191,36.4,
2026-08-29T12:00,18.3,86,17.4,0.0,0.0,,19.8,191,37.4,
2026-08-29T12:15,18.2,86,17.4,0.1,0.1,,19.8,190,37.4,
2026-08-29T12:30,18.2,87,17.5,0.1,0.1,,19.4,190,36.7,
2026-08-29T12:45,18.2,87,17.6,0.1,0.1,,18.7,189,35.6,
2026-08-29T13:00,18.2,88,17.7,0.1,0.1,,18.4,188,34.9,
2026-08-29T13:15,18.2,89,17.8,0.1,0.1,,18.0,187,34.6,
2026-08-29T13:30,18.1,90,17.8,0.1,0.1,,17.6,186,34.6,
2026-08-29T19:15,19.4,87,17.8,0.0,0.0,3,29.2,199,54.4,1002.8
2026-08-29T13:45,18.5,88,17.7,0.1,0.1,,21.2,174,37.8,
2026-08-29T14:00,18.5,88,17.7,0.1,0.1,,21.6,169,38.2,
2026-08-29T14:15,18.4,89,17.7,0.4,0.4,,21.2,170,37.4,
2026-08-29T14:30,18.2,91,17.6,0.4,0.4,,20.5,172,36.4,
2026-08-29T14:45,18.1,93,17.7,0.4,0.4,,19.8,173,35.3,
2026-08-29T15:00,18.0,94,17.6,0.4,0.4,,19.4,174,35.3,
2026-08-29T15:15,18.1,93,17.7,0.1,0.1,,19.8,175,36.7,
2026-08-29T15:30,18.2,92,17.6,0.1,0.1,,20.9,176,39.2,
2026-08-29T15:45,18.4,90,17.6,0.1,0.1,,22.0,177,41.8,
2026-08-29T16:00,18.6,89,17.7,0.1,0.1,,22.3,178,43.2,
2026-08-29T16:15,18.6,90,17.9,0.1,0.1,,22.3,179,42.8,
2026-08-29T16:30,18.6,91,18.0,0.1,0.1,,21.6,180,41.8,
2026-08-29T16:45,18.7,92,18.3,0.1,0.1,,20.9,180,40.7,
2026-08-29T17:00,18.7,93,18.4,0.1,0.1,,20.9,181,40.3,
2026-08-29T17:15,18.9,93,18.6,0.1,0.1,,21.2,185,41.8,
2026-08-29T17:30,19.1,91,18.6,0.1,0.1,,22.3,189,44.3,
2026-08-29T17:45,19.3,90,18.7,0.1,0.1,,23.0,192,46.4,
2026-08-29T18:00,19.4,89,18.7,0.1,0.1,,23.8,196,48.2,
2026-08-29T18:15,19.5,88,18.8,0.0,0.0,,23.8,195,48.6,
2026-08-29T18:30,19.5,88,18.8,0.0,0.0,,23.8,194,48.6,
2026-08-29T18:45,19.5,87,18.7,0.0,0.0,,23.8,192,47.9,
2026-08-29T19:00,19.5,87,18.7,0.0,0.0,,23.8,191,47.9,
2026-08-29T19:30,19.4,87,18.3,0.0,0.0,,25.6,197,49.0,
2026-08-29T19:45,19.4,88,18.2,0.0,0.0,,26.3,199,49.3,
2026-08-29T20:00,19.2,90,17.9,0.0,0.0,,27.4,198,50.0,
2026-08-29T20:15,19.2,90,17.9,0.0,0.0,,27.7,199,50.0,
2026-08-29T20:30,19.3,90,18.0,0.0,0.0,,27.7,199,49.7,
2026-08-29T20:45,19.4,90,18.2,0.0,0.0,,27.4,200,49.3,
2026-08-29T21:00,19.4,90,18.4,0.0,0.0,,26.6,200,49.7,
2026-08-29T21:15,19.4,91,18.7,0.2,0.2,,25.2,207,50.8,
2026-08-29T21:30,19.4,91,18.9,0.2,0.2,,23.0,214,52.6,
2026-08-29T21:45,19.3,92,19.1,0.2,0.2,,21.2,220,54.0,
2026-08-29T22:00,19.2,92,19.2,0.2,0.2,,20.2,227,54.4,
2026-08-29T22:15,19.2,91,19.0,0.0,0.0,,20.2,227,52.6,
2026-08-29T22:30,19.0,91,18.8,0.0,0.0,,20.5,213,38.2,
2026-08-29T22:45,19.0,91,19.1,0.0,0.0,,18.0,218,34.2,
2026-08-29T23:00,18.9,90,19.1,0.0,0.0,,16.9,223,32.4,
2026-08-29T23:15,18.8,89,18.7,0.0,0.0,,17.6,223,33.5,
2026-08-29T23:30,18.5,88,17.9,0.0,0.0,,19.8,224,37.1,
2026-08-29T23:45,18.3,87,17.2,0.0,0.0,,22.0,224,40.7,
2026-08-30T00:00,18.1,86,16.6,0.0,0.0,,23.4,224,43.6,
2026-08-30T00:15,17.9,85,16.2,0.0,0.0,,24.1,226,44.6,
2026-08-30T00:30,17.8,85,16.0,0.0,0.0,,24.1,228,45.4,
2026-08-30T00:45,18.0,83,16.5,0.0,0.0,,21.6,231,42.5,
2026-08-30T01:00,17.9,83,16.3,0.0,0.0,,22.0,229,43.2,
2026-08-30T01:15,17.8,83,16.1,0.0,0.0,,22.7,230,43.9,
2026-08-30T01:30,17.7,84,16.0,0.0,0.0,,23.4,230,44.6,
2026-08-30T01:45,17.6,84,15.8,0.0,0.0,,24.1,231,44.6,
2026-08-30T02:00,17.5,85,15.6,0.0,0.0,,24.1,231,44.3,
2026-08-30T02:15,17.3,86,15.5,0.0,0.0,,23.8,230,42.8,
2026-08-30T02:30,17.0,87,15.4,0.0,0.0,,22.7,230,40.7,
2026-08-30T02:45,16.8,88,15.2,0.0,0.0,,21.6,229,38.5,
2026-08-30T03:00,16.7,89,15.3,0.0,0.0,,20.9,228,37.1,
2026-08-30T03:15,16.7,89,15.3,0.0,0.0,,20.9,227,37.1,
2026-08-30T03:30,16.9,88,15.4,0.0,0.0,,21.2,227,37.8,
2026-08-30T03:45,17.0,88,15.6,0.0,0.0,,21.6,226,38.5,
2026-08-30T04:00,17.1,87,15.7,0.0,0.0,,21.6,225,38.9,
2026-08-30T04:15,17.1,87,15.7,0.0,0.0,,21.2,225,38.5,
2026-08-30T04:30,17.1,87,15.7,0.0,0.0,,20.5,224,37.8,
2026-08-30T04:45,17.0,87,15.7,0.0,0.0,,20.2,224,37.1,
2026-08-30T05:00,17.0,87,15.7,0.0,0.0,,19.8,223,36.7,
2026-08-30T05:15,16.9,87,15.6,0.0,0.0,,20.2,221,37.1,
2026-08-30T05:30,16.9,88,15.5,0.0,0.0,,20.9,218,37.8,
2026-08-30T05:45,16.9,89,15.5,0.0,0.0,,21.2,216,38.5,
2026-08-30T06:00,16.6,90,15.5,0.0,0.0,,18.7,215,34.6,
2026-08-30T06:15,16.6,90,15.6,0.0,0.0,,18.4,215,34.2,
2026-08-30T06:30,16.6,90,15.7,0.0,0.0,,18.0,215,33.5,
2026-08-30T06:45,16.7,89,15.7,0.0,0.0,,18.0,214,33.1,
2026-08-30T07:00,16.7,89,15.8,0.0,0.0,,17.6,214,32.8,
2026-08-30T07:15,16.7,89,15.9,0.0,0.0,,17.3,215,32.4,
2026-08-30T07:30,16.7,89,15.9,0.0,0.0,,17.3,217,32.4,
2026-08-30T07:45,16.7,89,15.9,0.0,0.0,,16.9,218,32.4,
2026-08-30T08:00,16.8,89,16.0,0.0,0.0,,16.9,219,32.4,
2026-08-30T08:15,16.8,89,16.1,0.0,0.0,,16.9,220,32.4,
2026-08-30T08:30,16.9,89,16.1,0.0,0.0,,17.3,221,32.8,
2026-08-30T08:45,17.0,89,16.2,0.0,0.0,,17.3,222,32.8,
2026-08-30T09:00,17.1,88,16.3,0.0,0.0,,17.3,223,32.8,
2026-08-30T09:15,17.2,87,16.5,0.0,0.0,,16.9,224,32.4,
2026-08-30T09:30,17.4,86,16.7,0.0,0.0,,16.9,225,31.7,
2026-08-30T09:45,17.7,84,16.9,0.0,0.0,,16.6,226,31.0,
2026-08-30T10:00,17.9,83,17.3,0.0,0.0,,16.2,227,30.6,
2026-08-30T10:15,18.3,82,17.7,0.0,0.0,,16.2,227,31.0,
2026-08-30T10:30,18.7,80,18.1,0.0,0.0,,16.2,227,31.3,
2026-08-30T10:45,19.2,78,18.6,0.0,0.0,,16.6,226,32.0,
2026-08-30T11:00,19.5,77,18.9,0.0,0.0,,16.6,226,32.4,
2026-08-30T11:15,19.6,76,18.9,0.0,0.0,,16.6,227,32.8,
2026-08-30T11:30,19.5,79,19.3,0.0,0.0,,15.1,227,31.0,
2026-08-30T11:45,19.9,77,19.7,0.0,0.0,,14.8,225,30.2,
2026-08-30T12:00,20.2,75,20.1,0.0,0.0,,14.0,224,29.5,
2026-08-30T12:15,20.4,73,20.3,0.0,0.0,,13.3,222,28.1,
2026-08-30T12:30,20.5,71,20.3,0.0,0.0,,12.6,220,26.6,
2026-08-30T12:45,20.5,70,20.4,0.0,0.0,,11.9,217,24.8,
2026-08-30T13:00,20.6,69,20.5,0.0,0.0,,11.5,215,24.1,
2026-08-30T13:15,20.6,69,20.4,0.0,0.0,,11.9,211,24.5,
2026-08-30T13:30,20.6,70,20.5,0.0,0.0,,12.2,207,25.2,
2026-08-30T13:45,20.6,72,20.5,0.0,0.0,,13.0,203,26.3,
2026-08-30T14:00,20.6,72,20.5,0.0,0.0,,13.3,199,27.0,
2026-08-30T14:15,20.7,71,20.6,0.0,0.0,,13.3,201,27.4,
2026-08-30T14:30,20.9,70,20.8,0.0,0.0,,13.3,203,27.4,
2026-08-30T14:45,21.1,69,20.9,0.0,0.0,,13.3,205,27.7,
2026-08-30T15:00,21.2,68,21.0,0.0,0.0,,13.3,207,27.7,
2026-08-30T15:15,21.3,68,21.1,0.0,0.0,,13.3,206,28.1,
2026-08-30T20:30,20.4,73,20.3,0.0,0.0,2,13.7,215,31.3,1007.1
2026-08-30T15:30,22.4,61,21.8,0.0,0.0,,14.4,207,29.2,
2026-08-30T15:45,22.9,58,22.3,0.0,0.0,,13.7,205,29.2,
2026-08-30T16:00,23.1,56,22.5,0.0,0.0,,13.3,204,28.4,
2026-08-30T16:15,23.1,56,22.5,0.0,0.0,,12.6,201,27.0,
2026-08-30T16:30,22.8,58,22.4,0.0,0.0,,11.5,198,25.2,
2026-08-30T16:45,22.4,61,22.4,0.0,0.0,,10.8,195,23.4,
2026-08-30T17:00,22.1,63,22.1,0.0,0.0,,10.4,192,22.3,
2026-08-30T17:15,21.8,65,21.8,0.0,0.0,,11.2,191,22.7,
2026-08-30T17:30,21.5,67,21.5,0.0,0.0,,12.2,191,24.1,
2026-08-30T17:45,21.2,69,21.1,0.0,0.0,,13.3,190,25.2,
2026-08-30T18:00,21.0,71,20.9,0.0,0.0,,13.7,189,25.6,
2026-08-30T18:15,20.9,73,21.0,0.0,0.0,,13.3,184,24.5,
2026-08-30T18:30,20.8,74,21.1,0.0,0.0,,12.2,180,22.7,
2026-08-30T18:45,20.7,75,21.2,0.0,0.0,,10.8,175,20.5,
2026-08-30T19:00,20.7,76,21.4,0.0,0.0,,10.1,170,19.1,
2026-08-30T19:15,20.8,76,21.7,0.0,0.0,,9.4,179,18.4,
2026-08-30T19:30,21.0,75,21.9,0.0,0.0,,9.0,188,17.6,
2026-08-30T19:45,21.1,74,22.0,0.0,0.0,,9.0,197,17.3,
2026-08-30T20:00,21.2,73,22.0,0.0,0.0,,9.0,206,17.6,
2026-08-30T20:15,21.0,73,21.7,0.0,0.0,,9.7,206,18.7,
2026-08-30T20:45,20.4,74,20.6,0.0,0.0,,11.9,207,22.0,
2026-08-30T21:00,20.2,74,20.2,0.0,0.0,,12.2,207,23.0,
2026-08-30T21:15,20.0,74,20.1,0.0,0.0,,11.9,204,23.4,
2026-08-30T21:30,19.9,75,20.0,0.0,0.0,,11.5,200,23.4,
2026-08-31T01:45,16.7,90,16.0,0.0,0.0,1,16.9,218,33.1,1007.1
2026-08-30T21:45,18.7,82,19.5,0.0,0.0,,7.9,194,15.5,
2026-08-30T22:00,18.5,83,19.4,0.0,0.0,,6.8,190,13.7,
2026-08-30T22:15,18.5,82,19.4,0.0,0.0,,6.8,201,13.7,
2026-08-30T22:30,18.8,80,19.6,0.0,0.0,,7.2,211,14.8,
2026-08-30T22:45,19.1,78,19.7,0.0,0.0,,7.9,222,16.6,
2026-08-30T23:00,19.2,78,19.6,0.0,0.0,,9.4,232,19.1,
2026-08-30T23:15,18.9,81,19.1,0.9,0.9,,11.5,231,23.0,
2026-08-30T23:30,18.4,86,18.3,0.9,0.9,,14.8,230,28.4,
2026-08-30T23:45,17.8,90,17.4,0.9,0.9,,17.6,228,32.8,
2026-08-31T00:00,17.5,92,17.0,0.9,0.9,,18.4,227,33.8,
2026-08-31T00:15,17.5,90,17.2,0.0,0.0,,15.8,225,29.5,
2026-08-31T00:30,17.8,85,17.9,0.0,0.0,,11.5,224,22.0,
2026-08-31T00:45,18.0,80,18.4,0.0,0.0,,7.2,222,14.0,
2026-08-31T01:00,18.0,78,18.7,0.0,0.0,,5.0,220,10.4,
2026-08-31T01:15,17.8,79,18.2,0.0,0.0,,6.5,218,12.6,
2026-08-31T01:30,17.4,83,17.4,0.0,0.0,,10.1,216,18.7,
2026-08-31T02:00,16.6,90,15.8,0.0,0.0,,16.9,211,29.9,
2026-08-31T02:15,16.5,91,15.5,0.0,0.0,,18.0,209,31.7,
2026-08-31T02:30,16.4,92,15.5,0.0,0.0,,18.0,207,32.0,
2026-08-31T02:45,16.4,92,15.5,0.0,0.0,,17.6,204,31.7,
2026-08-31T03:00,16.3,92,15.5,0.0,0.0,,17.6,202,32.0,
2026-08-31T03:15,16.2,92,15.2,0.0,0.0,,18.4,203,33.1,
2026-08-31T03:30,16.1,91,14.9,0.0,0.0,,19.1,205,34.2,
2026-08-31T12:00,17.3,87,15.2,0.1,0.1,51,26.3,223,54.0,1008.1
2026-08-31T03:45,16.7,87,15.6,0.0,0.0,,18.0,206,31.0,
2026-08-31T04:00,16.6,86,15.4,0.0,0.0,,18.4,206,31.7,
2026-08-31T04:15,16.5,86,15.1,0.0,0.0,,18.7,207,32.8,
2026-08-31T04:30,16.2,88,14.9,0.0,0.0,,19.1,208,33.8,
2026-08-31T04:45,15.9,89,14.5,0.0,0.0,,19.4,209,34.9,
2026-08-31T05:00,15.8,90,14.3,0.0,0.0,,19.4,210,35.6,
2026-08-31T05:15,15.7,91,14.3,0.0,0.0,,19.4,209,35.6,
2026-08-31T05:30,15.7,92,14.4,0.0,0.0,,19.1,209,35.3,
2026-08-31T05:45,15.8,92,14.5,0.0,0.0,,19.1,208,35.3,
2026-08-31T06:00,15.9,91,14.6,0.0,0.0,,19.1,207,35.6,
2026-08-31T06:15,16.0,88,14.5,0.0,0.0,,19.8,207,37.4,
2026-08-31T06:30,16.3,85,14.5,0.0,0.0,,20.9,206,40.0,
2026-08-31T06:45,16.5,81,14.4,0.0,0.0,,21.6,206,42.1,
2026-08-31T07:00,16.6,79,14.4,0.0,0.0,,22.0,205,43.2,
2026-08-31T07:15,16.6,80,14.6,0.0,0.0,,21.2,204,42.5,
2026-08-31T07:30,16.5,82,14.8,0.0,0.0,,19.8,203,40.3,
2026-08-31T07:45,16.4,85,15.0,0.0,0.0,,18.4,201,37.8,
2026-08-31T08:00,16.3,87,15.1,0.0,0.0,,17.6,200,36.4,
2026-08-31T08:15,16.2,88,15.1,0.0,0.0,,17.6,201,36.0,
2026-08-31T08:30,16.2,88,14.9,0.0,0.0,,18.0,202,36.4,
2026-08-31T08:45,16.1,88,14.8,0.0,0.0,,18.7,203,37.1,
2026-08-31T09:00,16.2,88,14.7,0.0,0.0,,19.4,204,38.2,
2026-08-31T09:15,16.3,88,14.8,0.1,0.1,,20.2,208,40.3,
2026-08-31T09:30,16.6,89,15.1,0.1,0.1,,20.9,212,42.8,
2026-08-31T09:45,16.8,89,15.3,0.1,0.1,,22.0,216,45.7,
2026-08-31T10:00,16.9,89,15.4,0.1,0.1,,22.3,220,47.9,
2026-08-31T19:30,19.0,75,17.6,0.0,0.0,2,20.2,258,40.7,1012.4
2026-08-31T10:15,18.0,76,15.3,0.0,0.0,,26.6,214,51.5,
2026-08-31T10:30,17.6,80,15.3,0.0,0.0,,25.2,215,48.6,
2026-08-31T10:45,17.3,85,15.5,0.0,0.0,,23.0,215,45.0,
2026-08-31T11:00,17.1,88,15.6,0.0,0.0,,22.0,215,42.8,
2026-08-31T11:15,17.0,89,15.6,0.0,0.0,,22.0,217,42.5,
2026-08-31T11:30,17.1,89,15.7,0.0,0.0,,22.3,218,43.2,
2026-08-31T11:45,17.2,88,15.6,0.0,0.0,,23.0,220,44.3,
2026-08-31T12:15,17.6,85,16.0,0.1,0.1,,22.3,225,43.9,
2026-08-31T12:30,17.8,83,16.3,0.1,0.1,,21.2,229,42.8,
2026-08-31T12:45,18.0,81,16.7,0.1,0.1,,20.2,233,41.4,
2026-08-31T13:00,18.2,80,16.9,0.1,0.1,,19.8,237,41.0,
2026-08-31T13:15,18.3,80,17.0,0.0,0.0,,20.2,238,41.8,
2026-08-31T13:30,18.4,82,17.1,0.0,0.0,,21.6,239,43.2,
2026-08-31T13:45,18.5,83,17.1,0.0,0.0,,22.7,239,44.3,
2026-08-31T14:00,18.7,83,17.5,0.0,0.0,,23.4,240,45.4,
2026-08-31T14:15,18.9,81,18.0,0.0,0.0,,23.4,244,45.4,
2026-08-31T14:30,19.3,79,18.7,0.0,0.0,,22.7,248,45.0,
2026-08-31T14:45,19.6,76,18.9,0.0,0.0,,22.3,252,44.6,
2026-08-31T15:00,19.9,73,18.7,0.0,0.0,,22.0,256,44.6,
2026-08-31T15:15,20.0,71,18.3,0.0,0.0,,22.3,257,45.0,
2026-08-31T15:30,20.1,69,18.2,0.0,0.0,,22.7,258,46.1,
2026-08-31T15:45,20.2,67,18.0,0.0,0.0,,23.4,258,46.8,
2026-08-31T16:00,20.2,66,18.0,0.0,0.0,,23.8,259,47.2,
2026-08-31T16:15,20.2,66,18.0,0.0,0.0,,23.8,259,47.2,
2026-08-31T16:30,20.2,68,18.1,0.0,0.0,,23.8,260,46.4,
2026-08-31T16:45,20.2,70,18.3,0.0,0.0,,23.8,260,46.1,
2026-08-31T17:00,20.2,71,18.4,0.0,0.0,,23.4,260,45.4,
2026-08-31T17:15,20.1,72,18.4,0.0,0.0,,23.0,260,45.0,
2026-08-31T17:30,20.0,73,18.4,0.0,0.0,,23.0,259,44.3,
2026-08-31T17:45,19.9,73,18.3,0.0,0.0,,22.7,259,43.6,
2026-08-31T18:00,19.9,73,18.3,0.0,0.0,,22.3,258,42.8,
2026-08-31T18:15,19.9,72,18.4,0.0,0.0,,21.6,260,41.8,
2026-08-31T18:30,20.0,71,18.4,0.0,0.0,,21.2,262,40.7,
2026-08-31T18:45,20.0,69,18.4,0.0,0.0,,20.5,263,39.6,
2026-08-31T19:00,20.0,69,18.5,0.0,0.0,,19.8,265,38.5,
2026-08-31T19:15,19.8,70,18.3,0.0,0.0,,19.4,264,37.4,
2026-08-31T19:45,19.2,75,18.0,0.0,0.0,,18.7,261,35.6,
2026-08-31T20:00,18.8,77,17.8,0.0,0.0,,18.0,259,34.2,
2026-08-31T20:15,18.5,79,17.7,0.0,0.0,,16.6,257,31.7,
2026-08-31T20:30,18.0,81,17.5,0.0,0.0,,14.8,256,28.4,
2026-08-31T20:45,17.6,83,17.3,0.0,0.0,,13.0,254,25.2,
2026-08-31T21:00,17.3,85,17.2,0.0,0.0,,11.9,252,23.0,
2026-08-31T21:15,17.1,86,17.1,0.0,0.0,,11.5,248,22.3,
2026-08-31T21:30,17.0,87,16.9,0.0,0.0,,11.9,244,22.3,
2026-08-31T21:45,16.9,87,16.6,0.0,0.0,,12.6,240,22.7,
2026-08-31T22:00,16.8,88,16.5,0.0,0.0,,12.6,236,23.0,
2026-09-01T08:30,15.0,89,14.6,0.0,0.0,0,10.1,239,20.5,1016.9
2026-08-31T22:15,17.7,82,17.1,0.0,0.0,,15.1,245,28.4,
2026-08-31T22:30,17.5,84,17.0,0.0,0.0,,14.4,242,27.0,
2026-08-31T22:45,17.2,86,16.9,0.0,0.0,,13.3,238,24.8,
2026-08-31T23:00,17.0,88,16.9,0.0,0.0,,12.2,235,23.0,
2026-08-31T23:15,16.7,89,16.6,0.0,0.0,,11.5,234,21.2,
2026-08-31T23:30,16.3,90,16.4,0.0,0.0,,10.4,232,19.4,
2026-08-31T23:45,16.0,91,16.1,0.0,0.0,,9.7,231,17.6,
2026-09-01T00:00,15.8,91,15.9,0.0,0.0,,9.4,229,16.9,
2026-09-01T00:15,15.8,91,15.8,0.0,0.0,,9.4,228,16.9,
2026-09-01T00:30,15.8,91,15.9,0.0,0.0,,9.7,228,18.0,
2026-09-01T00:45,15.9,90,15.8,0.0,0.0,,10.4,227,19.1,
2026-09-01T01:00,15.9,90,15.7,0.0,0.0,,10.8,226,20.2,
2026-09-01T01:15,15.8,91,15.7,0.0,0.0,,11.2,227,20.9,
2026-09-01T01:30,15.7,91,15.4,0.0,0.0,,11.9,228,21.2,
2026-09-01T01:45,15.6,92,15.2,0.0,0.0,,12.6,228,22.0,
2026-09-01T02:00,15.5,93,15.0,0.0,0.0,,13.0,229,22.3,
2026-09-01T02:15,15.3,93,14.8,0.0,0.0,,13.3,228,23.0,
2026-09-01T02:30,15.2,93,14.5,0.0,0.0,,13.7,227,23.4,
2026-09-01T02:45,15.1,93,14.4,0.0,0.0,,13.7,225,24.1,
2026-09-01T03:00,15.0,93,14.3,0.0,0.0,,14.0,224,24.5,
2026-09-01T03:15,15.1,92,14.3,0.0,0.0,,14.4,226,24.8,
2026-09-01T03:30,15.4,91,14.6,0.0,0.0,,14.4,228,25.2,
2026-09-01T03:45,15.6,90,14.8,0.0,0.0,,14.4,230,25.2,
2026-09-01T04:00,15.7,89,14.9,0.0,0.0,,14.4,232,24.8,
2026-09-01T04:15,15.6,90,14.9,0.0,0.0,,14.0,230,24.1,
2026-09-01T04:30,15.4,91,14.8,0.0,0.0,,13.3,227,23.0,
2026-09-01T04:45,15.2,92,14.7,0.0,0.0,,12.2,225,22.0,
2026-09-01T05:00,15.0,93,14.6,0.0,0.0,,11.9,222,21.2,
2026-09-01T05:15,14.9,93,14.4,0.0,0.0,,11.9,222,20.9,
2026-09-01T05:30,14.7,93,14.1,0.0,0.0,,11.9,221,20.9,
2026-09-01T05:45,14.5,93,13.9,0.0,0.0,,11.9,221,21.2,
2026-09-01T06:00,14.4,93,13.7,0.0,0.0,,11.9,220,21.2,
2026-09-01T06:15,14.3,93,13.6,0.0,0.0,,11.9,222,21.2,
2026-09-01T06:30,14.2,93,13.4,0.0,0.0,,11.9,224,21.2,
2026-09-01T06:45,14.1,93,13.4,0.0,0.0,,11.5,225,21.2,
2026-09-01T07:00,14.1,93,13.4,0.0,0.0,,11.5,227,21.2,
2026-09-01T07:15,14.1,93,13.4,0.0,0.0,,11.5,230,21.2,
2026-09-01T07:30,14.1,92,13.4,0.0,0.0,,11.5,232,20.9,
2026-09-01T07:45,14.2,92,13.4,0.0,0.0,,11.5,235,20.5,
2026-09-01T08:00,14.3,91,13.6,0.0,0.0,,11.2,237,20.5,
2026-09-01T08:15,14.6,90,14.0,0.0,0.0,,10.8,238,20.5,
2026-09-01T08:45,15.5,87,15.1,0.0,0.0,,9.7,240,20.5,
2026-09-01T09:00,15.9,85,15.7,0.0,0.0,,9.4,241,20.5,
2026-09-01T09:15,16.5,83,16.3,0.0,0.0,,9.4,243,20.5,
2026-09-01T09:30,17.0,80,16.8,0.0,0.0,,9.4,245,20.2,
2026-09-01T09:45,17.6,77,17.4,0.0,0.0,,9.7,246,20.2,
2026-09-01T10:00,18.1,74,17.8,0.0,0.0,,10.1,248,20.5,
2026-09-01T10:15,18.5,71,18.0,0.0,0.0,,10.4,251,21.6,
2026-09-01T10:30,18.8,69,18.2,0.0,0.0,,11.2,255,23.0,
2026-09-01T10:45,19.1,66,18.2,0.0,0.0,,11.9,258,24.5,
2026-09-01T11:00,19.4,64,18.4,0.0,0.0,,12.2,261,25.6,
2026-09-01T11:15,19.6,62,18.5,0.0,0.0,,12.2,265,25.9,
2026-09-01T11:30,19.9,61,18.8,0.0,0.0,,12.2,268,25.6,
2026-09-01T11:45,20.1,59,19.0,0.0,0.0,,11.9,272,25.2,
2026-09-01T12:00,20.3,58,19.2,0.0,0.0,,11.5,275,24.8,
2026-09-01T12:15,20.2,58,19.2,0.0,0.0,,11.5,282,24.5,
2026-09-01T12:30,20.1,59,19.1,0.0,0.0,,11.5,289,23.8,
2026-09-01T12:45,19.9,60,18.9,0.0,0.0,,11.5,296,23.0,
2026-09-01T13:00,20.0,60,19.0,0.0,0.0,,11.2,303,22.7,
2026-09-01T13:15,20.3,58,19.4,0.0,0.0,,10.4,297,22.3,
2026-09-01T13:30,20.9,54,19.9,0.0,0.0,,9.4,292,22.3,
2026-09-01T13:45,21.4,51,20.4,0.0,0.0,,8.3,286,22.7,
2026-09-01T14:00,21.6,50,20.6,0.0,0.0,,8.3,280,23.4,
2026-09-01T14:15,21.3,53,20.3,0.0,0.0,,9.7,273,25.2,
2026-09-01T14:30,20.6,58,19.5,0.0,0.0,,12.6,267,27.7,
2026-09-01T14:45,20.0,63,18.6,0.0,0.0,,15.1,260,29.9,
2026-09-01T15:00,19.8,65,18.4,0.0,0.0,,16.2,253,31.0,
2026-09-01T15:15,20.2,62,18.8,0.0,0.0,,15.5,258,29.9,
2026-09-01T15:30,21.1,56,19.8,0.0,0.0,,13.3,263,27.7,
2026-09-01T15:45,21.9,50,20.7,0.0,0.0,,10.8,267,25.2,
2026-09-01T16:00,22.5,46,21.2,0.0,0.0,,9.4,272,23.4,
2026-09-01T16:15,22.5,45,21.2,0.0,0.0,,9.0,269,22.7,
2026-09-01T16:30,22.4,46,21.2,0.0,0.0,,9.0,265,22.3,
2026-09-01T16:45,22.0,47,20.7,0.0,0.0,,9.7,262,22.3,
2026-09-01T17:00,21.8,49,20.5,0.0,0.0,,10.1,258,22.7,
2026-09-01T17:15,21.6,51,20.3,0.0,0.0,,10.8,256,23.4,
2026-09-01T17:30,21.3,53,20.0,0.0,0.0,,11.9,254,24.5,
2026-09-01T17:45,21.1,55,19.8,0.0,0.0,,12.6,251,25.6,
2026-09-01T18:00,20.9,56,19.5,0.0,0.0,,13.3,249,26.3,
2026-09-01T18:15,20.7,57,19.3,0.0,0.0,,13.7,250,26.3,
2026-09-01T18:30,20.6,57,19.1,0.0,0.0,,13.7,251,26.3,
2026-09-01T18:45,20.4,57,19.0,0.0,0.0,,13.7,251,25.9,
2026-09-01T19:00,20.2,57,18.7,0.0,0.0,,13.3,252,25.6,
2026-09-01T19:15,20.0,57,18.5,0.0,0.0,,13.0,255,25.6,
2026-09-01T19:30,19.7,58,18.3,0.0,0.0,,12.2,259,25.6,
2026-09-01T19:45,20.5,53,18.9,0.0,0.0,,11.9,278,22.0,
2026-09-01T20:00,20.0,55,18.6,0.0,0.0,,11.2,276,20.2,
2026-09-01T20:15,19.5,57,18.3,0.0,0.0,,10.1,270,17.6,
2026-09-01T20:30,18.8,60,17.8,0.0,0.0,,8.6,265,14.8,
2026-09-01T20:45,18.1,62,17.3,0.0,0.0,,7.6,259,11.9,
2026-09-01T21:00,17.6,64,16.9,0.0,0.0,,6.5,253,9.7,
2026-09-01T21:15,17.2,66,16.7,0.0,0.0,,5.8,258,9.0,
2026-09-01T21:30,17.0,67,16.5,0.0,0.0,,5.4,262,9.0,
2026-09-01T21:45,16.8,69,16.5,0.0,0.0,,5.0,267,9.4,
2026-09-01T22:00,16.6,70,16.2,0.0,0.0,,5.0,271,9.7,
2026-09-01T22:15,17.2,68,16.7,0.0,0.0,,5.8,243,11.9,
2026-09-01T22:30,17.0,70,16.8,0.0,0.0,,4.3,240,9.0,
2026-09-01T22:45,16.8,72,16.9,0.0,0.0,,3.2,237,6.1,
2026-09-01T23:00,16.5,73,16.7,0.0,0.0,,2.5,234,4.7,
2026-09-01T23:15,16.2,74,16.3,0.0,0.0,,2.9,225,5.0,
2026-09-01T23:30,15.8,75,15.7,0.0,0.0,,4.3,217,6.5,
2026-09-01T23:45,15.5,75,15.0,0.0,0.0,,5.4,208,8.3,
2026-09-02T00:00,15.2,76,14.6,0.0,0.0,,6.5,199,9.4,
2026-09-02T00:15,15.0,77,14.3,0.0,0.0,,6.8,201,9.7,
2026-09-02T00:30,14.5,83,14.1,0.0,0.0,,6.8,208,10.8,
2026-09-02T00:45,14.7,82,14.3,0.0,0.0,,6.8,209,10.8,
2026-09-02T01:00,14.8,82,14.3,0.0,0.0,,6.8,209,10.8,
2026-09-02T01:15,14.6,83,14.3,0.0,0.0,,6.5,209,10.4,
2026-09-02T01:30,14.3,84,14.0,0.0,0.0,,6.1,208,10.1,
2026-09-02T01:45,14.1,85,13.8,0.0,0.0,,5.8,208,9.7,
2026-09-02T02:00,13.8,86,13.5,0.0,0.0,,5.8,207,9.4,
2026-09-02T02:15,13.7,87,13.3,0.0,0.0,,5.8,207,9.4,
2026-09-02T02:30,13.6,87,13.2,0.0,0.0,,6.1,207,9.7,
2026-09-02T02:45,13.5,88,13.0,0.0,0.0,,6.5,206,10.4,
2026-09-02T03:00,13.4,88,12.9,0.0,0.0,,6.8,206,10.8,
2026-09-02T03:15,13.4,88,12.9,0.0,0.0,,7.2,204,11.5,
2026-09-02T03:30,13.5,89,12.9,0.0,0.0,,7.6,201,12.2,
2026-09-02T03:45,13.5,89,12.9,0.0,0.0,,7.9,199,13.0,
2026-09-02T04:00,13.6,89,12.9,0.0,0.0,,8.3,196,13.7,
2026-09-02T04:15,13.6,89,13.0,0.0,0.0,,8.3,198,14.0,
2026-09-02T04:30,13.6,89,13.0,0.0,0.0,,8.3,199,14.4,
2026-09-02T04:45,13.5,91,12.8,0.0,0.0,,9.4,201,15.8,
2026-09-02T05:00,13.5,91,12.7,0.0,0.0,,9.7,202,16.6,
2026-09-02T05:15,13.4,91,12.5,0.0,0.0,,10.1,204,16.9,
2026-09-02T05:30,13.2,92,12.3,0.0,0.0,,10.1,206,17.3,
2026-09-02T05:45,13.0,92,12.1,0.0,0.0,,10.1,207,17.3,
2026-09-02T06:00,12.9,92,11.9,0.0,0.0,,10.1,209,16.9,
2026-09-02T06:15,12.8,93,11.9,0.0,0.0,,9.7,205,16.2,
2026-09-02T06:30,12.6,93,11.9,0.0,0.0,,8.6,201,14.8,
2026-09-02T06:45,12.6,94,12.0,0.0,0.0,,7.9,196,13.7,
2026-09-02T07:00,12.6,94,12.0,0.0,0.0,,7.6,192,13.3,
2026-09-02T07:15,12.7,94,12.1,0.0,0.0,,7.6,193,13.7,
2026-09-02T07:30,12.9,94,12.3,0.0,0.0,,7.9,195,14.8,
2026-09-02T07:45,13.1,93,12.5,0.0,0.0,,8.3,196,15.8,
2026-09-02T08:00,13.3,93,12.7,0.0,0.0,,8.6,197,16.6,
2026-09-02T08:15,13.4,93,12.9,0.0,0.0,,8.6,203,16.9,
2026-09-02T08:30,13.5,92,12.9,0.0,0.0,,9.0,210,16.6,
2026-09-02T08:45,13.7,91,13.1,0.0,0.0,,9.0,216,16.6,
2026-09-02T09:00,14.0,90,13.4,0.0,0.0,,9.0,222,16.6,
2026-09-02T09:15,14.5,88,14.0,0.0,0.0,,9.0,226,16.9,
2026-09-02T09:30,15.2,85,14.7,0.0,0.0,,9.0,230,17.3,
2026-09-02T09:45,15.9,82,15.5,0.0,0.0,,9.0,234,18.0,
2026-09-02T10:00,16.5,80,16.1,0.0,0.0,,9.0,238,18.4,
2026-09-02T10:15,16.9,78,16.5,0.0,0.0,,9.4,239,18.7,
2026-09-02T10:30,17.2,77,16.8,0.0,0.0,,9.7,240,19.4,
2026-09-02T10:45,17.5,76,17.0,0.0,0.0,,10.1,241,20.2,
2026-09-02T11:00,17.8,75,17.3,0.0,0.0,,10.4,242,20.5,
2026-09-02T11:15,18.2,73,17.7,0.0,0.0,,10.4,246,20.9,
2026-09-02T11:30,18.6,72,18.2,0.0,0.0,,10.4,250,21.2,
2026-09-02T11:45,18.9,70,18.5,0.0,0.0,,10.4,253,21.6,
2026-09-02T12:00,19.2,68,18.7,0.0,0.0,,10.4,257,22.0,
2026-09-02T12:15,19.4,67,18.9,0.0,0.0,,10.4,257,22.3,
2026-09-02T12:30,19.4,66,18.8,0.0,0.0,,10.4,257,22.3,
2026-09-02T12:45,19.4,64,18.7,0.0,0.0,,10.4,256,22.7,
2026-09-02T13:00,19.6,63,18.8,0.0,0.0,,10.4,256,23.0,
2026-09-02T13:15,20.0,61,19.2,0.0,0.0,,10.4,255,23.4,
2026-09-02T13:30,20.5,59,19.6,0.0,0.0,,10.8,253,23.8,
2026-09-02T13:45,21.0,57,20.1,0.0,0.0,,11.2,252,24.1,
2026-09-02T14:00,21.5,55,20.5,0.0,0.0,,11.5,250,24.8,
2026-09-02T14:15,21.8,53,20.6,0.0,0.0,,11.9,251,25.6,
2026-09-02T14:30,22.0,51,20.7,0.0,0.0,,12.6,251,26.6,
2026-09-02T14:45,22.3,50,20.9,0.0,0.0,,13.3,252,27.7,
2026-09-02T15:00,22.4,48,20.9,0.0,0.0,,13.7,252,28.4,
2026-09-02T15:15,22.6,46,20.8,0.0,0.0,,14.0,254,29.2,
2026-09-02T15:30,22.7,45,20.8,0.0,0.0,,14.0,256,29.5,
2026-09-02T15:45,22.8,44,20.7,0.0,0.0,,14.0,258,29.5,
2026-09-02T16:00,22.8,43,20.6,0.0,0.0,,14.0,260,29.9,
2026-09-02T16:15,22.8,43,20.6,0.0,0.0,,14.4,261,29.9,
2026-09-02T16:30,22.7,44,20.6,0.0,0.0,,14.8,262,29.9,
2026-09-02T16:45,22.6,45,20.5,0.0,0.0,,14.8,262,29.9,
2026-09-02T17:00,22.4,46,20.4,0.0,0.0,,14.8,263,29.9,
2026-09-02T17:15,22.1,47,20.1,0.0,0.0,,14.4,264,29.9,
2026-09-02T17:30,22.4,46,20.3,0.0,0.0,,14.8,258,29.2,
2026-09-02T17:45,22.4,45,20.3,0.0,0.0,,14.4,256,28.1,
2026-09-02T18:00,22.4,45,20.4,0.0,0.0,,13.7,253,26.3,
2026-09-02T18:15,22.4,45,20.6,0.0,0.0,,11.9,263,23.0,
2026-09-02T18:30,22.4,45,21.1,0.0,0.0,,9.0,273,18.4,
2026-09-02T18:45,22.4,45,21.4,0.0,0.0,,6.5,283,14.0,
2026-09-02T19:00,22.3,45,21.6,0.0,0.0,,4.7,293,10.8,
2026-09-02T19:15,22.0,46,21.3,0.0,0.0,,4.3,284,9.4,
2026-09-02T19:30,21.5,48,20.9,0.0,0.0,,4.7,275,9.4,
2026-09-02T19:45,21.1,50,20.5,0.0,0.0,,5.0,266,9.4,
2026-09-02T20:00,20.8,51,20.1,0.0,0.0,,5.8,257,9.7,
2026-09-02T20:15,20.6,52,19.8,0.0,0.0,,6.1,230,9.7,
2026-09-02T20:30,20.4,52,19.5,0.0,0.0,,6.8,204,10.1,
2026-09-02T20:45,20.4,52,19.4,0.0,0.0,,7.2,177,10.8,
2026-09-02T21:00,20.3,52,19.2,0.0,0.0,,7.6,150,11.2,
2026-09-02T21:15,20.2,52,19.1,0.0,0.0,,7.9,162,11.9,
2026-09-02T21:30,20.1,53,19.0,0.0,0.0,,8.3,173,12.6,
2026-09-02T21:45,20.1,54,19.0,0.0,0.0,,8.6,185,13.3,
2026-09-02T22:00,20.0,54,18.9,0.0,0.0,,8.6,196,14.0,
2026-09-02T22:15,19.9,54,18.7,0.0,0.0,,8.6,200,14.4,
2026-09-02T22:30,19.8,55,18.7,0.0,0.0,,8.3,204,14.4,
2026-09-03T02:30,18.9,56,17.2,0.0,0.0,3,11.9,212,20.9,1016.2
2026-09-03T07:00,17.9,85,17.4,0.0,0.0,2,16.2,233,31.7,1015.0
2026-09-03T11:45,19.8,83,19.3,0.0,0.0,3,20.2,252,40.3,1016.3
2026-09-03T16:00,20.8,81,20.5,0.0,0.0,3,20.5,245,41.8,1016.4
2026-09-03T19:45,21.1,83,21.3,0.0,0.0,3,19.1,246,36.7,1015.7
2026-09-02T22:45,19.5,56,18.5,0.0,0.0,,7.6,198,13.7,
2026-09-02T23:00,19.2,57,18.3,0.0,0.0,,7.9,167,13.3,
2026-09-02T23:15,19.1,57,18.1,0.0,0.0,,7.9,177,13.0,
2026-09-02T23:30,19.2,56,18.2,0.0,0.0,,7.6,186,12.6,
2026-09-02T23:45,19.2,54,18.1,0.0,0.0,,7.6,196,12.2,
2026-09-03T00:00,19.3,54,18.1,0.0,0.0,,7.6,205,12.2,
2026-09-03T00:15,19.3,55,18.2,0.0,0.0,,7.9,202,13.3,
2026-09-03T00:30,19.4,56,18.3,0.0,0.0,,8.6,200,14.8,
2026-09-03T00:45,19.5,57,18.4,0.0,0.0,,9.4,197,16.2,
2026-09-03T01:00,19.5,58,18.4,0.0,0.0,,10.1,194,17.6,
2026-09-03T01:15,19.4,58,18.2,0.0,0.0,,10.4,194,18.7,
2026-09-03T01:30,19.2,57,17.7,0.0,0.0,,11.2,194,19.4,
2026-09-03T01:45,18.9,56,17.3,0.0,0.0,,11.5,193,20.2,
2026-09-03T02:00,18.8,55,17.0,0.0,0.0,,11.9,193,20.9,
2026-09-03T02:15,18.8,53,16.7,0.0,0.0,,12.2,197,21.6,
2026-09-03T02:45,18.9,49,16.5,0.0,0.0,,13.0,204,22.3,
2026-09-03T03:00,19.0,49,16.5,0.0,0.0,,13.3,207,23.0,
2026-09-03T03:15,19.0,51,16.6,0.0,0.0,,14.0,211,23.8,
2026-09-03T03:30,19.1,55,17.0,0.0,0.0,,14.4,215,24.8,
2026-09-03T03:45,19.2,59,17.4,0.0,0.0,,15.1,218,25.9,
2026-09-03T04:00,19.2,64,17.7,0.0,0.0,,15.5,222,26.6,
2026-09-03T04:15,19.2,69,18.0,0.0,0.0,,15.5,224,27.0,
2026-09-03T04:30,19.1,75,18.4,0.0,0.0,,15.5,227,27.4,
2026-09-03T04:45,19.0,80,18.7,0.0,0.0,,15.5,229,27.0,
2026-09-03T05:00,18.9,83,18.8,0.0,0.0,,15.1,231,27.0,
2026-09-03T05:15,18.8,84,18.7,0.0,0.0,,14.8,227,26.6,
2026-09-03T05:30,18.5,84,18.4,0.0,0.0,,14.4,223,25.9,
2026-09-03T05:45,18.4,83,18.2,0.0,0.0,,14.0,218,25.2,
2026-09-03T06:00,18.3,82,18.0,0.0,0.0,,13.7,214,24.8,
2026-09-03T06:15,18.3,82,18.1,0.0,0.0,,13.7,216,25.2,
2026-09-03T06:30,18.5,81,18.2,0.0,0.0,,13.7,217,26.3,
2026-09-03T06:45,18.7,80,18.4,0.0,0.0,,14.0,219,27.4,
2026-09-03T07:15,19.0,80,18.7,0.0,0.0,,14.4,223,28.8,
2026-09-03T07:30,19.1,80,18.9,0.0,0.0,,14.4,226,29.9,
2026-09-03T07:45,19.2,80,19.0,0.0,0.0,,14.8,229,30.2,
2026-09-03T08:00,19.2,80,19.0,0.0,0.0,,14.8,232,30.6,
2026-09-03T08:15,19.2,81,19.1,0.0,0.0,,14.4,231,29.9,
2026-09-03T08:30,19.1,82,19.2,0.0,0.0,,13.3,230,28.8,
2026-09-03T08:45,18.9,83,19.2,0.0,0.0,,12.6,228,27.4,
2026-09-03T09:00,18.9,84,19.2,0.0,0.0,,12.6,227,27.0,
2026-09-03T09:15,19.0,84,19.3,0.0,0.0,,13.3,227,27.7,
2026-09-03T09:30,19.3,83,19.4,0.0,0.0,,14.4,227,29.2,
2026-09-03T09:45,19.5,81,19.4,0.0,0.0,,15.5,226,30.6,
2026-09-03T10:00,19.6,81,19.4,0.0,0.0,,16.6,226,32.0,
2026-09-03T10:15,19.6,82,19.4,0.0,0.0,,17.3,230,33.1,
2026-09-03T10:30,19.6,83,19.3,0.0,0.0,,18.0,235,34.2,
2026-09-03T10:45,19.5,84,19.2,0.0,0.0,,18.7,239,35.3,
2026-09-03T11:00,19.5,85,19.2,0.0,0.0,,19.1,243,36.0,
2026-09-03T11:15,19.6,85,19.3,0.0,0.0,,19.4,245,36.7,
2026-09-03T11:30,19.8,84,19.5,0.0,0.0,,19.8,247,37.1,
2026-09-03T12:00,20.1,82,19.6,0.0,0.0,,20.5,251,38.2,
2026-09-03T12:15,20.2,82,19.6,0.0,0.0,,20.9,250,38.5,
2026-09-03T12:30,20.2,82,19.7,0.0,0.0,,21.2,248,39.2,
2026-09-03T12:45,20.2,82,19.7,0.0,0.0,,21.2,247,39.6,
2026-09-03T13:00,20.3,82,19.7,0.0,0.0,,21.6,245,40.0,
2026-09-03T13:15,20.5,82,20.0,0.0,0.0,,21.6,245,40.7,
2026-09-03T13:30,20.8,81,20.2,0.0,0.0,,22.0,244,41.4,
2026-09-03T13:45,21.0,80,20.5,0.0,0.0,,22.0,244,41.8,
2026-09-03T14:00,21.2,80,20.8,0.0,0.0,,21.6,243,41.8,
2026-09-03T14:15,21.1,81,20.9,0.0,0.0,,20.9,244,40.7,
2026-09-03T14:30,20.9,82,20.9,0.0,0.0,,19.8,245,39.2,
2026-09-03T14:45,20.8,83,20.8,0.0,0.0,,19.1,246,37.4,
2026-09-03T15:00,20.7,83,20.8,0.0,0.0,,18.4,247,36.4,
2026-09-03T15:15,20.7,83,20.9,0.0,0.0,,18.4,247,36.4,
2026-09-03T15:30,20.9,82,20.9,0.0,0.0,,18.7,246,36.7,
2026-09-03T15:45,21.0,81,21.0,0.0,0.0,,19.1,246,37.4,
2026-09-03T16:15,21.2,80,21.2,0.0,0.0,,19.1,246,36.7,
2026-09-03T16:30,21.2,81,21.4,0.0,0.0,,18.7,246,36.0,
2026-09-03T16:45,21.3,81,21.5,0.0,0.0,,18.4,247,34.9,
2026-09-03T17:00,21.4,81,21.7,0.0,0.0,,18.0,247,34.2,
2026-09-03T17:15,21.6,80,21.9,0.0,0.0,,18.0,251,33.8,
2026-09-03T17:30,21.9,78,22.2,0.0,0.0,,17.6,254,33.5,
2026-09-03T17:45,22.2,77,22.5,0.0,0.0,,17.6,258,33.1,
2026-09-03T18:00,22.3,76,22.6,0.0,0.0,,17.6,261,33.1,
2026-09-03T18:15,22.4,76,22.7,0.0,0.0,,17.6,259,33.5,
2026-09-03T18:30,22.3,77,22.7,0.0,0.0,,18.0,257,33.8,
2026-09-03T18:45,22.2,77,22.5,0.0,0.0,,18.0,255,34.2,
2026-09-03T19:00,22.1,78,22.4,0.0,0.0,,18.4,253,34.9,
2026-09-03T19:15,22.1,78,22.3,0.0,0.0,,18.7,253,35.6,
2026-09-03T19:30,22.0,79,22.3,0.0,0.0,,19.1,252,36.0,
2026-09-03T20:00,21.9,80,22.1,0.0,0.0,,19.4,251,37.1,
2026-09-03T20:15,21.8,81,22.0,0.0,0.0,,19.4,249,37.4,
2026-09-03T20:30,21.7,81,22.0,0.0,0.0,,19.1,246,37.4,
2026-09-04T00:45,21.2,89,22.2,0.0,0.0,3,16.9,231,31.0,1015.4
2026-09-03T20:45,21.9,80,22.3,0.0,0.0,,18.4,238,34.9,
2026-09-03T21:00,22.0,80,22.5,0.0,0.0,,18.4,235,34.9,
2026-09-03T21:15,21.9,81,22.5,0.0,0.0,,18.0,233,34.2,
2026-09-03T21:30,21.8,83,22.5,0.0,0.0,,17.3,230,32.8,
2026-09-03T21:45,21.5,85,22.5,0.0,0.0,,16.6,228,31.3,
2026-09-03T22:00,21.4,86,22.4,0.0,0.0,,15.8,225,30.2,
2026-09-03T22:15,21.3,87,22.5,0.0,0.0,,15.5,225,29.9,
2026-09-03T22:30,21.3,87,22.5,0.0,0.0,,15.5,225,29.9,
2026-09-03T22:45,21.3,87,22.5,0.0,0.0,,15.5,224,29.9,
