timestamp,temperature_2m,relative_humidity_2m,apparent_temperature,precipitation,rain,weather_code,wind_speed_10m,wind_direction_10m,wind_gusts_10m,surface_pressure
2026-08-09T00:00,19.7,42,17.3,0.0,0.0,,10.1,64,15.8,
2026-08-09T00:15,19.2,44,16.9,0.0,0.0,,9.7,62,14.8,
2026-08-09T00:30,18.6,47,16.5,0.0,0.0,,9.0,60,13.0,
2026-08-09T00:45,17.9,50,16.1,0.0,0.0,,7.9,58,10.8,
2026-08-09T01:00,17.4,52,15.6,0.0,0.0,,7.2,56,9.4,
2026-08-09T01:15,17.1,53,15.4,0.0,0.0,,6.8,56,9.0,
2026-08-09T01:30,16.8,53,15.1,0.0,0.0,,6.8,56,9.0,
2026-08-09T01:45,16.7,54,15.0,0.0,0.0,,6.8,55,9.4,
2026-08-09T02:00,16.5,54,14.8,0.0,0.0,,6.8,55,9.4,
2026-08-09T02:15,16.4,55,14.7,0.0,0.0,,6.5,56,9.0,
2026-08-09T02:30,16.2,56,14.6,0.0,0.0,,6.1,57,8.3,
2026-08-09T02:45,16.0,57,14.5,0.0,0.0,,5.8,58,7.6,
2026-08-09T03:00,15.8,58,14.4,0.0,0.0,,5.4,59,6.8,
2026-08-09T03:15,15.5,59,14.1,0.0,0.0,,5.0,70,6.1,
2026-08-09T03:30,15.2,61,14.0,0.0,0.0,,4.3,81,5.4,
2026-08-09T03:45,14.9,63,13.7,0.0,0.0,,4.0,92,4.7,
2026-08-09T04:00,14.6,64,13.5,0.0,0.0,,3.6,103,4.3,
2026-08-09T04:15,14.3,65,13.2,0.0,0.0,,3.6,114,4.0,
2026-08-09T04:30,14.2,65,13.0,0.0,0.0,,3.6,125,4.0,
2026-08-09T04:45,14.0,65,12.8,0.0,0.0,,3.6,136,4.3,
2026-08-09T05:00,13.8,65,12.5,0.0,0.0,,4.0,147,4.3,
2026-08-09T05:15,13.7,65,12.3,0.0,0.0,,4.3,140,4.7,
2026-08-09T05:30,13.5,66,12.1,0.0,0.0,,4.7,133,5.0,
2026-08-09T05:45,13.4,66,11.9,0.0,0.0,,5.0,125,5.4,
2026-08-09T06:00,13.3,67,11.8,0.0,0.0,,5.4,118,5.4,
2026-08-09T06:15,13.3,68,11.8,0.0,0.0,,5.4,120,5.4,
2026-08-09T06:30,13.3,69,12.0,0.0,0.0,,4.7,122,5.0,
2026-08-09T06:45,13.3,70,12.1,0.0,0.0,,4.3,124,4.7,
2026-08-09T07:00,13.5,70,12.4,0.0,0.0,,4.0,126,4.3,
2026-08-09T07:15,13.7,69,12.7,0.0,0.0,,3.6,129,4.0,
2026-08-09T07:30,14.1,68,13.1,0.0,0.0,,3.2,132,3.6,
2026-08-09T07:45,14.6,66,13.6,0.0,0.0,,3.2,134,3.6,
2026-08-09T08:00,15.2,64,14.3,0.0,0.0,,3.2,137,4.0,
2026-08-09T08:15,16.0,60,15.0,0.0,0.0,,3.6,136,5.4,
2026-08-09T08:30,17.0,56,15.8,0.0,0.0,,4.7,136,7.2,
2026-08-09T08:45,18.1,51,16.8,0.0,0.0,,5.4,135,9.4,
2026-08-09T09:00,19.2,47,17.7,0.0,0.0,,5.8,134,10.8,
2026-08-09T09:15,20.2,44,18.7,0.0,0.0,,5.8,144,11.5,
2026-08-09T09:30,21.1,42,19.7,0.0,0.0,,5.4,155,11.9,
2026-08-09T09:45,22.1,41,20.9,0.0,0.0,,5.0,165,12.2,
2026-08-09T10:00,23.0,39,21.8,0.0,0.0,,5.0,175,12.6,
2026-08-09T10:15,23.9,37,22.7,0.0,0.0,,5.4,165,13.0,
2026-08-09T10:30,24.8,35,23.5,0.0,0.0,,5.8,155,13.7,
2026-08-09T10:45,25.7,34,24.4,0.0,0.0,,6.1,144,14.4,
2026-08-09T11:00,26.4,32,25.4,0.0,0.0,,6.5,134,15.1,
2026-08-09T11:15,27.1,30,26.1,0.0,0.0,,6.8,143,16.2,
2026-08-09T11:30,27.7,28,26.6,0.0,0.0,,7.6,153,18.0,
2026-08-09T11:45,28.2,26,26.8,0.0,0.0,,8.3,162,19.4,
2026-08-09T12:00,28.6,25,26.9,0.0,0.0,,8.6,171,20.9,
2026-08-09T12:15,28.8,24,26.7,0.0,0.0,,8.6,171,21.6,
2026-08-09T12:30,28.9,24,26.7,0.0,0.0,,8.6,171,22.3,
2026-08-09T12:45,29.0,23,26.6,0.0,0.0,,8.6,170,23.0,
2026-08-09T13:00,29.1,23,26.6,0.0,0.0,,9.7,170,24.8,
2026-08-09T13:15,29.2,23,26.4,0.0,0.0,,12.2,175,28.8,
2026-08-09T13:30,29.4,22,26.0,0.0,0.0,,15.5,179,33.8,
2026-08-09T13:45,29.5,22,25.6,0.0,0.0,,18.7,184,38.5,
2026-08-09T14:00,29.4,22,25.3,0.0,0.0,,20.5,188,40.7,
2026-08-09T14:15,29.2,22,25.1,0.0,0.0,,20.2,185,39.6,
2026-08-09T14:30,28.9,23,25.1,0.0,0.0,,18.4,182,36.0,
2026-08-09T14:45,28.5,24,25.1,0.0,0.0,,16.2,179,31.3,
2026-08-09T15:00,28.1,25,25.2,0.0,0.0,,13.7,176,27.0,
2026-08-09T15:15,27.8,27,25.4,0.0,0.0,,11.2,178,22.0,
2026-08-09T15:30,27.4,31,25.9,0.0,0.0,,7.9,181,16.2,
2026-08-09T15:45,27.1,34,26.4,0.0,0.0,,5.0,183,11.2,
2026-08-09T16:00,26.8,36,26.4,0.0,0.0,,3.6,185,8.3,
2026-08-09T16:15,26.6,37,26.1,0.0,0.0,,4.3,179,9.0,
2026-08-09T16:30,26.4,38,25.7,0.0,0.0,,6.1,172,12.2,
2026-08-09T16:45,26.2,38,25.1,0.0,0.0,,8.6,166,16.2,
2026-08-09T17:00,26.1,37,24.7,0.0,0.0,,10.4,159,18.7,
2026-08-09T17:15,26.2,35,24.4,0.0,0.0,,11.5,160,19.4,
2026-08-09T17:30,26.5,32,24.3,0.0,0.0,,12.2,160,19.4,
2026-08-09T17:45,26.7,29,24.1,0.0,0.0,,12.6,161,19.1,
2026-08-09T18:00,26.8,28,24.1,0.0,0.0,,12.6,161,18.4,
2026-08-09T18:15,26.6,29,24.1,0.0,0.0,,12.2,158,17.3,
2026-08-09T18:30,26.3,31,24.0,0.0,0.0,,11.5,154,16.2,
2026-08-09T18:45,26.0,34,24.1,0.0,0.0,,10.4,151,14.8,
2026-08-09T19:00,25.8,36,24.3,0.0,0.0,,9.7,147,13.7,
2026-08-09T19:15,26.0,38,24.9,0.0,0.0,,9.0,142,13.3,
2026-08-09T19:30,26.5,40,25.7,0.0,0.0,,8.6,136,13.0,
2026-08-09T19:45,26.9,42,26.6,0.0,0.0,,8.3,131,13.0,
2026-08-09T20:00,26.9,43,26.7,0.0,0.0,,7.9,125,13.0,
2026-08-09T20:15,26.4,43,26.1,0.0,0.0,,7.6,122,12.6,
2026-08-09T20:30,25.6,42,25.0,0.0,0.0,,7.6,119,12.2,
2026-08-09T20:45,24.6,42,23.8,0.0,0.0,,7.6,116,11.5,
2026-08-09T21:00,23.9,42,22.8,0.0,0.0,,7.6,113,11.5,
2026-08-09T21:15,23.3,44,22.2,0.0,0.0,,7.9,116,11.9,
2026-08-09T21:30,22.7,48,21.8,0.0,0.0,,8.3,119,12.6,
2026-08-09T21:45,22.2,52,21.5,0.0,0.0,,8.6,122,13.0,
2026-08-09T22:00,21.9,54,21.3,0.0,0.0,,9.0,125,13.3,
2026-08-09T22:15,22.0,54,21.4,0.0,0.0,,8.6,145,12.6,
2026-08-09T22:30,22.2,53,21.7,0.0,0.0,,8.3,166,11.9,
2026-08-09T22:45,22.5,51,21.9,0.0,0.0,,7.9,186,10.8,
2026-08-09T23:00,22.5,51,22.0,0.0,0.0,,7.6,206,10.4,
2026-08-09T23:15,22.2,53,21.8,0.0,0.0,,7.2,207,10.8,
2026-08-09T23:30,21.7,57,21.5,0.0,0.0,,7.2,208,11.9,
2026-08-09T23:45,21.1,60,21.0,0.0,0.0,,7.2,209,13.0,
2026-08-10T00:00,20.8,62,20.7,0.0,0.0,,7.6,210,14.0,
2026-08-10T00:15,20.7,61,20.4,0.0,0.0,,8.3,220,15.1,
2026-08-10T00:30,20.8,59,20.2,0.0,0.0,,9.0,230,16.2,
2026-08-10T00:45,20.9,56,19.9,0.0,0.0,,10.1,239,17.6,
2026-08-10T01:00,20.9,55,19.7,0.0,0.0,,11.2,249,18.7,
2026-08-10T01:15,20.7,56,19.4,0.0,0.0,,12.2,248,20.2,
2026-08-10T01:30,20.3,57,18.9,0.0,0.0,,13.0,246,22.0,
2026-08-10T01:45,20.0,59,18.4,0.0,0.0,,14.0,245,23.4,
2026-08-10T02:00,19.7,62,18.2,0.0,0.0,,14.4,243,24.1,
2026-08-10T02:15,19.5,65,18.2,0.0,0.0,,14.4,238,24.1,
2026-08-10T02:30,19.3,69,18.4,0.0,0.0,,14.0,233,23.8,
2026-08-10T02:45,19.2,73,18.6,0.0,0.0,,13.3,228,22.7,
2026-08-10T03:00,19.0,76,18.7,0.0,0.0,,12.6,223,21.6,
2026-08-10T03:15,18.6,78,18.4,0.0,0.0,,11.9,221,19.8,
2026-08-10T03:30,18.1,79,18.0,0.0,0.0,,10.8,219,17.3,
2026-08-10T03:45,17.7,80,17.6,0.0,0.0,,9.7,216,14.8,
2026-08-10T04:00,17.4,80,17.3,0.0,0.0,,9.4,214,13.7,
2026-08-10T04:15,17.4,79,17.2,0.0,0.0,,9.7,222,14.4,
2026-08-10T04:30,17.6,78,17.3,0.0,0.0,,10.4,230,16.2,
2026-08-10T04:45,17.9,76,17.3,0.0,0.0,,11.5,238,18.4,
2026-08-10T05:00,17.9,76,17.3,0.0,0.0,,12.2,246,19.8,
2026-08-10T05:15,17.8,78,17.2,0.0,0.0,,12.6,248,20.5,
2026-08-10T05:30,17.5,82,17.1,0.0,0.0,,13.0,251,21.2,
2026-08-10T05:45,17.2,85,16.9,0.0,0.0,,13.0,253,21.2,
2026-08-10T06:00,17.0,88,16.8,0.0,0.0,,13.0,255,21.2,
2026-08-10T06:15,16.8,89,16.7,0.0,0.0,,12.2,253,20.5,
2026-08-10T06:30,16.7,90,16.7,0.0,0.0,,11.5,252,19.1,
2026-08-10T06:45,16.6,90,16.7,0.0,0.0,,10.4,250,17.6,
2026-08-10T07:00,16.7,89,16.8,0.0,0.0,,10.1,248,17.3,
2026-08-10T07:15,17.0,88,17.2,0.0,0.0,,10.4,251,18.0,
2026-08-10T07:30,17.6,86,17.7,0.0,0.0,,11.2,255,19.8,
2026-08-10T07:45,18.2,84,18.3,0.0,0.0,,12.2,258,21.6,
2026-08-10T08:00,18.8,82,18.8,0.0,0.0,,12.6,261,22.7,
2026-08-10T08:15,19.2,80,19.3,0.0,0.0,,12.2,269,23.0,
2026-08-10T08:30,19.6,78,19.8,0.0,0.0,,11.5,277,22.7,
2026-08-10T08:45,19.9,75,20.1,0.0,0.0,,10.8,284,22.3,
2026-08-10T09:00,20.3,73,20.6,0.0,0.0,,10.4,292,22.3,
2026-08-10T09:15,20.8,71,21.0,0.0,0.0,,10.4,295,22.7,
2026-08-10T09:30,21.3,68,21.4,0.0,0.0,,10.8,299,22.7,
2026-08-10T09:45,21.8,66,21.9,0.0,0.0,,11.2,302,23.0,
2026-08-10T10:00,22.3,64,22.3,0.0,0.0,,11.2,305,23.0,
2026-08-10T10:15,22.8,62,23.0,0.0,0.0,,10.4,314,22.7,
2026-08-10T10:30,23.4,60,23.7,0.0,0.0,,9.4,323,21.6,
2026-08-10T10:45,23.9,58,24.4,0.0,0.0,,8.6,331,20.9,
2026-08-10T11:00,24.4,56,25.1,0.0,0.0,,7.9,340,20.5,
2026-08-10T11:15,24.8,54,25.6,0.0,0.0,,7.9,340,20.9,
2026-08-10T11:30,25.1,52,25.9,0.0,0.0,,8.6,339,21.6,
2026-08-10T11:45,25.3,50,26.0,0.0,0.0,,9.0,339,22.3,
2026-08-10T12:00,25.6,48,26.3,0.0,0.0,,9.4,338,23.0,
2026-08-10T12:15,25.7,47,26.5,0.0,0.0,,9.4,340,23.4,
2026-08-10T12:30,25.9,47,26.7,0.0,0.0,,9.4,341,23.4,
2026-08-10T12:45,26.0,46,26.6,0.0,0.0,,9.0,343,23.4,
2026-08-10T13:00,26.1,46,26.1,0.0,0.0,,9.0,344,23.4,
2026-08-10T13:15,26.2,45,26.0,0.0,0.0,,9.0,345,23.4,
2026-08-10T13:30,26.4,45,26.3,0.0,0.0,,8.6,345,23.8,
2026-08-10T13:45,26.6,44,26.4,0.0,0.0,,8.6,346,24.1,
2026-08-10T14:00,26.7,44,26.4,0.0,0.0,,9.4,346,24.8,
2026-08-10T14:15,26.8,44,26.8,0.0,0.0,,10.8,349,26.6,
2026-08-10T14:30,26.9,43,27.0,0.0,0.0,,13.0,353,28.8,
2026-08-10T14:45,27.0,43,26.9,0.0,0.0,,14.8,356,31.3,
2026-08-10T15:00,27.0,43,26.5,0.0,0.0,,16.2,359,32.8,
2026-08-10T15:15,26.9,43,26.0,0.0,0.0,,16.6,358,33.1,
2026-08-10T15:30,26.9,42,25.6,0.0,0.0,,16.2,357,32.8,
2026-08-10T15:45,26.8,42,25.4,0.0,0.0,,15.5,356,32.0,
2026-08-10T16:00,26.7,42,25.2,0.0,0.0,,15.5,355,32.0,
2026-08-10T16:15,26.5,42,24.9,0.0,0.0,,16.2,0,32.8,
2026-08-10T16:30,26.4,43,24.8,0.0,0.0,,17.3,6,33.8,
2026-08-10T16:45,26.2,44,24.5,0.0,0.0,,18.4,11,34.9,
2026-08-10T17:00,26.1,45,24.3,0.0,0.0,,19.1,16,35.6,
2026-08-10T17:15,25.9,46,24.1,0.0,0.0,,19.1,16,35.6,
2026-08-10T17:30,25.7,47,24.1,0.0,0.0,,18.7,16,35.3,
2026-08-10T17:45,25.5,47,23.9,0.0,0.0,,18.0,16,34.6,
2026-08-10T18:00,25.3,48,23.9,0.0,0.0,,17.6,16,34.2,
2026-08-10T18:15,25.2,48,23.7,0.0,0.0,,17.6,16,34.2,
2026-08-10T18:30,25.1,49,23.7,0.0,0.0,,18.0,16,34.2,
2026-08-10T18:45,25.0,49,23.5,0.0,0.0,,18.0,16,34.6,
2026-08-10T19:00,24.8,50,23.4,0.0,0.0,,18.0,16,34.2,
2026-08-10T19:15,24.5,51,23.1,0.0,0.0,,17.6,17,33.5,
2026-08-10T19:30,24.1,53,22.9,0.0,0.0,,17.3,19,32.4,
2026-08-10T19:45,23.6,54,22.4,0.0,0.0,,16.6,20,31.7,
2026-08-10T20:00,23.2,56,22.1,0.0,0.0,,16.2,21,30.6,
2026-08-10T20:15,22.7,57,21.5,0.0,0.0,,15.8,22,29.9,
2026-08-10T20:30,22.1,59,20.9,0.0,0.0,,15.8,22,29.2,
2026-08-10T20:45,21.5,60,20.3,0.0,0.0,,15.8,23,28.4,
2026-08-10T21:00,21.0,61,19.7,0.0,0.0,,15.8,23,28.1,
2026-08-10T21:15,20.6,62,19.3,0.0,0.0,,15.8,23,27.7,
2026-08-10T21:30,20.3,64,19.0,0.0,0.0,,15.5,24,27.4,
2026-08-10T21:45,20.0,65,18.7,0.0,0.0,,15.5,24,27.0,
2026-08-10T22:00,19.7,66,18.5,0.0,0.0,,15.1,24,26.6,
2026-08-10T22:15,19.5,66,18.3,0.0,0.0,,14.8,26,25.6,
2026-08-10T22:30,19.4,67,18.4,0.0,0.0,,14.0,28,24.5,
2026-08-10T22:45,19.3,67,18.3,0.0,0.0,,13.3,29,23.0,
2026-08-10T23:00,19.1,67,18.1,0.0,0.0,,13.0,31,22.3,
2026-08-10T23:15,18.8,68,17.8,0.0,0.0,,12.6,27,22.0,
2026-08-10T23:30,18.4,69,17.4,0.0,0.0,,12.6,24,22.0,
2026-08-10T23:45,18.1,69,16.9,0.0,0.0,,12.6,20,22.3,
2026-08-11T00:00,17.8,70,16.6,0.0,0.0,,12.6,16,22.3,
2026-08-11T00:15,17.6,70,16.4,0.0,0.0,,12.6,19,22.3,
2026-08-11T00:30,17.6,70,16.5,0.0,0.0,,12.2,22,22.0,
2026-08-11T00:45,17.6,69,16.5,0.0,0.0,,11.9,24,21.6,
2026-08-11T01:00,17.5,69,16.3,0.0,0.0,,11.9,27,21.6,
2026-08-11T01:15,17.4,69,16.1,0.0,0.0,,11.9,29,21.6,
2026-08-11T01:30,17.2,70,15.9,0.0,0.0,,11.9,30,22.0,
2026-08-11T01:45,16.9,71,15.7,0.0,0.0,,11.9,32,22.0,
2026-08-11T02:00,16.7,72,15.4,0.0,0.0,,11.9,33,21.6,
2026-08-11T02:15,16.4,74,15.2,0.0,0.0,,11.5,36,20.5,
2026-08-11T02:30,16.0,76,15.0,0.0,0.0,,10.8,39,18.7,
2026-08-11T02:45,15.7,78,14.7,0.0,0.0,,10.4,42,17.3,
2026-08-11T03:00,15.4,79,14.5,0.0,0.0,,10.1,45,16.2,
2026-08-11T03:15,15.3,79,14.4,0.0,0.0,,10.1,48,15.8,
2026-08-11T03:30,15.3,78,14.2,0.0,0.0,,10.4,50,16.2,
2026-08-11T03:45,15.3,78,14.1,0.0,0.0,,10.8,53,16.9,
2026-08-11T04:00,15.2,77,14.0,0.0,0.0,,11.2,55,17.6,
2026-08-11T04:15,15.1,77,13.7,0.0,0.0,,11.9,56,18.7,
2026-08-11T04:30,15.0,77,13.5,0.0,0.0,,12.6,56,19.8,
2026-08-11T04:45,14.9,77,13.2,0.0,0.0,,13.3,57,21.2,
2026-08-11T05:00,14.7,78,12.9,0.0,0.0,,13.7,57,22.0,
2026-08-11T05:15,14.4,80,12.7,0.0,0.0,,13.7,56,22.3,
2026-08-11T05:30,14.1,82,12.4,0.0,0.0,,13.7,55,22.7,
2026-08-11T05:45,13.7,85,12.1,0.0,0.0,,13.7,54,22.3,
2026-08-11T06:00,13.5,86,11.9,0.0,0.0,,13.3,53,22.3,
2026-08-11T06:15,13.3,85,11.7,0.0,0.0,,13.0,54,21.6,
2026-08-11T06:30,13.2,84,11.5,0.0,0.0,,12.2,56,20.9,
2026-08-11T06:45,13.1,82,11.5,0.0,0.0,,11.5,57,20.2,
2026-08-11T07:00,13.2,80,11.4,0.0,0.0,,11.5,58,20.2,
2026-08-11T07:15,13.4,79,11.5,0.0,0.0,,12.2,59,21.2,
2026-08-11T07:30,13.7,77,11.7,0.0,0.0,,13.0,61,23.4,
2026-08-11T07:45,14.0,76,11.9,0.0,0.0,,14.0,62,25.2,
2026-08-11T08:00,14.4,74,12.2,0.0,0.0,,14.8,63,26.6,
2026-08-11T08:15,14.8,73,12.6,0.0,0.0,,14.8,66,27.0,
2026-08-11T08:30,15.2,71,13.0,0.0,0.0,,14.8,68,27.0,
2026-08-11T08:45,15.6,70,13.6,0.0,0.0,,14.4,71,26.6,
2026-08-11T09:00,16.1,68,14.1,0.0,0.0,,14.4,73,26.6,
2026-08-11T09:15,16.7,65,14.6,0.0,0.0,,14.8,75,27.0,
2026-08-11T09:30,17.5,62,15.3,0.0,0.0,,15.1,78,27.7,
2026-08-11T09:45,18.2,59,16.0,0.0,0.0,,15.1,80,28.4,
2026-08-11T10:00,18.8,56,16.5,0.0,0.0,,15.5,82,28.8,
2026-08-11T10:15,19.2,55,17.0,0.0,0.0,,15.5,80,29.2,
2026-08-11T10:30,19.6,54,17.4,0.0,0.0,,15.1,78,29.2,
2026-08-11T10:45,19.9,54,18.0,0.0,0.0,,15.1,75,29.5,
2026-08-11T11:00,20.3,53,18.5,0.0,0.0,,15.1,73,29.9,
2026-08-11T11:15,20.7,51,19.0,0.0,0.0,,15.5,73,30.6,
2026-08-11T11:30,21.1,49,19.4,0.0,0.0,,16.2,73,31.7,
2026-08-11T11:45,21.5,47,19.8,0.0,0.0,,16.6,73,32.8,
2026-08-11T12:00,21.9,45,20.2,0.0,0.0,,16.6,73,33.1,
2026-08-11T12:15,22.2,43,20.7,0.0,0.0,,15.8,71,32.8,
2026-08-11T12:30,22.6,41,21.3,0.0,0.0,,14.8,69,32.0,
2026-08-11T12:45,23.0,40,21.9,0.0,0.0,,13.7,67,31.0,
2026-08-11T13:00,23.3,38,22.3,0.0,0.0,,13.0,65,30.2,
2026-08-11T13:15,23.6,36,22.6,0.0,0.0,,12.6,66,29.9,
2026-08-11T13:30,23.8,34,22.8,0.0,0.0,,12.2,66,29.5,
2026-08-11T13:45,24.1,32,23.0,0.0,0.0,,11.9,67,29.5,
2026-08-11T14:00,24.4,31,23.2,0.0,0.0,,12.2,67,29.5,
2026-08-11T14:15,24.7,30,23.3,0.0,0.0,,13.0,67,30.2,
2026-08-11T14:30,25.1,30,23.6,0.0,0.0,,14.0,67,31.0,
2026-08-11T14:45,25.5,29,23.7,0.0,0.0,,15.5,66,32.0,
2026-08-11T15:00,25.8,29,23.8,0.0,0.0,,16.2,66,32.8,
2026-08-11T15:15,25.9,28,23.7,0.0,0.0,,16.6,65,33.1,
2026-08-11T15:30,25.9,27,23.5,0.0,0.0,,16.9,65,33.1,
2026-08-11T15:45,25.9,27,23.4,0.0,0.0,,16.9,64,33.1,
2026-08-11T16:00,25.9,26,23.2,0.0,0.0,,16.9,63,33.1,
2026-08-11T16:15,26.0,26,23.0,0.0,0.0,,17.3,63,33.1,
2026-08-11T16:30,26.1,26,23.0,0.0,0.0,,17.3,63,33.5,
2026-08-11T16:45,26.2,26,22.9,0.0,0.0,,17.6,63,33.8,
2026-08-11T17:00,26.3,26,22.9,0.0,0.0,,17.6,63,33.8,
2026-08-11T17:15,26.4,25,22.7,0.0,0.0,,18.0,64,34.2,
2026-08-11T17:30,26.5,24,22.5,0.0,0.0,,18.0,65,34.2,
2026-08-11T17:45,26.5,23,22.3,0.0,0.0,,18.4,65,34.2,
2026-08-11T18:00,26.6,23,22.5,0.0,0.0,,18.0,66,33.8,
2026-08-11T18:15,26.6,23,22.6,0.0,0.0,,17.3,64,32.8,
2026-08-11T18:30,26.5,24,22.8,0.0,0.0,,15.8,62,31.0,
2026-08-11T18:45,26.4,24,22.9,0.0,0.0,,14.4,59,29.2,
2026-08-11T19:00,26.3,25,23.0,0.0,0.0,,13.7,57,28.1,
2026-08-11T19:15,26.2,25,22.9,0.0,0.0,,13.3,56,27.7,
2026-08-11T19:30,25.9,26,22.7,0.0,0.0,,13.7,56,27.7,
2026-08-11T19:45,25.7,26,22.4,0.0,0.0,,13.7,55,27.7,
2026-08-11T20:00,25.4,27,22.1,0.0,0.0,,14.0,54,27.7,
2026-08-11T20:15,25.0,28,21.7,0.0,0.0,,14.0,53,27.0,
2026-08-11T20:30,24.5,30,21.4,0.0,0.0,,14.4,51,26.3,
2026-08-11T20:45,24.0,31,20.9,0.0,0.0,,14.4,50,25.6,
2026-08-11T21:00,23.6,32,20.4,0.0,0.0,,14.4,48,24.8,
2026-08-11T21:15,23.1,33,20.1,0.0,0.0,,14.0,50,24.5,
2026-08-11T21:30,22.7,33,19.6,0.0,0.0,,13.3,51,23.8,
2026-08-11T21:45,22.2,34,19.3,0.0,0.0,,12.6,53,23.4,
2026-08-11T22:00,21.8,34,18.9,0.0,0.0,,11.9,54,23.0,
2026-08-11T22:15,21.4,34,18.4,0.0,0.0,,11.5,51,22.3,
2026-08-11T22:30,21.0,35,18.2,0.0,0.0,,10.8,49,22.0,
2026-08-11T22:45,20.7,35,17.8,0.0,0.0,,10.4,46,21.2,
2026-08-11T23:00,20.3,36,17.5,0.0,0.0,,10.4,43,20.9,
2026-08-11T23:15,20.0,37,17.2,0.0,0.0,,10.8,47,20.9,
2026-08-11T23:30,19.7,38,16.8,0.0,0.0,,11.5,50,21.2,
2026-08-11T23:45,19.4,39,16.4,0.0,0.0,,12.6,54,21.6,
2026-08-12T00:00,19.1,40,16.0,0.0,0.0,,13.0,57,21.6,
2026-08-12T00:15,18.8,41,15.8,0.0,0.0,,13.0,59,21.6,
2026-08-12T00:30,18.6,42,15.5,0.0,0.0,,13.0,60,21.2,
2026-08-12T00:45,18.3,42,15.2,0.0,0.0,,13.0,62,21.2,
2026-08-12T01:00,18.0,43,15.0,0.0,0.0,,12.6,63,20.9,
2026-08-12T01:15,17.8,44,14.8,0.0,0.0,,12.2,63,20.5,
2026-08-12T01:30,17.6,44,14.6,0.0,0.0,,12.2,63,20.2,
2026-08-12T01:45,17.4,44,14.4,0.0,0.0,,11.9,63,19.8,
2026-08-12T02:00,17.2,45,14.2,0.0,0.0,,11.9,63,19.8,
2026-08-12T02:15,17.0,46,14.1,0.0,0.0,,11.9,65,20.2,
2026-08-12T02:30,16.9,47,14.0,0.0,0.0,,12.2,67,20.5,
2026-08-12T02:45,16.8,47,13.8,0.0,0.0,,12.6,69,20.9,
2026-08-12T03:00,16.7,48,13.7,0.0,0.0,,12.6,71,21.2,
2026-08-12T03:15,16.5,49,13.7,0.0,0.0,,12.2,71,20.9,
2026-08-12T03:30,16.3,49,13.5,0.0,0.0,,11.9,72,20.5,
2026-08-12T03:45,16.2,49,13.4,0.0,0.0,,11.5,72,20.2,
2026-08-12T04:00,16.0,50,13.2,0.0,0.0,,11.2,72,19.4,
2026-08-12T04:15,15.8,51,13.1,0.0,0.0,,10.8,71,18.7,
2026-08-12T04:30,15.5,52,12.9,0.0,0.0,,10.8,70,17.6,
2026-08-12T04:45,15.3,53,12.7,0.0,0.0,,10.4,68,16.9,
2026-08-12T05:00,15.1,54,12.6,0.0,0.0,,10.4,67,16.6,
2026-08-12T05:15,15.1,54,12.4,0.0,0.0,,10.8,69,16.9,
2026-08-12T05:30,15.1,55,12.5,0.0,0.0,,11.2,70,17.6,
2026-08-12T05:45,15.1,55,12.4,0.0,0.0,,11.5,72,18.7,
2026-08-12T06:00,15.0,55,12.3,0.0,0.0,,11.5,73,19.1,
2026-08-12T06:15,14.8,55,12.1,0.0,0.0,,11.5,71,18.7,
2026-08-12T06:30,14.5,56,11.8,0.0,0.0,,11.2,68,18.4,
2026-08-12T06:45,14.2,56,11.5,0.0,0.0,,10.8,66,17.6,
2026-08-12T07:00,14.1,56,11.4,0.0,0.0,,10.4,63,17.3,
2026-08-12T07:15,14.2,56,11.5,0.0,0.0,,10.4,65,17.6,
2026-08-12T07:30,14.4,56,11.7,0.0,0.0,,10.8,67,18.4,
2026-08-12T07:45,14.7,56,12.1,0.0,0.0,,10.8,68,19.1,
2026-08-12T08:00,15.1,55,12.6,0.0,0.0,,10.8,70,19.4,
2026-08-12T08:15,15.6,54,13.2,0.0,0.0,,10.1,66,19.1,
2026-08-12T08:30,16.2,53,13.9,0.0,0.0,,9.4,61,18.7,
2026-08-12T08:45,16.8,52,14.7,0.0,0.0,,8.3,57,18.0,
2026-08-12T09:00,17.4,50,15.5,0.0,0.0,,7.6,52,17.3,
2026-08-12T09:15,18.1,48,16.2,0.0,0.0,,7.2,59,16.9,
2026-08-12T09:30,18.8,45,16.8,0.0,0.0,,7.2,67,16.2,
2026-08-12T09:45,19.5,42,17.5,0.0,0.0,,7.2,74,15.8,
2026-08-12T10:00,20.3,39,18.2,0.0,0.0,,7.2,81,15.8,
2026-08-12T10:15,21.1,37,19.0,0.0,0.0,,7.2,82,16.2,
2026-08-12T10:30,22.0,36,20.0,0.0,0.0,,7.6,83,16.6,
2026-08-12T10:45,22.9,34,21.0,0.0,0.0,,7.9,83,17.3,
2026-08-12T11:00,23.7,33,22.1,0.0,0.0,,7.9,84,17.6,
2026-08-12T11:15,24.4,32,23.0,0.0,0.0,,7.9,82,18.0,
2026-08-12T11:30,25.0,31,23.8,0.0,0.0,,7.9,80,18.4,
2026-08-12T11:45,25.6,30,24.5,0.0,0.0,,7.9,78,18.7,
2026-08-12T12:00,26.2,29,25.2,0.0,0.0,,8.3,76,19.4,
2026-08-12T12:15,26.8,27,25.7,0.0,0.0,,9.0,76,20.5,
2026-08-12T12:30,27.4,26,26.3,0.0,0.0,,9.7,75,22.0,
2026-08-12T12:45,28.0,24,26.6,0.0,0.0,,10.8,75,23.4,
2026-08-12T13:00,28.5,22,27.0,0.0,0.0,,11.5,74,24.5,
2026-08-12T13:15,29.0,21,27.4,0.0,0.0,,11.9,77,25.2,
2026-08-12T13:30,29.5,20,27.8,0.0,0.0,,12.2,80,25.9,
2026-08-12T13:45,29.9,19,28.1,0.0,0.0,,12.2,83,26.3,
2026-08-12T14:00,30.2,18,28.4,0.0,0.0,,12.2,86,26.3,
2026-08-12T14:15,30.5,18,28.8,0.0,0.0,,11.9,84,25.9,
2026-08-12T14:30,30.8,18,29.1,0.0,0.0,,11.5,83,25.2,
2026-08-12T14:45,31.0,19,29.6,0.0,0.0,,10.8,81,24.1,
2026-08-12T15:00,31.2,19,29.8,0.0,0.0,,10.4,79,23.8,
2026-08-12T15:15,31.3,19,29.9,0.0,0.0,,10.4,78,24.1,
2026-08-12T15:30,31.4,19,29.9,0.0,0.0,,10.8,77,24.5,
2026-08-12T15:45,31.5,18,29.7,0.0,0.0,,10.8,76,25.2,
2026-08-12T16:00,31.6,18,29.6,0.0,0.0,,11.2,75,25.6,
2026-08-12T16:15,31.8,18,29.7,0.0,0.0,,11.2,74,25.6,
2026-08-12T16:30,32.1,18,29.8,0.0,0.0,,11.5,73,25.6,
2026-08-12T16:45,32.3,18,29.9,0.0,0.0,,11.5,71,25.6,
2026-08-12T17:00,32.4,18,29.8,0.0,0.0,,11.9,70,25.6,
2026-08-12T17:15,32.3,18,29.4,0.0,0.0,,12.6,66,26.3,
2026-08-12T17:30,32.2,19,29.1,0.0,0.0,,13.3,62,27.4,
2026-08-12T17:45,31.9,20,28.9,0.0,0.0,,14.0,58,28.1,
2026-08-12T18:00,31.8,20,28.7,0.0,0.0,,14.4,54,28.4,
2026-08-12T18:15,31.7,20,28.5,0.0,0.0,,14.4,53,28.1,
2026-08-12T18:30,31.6,20,28.5,0.0,0.0,,13.7,52,27.0,
2026-08-12T18:45,31.5,20,28.5,0.0,0.0,,13.3,51,25.6,
2026-08-12T19:00,31.3,20,28.3,0.0,0.0,,13.0,50,24.8,
2026-08-12T19:15,31.2,21,28.3,0.0,0.0,,13.0,50,24.5,
2026-08-12T19:30,31.0,21,28.0,0.0,0.0,,13.3,50,24.5,
2026-08-12T19:45,30.8,22,27.9,0.0,0.0,,13.3,49,24.1,
2026-08-12T20:00,30.4,23,27.6,0.0,0.0,,13.3,49,23.8,
2026-08-12T20:15,29.8,24,27.1,0.0,0.0,,13.0,47,22.7,
2026-08-12T20:30,29.1,25,26.5,0.0,0.0,,12.2,45,21.2,
2026-08-12T20:45,28.3,25,25.7,0.0,0.0,,11.2,42,19.8,
2026-08-12T21:00,27.6,26,25.1,0.0,0.0,,10.8,40,18.7,
2026-08-12T21:15,27.1,26,24.5,0.0,0.0,,10.8,39,18.4,
2026-08-12T21:30,26.6,27,24.0,0.0,0.0,,10.8,38,18.4,
2026-08-12T21:45,26.1,27,23.5,0.0,0.0,,10.8,37,18.4,
2026-08-12T22:00,25.7,27,22.9,0.0,0.0,,11.2,36,18.7,
2026-08-12T22:15,25.3,28,22.5,0.0,0.0,,11.5,41,19.1,
2026-08-12T22:30,25.0,28,22.1,0.0,0.0,,11.5,47,19.8,
2026-08-12T22:45,24.6,29,21.7,0.0,0.0,,11.9,52,20.2,
2026-08-12T23:00,24.2,30,21.4,0.0,0.0,,11.9,57,20.2,
2026-08-12T23:15,23.7,31,20.9,0.0,0.0,,11.9,56,19.8,
2026-08-12T23:30,23.2,33,20.5,0.0,0.0,,11.5,54,18.7,
2026-08-12T23:45,22.7,34,20.0,0.0,0.0,,11.2,53,18.0,
2026-08-13T00:00,22.2,35,19.6,0.0,0.0,,10.8,51,17.3,
2026-08-13T00:15,21.9,35,19.3,0.0,0.0,,10.8,51,16.9,
2026-08-13T00:30,21.8,34,19.0,0.0,0.0,,10.8,51,16.9,
2026-08-13T00:45,21.6,34,18.8,0.0,0.0,,10.8,51,16.9,
2026-08-13T01:00,21.4,33,18.5,0.0,0.0,,10.4,51,16.6,
2026-08-13T01:15,21.1,33,18.3,0.0,0.0,,9.7,58,15.5,
2026-08-13T01:30,20.8,33,18.1,0.0,0.0,,9.0,64,14.0,
2026-08-13T01:45,20.5,33,17.8,0.0,0.0,,7.9,71,12.6,
2026-08-13T02:00,20.2,33,17.6,0.0,0.0,,7.2,77,11.5,
2026-08-13T02:15,19.8,34,17.3,0.0,0.0,,6.8,75,10.8,
2026-08-13T02:30,19.5,36,17.0,0.0,0.0,,6.8,74,10.4,
2026-08-13T02:45,19.1,37,16.7,0.0,0.0,,6.8,72,10.1,
2026-08-13T03:00,18.8,38,16.4,0.0,0.0,,6.8,70,9.7,
2026-08-13T03:15,18.5,38,16.0,0.0,0.0,,6.8,70,9.7,
2026-08-13T03:30,18.2,38,15.6,0.0,0.0,,7.2,70,10.1,
2026-08-13T03:45,17.9,37,15.2,0.0,0.0,,7.2,70,10.1,
2026-08-13T04:00,17.6,37,14.8,0.0,0.0,,7.2,70,10.1,
2026-08-13T04:15,17.2,38,14.6,0.0,0.0,,6.8,72,9.4,
2026-08-13T04:30,16.9,39,14.3,0.0,0.0,,6.5,74,8.6,
2026-08-13T04:45,16.5,40,13.9,0.0,0.0,,6.1,75,7.6,
2026-08-13T05:00,16.2,41,13.7,0.0,0.0,,5.8,77,6.8,
2026-08-13T05:15,16.1,42,13.7,0.0,0.0,,5.4,81,6.5,
2026-08-13T05:30,16.0,43,13.7,0.0,0.0,,5.4,85,6.8,
2026-08-13T05:45,15.9,44,13.6,0.0,0.0,,5.4,88,6.8,
2026-08-13T06:00,15.8,44,13.5,0.0,0.0,,5.4,92,7.2,
2026-08-13T06:15,15.5,44,13.1,0.0,0.0,,5.8,84,7.6,
2026-08-13T06:30,15.2,44,12.7,0.0,0.0,,6.1,76,8.3,
2026-08-13T06:45,14.9,43,12.1,0.0,0.0,,6.8,68,8.6,
2026-08-13T07:00,14.9,43,12.1,0.0,0.0,,6.8,60,9.0,
2026-08-13T07:15,15.2,43,12.6,0.0,0.0,,6.5,62,8.6,
2026-08-13T07:30,15.8,44,13.5,0.0,0.0,,5.8,64,7.9,
2026-08-13T07:45,16.6,45,14.5,0.0,0.0,,5.0,65,7.2,
2026-08-13T08:00,17.3,45,15.4,0.0,0.0,,4.7,67,6.8,
2026-08-13T08:15,17.9,44,16.1,0.0,0.0,,5.0,50,7.6,
2026-08-13T08:30,18.5,43,16.6,0.0,0.0,,5.8,33,8.6,
2026-08-13T08:45,19.2,41,17.1,0.0,0.0,,6.8,16,9.7,
2026-08-13T09:00,19.9,39,17.8,0.0,0.0,,6.8,359,10.4,
2026-08-13T09:15,20.7,37,18.6,0.0,0.0,,6.1,5,10.1,
2026-08-13T09:30,21.5,35,19.7,0.0,0.0,,4.3,11,9.7,
2026-08-13T09:45,22.3,32,20.6,0.0,0.0,,2.9,17,9.0,
2026-08-13T10:00,23.2,30,21.6,0.0,0.0,,2.2,23,8.6,
2026-08-13T10:15,24.3,28,22.7,0.0,0.0,,2.2,45,9.4,
2026-08-13T10:30,25.5,27,23.8,0.0,0.0,,3.2,68,10.1,
2026-08-13T10:45,26.7,25,25.1,0.0,0.0,,4.0,90,11.2,
2026-08-13T11:00,27.7,24,26.2,0.0,0.0,,4.7,112,12.2,
2026-08-13T11:15,28.3,23,27.0,0.0,0.0,,5.0,110,13.0,
2026-08-13T11:30,28.8,23,27.7,0.0,0.0,,5.4,107,13.7,
2026-08-13T11:45,29.2,23,28.4,0.0,0.0,,5.4,105,14.0,
2026-08-13T12:00,29.7,23,29.0,0.0,0.0,,5.8,102,14.8,
2026-08-13T12:15,30.3,22,29.6,0.0,0.0,,6.1,95,15.5,
2026-08-13T12:30,30.9,21,30.4,0.0,0.0,,6.1,88,16.2,
2026-08-13T12:45,31.5,19,30.8,0.0,0.0,,6.5,81,17.3,
2026-08-13T13:00,32.1,18,31.4,0.0,0.0,,6.8,74,18.4,
2026-08-13T13:15,32.7,17,31.7,0.0,0.0,,7.9,75,19.8,
2026-08-13T13:30,33.2,17,32.2,0.0,0.0,,9.0,77,22.0,
2026-08-13T13:45,33.7,16,32.3,0.0,0.0,,10.4,78,23.8,
2026-08-13T14:00,34.0,16,32.6,0.0,0.0,,11.2,79,24.8,
2026-08-13T14:15,34.2,16,32.8,0.0,0.0,,11.2,80,25.2,
2026-08-13T14:30,34.3,16,32.9,0.0,0.0,,11.2,81,24.8,
2026-08-13T14:45,34.3,16,33.0,0.0,0.0,,10.4,82,24.1,
2026-08-13T15:00,34.3,16,33.0,0.0,0.0,,10.1,83,23.8,
2026-08-13T15:15,34.5,16,33.2,0.0,0.0,,9.7,80,23.4,
2026-08-13T15:30,34.6,16,33.4,0.0,0.0,,9.0,77,22.7,
2026-08-13T15:45,34.8,15,33.3,0.0,0.0,,8.6,73,22.0,
2026-08-13T16:00,34.9,15,33.4,0.0,0.0,,8.3,70,21.6,
2026-08-13T16:15,35.0,15,33.3,0.0,0.0,,8.3,67,21.6,
2026-08-13T16:30,35.0,15,33.1,0.0,0.0,,8.6,65,22.0,
2026-08-13T16:45,35.0,15,32.9,0.0,0.0,,9.0,62,22.3,
2026-08-13T17:00,35.0,15,32.7,0.0,0.0,,9.0,59,22.0,
2026-08-13T17:15,35.0,15,32.6,0.0,0.0,,8.3,58,20.9,
2026-08-13T17:30,35.1,15,32.7,0.0,0.0,,7.2,56,19.1,
2026-08-13T17:45,35.1,15,32.9,0.0,0.0,,5.8,55,17.3,
2026-08-13T18:00,35.0,15,32.9,0.0,0.0,,5.4,53,16.2,
2026-08-13T18:15,35.0,15,32.8,0.0,0.0,,5.8,56,16.2,
2026-08-13T18:30,35.0,15,32.6,0.0,0.0,,6.8,60,16.6,
2026-08-13T18:45,34.9,15,32.4,0.0,0.0,,7.9,63,17.3,
2026-08-13T19:00,34.7,15,32.0,0.0,0.0,,8.6,66,17.6,
2026-08-13T19:15,34.4,15,31.6,0.0,0.0,,9.4,65,17.6,
2026-08-13T19:30,34.0,16,31.2,0.0,0.0,,10.1,65,18.0,
2026-08-13T19:45,33.5,16,30.6,0.0,0.0,,10.4,64,17.6,
2026-08-13T20:00,33.0,17,30.2,0.0,0.0,,10.8,63,17.3,
2026-08-13T20:15,32.4,18,29.7,0.0,0.0,,10.4,60,16.2,
2026-08-13T20:30,31.8,19,29.1,0.0,0.0,,10.1,57,14.8,
2026-08-13T20:45,31.1,20,28.6,0.0,0.0,,9.4,54,13.3,
2026-08-13T21:00,30.4,21,28.1,0.0,0.0,,8.6,51,11.9,
2026-08-13T21:15,29.8,22,27.5,0.0,0.0,,8.3,53,11.2,
2026-08-13T21:30,29.1,23,26.9,0.0,0.0,,7.6,55,10.4,
2026-08-13T21:45,28.4,24,26.3,0.0,0.0,,7.2,57,9.7,
2026-08-13T22:00,27.7,25,25.7,0.0,0.0,,6.5,59,9.0,
2026-08-13T22:15,27.1,26,25.3,0.0,0.0,,5.4,89,7.9,
2026-08-13T22:30,26.4,27,24.8,0.0,0.0,,4.3,119,6.5,
2026-08-13T22:45,25.8,27,24.3,0.0,0.0,,2.9,148,5.4,
2026-08-13T23:00,25.3,28,23.8,0.0,0.0,,2.2,178,4.3,
2026-08-13T23:15,24.8,29,23.5,0.0,0.0,,1.8,203,3.6,
2026-08-13T23:30,24.5,30,23.2,0.0,0.0,,1.8,227,2.9,
2026-08-13T23:45,24.2,31,22.8,0.0,0.0,,2.2,252,2.9,
2026-08-14T00:00,23.8,32,22.5,0.0,0.0,,2.5,276,2.9,
2026-08-14T00:15,23.4,33,21.9,0.0,0.0,,3.2,314,3.6,
2026-08-14T00:30,22.9,34,21.3,0.0,0.0,,4.3,352,5.0,
2026-08-14T00:45,22.4,34,20.6,0.0,0.0,,5.4,29,6.5,
2026-08-14T01:00,22.1,35,20.2,0.0,0.0,,6.1,67,7.2,
2026-08-14T01:15,22.0,35,20.0,0.0,0.0,,6.1,27,7.2,
2026-08-14T01:30,22.0,35,20.1,0.0,0.0,,5.4,347,6.5,
2026-08-14T01:45,22.0,35,20.2,0.0,0.0,,5.0,306,5.4,
2026-08-14T02:00,22.0,35,20.3,0.0,0.0,,4.3,266,4.7,
2026-08-14T02:15,22.0,35,20.4,0.0,0.0,,3.6,249,4.0,
2026-08-14T02:30,22.0,35,20.5,0.0,0.0,,3.2,232,3.2,
2026-08-14T02:45,22.0,35,20.5,0.0,0.0,,2.5,214,2.9,
2026-08-14T03:00,21.7,35,20.2,0.0,0.0,,2.5,197,2.9,
2026-08-14T03:15,21.2,36,19.6,0.0,0.0,,3.2,188,3.6,
2026-08-14T03:30,20.5,37,18.7,0.0,0.0,,4.3,178,4.7,
2026-08-14T03:45,19.8,38,17.8,0.0,0.0,,5.4,169,5.8,
2026-08-14T04:00,19.3,39,17.1,0.0,0.0,,6.1,159,6.5,
2026-08-14T04:15,19.0,39,16.8,0.0,0.0,,6.1,159,6.5,
2026-08-14T04:30,18.9,39,16.7,0.0,0.0,,6.1,159,6.5,
2026-08-14T04:45,18.9,39,16.8,0.0,0.0,,5.8,158,6.1,
2026-08-14T05:00,18.9,39,16.8,0.0,0.0,,5.4,158,5.8,
2026-08-14T05:15,18.9,39,16.8,0.0,0.0,,5.4,152,5.8,
2026-08-14T05:30,19.0,39,17.0,0.0,0.0,,5.4,146,5.8,
2026-08-14T05:45,19.1,40,17.1,0.0,0.0,,5.4,140,5.8,
2026-08-14T06:00,19.0,40,17.0,0.0,0.0,,5.4,134,5.8,
2026-08-14T06:15,18.8,40,16.7,0.0,0.0,,5.4,163,5.8,
2026-08-14T06:30,18.3,41,16.2,0.0,0.0,,5.8,192,6.1,
2026-08-14T06:45,18.0,41,15.8,0.0,0.0,,5.8,220,6.1,
2026-08-14T07:00,17.9,42,15.8,0.0,0.0,,5.4,249,5.8,
2026-08-14T07:15,18.1,43,16.3,0.0,0.0,,4.3,230,4.7,
2026-08-14T07:30,18.5,45,17.1,0.0,0.0,,2.9,211,3.2,
2026-08-14T07:45,19.1,46,18.1,0.0,0.0,,1.4,192,1.8,
2026-08-14T08:00,19.8,46,19.1,0.0,0.0,,1.1,173,1.4,
2026-08-14T08:15,20.9,45,20.2,0.0,0.0,,1.8,198,2.9,
2026-08-14T08:30,22.1,42,21.2,0.0,0.0,,3.6,222,5.0,
2026-08-14T08:45,23.5,39,22.3,0.0,0.0,,5.4,247,7.6,
2026-08-14T09:00,24.7,36,23.3,0.0,0.0,,6.5,271,9.4,
2026-08-14T09:15,25.8,33,24.4,0.0,0.0,,6.5,274,10.1,
2026-08-14T09:30,26.8,30,25.3,0.0,0.0,,5.8,278,10.4,
2026-08-14T09:45,27.8,26,26.2,0.0,0.0,,4.7,281,10.1,
2026-08-14T10:00,28.6,24,27.0,0.0,0.0,,4.0,284,10.1,
2026-08-14T10:15,29.4,22,27.8,0.0,0.0,,3.2,272,9.7,
2026-08-14T10:30,30.0,21,28.5,0.0,0.0,,2.2,260,9.0,
2026-08-14T10:45,30.6,21,29.5,0.0,0.0,,1.4,247,8.3,
2026-08-14T11:00,31.2,20,30.3,0.0,0.0,,1.1,235,8.3,
2026-08-14T11:15,31.8,19,31.0,0.0,0.0,,1.4,207,9.4,
2026-08-14T11:30,32.4,18,31.6,0.0,0.0,,2.2,178,10.8,
2026-08-14T11:45,32.9,18,32.3,0.0,0.0,,2.9,150,12.2,
2026-08-14T12:00,33.4,17,32.8,0.0,0.0,,3.2,121,13.7,
2026-08-14T12:15,33.8,16,33.2,0.0,0.0,,3.2,133,14.4,
2026-08-14T12:30,34.2,16,33.9,0.0,0.0,,2.9,145,14.8,
2026-08-14T12:45,34.6,15,34.2,0.0,0.0,,2.9,156,15.1,
2026-08-14T13:00,34.9,15,34.6,0.0,0.0,,2.9,168,15.8,
2026-08-14T13:15,35.2,16,35.1,0.0,0.0,,3.6,159,16.9,
2026-08-14T13:30,35.5,17,35.5,0.0,0.0,,4.7,150,18.4,
2026-08-14T13:45,35.8,17,35.7,0.0,0.0,,5.8,141,19.8,
2026-08-14T14:00,36.0,18,36.1,0.0,0.0,,6.5,132,20.5,
2026-08-14T14:15,36.2,18,36.3,0.0,0.0,,6.5,138,20.9,
2026-08-14T14:30,36.4,17,36.4,0.0,0.0,,6.1,144,20.9,
2026-08-14T14:45,36.6,16,36.4,0.0,0.0,,5.8,149,20.5,
2026-08-14T15:00,36.7,16,36.6,0.0,0.0,,5.4,155,20.5,
2026-08-14T15:15,36.9,16,36.7,0.0,0.0,,5.4,189,20.5,
2026-08-14T15:30,37.1,16,36.9,0.0,0.0,,5.0,223,20.5,
2026-08-14T15:45,37.2,16,36.9,0.0,0.0,,5.0,257,20.2,
2026-08-14T16:00,37.3,16,37.0,0.0,0.0,,4.7,291,19.8,
2026-08-14T16:15,37.3,16,37.0,0.0,0.0,,3.6,277,18.7,
2026-08-14T16:30,37.3,17,37.2,0.0,0.0,,2.5,264,17.3,
2026-08-14T16:45,37.3,17,37.1,0.0,0.0,,1.4,250,16.2,
2026-08-14T17:00,37.3,17,36.9,0.0,0.0,,1.4,236,15.8,
2026-08-14T17:15,37.4,17,36.6,0.0,0.0,,2.9,251,17.3,
2026-08-14T17:30,37.6,16,36.2,0.0,0.0,,5.4,266,19.8,
2026-08-14T17:45,37.8,16,36.0,0.0,0.0,,7.9,280,22.3,
2026-08-14T18:00,37.7,16,35.6,0.0,0.0,,10.1,295,24.5,
2026-08-14T18:15,37.4,17,35.3,0.0,0.0,,11.2,302,25.6,
2026-08-14T18:30,36.9,18,34.8,0.0,0.0,,12.2,309,26.6,
2026-08-14T18:45,36.4,19,34.3,0.0,0.0,,12.6,316,27.0,
2026-08-14T19:00,35.8,20,33.6,0.0,0.0,,13.3,323,27.4,
2026-08-14T19:15,35.2,22,33.3,0.0,0.0,,14.0,331,27.7,
2026-08-14T19:30,34.6,23,32.5,0.0,0.0,,14.8,340,28.1,
2026-08-14T19:45,34.0,25,32.1,0.0,0.0,,15.1,348,27.7,
2026-08-14T20:00,33.3,26,31.5,0.0,0.0,,15.1,356,26.6,
2026-08-14T20:15,32.6,26,30.8,0.0,0.0,,14.0,358,23.8,
2026-08-14T20:30,31.8,26,30.0,0.0,0.0,,12.2,360,20.2,
2026-08-14T20:45,31.2,25,29.3,0.0,0.0,,10.4,1,16.2,
2026-08-14T21:00,30.7,25,28.9,0.0,0.0,,9.4,3,14.4,
2026-08-14T21:15,30.5,25,28.6,0.0,0.0,,9.7,357,15.1,
2026-08-14T21:30,30.7,25,28.6,0.0,0.0,,11.2,350,18.0,
2026-08-14T21:45,30.8,26,28.7,0.0,0.0,,12.6,344,20.5,
2026-08-14T22:00,30.7,26,28.4,0.0,0.0,,13.3,337,22.0,
2026-08-14T22:15,30.3,26,28.0,0.1,0.1,,13.0,348,21.2,
2026-08-14T22:30,29.6,27,27.5,0.1,0.1,,11.9,360,19.4,
2026-08-14T22:45,29.0,27,26.9,0.1,0.1,,10.8,11,16.9,
2026-08-14T23:00,28.4,28,26.4,0.1,0.1,,9.7,22,15.1,
2026-08-14T23:15,27.8,29,26.0,0.0,0.0,,9.0,14,13.7,
2026-08-14T23:30,27.3,30,25.6,0.0,0.0,,8.3,7,12.2,
2026-08-14T23:45,26.8,30,25.1,0.0,0.0,,7.9,359,11.2,
2026-08-15T00:00,26.4,31,24.8,0.0,0.0,,7.6,351,10.4,
2026-08-15T00:15,26.2,31,24.6,0.0,0.0,,7.2,7,10.4,
2026-08-15T00:30,26.2,31,24.5,0.0,0.0,,7.2,23,10.8,
2026-08-15T00:45,26.1,31,24.4,0.0,0.0,,7.2,38,11.5,
2026-08-15T01:00,25.9,32,24.3,0.0,0.0,,7.6,54,12.2,
2026-08-15T01:15,25.5,33,23.8,0.0,0.0,,8.3,60,13.7,
2026-08-15T01:30,25.0,35,23.2,0.0,0.0,,9.4,66,15.8,
2026-08-15T01:45,24.4,38,22.7,0.0,0.0,,10.4,72,17.6,
2026-08-15T02:00,24.0,40,22.3,0.0,0.0,,10.4,78,17.6,
2026-08-15T02:15,23.6,43,22.4,0.0,0.0,,9.0,73,15.5,
2026-08-15T02:30,23.4,46,22.7,0.0,0.0,,6.8,67,11.5,
2026-08-15T02:45,23.2,49,23.1,0.0,0.0,,4.3,62,7.2,
2026-08-15T03:00,22.9,51,23.1,0.0,0.0,,3.2,56,5.0,
2026-08-15T03:15,22.7,52,22.9,0.0,0.0,,3.6,61,5.0,
2026-08-15T03:30,22.5,52,22.4,0.0,0.0,,5.0,66,6.8,
2026-08-15T03:45,22.3,52,21.9,0.0,0.0,,6.5,70,9.0,
2026-08-15T04:00,22.1,52,21.6,0.0,0.0,,7.2,75,10.1,
2026-08-15T04:15,21.9,52,21.4,0.0,0.0,,6.8,45,10.1,
2026-08-15T04:30,21.8,53,21.4,0.0,0.0,,6.1,15,9.4,
2026-08-15T04:45,21.6,53,21.3,0.0,0.0,,5.4,344,8.6,
2026-08-15T05:00,21.5,55,21.4,0.0,0.0,,5.0,314,8.6,
2026-08-15T05:15,21.3,58,21.3,0.0,0.0,,5.4,313,9.4,
2026-08-15T05:30,21.1,63,21.4,0.0,0.0,,5.8,312,10.8,
2026-08-15T05:45,20.9,67,21.5,0.0,0.0,,6.5,311,12.2,
2026-08-15T06:00,20.8,71,21.6,0.0,0.0,,6.8,310,13.0,
2026-08-15T06:15,20.8,74,21.9,0.0,0.0,,6.5,312,12.6,
2026-08-15T06:30,20.9,76,22.3,0.0,0.0,,6.1,314,11.5,
2026-08-15T06:45,21.1,78,22.7,0.0,0.0,,5.8,316,10.4,
2026-08-15T07:00,21.2,78,23.0,0.0,0.0,,5.4,318,9.7,
2026-08-15T07:15,21.5,76,23.2,0.0,0.0,,5.4,327,9.7,
2026-08-15T07:30,21.8,73,23.3,0.0,0.0,,5.4,336,10.1,
2026-08-15T07:45,22.1,70,23.4,0.0,0.0,,5.8,344,10.4,
2026-08-15T08:00,22.3,67,23.3,0.0,0.0,,6.5,353,11.5,
2026-08-15T08:15,22.3,66,23.1,0.0,0.0,,7.9,8,13.3,
2026-08-15T08:30,22.3,65,22.7,0.0,0.0,,9.4,23,15.8,
2026-08-15T08:45,22.2,65,22.4,0.0,0.0,,11.2,37,18.0,
2026-08-15T09:00,22.3,64,22.4,0.0,0.0,,11.5,52,18.7,
2026-08-15T09:15,22.6,62,22.8,0.0,0.0,,10.1,50,16.9,
2026-08-15T09:30,23.0,59,23.4,0.0,0.0,,7.9,48,13.7,
2026-08-15T09:45,23.5,56,24.0,0.0,0.0,,5.4,45,10.8,
2026-08-15T10:00,23.9,54,24.6,0.0,0.0,,4.3,43,9.7,
2026-08-15T10:15,24.4,52,24.9,0.0,0.0,,5.4,44,12.2,
2026-08-15T10:30,25.0,51,25.2,0.0,0.0,,8.3,44,16.9,
2026-08-15T10:45,25.5,50,25.4,0.0,0.0,,10.8,45,21.6,
2026-08-15T11:00,25.9,49,25.5,0.0,0.0,,12.2,45,24.1,
2026-08-15T11:15,25.9,48,25.5,0.0,0.0,,11.9,46,23.8,
2026-08-15T11:30,25.6,48,25.5,0.0,0.0,,10.4,47,21.6,
2026-08-15T11:45,25.4,47,25.5,0.0,0.0,,8.6,48,18.7,
2026-08-15T12:00,25.5,46,25.4,0.0,0.0,,7.6,49,17.3,
2026-08-15T12:15,26.2,43,26.0,0.0,0.0,,7.2,41,17.3,
2026-08-15T12:30,27.2,40,26.9,0.0,0.0,,7.2,33,18.0,
2026-08-15T12:45,28.3,36,27.8,0.0,0.0,,7.2,25,19.1,
2026-08-15T13:00,29.1,34,28.6,0.0,0.0,,7.2,17,19.8,
2026-08-15T13:15,29.6,33,29.4,0.0,0.0,,7.2,23,20.2,
2026-08-15T13:30,30.0,34,30.5,0.0,0.0,,6.8,29,20.5,
2026-08-15T13:45,30.2,35,31.1,0.0,0.0,,6.8,35,20.9,
2026-08-15T14:00,30.3,35,31.3,0.0,0.0,,6.5,41,20.5,
2026-08-15T14:15,30.2,35,31.0,0.0,0.0,,6.1,36,19.8,
2026-08-15T14:30,29.9,34,30.4,0.0,0.0,,5.8,30,18.4,
2026-08-15T14:45,29.6,33,29.8,0.0,0.0,,5.4,25,17.3,
2026-08-15T15:00,29.5,32,29.5,0.0,0.0,,5.4,19,16.6,
2026-08-15T15:15,29.6,31,29.5,0.0,0.0,,5.4,22,16.9,
2026-08-15T15:30,30.0,31,29.8,0.0,0.0,,5.8,25,17.6,
2026-08-15T15:45,30.3,30,29.9,0.0,0.0,,6.1,27,18.4,
2026-08-15T16:00,30.6,30,30.0,0.0,0.0,,6.5,30,19.4,
2026-08-15T16:15,30.7,30,30.0,0.0,0.0,,6.8,29,20.2,
2026-08-15T16:30,30.7,31,30.1,0.0,0.0,,7.6,28,21.2,
2026-08-15T16:45,30.7,32,30.1,0.0,0.0,,8.3,26,22.0,
2026-08-15T17:00,30.5,33,29.9,0.0,0.0,,9.0,25,22.7,
2026-08-15T17:15,30.2,34,29.5,0.0,0.0,,10.1,28,23.4,
2026-08-15T17:30,29.7,35,28.9,0.0,0.0,,11.2,31,24.1,
2026-08-15T17:45,29.3,36,28.4,0.0,0.0,,11.9,33,24.8,
2026-08-15T18:00,29.0,36,27.9,0.0,0.0,,12.6,36,25.2,
2026-08-15T18:15,29.0,36,27.9,0.0,0.0,,12.6,33,25.2,
2026-08-15T18:30,29.2,35,28.0,0.0,0.0,,12.6,30,24.8,
2026-08-15T18:45,29.4,35,28.3,0.0,0.0,,12.2,26,24.5,
2026-08-15T19:00,29.4,35,28.3,0.0,0.0,,12.2,23,24.5,
2026-08-15T19:15,29.2,36,28.2,0.0,0.0,,12.2,32,24.5,
2026-08-15T19:30,28.9,36,27.8,0.0,0.0,,12.6,41,24.5,
2026-08-15T19:45,28.5,38,27.5,0.0,0.0,,13.0,49,24.8,
2026-08-15T20:00,28.0,40,27.1,0.0,0.0,,13.3,58,25.2,
2026-08-15T20:15,27.3,44,26.6,0.0,0.0,,14.0,45,26.3,
2026-08-15T20:30,26.5,50,26.0,0.0,0.0,,15.1,32,27.7,
2026-08-15T20:45,25.7,55,25.4,0.0,0.0,,15.8,19,29.2,
2026-08-15T21:00,25.0,59,24.8,0.0,0.0,,16.6,6,29.9,
2026-08-15T21:15,24.7,61,24.6,0.0,0.0,,16.6,4,29.9,
2026-08-15T21:30,24.4,63,24.4,0.0,0.0,,16.6,2,29.5,
2026-08-15T21:45,24.3,63,24.3,0.0,0.0,,16.6,0,29.2,
2026-08-15T22:00,24.1,64,24.2,0.0,0.0,,16.2,358,28.4,
2026-08-15T22:15,23.9,65,24.0,0.0,0.0,,16.2,356,27.7,
2026-08-15T22:30,23.7,65,23.8,0.0,0.0,,15.8,355,27.0,
2026-08-15T22:45,23.5,66,23.6,0.0,0.0,,15.8,353,25.9,
2026-08-15T23:00,23.2,67,23.2,0.0,0.0,,15.5,351,25.2,
2026-08-15T23:15,22.6,70,22.9,0.0,0.0,,14.8,353,24.1,
2026-08-15T23:30,21.9,73,22.2,0.0,0.0,,14.0,356,23.4,
2026-08-15T23:45,21.2,77,21.7,0.0,0.0,,13.3,358,22.3,
2026-08-16T00:00,20.8,79,21.3,0.0,0.0,,13.0,0,22.3,
2026-08-16T00:15,20.7,79,21.2,0.0,0.0,,13.3,6,23.4,
2026-08-16T00:30,21.0,78,21.3,0.0,0.0,,14.4,11,25.2,
2026-08-16T00:45,21.3,77,21.6,0.0,0.0,,15.1,17,26.6,
2026-08-16T01:00,21.4,77,21.6,0.0,0.0,,15.8,22,27.7,
2026-08-16T01:15,21.3,78,21.5,0.0,0.0,,15.8,20,27.7,
2026-08-16T01:30,21.0,79,21.3,0.0,0.0,,15.5,17,26.6,
2026-08-16T01:45,20.8,81,21.2,0.0,0.0,,15.1,15,25.6,
2026-08-16T02:00,20.5,82,21.0,0.0,0.0,,14.4,12,24.1,
2026-08-16T02:15,20.1,83,20.7,0.0,0.0,,13.3,17,22.0,
2026-08-16T02:30,19.7,85,20.6,0.0,0.0,,11.5,21,19.4,
2026-08-16T02:45,19.4,86,20.4,0.0,0.0,,10.1,26,17.3,
2026-08-16T03:00,19.2,87,20.3,0.0,0.0,,9.0,30,15.5,
2026-08-16T03:15,19.2,87,20.4,0.0,0.0,,8.6,25,14.8,
2026-08-16T03:30,19.3,88,20.7,0.0,0.0,,8.3,19,15.1,
2026-08-16T03:45,19.5,87,20.9,0.0,0.0,,8.6,14,15.5,
2026-08-16T04:00,19.6,87,21.0,0.0,0.0,,8.6,8,15.8,
2026-08-16T04:15,19.6,86,20.8,0.0,0.0,,8.6,11,15.8,
2026-08-16T04:30,19.5,85,20.6,0.0,0.0,,9.0,13,16.2,
2026-08-16T04:45,19.3,83,20.2,0.0,0.0,,9.4,16,16.2,
2026-08-16T05:00,19.2,83,19.9,0.0,0.0,,9.4,18,16.2,
2026-08-16T05:15,18.9,84,19.7,0.0,0.0,,9.4,19,15.8,
2026-08-16T05:30,18.7,85,19.4,0.0,0.0,,9.0,20,15.1,
2026-08-16T05:45,18.4,87,19.2,0.0,0.0,,8.6,21,14.4,
2026-08-16T06:00,18.2,88,19.1,0.0,0.0,,8.6,22,14.4,
2026-08-16T06:15,18.2,88,19.0,0.0,0.0,,9.0,23,15.1,
2026-08-16T06:30,18.3,88,19.0,0.0,0.0,,9.7,24,16.2,
2026-08-16T06:45,18.4,88,19.1,0.0,0.0,,10.1,24,17.6,
2026-08-16T07:00,18.5,87,19.1,0.0,0.0,,10.4,25,18.4,
2026-08-16T07:15,18.5,85,19.0,0.0,0.0,,10.4,32,18.4,
2026-08-16T07:30,18.5,82,18.8,0.0,0.0,,10.1,39,18.0,
2026-08-16T07:45,18.5,79,18.7,0.0,0.0,,9.4,45,17.6,
2026-08-16T08:00,18.6,77,18.7,0.0,0.0,,9.0,52,16.9,
2026-08-16T08:15,18.7,76,18.9,0.0,0.0,,8.3,51,16.2,
2026-08-16T08:30,18.8,77,19.3,0.0,0.0,,7.6,49,15.5,
2026-08-16T08:45,19.0,77,19.6,0.0,0.0,,6.8,48,14.8,
2026-08-16T09:00,19.3,77,20.1,0.0,0.0,,6.5,46,14.4,
2026-08-16T09:15,19.8,75,20.6,0.0,0.0,,6.1,46,14.4,
2026-08-16T09:30,20.3,73,21.2,0.0,0.0,,6.1,46,14.4,
2026-08-16T09:45,20.8,71,21.7,0.0,0.0,,6.1,46,14.8,
2026-08-16T10:00,21.3,69,22.2,0.0,0.0,,6.1,46,15.1,
2026-08-16T10:15,21.5,68,22.4,0.0,0.0,,6.1,38,15.5,
2026-08-16T10:30,21.7,67,22.5,0.0,0.0,,6.5,31,16.2,
2026-08-16T10:45,21.8,66,22.6,0.0,0.0,,6.8,23,16.9,
2026-08-16T11:00,22.0,65,22.7,0.0,0.0,,7.2,15,17.6,
2026-08-16T11:15,22.3,64,23.0,0.0,0.0,,7.6,15,18.0,
2026-08-16T11:30,22.6,63,23.4,0.0,0.0,,7.6,14,18.4,
2026-08-16T11:45,23.0,62,23.8,0.0,0.0,,7.9,14,18.7,
2026-08-16T12:00,23.3,61,24.2,0.0,0.0,,7.9,13,19.1,
2026-08-16T12:15,23.7,59,24.4,0.0,0.0,,7.9,15,19.1,
2026-08-16T12:30,24.0,57,24.7,0.0,0.0,,7.9,16,19.4,
2026-08-16T12:45,24.4,56,25.0,0.0,0.0,,7.9,18,19.4,
2026-08-16T13:00,24.7,54,25.3,0.0,0.0,,7.6,19,19.1,
2026-08-16T13:15,24.9,53,25.5,0.0,0.0,,6.8,19,18.4,
2026-08-16T13:30,25.0,52,25.6,0.0,0.0,,6.1,20,17.6,
2026-08-16T13:45,25.1,52,25.9,0.0,0.0,,5.0,20,16.9,
2026-08-16T14:00,25.3,51,26.1,0.0,0.0,,4.7,20,16.6,
2026-08-16T14:15,25.6,50,26.4,0.0,0.0,,4.7,12,16.9,
2026-08-16T14:30,26.0,48,26.6,0.0,0.0,,5.4,4,18.0,
2026-08-16T14:45,26.3,46,26.8,0.0,0.0,,5.8,355,19.1,
2026-08-16T15:00,26.6,45,26.9,0.0,0.0,,6.5,347,19.8,
2026-08-16T15:15,26.6,45,26.8,0.0,0.0,,7.2,345,20.5,
2026-08-16T15:30,26.5,46,26.7,0.0,0.0,,7.6,342,21.2,
2026-08-16T15:45,26.4,47,26.6,0.0,0.0,,8.3,340,21.6,
2026-08-16T16:00,26.4,47,26.6,0.0,0.0,,8.6,337,22.0,
2026-08-16T16:15,26.6,45,26.6,0.0,0.0,,8.6,338,22.0,
2026-08-16T16:30,26.9,43,26.8,0.0,0.0,,8.3,338,21.6,
2026-08-16T16:45,27.1,40,26.7,0.0,0.0,,8.3,339,21.6,
2026-08-16T17:00,27.3,39,26.6,0.0,0.0,,8.6,339,22.3,
2026-08-16T17:15,27.3,39,26.4,0.0,0.0,,10.1,341,23.8,
2026-08-16T17:30,27.2,40,26.2,0.0,0.0,,11.9,344,26.3,
2026-08-16T17:45,27.0,41,25.8,0.0,0.0,,13.7,346,28.4,
2026-08-16T18:00,26.8,42,25.5,0.0,0.0,,15.1,348,30.2,
2026-08-16T18:15,26.5,43,25.1,0.0,0.0,,15.8,345,31.0,
2026-08-16T18:30,26.1,45,24.8,0.0,0.0,,16.2,342,31.0,
2026-08-16T18:45,25.7,46,24.3,0.0,0.0,,16.6,338,31.0,
2026-08-16T19:00,25.4,47,24.0,0.0,0.0,,16.2,335,31.0,
2026-08-16T19:15,25.1,48,23.8,0.0,0.0,,15.5,336,31.0,
2026-08-16T19:30,24.8,49,23.7,0.0,0.0,,14.4,336,31.3,
2026-08-16T19:45,24.5,49,23.5,0.0,0.0,,13.0,337,31.3,
2026-08-16T20:00,24.2,49,23.3,0.0,0.0,,12.2,337,30.6,
2026-08-16T20:15,24.0,48,23.0,0.0,0.0,,11.9,340,28.8,
2026-08-16T20:30,23.8,47,22.6,0.0,0.0,,11.9,342,26.6,
2026-08-16T20:45,23.6,46,22.3,0.0,0.0,,11.9,345,24.1,
2026-08-16T21:00,23.4,45,22.0,0.0,0.0,3,11.5,347,22.3,1012.2
2026-08-16T21:30,23.0,45,21.5,0.0,0.0,2,10.8,354,20.9,1012.4
2026-08-16T21:45,22.7,45,21.2,0.0,0.0,1,10.4,357,20.5,1012.5
2026-08-16T22:15,22.1,47,20.9,0.0,0.0,2,9.0,10,19.4,1012.7
2026-08-16T22:45,21.6,55,21.1,0.0,0.0,0,7.9,355,16.9,1012.8
2026-08-16T23:15,21.0,59,20.9,0.0,0.0,1,6.8,6,15.1,1012.8
2026-08-16T23:30,20.8,60,20.6,0.0,0.0,2,6.8,15,13.3,1012.8
2026-08-16T23:45,20.5,62,20.5,0.0,0.0,2,6.5,25,11.5,1012.7
2026-08-17T00:15,20.1,59,20.2,0.0,0.0,1,3.6,100,7.6,1012.6
2026-08-16T21:15,22.9,45,21.5,0.0,0.0,,9.7,353,18.4,
2026-08-16T22:00,22.2,47,21.2,0.0,0.0,,7.9,6,18.7,
2026-08-16T22:30,21.1,63,21.6,0.0,0.0,,4.3,72,7.6,
2026-08-17T01:15,19.2,72,19.7,0.0,0.0,2,5.0,102,8.3,1012.3
2026-08-17T01:30,19.2,72,19.9,0.0,0.0,2,4.0,106,8.6,1012.3
2026-08-17T01:45,19.1,72,19.9,0.0,0.0,3,3.2,109,8.6,1012.2
2026-08-16T23:00,20.8,65,21.4,0.0,0.0,,4.7,92,8.3,
2026-08-17T03:30,19.2,68,19.3,0.0,0.0,3,5.8,61,8.3,1012.1
2026-08-17T04:45,19.5,66,19.3,0.0,0.0,3,7.2,292,13.0,1011.7
2026-08-17T05:45,17.7,87,18.9,0.4,0.4,61,4.7,61,10.8,1011.5
2026-08-17T00:00,19.7,60,19.5,0.0,0.0,,4.3,65,6.1,
2026-08-17T00:30,19.1,68,19.2,0.0,0.0,,5.8,76,7.2,
2026-08-17T00:45,18.8,72,19.0,0.0,0.0,,6.5,81,8.3,
2026-08-17T01:00,18.6,75,18.9,0.0,0.0,,7.2,86,9.0,
2026-08-17T02:00,18.3,73,18.2,0.0,0.0,,7.9,108,10.8,
2026-08-17T02:15,18.4,73,18.3,0.0,0.0,,7.9,117,10.8,
2026-08-17T02:30,18.4,73,18.3,0.0,0.0,,8.3,126,10.8,
2026-08-17T02:45,18.5,73,18.5,0.0,0.0,,8.3,135,10.4,
2026-08-17T03:00,18.6,73,18.6,0.0,0.0,,7.9,144,10.4,
2026-08-17T03:15,18.6,73,18.7,0.0,0.0,,7.6,110,10.8,
2026-08-17T03:45,18.7,74,19.2,0.0,0.0,,5.8,41,11.5,
2026-08-17T06:30,17.0,94,18.3,0.1,0.1,51,5.0,137,11.9,1011.2
2026-08-17T07:15,16.9,93,18.2,0.0,0.0,3,4.0,137,11.2,1011.1
2026-08-17T04:00,18.6,74,19.3,0.0,0.0,,3.6,334,6.8,
2026-08-17T04:15,18.5,76,19.2,0.2,0.2,,4.0,342,7.9,
2026-08-17T04:30,18.4,80,19.2,0.2,0.2,,5.0,349,9.4,
2026-08-17T05:00,18.1,86,18.9,0.2,0.2,,7.2,4,12.6,
2026-08-17T05:15,17.9,88,18.8,0.3,0.3,,7.2,37,13.0,
2026-08-17T07:45,17.6,88,18.8,0.0,0.0,3,4.3,266,12.6,1011.2
2026-08-17T05:30,18.6,78,18.9,0.4,0.4,,8.3,256,14.8,
2026-08-17T06:00,18.0,88,18.9,0.4,0.4,,8.3,177,16.2,
2026-08-17T09:00,17.8,90,18.9,0.0,0.0,3,6.8,181,13.0,1011.4
2026-08-17T09:45,18.1,88,19.3,0.0,0.0,3,6.1,168,12.6,1011.5
2026-08-17T10:45,19.3,82,20.7,0.0,0.0,3,5.0,207,11.2,1011.6
2026-08-17T11:30,19.4,89,21.5,0.2,0.2,53,4.0,132,10.8,1011.6
2026-08-17T12:15,19.2,90,21.4,0.0,0.0,3,3.2,140,10.8,1011.6
2026-08-17T13:00,19.7,89,21.9,0.0,0.0,3,4.7,187,9.4,1011.6
2026-08-17T06:15,17.0,93,18.3,0.2,0.2,,4.7,16,7.9,
2026-08-17T06:45,16.5,96,18.0,0.2,0.2,,3.2,299,6.1,
2026-08-17T07:00,16.5,96,18.0,0.2,0.2,,2.9,261,5.8,
2026-08-17T07:30,16.9,92,18.3,0.0,0.0,,2.9,257,5.8,
2026-08-17T08:00,17.4,88,18.7,0.0,0.0,,3.6,252,6.8,
2026-08-17T08:15,17.6,88,18.8,0.0,0.0,,4.3,232,7.9,
2026-08-17T08:30,17.6,89,18.8,0.0,0.0,,5.0,212,9.4,
2026-08-17T08:45,17.7,89,18.8,0.0,0.0,,6.1,192,10.8,
2026-08-17T09:15,18.0,90,19.2,0.0,0.0,,6.5,168,12.6,
2026-08-17T09:30,18.2,90,19.5,0.0,0.0,,6.5,165,13.0,
2026-08-17T10:00,18.6,90,20.2,0.0,0.0,,5.8,157,13.3,
2026-08-17T10:15,18.9,90,20.6,0.0,0.0,,5.8,153,13.0,
2026-08-17T10:30,19.1,89,20.9,0.0,0.0,,5.8,148,12.2,
2026-08-17T11:00,19.5,88,21.3,0.0,0.0,,5.4,139,10.8,
2026-08-17T13:15,19.9,88,22.1,0.0,0.0,3,4.7,184,9.7,1011.6
2026-08-17T11:15,19.4,88,21.4,0.2,0.2,,4.7,135,10.8,
2026-08-17T13:45,21.5,75,23.0,0.0,0.0,2,6.1,254,16.6,1011.7
2026-08-17T14:30,22.7,71,24.1,0.0,0.0,3,7.6,301,18.4,1012.0
2026-08-17T15:15,23.3,67,24.5,0.0,0.0,3,8.6,354,21.6,1011.9
2026-08-17T16:00,22.9,66,23.9,0.0,0.0,3,7.6,21,23.8,1011.7
2026-08-17T16:30,22.3,70,23.4,0.0,0.0,3,8.3,11,21.6,1011.7
2026-08-17T11:45,19.6,75,20.1,0.2,0.0,,7.9,248,15.1,
2026-08-17T12:00,19.6,75,20.1,0.2,0.0,,8.3,247,15.8,
2026-08-17T12:30,19.9,76,20.6,0.0,0.0,,7.6,246,16.9,
2026-08-17T12:45,20.0,77,21.0,0.0,0.0,,6.8,246,17.3,
2026-08-17T13:30,21.0,76,22.4,0.0,0.0,,6.1,251,16.9,
2026-08-17T14:00,21.9,74,23.5,0.0,0.0,,6.1,257,16.6,
2026-08-17T14:15,22.3,73,23.9,0.0,0.0,,6.5,279,17.3,
2026-08-17T14:45,23.1,69,24.4,0.0,0.0,,8.3,323,19.4,
2026-08-17T17:00,21.9,73,22.9,0.0,0.0,3,9.4,1,18.7,1011.7
2026-08-17T15:00,23.3,68,24.5,0.0,0.0,,8.6,345,20.5,
2026-08-17T17:30,22.1,70,23.0,0.0,0.0,3,9.4,8,18.7,1011.6
2026-08-17T15:30,23.2,66,24.3,0.0,0.0,,8.3,3,22.7,
2026-08-17T17:45,22.3,68,23.1,0.0,0.0,3,9.0,11,19.1,1011.5
2026-08-17T15:45,23.1,66,24.2,0.0,0.0,,7.6,12,23.4,
2026-08-17T18:30,22.3,65,22.8,0.0,0.0,3,9.0,22,19.1,1011.5
2026-08-17T19:00,22.1,64,22.4,0.0,0.0,3,9.0,30,18.7,1011.5
2026-08-17T19:30,22.3,64,22.6,0.0,0.0,3,9.4,24,18.0,1011.6
2026-08-17T20:00,22.0,63,22.1,0.0,0.0,3,9.7,18,17.3,1011.7
2026-08-17T16:15,22.8,66,23.7,0.0,0.0,,8.3,16,23.0,
2026-08-17T16:45,23.0,67,24.3,0.0,0.0,,6.5,6,19.8,
2026-08-17T17:15,23.0,67,24.4,0.0,0.0,,6.1,4,18.4,
2026-08-17T18:00,22.9,65,23.8,0.0,0.0,,7.2,14,19.1,
2026-08-17T18:15,22.8,65,23.7,0.0,0.0,,7.6,18,19.1,
2026-08-17T21:00,21.1,69,22.1,0.0,0.0,3,4.7,16,14.0,1011.9
2026-08-17T18:45,22.6,65,23.3,0.0,0.0,,7.9,26,19.1,
2026-08-17T21:30,20.5,72,21.8,0.0,0.0,3,3.6,35,13.3,1012.0
2026-08-17T19:15,22.4,64,22.9,0.0,0.0,,8.6,27,18.4,
2026-08-17T22:00,20.0,74,21.3,0.0,0.0,3,3.2,54,12.6,1012.1
2026-08-17T22:30,19.7,77,21.0,0.0,0.0,3,3.6,80,10.8,1012.2
2026-08-17T19:45,22.1,63,22.3,0.0,0.0,,9.7,21,17.6,
2026-08-17T20:15,21.8,64,22.0,0.0,0.0,,9.0,18,16.6,
2026-08-17T20:30,21.6,66,22.1,0.0,0.0,,7.6,17,15.8,
2026-08-17T20:45,21.3,67,22.1,0.0,0.0,,5.8,17,14.8,
2026-08-17T23:00,19.4,79,20.7,0.0,0.0,3,4.3,106,9.4,1012.3
2026-08-17T23:30,19.5,79,20.7,0.0,0.0,3,5.0,111,8.6,1012.3
2026-08-17T21:15,20.8,70,22.0,0.0,0.0,,4.0,26,13.7,
2026-08-17T23:45,19.5,79,20.7,0.0,0.0,3,5.4,114,8.3,1012.2
2026-08-18T00:30,19.4,79,20.4,0.0,0.0,3,5.8,134,9.0,1012.1
2026-08-18T00:45,19.3,78,20.3,0.0,0.0,3,5.8,143,9.7,1012.0
2026-08-18T01:30,19.4,77,20.1,0.0,0.0,3,7.6,169,10.4,1011.7
2026-08-18T01:45,19.5,77,20.0,0.0,0.0,3,8.3,177,10.8,1011.6
2026-08-18T03:00,19.3,90,20.4,0.0,0.0,3,11.5,232,19.8,1011.0
2026-08-18T04:15,19.1,89,19.8,0.0,0.0,3,13.0,230,22.3,1010.2
2026-08-17T21:45,20.1,74,21.0,0.0,0.0,,5.8,61,8.3,
2026-08-17T22:15,19.9,74,20.9,0.0,0.0,,4.7,108,6.1,
2026-08-17T22:45,19.6,77,21.0,0.0,0.0,,2.9,195,3.6,
2026-08-17T23:15,19.3,81,20.9,0.0,0.0,,2.5,207,2.9,
2026-08-18T00:00,18.7,85,20.3,0.0,0.0,,3.6,115,5.0,
2026-08-18T00:15,18.6,85,20.1,0.0,0.0,,4.0,128,5.8,
2026-08-18T01:00,18.4,84,19.4,0.0,0.0,,6.1,168,8.6,
2026-08-18T01:15,18.3,84,19.2,0.0,0.0,,6.8,173,10.1,
2026-08-18T02:00,18.0,84,18.4,0.0,0.0,,9.0,189,14.4,
2026-08-18T02:15,18.0,86,18.6,0.0,0.0,,8.6,200,14.8,
2026-08-18T05:15,19.1,90,19.8,0.0,0.0,3,13.3,211,23.4,1009.6
2026-08-18T02:30,19.2,83,19.7,0.0,0.0,,11.2,206,19.1,
2026-08-18T02:45,19.2,86,19.8,0.0,0.0,,12.2,211,21.2,
2026-08-18T03:15,19.3,89,20.1,0.0,0.0,,12.6,214,23.0,
2026-08-18T06:00,19.1,91,19.5,0.0,0.0,3,16.2,234,28.8,1009.2
2026-08-18T03:30,19.4,89,20.3,0.0,0.0,,11.9,210,23.0,
2026-08-18T03:45,19.4,88,20.3,0.0,0.0,,11.2,207,22.7,
2026-08-18T04:00,19.4,88,20.4,0.0,0.0,,10.8,203,22.3,
2026-08-18T06:45,19.2,91,19.6,0.0,0.0,3,16.2,227,28.8,1008.9
2026-08-18T07:15,19.4,89,19.5,0.0,0.0,3,17.3,228,30.6,1008.8
2026-08-18T07:45,19.8,85,19.4,0.0,0.0,3,20.2,235,34.6,1008.8
2026-08-18T08:30,20.2,80,19.3,0.0,0.0,3,22.0,249,37.8,1008.8
2026-08-18T04:30,19.0,90,19.8,0.0,0.0,,12.2,203,21.6,
2026-08-18T04:45,19.0,90,19.8,0.0,0.0,,12.2,203,21.6,
2026-08-18T05:00,19.1,90,19.9,0.0,0.0,,12.6,203,22.0,
2026-08-18T05:30,19.1,91,19.6,0.0,0.0,,15.1,219,25.2,
2026-08-18T05:45,19.2,91,19.5,0.0,0.0,,16.6,226,27.4,
2026-08-18T06:15,19.2,91,19.3,0.0,0.0,,17.6,232,29.2,
2026-08-18T06:30,19.1,91,19.3,0.0,0.0,,17.3,229,29.2,
2026-08-18T09:15,19.9,82,19.2,0.0,0.3,3,20.9,259,39.2,1008.9
2026-08-18T07:00,19.2,90,19.4,0.0,0.0,,16.9,224,29.2,
2026-08-18T10:00,18.9,91,19.2,0.0,0.3,3,15.8,258,39.6,1009.1
2026-08-18T07:30,19.6,87,19.5,0.0,0.0,,18.7,231,32.4,
2026-08-18T08:00,20.0,83,19.4,0.0,0.0,,20.9,238,36.0,
2026-08-18T10:45,18.6,93,18.9,0.4,0.8,61,16.2,257,31.7,1009.1
2026-08-18T11:15,18.6,93,18.8,0.1,0.0,51,16.9,258,31.0,1009.1
2026-08-18T08:15,20.1,82,19.3,0.0,0.0,,21.6,243,37.1,
2026-08-18T08:45,20.2,80,19.3,0.0,0.0,,22.3,254,38.2,
2026-08-18T09:00,20.1,80,19.2,0.0,0.0,,22.0,259,38.5,
2026-08-18T09:30,19.5,85,19.2,0.0,0.3,,19.1,259,40.0,
2026-08-18T09:45,19.2,89,19.3,0.0,0.3,,16.9,258,40.0,
2026-08-18T12:30,18.9,94,19.0,0.0,0.0,3,18.4,266,37.1,1009.1
2026-08-18T10:15,18.7,92,19.1,0.4,0.8,,15.5,258,37.4,
2026-08-18T10:30,18.7,93,19.0,0.4,0.8,,15.8,257,34.6,
2026-08-18T13:00,19.0,94,19.4,0.0,0.0,3,17.3,269,35.3,1009.0
2026-08-18T11:00,18.6,93,18.9,0.4,0.8,,16.6,256,30.2,
2026-08-18T13:30,19.1,96,19.7,0.1,0.1,51,16.6,260,32.8,1008.9
2026-08-18T14:00,19.1,97,20.1,0.1,0.1,51,15.1,264,32.0,1008.7
2026-08-18T15:00,19.3,97,20.1,0.1,0.1,51,16.6,268,30.2,1007.6
2026-08-18T11:30,19.1,93,20.0,0.0,0.0,,14.0,254,27.4,
2026-08-18T11:45,19.2,93,20.1,0.0,0.0,,13.7,253,27.0,
2026-08-18T12:00,19.2,93,20.2,0.0,0.0,,13.7,252,27.0,
2026-08-18T12:15,19.3,93,20.2,0.0,0.0,,14.0,254,27.4,
2026-08-18T12:45,19.4,93,20.1,0.0,0.0,,15.8,257,28.8,
2026-08-18T15:45,19.6,97,21.1,0.1,0.1,51,13.7,256,24.1,1007.4
2026-08-18T13:15,19.6,93,20.7,0.0,0.0,,13.7,252,27.4,
2026-08-18T13:45,19.6,94,20.9,0.0,0.0,,13.0,248,27.7,
2026-08-18T16:30,19.8,97,21.0,0.1,0.1,51,15.5,253,27.4,1006.9
2026-08-18T14:15,19.6,94,21.0,0.1,0.1,,12.6,249,26.6,
2026-08-18T14:30,19.6,95,21.0,0.1,0.1,,12.6,252,25.6,
2026-08-18T17:00,20.0,95,21.0,0.1,0.1,51,16.2,244,33.1,1006.6
2026-08-18T17:45,20.4,93,21.4,0.0,0.0,3,16.9,243,33.1,1006.3
2026-08-18T18:15,20.4,93,21.5,0.0,0.0,3,16.2,246,33.1,1006.2
2026-08-18T14:45,19.3,97,20.3,0.0,0.0,,15.5,263,28.1,
2026-08-18T15:15,19.7,96,20.8,0.0,0.0,,15.5,257,28.4,
2026-08-18T15:30,20.0,95,21.2,0.0,0.0,,15.5,251,28.4,
2026-08-18T16:00,20.6,93,21.9,0.0,0.0,,15.5,238,28.8,
2026-08-18T16:15,20.7,92,22.0,0.0,0.0,,15.8,238,29.2,
2026-08-18T18:45,20.4,94,21.4,0.0,0.0,3,17.3,251,30.6,1006.2
2026-08-18T19:30,20.5,93,21.7,0.0,0.0,3,15.8,254,30.2,1006.2
2026-08-18T16:45,19.8,95,20.8,0.1,0.1,,15.8,245,28.8,
2026-08-18T17:15,19.9,95,20.8,0.0,0.0,,16.9,245,31.0,
2026-08-18T17:30,20.0,95,20.9,0.0,0.0,,16.9,248,31.7,
2026-08-18T20:00,20.1,94,21.1,0.0,0.0,3,16.9,251,31.3,1006.2
2026-08-18T20:45,20.6,93,21.9,0.0,0.0,3,15.1,244,29.9,1006.3
2026-08-18T18:00,20.7,92,22.4,0.0,0.0,,13.0,239,25.9,
2026-08-18T18:30,20.8,92,22.4,0.0,0.0,,13.0,243,27.0,
2026-08-18T21:15,20.6,91,21.6,0.0,0.0,3,15.8,243,31.0,1006.9
2026-08-18T21:45,20.5,89,21.0,0.0,0.0,3,18.4,250,33.5,1007.0
2026-08-18T22:15,20.2,88,20.4,0.0,0.0,3,18.7,250,34.9,1007.0
2026-08-18T19:00,20.8,93,22.4,0.0,0.0,,14.4,250,27.7,
2026-08-18T19:15,20.8,93,22.4,0.0,0.0,,14.0,252,28.1,
2026-08-18T19:45,20.7,92,22.4,0.0,0.0,,13.0,255,28.4,
2026-08-18T20:15,20.7,92,22.3,0.0,0.0,,13.3,254,28.4,
2026-08-18T22:45,20.0,89,20.1,0.0,0.0,3,19.1,246,34.2,1006.9
2026-08-18T20:30,20.4,93,21.8,0.0,0.0,,14.8,253,28.8,
2026-08-18T23:15,19.8,89,19.8,0.0,0.0,3,20.2,248,36.0,1006.8
2026-08-18T21:00,20.4,92,21.6,0.0,0.0,,14.8,250,28.8,
2026-08-18T23:45,19.8,90,20.0,0.0,0.0,3,18.4,241,36.4,1006.7
2026-08-19T00:15,19.6,90,19.9,0.0,0.0,3,17.3,241,35.3,1006.7
2026-08-19T00:45,19.4,88,19.3,0.0,0.0,3,19.1,237,34.9,1006.6
2026-08-19T01:15,19.2,88,19.0,0.0,0.0,3,18.7,237,34.9,1006.4
2026-08-19T01:45,19.3,89,19.6,0.0,0.0,3,16.6,236,32.4,1006.0
2026-08-19T03:00,19.0,89,18.9,0.0,0.0,3,17.6,232,31.3,1005.5
2026-08-19T04:30,18.6,88,18.2,0.0,0.0,3,18.4,234,32.4,1004.4
2026-08-19T05:15,18.1,90,17.6,0.0,0.0,3,18.7,225,33.8,1004.0
2026-08-18T21:30,20.7,89,21.8,0.0,0.0,,15.1,246,28.1,
2026-08-18T22:00,20.6,87,21.3,0.0,0.0,,16.2,245,30.6,
2026-08-18T22:30,20.4,87,21.0,0.0,0.0,,16.2,245,31.3,
2026-08-18T23:00,20.2,88,20.8,0.0,0.0,,15.8,244,31.3,
2026-08-18T23:30,19.9,89,20.5,0.0,0.0,,16.2,240,30.6,
2026-08-19T00:00,19.7,90,20.1,0.0,0.0,,16.6,235,29.9,
2026-08-19T00:30,19.5,89,19.7,0.0,0.0,,17.3,235,31.3,
2026-08-19T01:00,19.3,88,19.3,0.0,0.0,,17.3,235,32.0,
2026-08-19T01:30,19.2,88,19.4,0.0,0.0,,16.2,232,29.9,
2026-08-19T02:00,19.1,89,19.5,0.0,0.0,,15.1,229,27.7,
2026-08-19T02:15,19.0,89,19.3,0.0,0.0,,15.1,229,27.4,
2026-08-19T02:30,18.9,90,19.3,0.0,0.0,,15.1,229,27.4,
2026-08-19T02:45,18.8,90,19.1,0.0,0.0,,15.1,229,27.4,
2026-08-19T03:15,18.5,90,18.6,0.0,0.0,,15.8,227,28.1,
2026-08-19T03:30,18.3,91,18.4,0.0,0.0,,15.8,226,28.8,
2026-08-19T06:00,18.3,89,17.9,0.0,0.0,3,18.0,219,32.0,1003.7
2026-08-19T03:45,18.7,89,18.9,0.0,0.0,,15.5,224,28.1,
2026-08-19T04:00,18.7,89,18.7,0.0,0.0,,15.8,225,28.4,
2026-08-19T06:45,18.3,88,18.0,0.0,0.0,3,16.9,228,32.0,1003.7
2026-08-19T07:15,18.3,88,18.0,0.0,0.0,3,16.9,229,32.4,1003.7
2026-08-19T07:45,18.1,90,18.1,0.1,0.1,51,15.5,222,30.2,1003.7
2026-08-19T08:30,18.1,91,18.0,0.0,0.0,3,16.9,215,29.9,1003.7
2026-08-19T04:15,18.5,88,18.4,0.0,0.0,,16.6,227,29.9,
2026-08-19T04:45,18.1,90,17.8,0.0,0.0,,17.3,218,31.3,
2026-08-19T05:00,18.0,90,17.7,0.0,0.0,,17.3,213,31.7,
2026-08-19T05:30,18.1,90,17.8,0.0,0.0,,17.3,213,31.3,
2026-08-19T05:45,18.3,89,18.0,0.0,0.0,,17.3,212,31.3,
2026-08-19T06:15,18.3,89,18.1,0.0,0.0,,16.6,215,31.0,
2026-08-19T06:30,18.3,89,18.2,0.0,0.0,,16.2,218,31.0,
2026-08-19T09:15,18.3,91,18.2,0.0,0.0,3,16.9,216,31.3,1003.5
2026-08-19T07:00,18.3,90,18.3,0.0,0.0,,15.5,224,31.0,
2026-08-19T10:00,17.9,93,17.9,0.0,0.0,3,16.2,223,29.5,1003.3
2026-08-19T07:30,18.2,90,18.1,0.1,0.1,,16.6,225,32.0,
2026-08-19T08:00,18.1,92,18.0,0.1,0.1,,16.6,226,33.5,
2026-08-19T10:45,18.5,87,18.4,0.0,0.0,3,15.5,232,31.3,1002.9
2026-08-19T08:15,18.0,91,18.2,0.0,0.0,,14.0,216,26.3,
2026-08-19T08:45,18.0,90,17.8,0.0,0.0,,16.6,221,29.5,
2026-08-19T11:30,18.7,85,18.7,0.0,0.0,3,14.4,237,30.6,1002.8
2026-08-19T09:00,18.0,90,17.7,0.0,0.0,,17.3,223,30.6,
2026-08-19T09:30,18.1,90,17.8,0.0,0.0,,17.6,225,31.0,
2026-08-19T12:00,18.1,94,18.8,0.2,0.2,53,11.9,218,24.8,1002.8
2026-08-19T12:45,18.2,92,18.9,0.1,0.1,51,11.9,213,24.1,1002.5
2026-08-19T09:45,18.0,93,18.5,0.0,0.0,,13.0,228,25.9,
2026-08-19T10:15,17.9,93,18.5,0.0,0.0,,12.6,229,25.2,
2026-08-19T10:30,18.0,92,18.4,0.0,0.0,,12.6,228,25.2,
2026-08-19T13:15,18.0,94,18.9,0.3,0.3,55,11.2,206,23.0,1002.2
2026-08-19T11:00,18.1,91,18.5,0.0,0.0,,12.6,227,25.2,
2026-08-19T11:15,18.2,91,18.7,0.0,0.0,,12.6,227,25.2,
2026-08-19T13:45,18.4,92,19.5,0.3,0.3,55,9.0,205,22.0,1001.8
2026-08-19T14:30,17.9,91,18.3,1.4,0.1,63,12.2,200,21.6,1001.1
2026-08-19T15:30,16.9,91,17.1,1.0,1.0,63,11.2,213,24.1,1000.3
2026-08-19T11:45,18.3,92,19.1,0.0,0.0,,11.2,217,20.2,
2026-08-19T12:15,18.2,95,19.3,0.2,0.2,,10.1,207,19.8,
2026-08-19T12:30,18.2,94,19.2,0.2,0.2,,10.1,202,22.0,
2026-08-19T13:00,18.2,94,19.2,0.2,0.2,,10.4,190,24.8,
2026-08-19T13:30,18.1,95,19.1,0.3,0.3,,10.8,192,23.0,
2026-08-19T16:15,17.1,94,18.1,0.6,0.6,61,7.6,167,15.8,999.9
2026-08-19T17:00,16.4,96,17.6,1.9,1.9,65,5.0,214,12.6,999.6
2026-08-19T17:45,17.2,91,18.8,0.1,0.1,51,1.8,231,7.9,999.6
2026-08-19T14:00,18.5,93,19.9,0.3,0.3,,8.3,179,14.8,
2026-08-19T14:15,18.4,92,19.7,1.3,1.3,,8.6,179,15.8,
2026-08-19T14:45,18.0,89,18.5,1.3,1.3,,10.8,178,19.4,
2026-08-19T15:00,17.8,88,18.1,1.3,1.3,,10.8,178,20.9,
2026-08-19T15:15,17.5,89,18.0,1.2,1.2,,10.1,189,21.6,
2026-08-19T15:45,17.0,93,18.0,1.2,1.2,,6.8,212,21.6,
2026-08-19T18:15,17.2,90,18.8,0.0,0.0,3,2.2,240,7.9,999.8
2026-08-19T18:45,17.1,95,18.9,0.2,0.2,53,2.9,241,8.6,999.9
2026-08-19T19:15,17.1,95,19.0,0.1,0.1,51,2.2,251,7.2,1000.1
2026-08-19T19:45,17.0,94,18.2,0.0,0.0,3,6.1,279,10.4,1000.3
2026-08-19T16:00,17.3,95,18.8,1.2,1.2,,4.7,111,10.4,
2026-08-19T16:30,16.8,97,18.5,0.9,0.9,,3.2,134,7.6,
2026-08-19T16:45,16.5,97,18.2,0.9,0.9,,2.9,145,6.8,
2026-08-19T17:15,16.4,97,18.1,0.5,0.5,,2.2,121,8.3,
2026-08-19T17:30,16.5,97,18.3,0.5,0.5,,2.2,86,10.8,
2026-08-19T20:30,17.0,95,18.1,0.0,0.0,3,7.2,248,12.2,1000.6
2026-08-19T18:00,16.8,96,18.6,0.5,0.5,,2.2,15,14.8,
2026-08-19T18:30,16.9,96,18.4,0.1,0.1,,4.0,334,13.3,
2026-08-19T21:00,16.7,94,17.4,0.0,0.0,1,8.6,249,14.4,1001.2
2026-08-19T19:00,17.0,93,18.8,0.0,0.0,,1.8,328,10.1,
2026-08-19T21:30,16.4,95,16.9,0.0,0.0,0,9.0,243,15.1,1001.6
2026-08-19T19:30,16.9,95,18.6,0.1,0.2,,2.9,275,7.6,
2026-08-19T21:45,16.2,96,16.7,0.0,0.0,0,9.0,218,13.7,1001.8
2026-08-19T20:00,16.8,95,18.2,0.1,0.2,,4.7,302,8.3,
2026-08-19T22:30,16.9,95,17.7,0.0,0.0,3,9.0,210,19.1,1002.0
2026-08-19T20:15,17.2,93,18.5,0.0,0.0,,5.0,273,9.7,
2026-08-19T23:00,17.0,95,17.9,0.0,0.0,3,7.9,199,19.8,1002.0
2026-08-19T23:30,15.9,97,16.3,0.0,0.0,2,10.1,194,16.6,1002.0
2026-08-19T20:45,16.9,94,18.0,0.0,0.0,,6.1,247,11.5,
2026-08-19T21:15,16.5,94,17.3,0.0,0.0,,7.2,226,12.6,
2026-08-19T22:00,15.9,96,16.4,0.0,0.0,,8.3,209,13.0,
2026-08-20T00:30,15.8,96,16.1,0.0,0.0,0,9.7,200,17.6,1002.2
2026-08-20T01:00,15.5,96,15.7,0.0,0.0,0,10.1,188,17.6,1002.3
2026-08-19T22:15,16.3,95,16.8,0.0,0.0,,9.7,210,15.5,
2026-08-19T22:45,16.2,96,16.7,0.0,0.0,,9.4,203,15.8,
2026-08-20T01:30,15.6,96,15.5,0.0,0.0,0,11.9,195,19.8,1002.4
2026-08-20T01:45,15.8,96,15.9,0.0,0.0,0,11.5,191,22.0,1002.5
2026-08-20T03:30,16.1,93,15.5,0.0,0.0,1,15.8,221,27.0,1002.8
2026-08-19T23:15,16.6,94,17.3,0.0,0.0,,8.3,189,14.0,
2026-08-19T23:45,16.2,96,16.4,0.0,0.0,,11.5,195,18.4,
2026-08-20T00:00,16.0,96,16.0,0.0,0.0,,12.2,198,19.4,
2026-08-20T00:15,15.8,96,15.8,0.0,0.0,,11.9,196,19.1,
2026-08-20T00:45,15.5,96,15.6,0.0,0.0,,10.1,192,16.2,
2026-08-20T01:15,15.3,96,15.4,0.0,0.0,,10.1,193,16.2,
2026-08-20T04:30,15.7,95,15.1,0.0,0.0,3,15.1,213,27.4,1002.7
2026-08-20T05:30,15.5,95,14.8,0.0,0.0,1,15.1,216,28.4,1002.7
2026-08-20T06:15,14.8,94,13.7,0.0,0.0,0,16.2,210,30.6,1002.7
2026-08-20T07:00,15.5,94,14.3,0.1,0.1,51,18.0,209,36.0,1002.7
2026-08-20T02:00,15.9,95,16.1,0.0,0.0,,10.8,198,19.4,
2026-08-20T02:15,16.0,95,16.0,0.0,0.0,,11.9,202,20.9,
2026-08-20T02:30,16.0,94,15.7,0.0,0.0,,13.0,207,23.0,
2026-08-20T02:45,16.0,94,15.5,0.0,0.0,,14.4,211,24.5,
2026-08-20T03:00,15.9,94,15.4,0.0,0.0,,15.1,215,25.9,
2026-08-20T03:15,15.8,94,15.2,0.0,0.0,,15.5,213,26.6,
2026-08-20T03:45,15.6,95,15.0,0.0,0.0,,15.5,208,27.0,
2026-08-20T04:00,15.5,95,14.8,0.0,0.0,,15.5,206,27.0,
2026-08-20T04:15,15.4,95,14.7,0.0,0.0,,15.1,207,27.0,
2026-08-20T04:45,15.3,95,14.7,0.0,0.0,,14.4,208,27.0,
2026-08-20T05:00,15.3,95,14.6,0.0,0.0,,14.4,209,27.4,
2026-08-20T07:45,15.3,94,14.2,0.0,0.0,0,16.9,206,30.6,1002.9
2026-08-20T05:15,15.4,95,14.6,0.0,0.0,,15.5,208,26.3,
2026-08-20T05:45,15.3,95,14.5,0.0,0.0,,15.5,208,26.6,
2026-08-20T08:30,15.6,92,14.6,0.0,0.0,2,16.6,202,29.9,1003.2
2026-08-20T06:00,14.9,94,14.0,0.0,0.0,,15.1,204,27.0,
2026-08-20T06:30,14.8,95,13.8,0.0,0.0,,15.5,206,27.0,
2026-08-20T09:15,16.3,89,15.1,0.0,0.0,0,18.4,205,32.8,1003.3
2026-08-20T10:00,16.9,88,15.8,0.0,0.0,3,18.4,209,33.1,1003.1
2026-08-20T06:45,15.3,94,14.3,0.0,0.0,,16.6,206,29.9,
2026-08-20T07:15,15.5,94,14.4,0.0,0.0,,17.3,207,31.3,
2026-08-20T07:30,15.5,94,14.3,0.0,0.0,,18.0,207,32.0,
2026-08-20T08:00,15.5,93,14.2,0.0,0.0,,18.7,208,33.1,
2026-08-20T10:45,17.7,81,16.3,0.0,0.0,3,19.1,224,36.4,1002.9
2026-08-20T08:15,15.4,93,14.4,0.0,0.0,,16.2,207,30.2,
2026-08-20T08:45,15.7,91,14.8,0.0,0.0,,15.8,211,32.4,
2026-08-20T11:30,18.1,78,16.5,0.0,0.0,3,19.8,228,40.3,1003.0
2026-08-20T12:00,19.1,74,17.5,0.0,0.0,3,20.9,229,38.9,1003.2
2026-08-20T12:45,19.5,73,17.9,0.0,0.0,3,21.6,220,40.3,1003.5
2026-08-20T09:00,16.1,90,15.4,0.0,0.0,,15.1,196,28.8,
2026-08-20T09:30,16.5,89,15.8,0.0,0.0,,15.8,200,29.9,
2026-08-20T09:45,16.8,89,16.0,0.0,0.0,,16.2,201,30.6,
2026-08-20T10:15,17.2,87,16.4,0.0,0.0,,16.9,204,32.4,
2026-08-20T10:30,17.4,86,16.5,0.0,0.0,,17.3,204,33.5,
2026-08-20T13:15,19.7,71,17.8,0.0,0.0,3,23.0,224,42.8,1003.5
2026-08-20T11:00,17.8,84,16.9,0.0,0.0,,17.6,205,34.9,
2026-08-20T11:15,18.1,83,17.3,0.0,0.0,,17.3,208,34.6,
2026-08-20T13:45,20.1,71,18.4,0.1,0.1,51,22.3,235,41.8,1003.3
2026-08-20T11:45,18.4,76,16.6,0.0,0.0,,20.9,225,41.4,
2026-08-20T14:30,19.3,78,18.1,0.3,0.3,55,20.2,249,41.4,1003.8
2026-08-20T15:30,17.3,86,16.5,0.0,0.0,3,16.9,253,48.6,1003.4
2026-08-20T12:15,19.5,72,17.9,0.0,0.0,,20.9,228,39.2,
2026-08-20T12:30,19.6,71,17.7,0.0,0.0,,22.0,229,40.7,
2026-08-20T13:00,19.7,70,17.6,0.0,0.0,,23.4,229,42.5,
2026-08-20T13:30,20.2,68,18.1,0.0,0.0,,23.4,230,42.8,
2026-08-20T16:15,20.0,72,18.6,0.1,0.1,51,20.2,224,48.2,1003.2
2026-08-20T14:00,20.0,70,18.4,0.0,0.0,,20.5,224,41.0,
2026-08-20T14:15,20.0,70,18.4,0.0,0.0,,20.5,226,41.0,
2026-08-20T17:00,20.0,73,18.6,0.0,0.0,0,20.5,237,43.2,1003.2
2026-08-20T17:45,19.7,72,18.3,0.0,0.0,0,19.8,246,38.5,1003.1
2026-08-20T14:45,18.8,84,18.6,0.1,0.1,,15.8,259,28.8,
2026-08-20T15:00,18.4,86,18.3,0.1,0.1,,14.8,268,27.7,
2026-08-20T15:15,18.1,86,18.0,0.0,0.0,,14.4,263,31.7,
2026-08-20T15:45,17.8,81,17.0,0.0,0.0,,15.5,253,45.7,
2026-08-20T18:30,19.8,69,18.1,0.0,0.0,0,20.9,252,38.9,1003.1
2026-08-20T16:00,17.9,79,16.9,0.0,0.0,,16.2,248,49.7,
2026-08-20T16:30,18.5,77,17.2,0.0,0.0,,19.1,245,45.7,
2026-08-20T19:00,19.6,71,18.1,0.0,0.0,3,19.8,243,38.5,1003.2
2026-08-20T19:45,19.4,71,17.7,0.0,0.0,0,20.9,250,40.0,1003.3
2026-08-20T16:45,20.4,71,19.2,0.1,0.1,,19.4,230,36.0,
2026-08-20T17:15,20.4,72,19.0,0.0,0.0,,20.9,236,37.8,
2026-08-20T17:30,20.4,71,18.9,0.0,0.0,,22.0,236,40.3,
2026-08-20T20:15,18.9,73,17.3,0.0,0.0,0,19.4,252,38.9,1003.5
2026-08-20T21:00,18.5,77,17.5,0.0,0.0,3,16.9,241,31.0,1004.4
2026-08-20T21:45,17.8,78,16.9,0.0,0.0,0,14.8,230,28.4,1004.8
2026-08-20T22:15,17.4,80,16.6,0.0,0.0,0,14.4,228,27.4,1005.0
2026-08-20T22:45,16.5,83,15.8,0.0,0.0,0,12.6,221,21.2,1005.2
2026-08-20T18:00,20.1,70,18.7,0.0,0.0,,19.1,246,35.3,
2026-08-20T18:15,20.1,70,18.7,0.0,0.0,,19.1,245,35.3,
2026-08-20T18:45,20.1,70,18.9,0.0,0.0,,18.7,243,34.9,
2026-08-20T19:15,20.0,70,18.6,0.0,0.0,,18.7,245,34.9,
2026-08-20T19:30,19.8,70,18.4,0.0,0.0,,19.1,249,34.9,
2026-08-20T20:00,19.4,71,17.9,0.0,0.0,,19.1,255,35.3,
2026-08-20T20:30,18.7,74,17.5,0.0,0.0,,16.6,255,36.0,
2026-08-20T20:45,18.3,76,17.4,0.0,0.0,,14.8,254,36.0,
2026-08-20T23:15,16.3,85,15.6,0.0,0.0,0,13.0,215,21.2,1005.4
2026-08-20T21:15,17.6,79,17.0,0.0,0.0,,13.0,249,32.8,
2026-08-20T23:45,17.4,81,16.4,0.0,0.0,2,15.8,227,30.2,1005.4
2026-08-20T21:30,18.3,78,17.5,0.0,0.0,,15.1,238,28.1,
2026-08-21T00:15,17.1,82,16.2,0.0,0.0,3,15.5,228,29.2,1005.4
2026-08-20T22:00,17.9,80,17.2,0.0,0.0,,15.1,232,28.8,
2026-08-21T00:45,16.0,90,15.9,0.0,0.0,3,10.8,219,23.8,1005.3
2026-08-20T22:30,17.1,83,16.6,0.0,0.0,,12.2,228,22.7,
2026-08-21T01:15,15.7,91,15.6,0.0,0.0,3,10.1,211,22.3,1005.3
2026-08-21T01:45,14.7,93,14.2,0.0,0.0,0,11.2,201,18.7,1005.5
2026-08-21T03:00,14.6,93,13.8,0.0,0.0,0,13.0,204,22.0,1005.7
2026-08-20T23:00,16.5,84,16.1,0.0,0.0,,10.8,227,19.1,
2026-08-20T23:30,16.9,82,16.1,0.0,0.0,,13.3,232,23.0,
2026-08-21T00:00,17.3,81,16.2,0.0,0.0,,15.8,236,27.7,
2026-08-21T00:30,16.8,84,16.0,0.0,0.0,,14.8,233,28.8,
2026-08-21T01:00,16.1,87,15.6,0.0,0.0,,12.6,229,28.1,
2026-08-21T04:30,15.0,93,14.3,0.0,0.0,3,13.0,233,24.1,1005.3
2026-08-21T01:30,15.1,93,15.1,0.0,0.0,,9.0,197,15.5,
2026-08-21T02:00,14.7,93,14.4,0.0,0.0,,9.7,190,16.9,
2026-08-21T02:15,14.6,93,14.3,0.0,0.0,,10.1,195,17.6,
2026-08-21T02:30,14.6,93,14.3,0.0,0.0,,10.1,201,18.4,
2026-08-21T05:30,15.2,92,15.3,0.0,0.0,3,7.9,239,17.3,1005.3
2026-08-21T06:15,14.0,92,13.1,0.0,0.0,1,12.2,237,22.7,1005.2
2026-08-21T02:45,14.7,93,14.0,0.0,0.0,,13.0,198,21.2,
2026-08-21T03:15,14.7,93,13.8,0.0,0.0,,13.7,200,22.7,
2026-08-21T03:30,14.6,93,13.8,0.0,0.0,,13.0,200,22.7,
2026-08-21T03:45,14.6,92,13.8,0.0,0.0,,12.2,199,22.7,
2026-08-21T04:00,14.5,92,13.8,0.0,0.0,,11.9,199,22.3,
2026-08-21T04:15,14.5,92,13.8,0.0,0.0,,11.5,205,22.0,
2026-08-21T07:00,13.5,94,13.7,0.0,0.0,2,4.0,282,10.8,1005.1
2026-08-21T04:45,14.8,93,14.4,0.0,0.0,,11.2,231,22.7,
2026-08-21T05:00,14.7,93,14.3,0.0,0.0,,10.4,236,22.3,
2026-08-21T07:45,14.7,94,15.1,0.0,0.0,0,5.4,283,11.2,1005.1
2026-08-21T05:15,15.3,92,15.9,0.0,0.0,,5.0,224,9.7,
2026-08-21T05:45,15.0,94,15.4,0.0,0.0,,6.1,241,11.2,
2026-08-21T08:30,15.1,90,15.4,0.0,0.0,1,5.0,285,11.9,1006.1
2026-08-21T09:15,16.3,87,17.1,0.0,0.0,2,3.6,259,12.6,1006.4
2026-08-21T10:00,17.8,78,18.9,0.0,0.0,2,0.7,173,13.0,1006.4
2026-08-21T06:00,14.1,93,13.5,0.0,0.0,,10.8,225,19.8,
2026-08-21T06:30,13.8,94,13.4,0.0,0.0,,8.3,264,13.7,
2026-08-21T06:45,13.7,94,13.6,0.0,0.0,,6.5,283,9.7,
2026-08-21T07:15,13.8,94,13.9,0.0,0.0,,5.0,294,6.1,
2026-08-21T07:30,14.0,94,14.2,0.0,0.0,,5.0,285,6.5,
2026-08-21T08:00,14.6,93,14.9,0.0,0.0,,5.4,268,8.3,
2026-08-21T10:45,18.7,70,18.8,0.0,0.0,1,6.1,343,16.2,1006.3
2026-08-21T11:30,19.3,69,19.5,0.0,0.0,3,6.5,352,16.9,1006.7
2026-08-21T12:00,19.5,67,19.6,0.0,0.0,3,6.1,358,16.9,1007.2
2026-08-21T08:15,15.2,92,15.6,0.0,0.0,,5.8,291,9.4,
2026-08-21T08:45,15.6,89,16.1,0.0,0.0,,4.7,308,9.4,
2026-08-21T09:00,15.8,87,16.4,0.0,0.0,,4.3,316,9.4,
2026-08-21T09:30,16.6,85,17.4,0.0,0.0,,3.2,228,9.7,
2026-08-21T09:45,17.0,84,17.9,0.0,0.0,,2.9,184,10.1,
2026-08-21T12:45,17.5,83,16.8,0.1,0.1,51,15.1,354,28.1,1007.3
2026-08-21T13:15,17.5,82,16.6,0.0,0.0,3,15.8,354,32.0,1007.2
2026-08-21T13:45,18.3,68,16.9,0.0,0.0,3,14.0,352,32.8,1007.0
2026-08-21T14:30,20.0,62,19.0,0.0,0.0,3,12.2,333,25.2,1007.8
2026-08-21T15:30,20.0,63,18.6,0.0,0.0,3,15.8,338,33.5,1007.4
2026-08-21T16:15,18.7,70,18.0,0.4,0.4,61,11.9,357,23.8,1007.3
2026-08-21T10:15,18.2,76,18.4,0.0,0.0,,7.2,68,14.4,
2026-08-21T10:30,18.5,73,18.6,0.0,0.0,,6.8,58,15.1,
2026-08-21T11:00,18.9,69,19.0,0.0,0.0,,6.1,37,16.2,
2026-08-21T11:15,19.2,68,19.3,0.0,0.0,,5.8,27,15.8,
2026-08-21T11:45,19.5,66,19.7,0.0,0.0,,5.4,8,14.8,
2026-08-21T12:15,19.1,71,19.1,0.0,0.0,,8.3,356,18.4,
2026-08-21T12:30,18.5,76,18.3,0.0,0.0,,11.2,354,22.3,
2026-08-21T13:00,17.5,84,16.8,0.0,0.0,,15.8,349,29.5,
2026-08-21T13:30,17.6,79,16.7,0.0,0.0,,14.8,360,31.0,
2026-08-21T14:00,17.9,71,17.0,0.0,0.0,,11.9,10,29.9,
2026-08-21T14:15,18.0,70,17.1,0.0,0.0,,11.2,12,28.8,
2026-08-21T17:00,16.8,85,16.5,0.0,0.0,3,11.5,30,21.6,1007.6
2026-08-21T17:45,19.0,62,17.3,0.0,0.0,3,14.4,348,32.4,1007.7
2026-08-21T14:45,19.7,60,18.1,0.2,0.2,,14.8,344,27.4,
2026-08-21T15:00,20.2,58,18.7,0.2,0.2,,14.0,338,27.4,
2026-08-21T15:15,20.2,59,18.7,0.0,0.0,,14.8,338,29.5,
2026-08-21T15:45,19.5,66,17.9,0.0,0.0,,17.3,339,36.4,
2026-08-21T18:30,18.3,64,15.9,0.0,0.0,3,19.4,352,37.8,1007.9
2026-08-21T16:00,19.2,68,17.6,0.0,0.0,,18.0,339,38.5,
2026-08-21T16:30,19.2,67,17.6,0.0,0.0,,16.9,341,37.1,
2026-08-21T19:00,16.7,84,16.4,0.0,0.0,3,10.8,336,23.8,1008.1
2026-08-21T16:45,16.9,83,16.2,0.0,0.0,,13.7,319,25.9,
2026-08-21T19:30,16.9,86,17.0,0.0,0.0,3,9.7,339,18.7,1008.4
2026-08-21T17:15,16.7,85,16.9,0.0,0.0,,7.9,345,17.6,
2026-08-21T17:30,16.8,85,16.9,0.0,0.0,,9.0,336,18.0,
2026-08-21T20:00,16.8,86,16.8,0.0,0.0,3,9.4,333,17.6,1008.8
2026-08-21T20:45,15.7,86,15.5,0.1,0.1,51,8.6,2,25.2,1009.8
2026-08-21T18:00,18.2,64,17.3,0.0,0.0,,8.6,347,21.2,
2026-08-21T18:15,18.4,63,17.2,0.0,0.0,,10.4,347,23.0,
2026-08-21T18:45,18.4,66,16.8,0.0,0.0,,15.5,346,28.1,
2026-08-21T21:30,15.6,89,15.7,0.0,0.0,3,7.6,334,15.5,1010.3
2026-08-21T21:45,15.7,85,15.6,0.0,0.0,3,7.6,331,12.2,1010.5
2026-08-21T19:15,16.0,88,15.7,0.0,0.0,,10.8,346,18.0,
2026-08-21T19:45,16.0,87,15.8,0.0,0.0,,9.7,341,18.7,
2026-08-21T22:15,15.5,87,15.4,0.0,0.0,3,7.9,316,11.9,1010.8
2026-08-21T22:45,15.3,88,15.5,0.0,0.0,3,6.1,304,10.4,1010.9
2026-08-21T20:15,16.3,88,16.2,0.0,0.0,,10.1,342,17.6,
2026-08-21T20:30,16.2,88,16.2,0.0,0.0,,9.4,338,18.4,
2026-08-21T23:15,15.0,89,15.1,0.0,0.0,2,6.5,293,10.1,1011.1
2026-08-21T21:00,16.1,87,16.2,0.0,0.0,,7.9,331,18.7,
2026-08-21T21:15,16.0,87,16.2,0.0,0.0,,7.2,328,17.6,
2026-08-21T23:45,14.7,90,14.5,0.0,0.0,2,8.3,282,14.0,1011.1
2026-08-22T00:15,14.4,90,14.0,0.0,0.0,1,8.6,281,14.4,1011.3
2026-08-22T00:45,14.3,92,14.0,0.0,0.0,0,9.0,283,14.0,1011.6
2026-08-22T01:15,14.1,92,13.6,0.0,0.0,1,9.0,278,14.8,1011.8
2026-08-22T01:45,13.8,87,12.4,0.0,0.0,3,13.0,293,25.6,1011.9
2026-08-21T22:00,15.6,86,15.5,0.0,0.0,,7.9,325,12.2,
2026-08-21T22:30,15.5,87,15.4,0.0,0.0,,7.6,310,10.4,
2026-08-21T23:00,15.2,89,15.3,0.0,0.0,,7.2,294,9.4,
2026-08-21T23:30,14.9,90,14.8,0.0,0.0,,7.2,283,10.8,
2026-08-22T03:00,12.8,90,11.5,0.0,0.0,0,10.8,288,24.5,1012.6
2026-08-22T04:15,13.4,91,12.7,0.0,0.0,3,9.4,286,24.8,1012.7
2026-08-22T05:15,11.5,92,10.0,0.0,0.0,0,10.8,267,17.3,1013.0
2026-08-22T06:00,12.6,86,11.0,0.0,0.0,3,11.2,253,18.7,1013.2
2026-08-22T06:45,11.8,95,11.0,0.0,0.0,0,7.6,250,13.3,1013.5
2026-08-22T00:00,14.5,90,14.1,0.0,0.0,,9.0,286,13.7,
2026-08-22T00:30,14.3,91,13.7,0.0,0.0,,9.7,280,14.0,
2026-08-22T01:00,14.0,92,13.3,0.0,0.0,,10.4,273,15.1,
2026-08-22T01:30,13.9,89,12.7,0.0,0.0,,13.0,285,20.5,
2026-08-22T02:00,13.7,86,12.0,0.0,0.0,,14.4,296,24.5,
2026-08-22T02:15,13.5,86,11.9,0.0,0.0,,13.3,293,23.4,
2026-08-22T02:30,13.2,88,11.9,0.0,0.0,,11.5,291,20.9,
2026-08-22T02:45,12.9,89,11.8,0.0,0.0,,9.7,288,17.6,
2026-08-22T03:15,12.9,90,12.1,0.0,0.0,,7.9,286,15.1,
2026-08-22T03:30,13.1,91,12.4,0.0,0.0,,8.3,287,15.1,
2026-08-22T03:45,13.3,91,12.6,0.0,0.0,,9.0,288,15.5,
2026-08-22T04:00,13.4,91,12.7,0.0,0.0,,9.4,289,15.8,
2026-08-22T04:30,13.3,91,12.4,0.0,0.0,,9.7,280,16.2,
2026-08-22T04:45,13.1,92,12.2,0.0,0.0,,9.7,275,16.6,
2026-08-22T07:15,11.9,95,11.1,0.0,0.0,0,7.2,248,13.3,1013.7
2026-08-22T07:45,11.8,93,10.8,0.0,0.0,0,8.3,265,15.5,1013.9
2026-08-22T05:00,11.3,91,9.8,0.0,0.0,,10.1,265,16.6,
2026-08-22T05:30,11.2,92,9.7,0.0,0.0,,9.7,268,16.6,
2026-08-22T05:45,11.3,93,9.9,0.0,0.0,,9.7,269,16.6,
2026-08-22T08:30,13.1,91,12.3,0.0,0.0,0,8.6,274,16.9,1014.8
2026-08-22T06:15,12.4,86,10.8,0.0,0.0,,10.8,252,19.4,
2026-08-22T06:30,12.1,87,10.8,0.0,0.0,,9.0,252,19.8,
2026-08-22T09:15,14.5,86,13.7,0.0,0.0,3,10.1,296,20.9,1015.4
2026-08-22T07:00,11.6,90,10.6,0.0,0.0,,6.8,252,19.8,
2026-08-22T09:45,15.5,85,14.3,0.0,0.0,1,14.4,321,26.6,1015.7
2026-08-22T10:15,15.7,84,14.6,0.1,0.1,51,14.0,329,28.8,1015.9
2026-08-22T10:45,15.4,87,15.1,0.0,0.0,3,9.4,314,19.1,1016.0
2026-08-22T07:30,11.8,94,10.9,0.0,0.0,,7.9,262,11.9,
2026-08-22T08:00,12.2,92,11.3,0.0,0.0,,8.3,270,14.0,
2026-08-22T08:15,12.6,91,11.7,0.0,0.0,,8.6,274,14.8,
2026-08-22T08:45,13.6,90,12.9,0.0,0.0,,9.0,283,16.9,
2026-08-22T11:15,16.3,81,16.0,0.0,0.0,2,8.6,318,18.4,1016.2
2026-08-22T11:45,17.4,71,16.5,0.0,0.0,3,10.4,327,27.0,1016.4
2026-08-22T12:15,17.7,69,16.7,0.0,0.0,3,10.4,330,27.4,1016.6
2026-08-22T12:45,18.7,71,18.7,0.0,0.0,3,13.0,312,24.8,1016.8
2026-08-22T13:15,18.7,71,17.8,0.1,0.1,51,13.3,332,29.9,1017.0
2026-08-22T09:00,14.3,86,13.3,0.0,0.0,,10.4,299,20.2,
2026-08-22T09:30,15.3,84,14.2,0.0,0.0,,13.3,319,24.5,
2026-08-22T10:00,16.0,83,14.7,0.0,0.0,,15.5,339,28.4,
2026-08-22T10:30,15.4,84,14.3,0.1,0.1,,13.3,338,32.0,
2026-08-22T11:00,14.9,84,14.0,0.1,0.1,,10.8,336,33.5,
2026-08-22T13:30,16.8,78,16.3,0.3,0.3,55,9.7,2,34.2,1017.0
2026-08-22T11:30,17.1,76,16.9,0.0,0.0,,7.6,329,16.9,
2026-08-22T12:00,18.4,67,18.3,0.0,0.0,,7.6,343,18.4,
2026-08-22T14:45,19.2,61,18.1,0.0,0.0,3,10.8,355,32.8,1017.5
2026-08-22T12:30,18.1,66,16.8,0.0,0.0,,12.2,337,24.1,
2026-08-22T13:00,18.7,63,17.6,0.0,0.0,,12.2,353,28.4,
2026-08-22T15:30,19.0,63,17.7,0.0,0.0,2,12.6,355,26.3,1017.6
2026-08-22T15:45,18.9,61,17.2,0.0,0.0,3,14.0,353,27.7,1017.7
2026-08-22T16:15,19.0,59,17.0,0.0,0.0,3,14.8,353,29.2,1017.7
2026-08-22T13:45,17.3,79,16.8,0.2,0.2,,10.8,15,37.1,
2026-08-22T14:00,17.0,80,16.6,0.2,0.2,,10.1,37,38.2,
2026-08-22T14:15,17.2,78,17.3,0.0,0.0,,9.7,27,36.0,
2026-08-22T16:45,18.2,72,17.3,0.0,0.0,0,12.2,7,28.4,1017.7
2026-08-22T17:15,18.7,66,17.2,0.0,0.0,0,14.8,359,30.6,1017.9
2026-08-22T14:30,15.7,90,16.0,0.1,0.1,,6.8,26,13.0,
2026-08-22T15:00,17.2,85,17.7,0.1,0.1,,7.2,15,15.5,
2026-08-22T15:15,17.3,85,18.0,0.6,0.6,,6.1,20,16.6,
2026-08-22T17:45,20.0,54,18.0,0.0,0.0,1,14.8,352,29.5,1018.2
2026-08-22T18:30,19.5,55,17.2,0.0,0.0,2,15.8,357,29.9,1018.4
2026-08-22T16:00,19.0,58,17.0,0.0,0.0,,14.4,355,28.8,
2026-08-22T16:30,19.4,57,17.5,0.0,0.0,,14.8,354,29.5,
2026-08-22T18:45,19.0,56,16.8,0.0,0.0,3,15.1,1,28.4,1018.4
2026-08-22T19:15,18.5,58,16.3,0.0,0.0,3,15.1,4,28.4,1018.5
2026-08-22T17:00,19.5,55,17.6,0.0,0.0,,13.7,356,31.0,
2026-08-22T17:30,19.5,55,17.6,0.0,0.0,,13.7,358,29.5,
2026-08-22T19:45,17.7,67,16.2,0.0,0.0,0,13.0,11,26.3,1018.8
2026-08-22T20:15,17.0,70,15.7,0.0,0.0,0,11.9,13,24.8,1019.0
2026-08-22T20:45,17.2,64,15.4,0.0,0.0,0,13.3,17,28.4,1019.6
2026-08-22T21:15,16.6,67,15.0,0.0,0.0,1,11.9,19,25.6,1019.9
2026-08-22T21:45,15.4,74,14.2,0.0,0.0,0,9.7,18,23.8,1020.0
2026-08-22T18:00,20.3,53,18.2,0.0,0.0,,14.8,348,29.5,
2026-08-22T18:15,20.1,53,18.0,0.0,0.0,,14.8,353,29.2,
2026-08-22T19:00,18.9,57,16.8,0.0,0.0,,14.8,6,27.7,
2026-08-22T19:30,18.3,60,16.3,0.0,0.0,,14.8,10,28.1,
2026-08-22T22:15,14.8,77,13.8,0.0,0.0,0,8.6,18,20.5,1020.2
2026-08-22T20:00,17.8,63,15.9,0.0,0.0,,14.4,13,28.1,
2026-08-22T22:45,13.7,84,12.8,0.0,0.0,1,8.6,14,13.7,1020.3
2026-08-22T23:15,13.3,86,12.4,0.0,0.0,1,8.6,11,13.0,1020.4
2026-08-22T20:30,16.7,72,15.5,0.0,0.0,,11.2,18,21.6,
2026-08-22T21:00,15.8,76,14.8,0.0,0.0,,10.1,18,21.6,
2026-08-22T23:45,13.9,82,12.9,0.0,0.0,3,8.3,17,12.6,1020.5
2026-08-22T21:30,16.4,68,15.0,0.0,0.0,,10.8,17,21.6,
2026-08-23T00:00,13.7,83,12.8,0.0,0.0,3,7.9,16,12.2,1020.5
2026-08-23T00:30,13.0,84,12.1,0.0,0.0,3,6.8,18,9.7,1020.7
2026-08-23T00:45,12.9,86,12.0,0.0,0.0,3,6.8,352,9.7,1020.7
2026-08-23T01:15,12.6,86,11.8,0.0,0.0,3,5.8,339,9.7,1020.8
2026-08-23T01:45,11.6,89,10.8,0.0,0.0,3,4.7,332,8.3,1020.9
2026-08-23T03:00,11.8,87,11.4,0.0,0.0,3,2.2,292,4.0,1020.8
2026-08-23T04:30,10.6,89,9.8,0.0,0.0,3,3.2,334,4.0,1020.5
2026-08-23T05:30,10.2,89,9.5,0.0,0.0,3,2.2,308,4.0,1020.4
2026-08-23T06:15,10.4,88,9.8,0.0,0.0,2,1.4,241,2.9,1020.6
2026-08-22T22:00,15.2,75,14.3,0.0,0.0,,8.3,22,13.7,
2026-08-22T22:30,14.2,81,13.4,0.0,0.0,,7.9,18,12.6,
2026-08-22T23:00,13.5,85,12.6,0.0,0.0,,8.3,13,12.2,
2026-08-22T23:30,13.5,85,12.7,0.0,0.0,,7.9,20,11.9,
2026-08-23T00:15,13.4,84,12.6,0.0,0.0,,7.2,18,11.2,
2026-08-23T01:00,12.5,86,11.6,0.0,0.0,,6.5,354,9.0,
2026-08-23T01:30,11.8,88,11.1,0.0,0.0,,5.0,330,6.8,
2026-08-23T02:00,11.3,89,10.7,0.0,0.0,,3.6,306,4.3,
2026-08-23T02:15,11.3,89,10.8,0.0,0.0,,2.9,297,3.2,
2026-08-23T02:30,11.4,88,11.0,0.0,0.0,,2.2,288,2.5,
2026-08-23T02:45,11.6,87,11.2,0.0,0.0,,1.4,279,1.8,
2026-08-23T03:15,11.6,87,11.1,0.0,0.0,,2.2,284,2.5,
2026-08-23T03:30,11.5,87,10.8,0.0,0.0,,3.2,298,3.6,
2026-08-23T03:45,11.3,88,10.5,0.0,0.0,,4.3,312,4.7,
2026-08-23T04:00,11.2,88,10.3,0.0,0.0,,5.0,326,5.4,
2026-08-23T04:15,11.2,88,10.3,0.0,0.0,,4.7,323,5.8,
2026-08-23T07:00,9.5,88,8.6,0.0,0.0,2,1.8,312,2.5,1020.7
2026-08-23T04:45,10.6,87,9.9,0.0,0.0,,1.8,288,2.2,
2026-08-23T05:00,10.5,87,9.8,0.0,0.0,,1.8,297,2.2,
2026-08-23T07:30,9.8,88,8.9,0.0,0.0,1,2.2,310,2.5,1020.8
2026-08-23T08:00,10.5,87,9.8,0.0,0.0,0,2.2,304,2.5,1021.0
2026-08-23T09:00,13.6,77,13.4,0.0,0.0,1,1.1,94,4.0,1021.4
2026-08-23T09:45,15.6,66,15.2,0.0,0.0,0,1.4,36,7.2,1021.6
2026-08-23T05:15,10.1,89,9.3,0.0,0.0,,2.5,302,3.2,
2026-08-23T05:45,10.2,89,9.5,0.0,0.0,,1.8,257,2.2,
2026-08-23T06:00,10.2,89,9.6,0.0,0.0,,1.4,235,1.8,
2026-08-23T06:30,9.7,89,9.0,0.0,0.0,,1.1,311,1.4,
2026-08-23T06:45,9.5,88,8.7,0.0,0.0,,1.1,349,1.4,
2026-08-23T07:15,9.4,88,8.6,0.0,0.0,,1.1,71,1.4,
2026-08-23T07:45,9.9,87,9.2,0.0,0.0,,0.7,160,1.8,
2026-08-23T10:15,16.8,61,16.2,0.0,0.0,0,2.5,45,10.4,1021.8
2026-08-23T08:15,11.0,84,10.4,0.0,0.0,,0.7,241,2.5,
2026-08-23T10:45,17.0,65,16.7,0.0,0.0,2,3.2,61,11.9,1021.9
2026-08-23T11:30,18.1,60,17.9,0.0,0.0,1,5.0,53,16.2,1021.9
2026-08-23T11:45,19.0,53,17.8,0.0,0.0,3,7.9,24,20.2,1021.8
2026-08-23T12:30,19.9,49,18.6,0.0,0.0,3,8.6,22,21.2,1021.7
2026-08-23T12:45,19.2,54,17.5,0.0,0.0,3,11.5,19,23.4,1021.7
2026-08-23T13:15,18.9,56,16.9,0.0,0.0,3,13.3,10,27.4,1021.5
2026-08-23T08:30,12.0,83,11.5,0.0,0.0,,1.8,14,3.2,
2026-08-23T08:45,12.9,80,12.5,0.0,0.0,,1.4,36,3.2,
2026-08-23T09:15,14.5,74,14.3,0.0,0.0,,1.1,51,5.0,
2026-08-23T09:30,15.1,70,14.8,0.0,0.0,,1.4,44,6.5,
2026-08-23T10:00,16.4,63,15.8,0.0,0.0,,2.5,30,9.4,
2026-08-23T10:30,17.4,59,16.6,0.0,0.0,,3.6,31,12.6,
2026-08-23T11:00,18.2,57,17.5,0.0,0.0,,5.0,31,15.8,
2026-08-23T11:15,18.6,56,18.0,0.0,0.0,,5.4,35,16.9,
2026-08-23T13:45,17.8,62,16.4,0.0,0.0,2,10.4,25,24.5,1021.4
2026-08-23T14:30,17.2,68,16.1,0.0,0.0,3,10.1,51,28.4,1021.5
2026-08-23T12:00,18.4,60,17.3,0.0,0.0,,9.4,69,20.5,
2026-08-23T12:15,18.5,59,17.1,0.0,0.0,,9.7,55,20.9,
2026-08-23T15:15,20.1,50,18.6,0.0,0.0,0,14.8,10,32.4,1021.4
2026-08-23T13:00,20.1,48,18.2,0.0,0.0,,11.2,24,25.2,
2026-08-23T15:45,19.9,53,18.4,0.0,0.0,3,11.5,35,27.4,1021.0
2026-08-23T16:15,19.9,53,18.2,0.0,0.0,3,11.9,33,27.4,1020.8
2026-08-23T16:45,20.2,54,18.7,0.0,0.0,2,11.2,31,23.8,1020.7
2026-08-23T13:30,18.4,59,17.0,0.0,0.0,,10.4,19,21.2,
2026-08-23T14:00,17.9,64,16.8,0.0,0.0,,9.4,27,18.7,
2026-08-23T14:15,17.6,66,16.7,0.0,0.0,,9.0,37,20.2,
2026-08-23T14:45,17.2,69,16.3,0.0,0.0,,9.4,58,26.3,
2026-08-23T17:15,20.3,51,18.5,0.0,0.0,1,11.9,25,24.8,1020.6
2026-08-23T17:45,20.2,50,18.2,0.0,0.0,3,12.6,19,25.9,1020.5
2026-08-23T15:00,20.0,50,17.6,0.0,0.0,,15.1,11,31.3,
2026-08-23T15:30,20.2,51,18.3,0.0,0.0,,14.4,11,32.4,
2026-08-23T18:15,20.2,50,18.1,0.0,0.0,3,13.3,19,27.0,1020.4
2026-08-23T18:45,19.9,49,17.7,0.0,0.0,2,12.6,35,25.2,1020.3
2026-08-23T16:00,19.9,52,17.9,0.0,0.0,,13.3,35,27.0,
2026-08-23T16:30,19.4,54,17.5,0.0,0.0,,12.6,41,27.0,
2026-08-23T19:15,19.6,48,17.1,0.0,0.0,3,13.7,30,26.3,1020.1
2026-08-23T17:00,19.0,56,17.4,0.0,0.0,,11.5,47,27.0,
2026-08-23T19:30,18.8,52,16.4,0.0,0.0,2,14.4,28,26.6,1020.1
2026-08-23T19:45,18.4,53,16.0,0.0,0.0,1,14.4,27,27.0,1020.1
2026-08-23T20:30,18.3,56,16.4,0.0,0.0,3,12.2,13,24.5,1020.0
2026-08-23T17:30,20.2,51,18.2,0.0,0.0,,13.7,24,25.9,
2026-08-23T18:00,20.2,50,18.0,0.0,0.0,,14.4,20,27.0,
2026-08-23T18:30,20.1,50,18.0,0.0,0.0,,13.7,22,29.2,
2026-08-23T21:00,17.5,59,15.7,0.0,0.0,3,11.2,11,24.5,1020.1
2026-08-23T19:00,19.9,50,17.8,0.0,0.0,,12.6,24,30.6,
2026-08-23T21:30,16.8,60,14.9,0.0,0.0,3,11.5,16,22.0,1020.2
2026-08-23T21:45,15.9,62,13.9,0.0,0.0,3,11.5,25,22.0,1020.2
2026-08-23T22:15,15.4,65,13.5,0.0,0.0,3,10.8,25,20.2,1020.2
2026-08-23T22:45,14.5,66,12.3,0.0,0.0,3,11.5,26,18.7,1020.3
2026-08-23T23:15,14.2,69,12.0,0.0,0.0,3,11.9,31,19.4,1020.2
2026-08-23T23:45,14.8,67,12.5,0.0,0.0,1,13.7,37,22.7,1020.0
2026-08-23T20:00,18.2,53,15.9,0.0,0.0,,13.3,28,23.8,
2026-08-23T20:15,18.0,55,15.8,0.0,0.0,,13.0,25,22.7,
2026-08-23T20:45,17.7,58,15.8,0.0,0.0,,11.5,20,19.4,
2026-08-23T21:15,17.2,60,15.4,0.0,0.0,,11.2,19,18.4,
2026-08-24T00:15,14.5,71,12.2,0.0,0.0,1,14.0,43,24.1,1019.9
2026-08-23T22:00,16.2,61,14.2,0.0,0.0,,11.2,24,19.8,
2026-08-24T00:45,13.6,76,11.7,0.0,0.0,2,11.9,49,20.2,1020.0
2026-08-23T22:30,15.3,66,13.5,0.0,0.0,,10.4,21,18.4,
2026-08-24T01:15,13.1,78,11.3,0.0,0.0,2,11.5,52,20.2,1020.0
2026-08-24T01:30,12.9,82,11.1,0.0,0.0,0,11.9,49,22.0,1019.9
2026-08-23T23:00,14.4,68,12.6,0.0,0.0,,9.7,10,16.9,
2026-08-23T23:30,14.1,71,12.2,0.0,0.0,,10.4,24,16.9,
2026-08-24T01:45,12.6,84,11.0,0.0,0.0,0,11.2,49,22.0,1019.9
2026-08-24T00:00,13.9,74,12.1,0.0,0.0,,11.2,37,17.6,
2026-08-24T03:45,10.9,90,9.3,0.0,0.0,0,9.4,57,15.8,1018.9
2026-08-24T00:30,14.0,72,11.9,0.0,0.0,,12.2,52,20.9,
2026-08-24T01:00,13.3,77,11.5,0.0,0.0,,11.5,59,19.4,
2026-08-24T05:00,10.2,94,8.8,0.0,0.0,0,8.3,66,14.8,1018.5
2026-08-24T02:00,12.5,84,10.8,0.0,0.0,,11.2,61,18.0,
2026-08-24T02:15,12.2,85,10.5,0.0,0.0,,11.2,60,18.0,
2026-08-24T02:30,12.0,87,10.3,0.0,0.0,,11.2,59,18.0,
2026-08-24T02:45,11.8,88,10.2,0.0,0.0,,10.8,57,18.0,
2026-08-24T03:00,11.5,89,9.9,0.0,0.0,,10.8,56,18.0,
2026-08-24T06:00,9.9,92,8.3,0.0,0.0,2,9.0,59,13.7,1018.4
2026-08-24T07:00,9.4,93,7.8,0.0,0.0,3,8.3,68,13.7,1018.0
2026-08-24T03:15,12.0,88,10.3,0.0,0.0,,11.9,59,19.4,
2026-08-24T03:30,11.6,89,10.0,0.0,0.0,,11.2,59,17.6,
2026-08-24T04:00,11.0,90,9.5,0.0,0.0,,9.4,60,14.4,
2026-08-24T04:15,10.8,90,9.2,0.0,0.0,,9.4,59,14.4,
2026-08-24T04:30,10.7,91,9.1,0.0,0.0,,9.7,57,15.1,
2026-08-24T04:45,10.6,91,8.8,0.0,0.0,,10.4,56,15.8,
2026-08-24T07:45,10.4,95,8.6,0.0,0.0,3,11.5,57,19.4,1017.9
2026-08-24T05:15,10.3,94,8.7,0.0,0.0,,9.7,61,14.4,
2026-08-24T05:30,10.2,94,8.5,0.0,0.0,,10.1,58,14.8,
2026-08-24T05:45,10.1,95,8.4,0.0,0.0,,10.1,54,15.1,
2026-08-24T08:45,12.4,80,10.4,0.0,0.0,2,11.5,72,21.2,1017.6
2026-08-24T09:45,15.1,72,13.2,0.0,0.0,3,13.7,67,25.9,1017.3
2026-08-24T10:45,17.3,63,15.0,0.0,0.0,3,16.2,70,30.6,1016.7
2026-08-24T06:15,10.1,91,8.2,0.0,0.0,,10.1,57,14.4,
2026-08-24T06:30,9.9,91,8.1,0.0,0.0,,9.4,51,13.3,
2026-08-24T06:45,9.7,92,8.1,0.0,0.0,,8.3,44,12.6,
2026-08-24T07:15,9.9,92,8.3,0.0,0.0,,7.9,41,13.0,
2026-08-24T07:30,10.1,92,8.7,0.0,0.0,,7.9,43,14.4,
2026-08-24T08:00,10.8,92,9.4,0.0,0.0,,8.6,48,17.3,
2026-08-24T08:15,11.2,91,9.9,0.0,0.0,,9.0,54,18.0,
2026-08-24T08:30,11.7,90,10.3,0.0,0.0,,9.4,60,18.4,
2026-08-24T11:30,19.2,51,16.7,0.0,0.0,3,16.9,81,33.5,1016.3
2026-08-24T12:15,20.2,45,17.7,0.0,0.0,2,17.6,81,35.3,1015.9
2026-08-24T13:00,20.8,42,17.9,0.0,0.0,3,18.0,86,36.0,1015.4
2026-08-24T13:30,20.9,42,17.7,0.0,0.0,3,18.4,79,38.5,1015.0
2026-08-24T14:00,21.1,41,17.8,0.0,0.0,3,17.6,76,37.1,1014.7
2026-08-24T15:00,21.7,36,18.1,0.0,0.0,3,17.6,82,36.0,1014.1
2026-08-24T09:00,13.1,79,11.8,0.0,0.0,,7.9,49,18.0,
2026-08-24T09:15,13.8,76,12.5,0.0,0.0,,8.6,53,19.1,
2026-08-24T09:30,14.5,74,13.1,0.0,0.0,,9.4,56,20.9,
2026-08-24T10:00,15.9,69,14.2,0.0,0.0,,11.9,63,24.8,
2026-08-24T10:15,16.4,67,14.6,0.0,0.0,,13.3,64,27.0,
2026-08-24T10:30,16.9,65,14.7,0.0,0.0,,15.1,66,29.5,
2026-08-24T11:00,17.8,60,15.1,0.0,0.0,,18.0,68,33.5,
2026-08-24T11:15,18.3,57,15.5,0.0,0.0,,18.4,71,34.6,
2026-08-24T11:45,19.3,50,16.2,0.0,0.0,,18.4,78,35.6,
2026-08-24T12:00,19.7,47,16.5,0.0,0.0,,18.4,81,36.0,
2026-08-24T12:30,20.2,43,17.1,0.0,0.0,,18.7,81,37.1,
2026-08-24T12:45,20.4,42,17.2,0.0,0.0,,19.1,81,37.4,
2026-08-24T16:00,21.6,37,17.9,0.0,0.0,3,18.4,72,39.2,1013.2
2026-08-24T16:45,20.7,41,16.9,0.0,0.0,3,20.9,63,38.2,1012.6
2026-08-24T13:15,20.5,42,17.7,0.0,0.0,,18.4,89,36.0,
2026-08-24T13:45,20.5,42,17.6,0.0,0.0,,18.0,89,34.9,
2026-08-24T14:15,20.5,42,17.1,0.0,0.0,,17.6,88,34.6,
2026-08-24T14:30,20.4,42,17.1,0.0,0.0,,17.3,87,34.6,
2026-08-24T14:45,20.3,41,16.9,0.0,0.0,,17.3,85,34.6,
2026-08-24T17:45,20.8,39,17.0,0.0,0.0,3,19.1,81,34.6,1012.0
2026-08-24T15:15,21.9,35,18.2,0.0,0.0,,18.0,85,35.3,
2026-08-24T15:30,21.8,35,18.1,0.0,0.0,,17.6,85,35.6,
2026-08-24T15:45,21.7,35,18.0,0.0,0.0,,17.3,86,35.6,
2026-08-24T18:30,20.7,42,17.2,0.0,0.0,3,19.4,78,35.6,1011.5
2026-08-24T19:15,21.0,41,17.9,0.0,0.0,3,16.2,61,28.1,1011.1
2026-08-24T19:45,20.7,42,17.3,0.0,0.0,3,18.4,60,35.6,1010.9
2026-08-24T20:30,20.3,45,17.1,0.0,0.0,1,18.0,71,33.1,1010.5
2026-08-24T16:15,21.3,38,17.7,0.0,0.0,,18.4,67,34.6,
2026-08-24T16:30,21.1,40,17.4,0.0,0.0,,19.8,64,36.7,
2026-08-24T17:00,20.8,42,16.9,0.0,0.0,,22.0,59,39.6,
2026-08-24T17:15,20.8,42,17.0,0.0,0.0,,20.9,61,38.5,
2026-08-24T17:30,20.8,41,17.3,0.0,0.0,,19.1,63,36.0,
2026-08-24T18:00,20.9,40,17.8,0.0,0.0,,15.8,67,31.3,
2026-08-24T18:15,20.9,40,17.8,0.0,0.0,,15.8,69,31.0,
2026-08-24T18:45,20.9,42,17.8,0.0,0.0,,16.9,72,31.7,
2026-08-24T21:15,19.5,47,16.4,0.0,0.0,0,16.9,69,32.8,1010.6
2026-08-24T21:45,19.3,47,16.4,0.0,0.0,0,15.5,68,29.5,1010.5
2026-08-24T22:15,18.5,50,15.8,0.0,0.0,0,14.8,67,29.2,1010.4
2026-08-24T22:45,16.8,55,14.6,0.0,0.0,0,10.4,64,20.9,1010.3
2026-08-24T23:30,16.7,56,14.6,0.0,0.0,0,10.4,63,22.7,1010.2
2026-08-25T00:00,16.1,59,13.7,0.0,0.0,0,13.0,60,21.6,1010.2
2026-08-24T19:00,20.8,42,18.0,0.0,0.0,,14.8,52,26.6,
2026-08-24T19:30,20.7,43,17.7,0.0,0.0,,15.8,55,28.1,
2026-08-24T20:00,20.4,44,17.4,0.0,0.0,,16.9,57,30.2,
2026-08-24T20:15,20.3,44,17.2,0.0,0.0,,16.9,60,30.2,
2026-08-24T20:45,19.9,45,16.8,0.0,0.0,,16.6,66,29.5,
2026-08-24T21:00,19.6,46,16.6,0.0,0.0,,16.2,69,29.2,
2026-08-24T21:30,19.1,48,16.2,0.0,0.0,,15.5,69,29.5,
2026-08-24T22:00,18.4,50,15.7,0.0,0.0,,14.4,69,29.2,
2026-08-25T00:30,16.9,56,14.6,0.0,0.0,2,12.2,58,22.7,1010.2
2026-08-25T01:00,16.7,55,14.4,0.0,0.0,1,11.9,57,22.7,1010.1
2026-08-25T01:30,16.6,54,14.1,0.0,0.0,2,11.9,57,21.6,1010.0
2026-08-25T01:45,14.1,63,11.5,0.0,0.0,0,12.6,56,21.6,1009.9
2026-08-24T22:30,17.7,51,15.2,0.0,0.0,,13.0,68,20.9,
2026-08-24T23:00,16.5,55,14.2,0.0,0.0,,11.2,62,17.3,
2026-08-24T23:15,16.1,56,13.8,0.0,0.0,,11.2,61,17.6,
2026-08-24T23:45,15.6,59,13.3,0.0,0.0,,11.5,58,20.5,
2026-08-25T03:15,13.9,63,11.1,0.0,0.0,0,13.7,52,24.5,1009.2
2026-08-25T04:30,12.8,65,10.0,0.0,0.0,3,12.6,50,22.0,1008.3
2026-08-25T00:15,16.1,58,13.7,0.0,0.0,,12.2,57,20.9,
2026-08-25T00:45,16.5,55,14.2,0.0,0.0,,11.2,60,19.4,
2026-08-25T01:15,16.0,56,13.7,0.0,0.0,,10.8,61,19.1,
2026-08-25T02:00,14.1,63,11.6,0.0,0.0,,11.5,59,19.4,
2026-08-25T02:15,13.8,64,11.4,0.0,0.0,,11.2,58,19.4,
2026-08-25T02:30,13.6,65,11.3,0.0,0.0,,10.8,58,19.4,
2026-08-25T05:30,12.6,66,10.0,0.0,0.0,3,11.2,57,20.9,1008.2
2026-08-25T02:45,13.5,65,11.2,0.0,0.0,,10.1,57,19.4,
2026-08-25T03:00,13.4,65,11.1,0.0,0.0,,10.1,56,19.4,
2026-08-25T03:30,13.2,65,10.6,0.0,0.0,,11.5,51,20.5,
2026-08-25T06:15,12.7,72,10.6,0.0,0.0,3,10.8,57,19.8,1008.3
2026-08-25T07:00,12.8,67,10.3,0.0,0.0,3,11.5,55,20.9,1008.2
2026-08-25T07:45,12.5,69,10.0,0.0,0.0,3,11.2,55,19.1,1008.3
2026-08-25T03:45,14.7,59,11.9,0.0,0.0,,13.0,54,22.0,
2026-08-25T04:00,14.6,59,11.9,0.0,0.0,,12.6,53,21.6,
2026-08-25T04:15,14.3,60,11.6,0.0,0.0,,12.6,53,21.2,
2026-08-25T04:45,13.1,64,10.3,0.0,0.0,,12.6,52,20.5,
2026-08-25T05:00,12.7,65,9.9,0.0,0.0,,12.6,51,20.5,
2026-08-25T05:15,12.5,66,9.8,0.0,0.0,,12.2,53,20.5,
2026-08-25T05:45,12.6,66,10.0,0.0,0.0,,11.2,56,21.2,
2026-08-25T08:30,13.6,68,11.2,0.0,0.0,3,12.2,65,22.7,1008.4
2026-08-25T09:30,15.4,60,13.1,0.0,0.0,3,11.5,74,23.0,1008.6
2026-08-25T10:15,16.9,55,14.6,0.0,0.0,3,12.2,74,23.4,1008.5
2026-08-25T06:00,12.8,72,10.8,0.0,0.0,,9.4,57,16.6,
2026-08-25T06:30,12.7,70,10.6,0.0,0.0,,10.1,55,17.6,
2026-08-25T06:45,12.7,68,10.2,0.0,0.0,,11.2,54,18.7,
2026-08-25T07:15,12.7,67,10.2,0.0,0.0,,11.5,54,20.2,
2026-08-25T07:30,12.8,67,10.3,0.0,0.0,,11.5,55,20.5,
2026-08-25T08:00,13.1,67,10.6,0.0,0.0,,11.5,57,21.6,
2026-08-25T08:15,13.3,66,10.9,0.0,0.0,,11.5,59,22.0,
2026-08-25T11:00,18.6,52,16.3,0.0,0.0,3,13.3,80,26.6,1008.4
2026-08-25T11:45,20.1,47,18.1,0.0,0.0,3,11.2,87,24.5,1008.5
2026-08-25T08:45,14.0,65,11.6,0.0,0.0,,11.9,68,22.0,
2026-08-25T09:00,14.5,64,12.1,0.0,0.0,,12.2,74,22.7,
2026-08-25T09:15,15.0,62,12.6,0.0,0.0,,12.2,74,23.0,
2026-08-25T09:45,16.0,58,13.6,0.0,0.0,,11.9,75,23.0,
2026-08-25T12:15,20.8,45,18.9,0.0,0.0,3,10.4,93,23.8,1008.6
2026-08-25T10:00,16.5,56,14.2,0.0,0.0,,11.9,75,23.0,
2026-08-25T10:30,17.7,53,15.3,0.0,0.0,,12.2,76,23.8,
2026-08-25T13:00,22.1,43,20.1,0.0,0.0,3,11.5,94,25.9,1008.7
2026-08-25T10:45,17.9,52,15.4,0.0,0.0,,13.3,81,25.9,
2026-08-25T13:30,22.2,43,20.9,0.0,0.0,3,13.0,90,26.6,1008.7
2026-08-25T11:15,18.7,51,16.3,0.0,0.0,,13.7,85,27.4,
2026-08-25T11:30,19.0,51,16.8,0.0,0.0,,12.6,85,27.4,
2026-08-25T14:00,22.8,41,21.6,0.0,0.0,3,13.3,95,28.1,1008.6
2026-08-25T15:00,22.2,46,20.3,0.0,0.0,3,13.3,107,27.0,1008.2
2026-08-25T12:00,20.4,47,18.8,0.0,0.0,,8.6,63,20.5,
2026-08-25T12:30,20.4,47,18.7,0.0,0.0,,9.4,77,20.5,
2026-08-25T12:45,20.3,48,18.6,0.0,0.0,,10.1,84,21.2,
2026-08-25T16:00,22.1,47,20.1,0.0,0.0,3,14.8,100,28.8,1008.1
2026-08-25T13:15,21.7,44,20.0,0.0,0.0,,10.1,73,23.0,
2026-08-25T13:45,21.8,44,19.6,0.0,0.0,,13.0,85,26.6,
2026-08-25T17:00,22.5,50,21.2,0.0,0.0,0,11.5,98,28.8,1007.8
2026-08-25T17:45,22.6,52,21.6,0.0,0.0,1,11.5,106,26.3,1007.6
2026-08-25T18:45,23.1,50,22.0,0.0,0.0,0,11.9,85,24.5,1007.5
2026-08-25T14:15,22.0,44,19.7,0.0,0.0,,14.0,94,28.1,
2026-08-25T14:30,22.1,45,20.0,0.0,0.0,,14.0,96,28.1,
2026-08-25T14:45,22.3,46,20.3,0.0,0.0,,13.7,99,27.7,
2026-08-25T15:15,22.4,46,20.4,0.0,0.0,,13.7,99,27.7,
2026-08-25T15:30,22.3,47,20.4,0.0,0.0,,13.7,97,28.1,
2026-08-25T15:45,22.2,47,20.3,0.0,0.0,,13.7,95,28.1,
2026-08-25T16:15,22.2,47,20.3,0.0,0.0,,13.3,92,28.1,
2026-08-25T16:30,22.2,48,20.6,0.0,0.0,,12.6,91,28.4,
2026-08-25T16:45,22.4,49,21.0,0.0,0.0,,11.9,90,28.4,
2026-08-25T19:15,22.9,52,21.9,0.0,0.0,0,11.9,90,24.1,1007.5
2026-08-25T19:45,22.6,56,22.1,0.0,0.0,0,10.8,100,22.7,1007.7
2026-08-25T20:45,21.6,63,21.3,0.0,0.0,0,11.2,101,21.2,1008.4
2026-08-25T17:15,24.0,43,22.2,0.0,0.0,,13.7,92,27.4,
2026-08-25T17:30,23.7,46,22.2,0.0,0.0,,12.6,93,25.6,
2026-08-25T18:00,23.1,51,22.3,0.0,0.0,,10.8,94,22.3,
2026-08-25T18:15,23.1,52,22.4,0.0,0.0,,10.8,96,22.0,
2026-08-25T18:30,23.2,52,22.4,0.0,0.0,,11.2,98,22.3,
2026-08-25T21:15,20.9,67,20.7,0.0,0.0,0,11.5,99,21.6,1008.6
2026-08-25T21:45,20.1,69,19.9,0.0,0.0,0,10.4,102,18.0,1008.9
2026-08-25T22:30,19.2,73,18.9,0.0,0.0,0,11.5,99,19.1,1009.2
2026-08-25T19:00,23.4,50,22.6,0.0,0.0,,10.8,69,22.0,
2026-08-25T19:30,23.4,52,22.9,0.0,0.0,,9.7,89,22.0,
2026-08-25T20:00,23.1,56,23.1,0.0,0.0,,8.6,108,22.0,
2026-08-25T20:15,22.7,58,22.7,0.0,0.0,,9.0,107,21.6,
2026-08-25T20:30,22.2,60,22.1,0.0,0.0,,9.7,106,20.9,
2026-08-25T23:00,18.6,74,18.3,0.0,0.0,0,10.8,96,17.3,1009.3
2026-08-25T23:30,18.2,80,18.2,0.0,0.0,1,10.1,106,19.1,1009.4
2026-08-25T21:00,21.5,65,21.4,0.0,0.0,,10.8,93,18.0,
2026-08-25T21:30,20.8,68,20.6,0.0,0.0,,11.5,94,18.4,
2026-08-26T00:00,17.7,82,17.7,0.0,0.0,3,9.7,108,17.3,1009.4
2026-08-25T22:00,20.1,70,19.9,0.0,0.0,,11.5,94,19.1,
2026-08-26T00:30,18.0,83,18.2,0.0,0.0,1,10.1,118,19.4,1009.4
2026-08-26T01:00,17.7,85,17.9,0.0,0.0,3,10.1,128,18.0,1009.4
2026-08-25T22:15,19.9,71,19.6,0.0,0.0,,11.9,75,18.4,
2026-08-25T22:45,19.5,74,19.2,0.0,0.0,,12.2,87,19.8,
2026-08-26T01:30,17.3,84,17.4,0.0,0.0,3,9.4,109,15.8,1009.6
2026-08-26T01:45,17.2,84,17.3,0.0,0.0,3,9.0,112,16.2,1009.6
2026-08-26T03:45,17.0,84,16.9,0.0,0.0,3,9.7,104,22.0,1009.6
2026-08-26T05:00,16.1,96,16.3,0.1,0.1,51,11.5,106,23.8,1009.6
2026-08-25T23:15,18.7,75,18.0,0.0,0.0,,13.7,68,19.8,
2026-08-25T23:45,18.0,79,17.9,0.0,0.0,,10.4,92,16.2,
2026-08-26T00:15,17.7,82,17.9,0.0,0.0,,9.0,110,15.1,
2026-08-26T00:45,17.8,84,18.0,0.0,0.0,,9.7,121,16.9,
2026-08-26T01:15,17.6,84,17.8,0.0,0.0,,10.1,125,16.9,
2026-08-26T02:00,17.2,85,17.3,0.0,0.0,,9.4,121,14.4,
2026-08-26T02:15,17.1,85,17.4,0.0,0.0,,8.6,134,15.1,
2026-08-26T02:30,17.1,85,17.4,0.0,0.0,,7.6,147,16.2,
2026-08-26T02:45,17.1,85,17.6,0.0,0.0,,6.8,160,17.6,
2026-08-26T03:00,17.0,86,17.5,0.0,0.0,,6.8,173,18.7,
2026-08-26T06:00,15.7,94,15.9,0.5,0.5,61,9.0,109,16.9,1009.7
2026-08-26T06:45,15.7,95,15.6,4.3,4.3,65,12.2,85,20.9,1009.8
2026-08-26T03:15,16.6,83,16.1,0.1,0.1,,11.2,96,18.7,
2026-08-26T03:30,16.7,83,16.4,0.1,0.1,,10.4,100,17.6,
2026-08-26T04:00,16.9,84,17.0,0.1,0.1,,9.0,107,15.5,
2026-08-26T04:15,17.0,84,17.1,0.0,0.0,,8.3,102,15.5,
2026-08-26T04:30,17.0,83,17.2,0.0,0.0,,7.2,96,15.8,
2026-08-26T04:45,16.9,83,17.3,0.0,0.0,,6.5,91,16.2,
2026-08-26T07:30,15.6,97,15.5,0.0,0.0,3,11.9,94,22.0,1009.9
2026-08-26T05:15,16.8,84,17.1,0.1,0.1,,6.5,96,16.6,
2026-08-26T05:30,16.7,85,16.9,0.1,0.1,,7.6,107,16.6,
2026-08-26T08:00,15.7,97,16.5,0.0,0.0,3,6.8,86,12.2,1009.9
2026-08-26T05:45,16.1,96,16.6,0.0,0.0,,9.0,123,20.9,
2026-08-26T09:00,16.8,93,17.5,0.0,0.0,1,8.6,138,21.6,1010.2
2026-08-26T06:15,15.7,94,16.1,0.0,0.0,,8.3,113,14.8,
2026-08-26T06:30,15.8,94,16.1,0.0,0.0,,8.6,106,15.8,
2026-08-26T07:00,15.8,95,16.1,0.0,0.0,,9.7,90,18.4,
2026-08-26T09:45,18.0,92,19.1,0.0,0.0,2,8.6,163,23.8,1010.3
2026-08-26T10:45,18.3,92,19.4,0.0,0.0,3,9.0,133,18.7,1010.6
2026-08-26T07:15,15.5,97,15.6,0.0,0.0,,10.8,78,19.1,
2026-08-26T07:45,15.6,97,16.2,0.0,0.0,,7.6,88,13.3,
2026-08-26T08:15,15.8,97,16.6,0.0,0.0,,6.5,98,12.2,
2026-08-26T08:30,16.0,96,16.7,0.0,0.0,,7.6,104,13.7,
2026-08-26T08:45,16.1,96,16.8,0.0,0.0,,8.3,109,15.1,
2026-08-26T11:30,19.5,87,20.9,0.0,0.0,0,7.6,134,16.9,1010.5
2026-08-26T09:15,16.9,93,17.5,0.0,0.0,,9.4,118,14.0,
2026-08-26T09:30,17.0,93,17.6,0.0,0.0,,9.7,121,14.0,
2026-08-26T12:15,21.5,81,24.3,0.0,0.0,0,6.8,134,18.0,1010.3
2026-08-26T10:00,17.3,92,18.4,0.0,0.0,,6.5,155,14.0,
2026-08-26T10:15,17.4,92,18.5,0.0,0.0,,6.8,145,14.4,
2026-08-26T13:00,22.2,79,25.2,0.0,0.0,0,6.8,164,18.4,1010.3
2026-08-26T13:30,24.0,74,27.4,0.0,0.0,2,7.2,151,18.4,1010.1
2026-08-26T14:15,24.9,69,27.7,0.0,0.0,2,6.5,144,18.7,1010.3
2026-08-26T15:30,25.6,62,27.4,0.0,0.0,0,6.8,120,16.2,1009.7
2026-08-26T10:30,18.6,91,19.7,0.0,0.0,,9.4,141,17.6,
2026-08-26T11:00,18.9,90,20.1,0.0,0.0,,9.7,136,18.0,
2026-08-26T11:15,19.4,89,20.7,0.0,0.0,,9.0,136,17.6,
2026-08-26T11:45,20.6,85,22.4,0.0,0.0,,7.2,135,16.9,
2026-08-26T12:00,21.1,83,23.1,0.0,0.0,,6.5,135,16.6,
2026-08-26T12:30,22.2,79,25.0,0.0,0.0,,6.8,145,17.3,
2026-08-26T12:45,22.7,77,25.7,0.0,0.0,,7.2,150,17.6,
2026-08-26T13:15,23.5,74,26.5,0.0,0.0,,7.6,153,18.4,
2026-08-26T16:15,25.6,62,27.3,0.0,0.0,2,7.9,136,18.7,1009.4
2026-08-26T13:45,23.6,74,26.8,0.0,0.0,,6.1,154,18.0,
2026-08-26T14:00,24.0,72,27.2,0.0,0.0,,6.1,148,18.4,
2026-08-26T17:45,25.9,61,27.4,0.0,0.0,3,8.6,103,32.0,1008.6
2026-08-26T18:45,24.1,66,24.4,0.0,0.0,3,15.8,108,34.2,1008.4
2026-08-26T20:45,23.0,72,24.2,0.0,0.0,3,10.8,109,36.7,1009.0
2026-08-26T14:30,25.1,67,27.7,0.0,0.0,,6.8,145,16.9,
2026-08-26T14:45,25.2,66,27.9,0.0,0.0,,5.4,146,15.5,
2026-08-26T15:00,25.3,65,28.1,0.0,0.0,,4.7,146,14.4,
2026-08-26T15:15,25.5,64,28.2,0.0,0.0,,5.0,148,14.4,
2026-08-26T15:45,25.8,62,27.7,0.0,0.0,,6.8,153,15.8,
2026-08-26T16:00,26.0,61,27.8,0.0,0.0,,7.2,155,16.2,
2026-08-26T16:30,26.5,59,28.4,0.0,0.0,,6.5,165,15.5,
2026-08-26T16:45,26.8,58,28.7,0.0,0.0,,5.8,169,15.1,
2026-08-26T17:00,26.9,58,29.0,0.0,0.0,,5.4,174,14.8,
2026-08-26T17:15,26.9,58,28.9,0.0,0.0,,5.4,166,14.8,
2026-08-26T17:30,26.7,59,28.7,0.0,0.0,,5.8,158,15.1,
2026-08-26T18:00,26.3,60,28.1,0.0,0.0,,6.8,142,16.6,
2026-08-26T18:15,26.2,60,27.9,0.0,0.0,,7.6,133,18.4,
2026-08-26T18:30,26.2,61,27.9,0.0,0.0,,9.0,124,21.2,
2026-08-26T23:30,21.6,80,22.6,0.0,0.0,2,13.3,83,26.3,1008.3
2026-08-27T03:00,19.0,85,19.4,0.0,0.0,0,11.9,77,19.8,1007.2
2026-08-26T19:00,23.7,67,24.0,0.0,0.0,,15.1,94,29.2,
2026-08-26T19:15,23.3,71,23.9,0.0,0.0,,15.1,93,28.4,
2026-08-26T19:30,23.1,75,24.2,0.0,0.0,,14.0,91,25.9,
2026-08-26T19:45,23.0,80,24.7,0.0,0.0,,12.6,90,22.7,
2026-08-26T20:00,22.9,82,25.0,0.0,0.0,,11.2,88,20.2,
2026-08-26T20:15,22.9,81,25.1,0.0,0.0,,9.7,84,18.0,
2026-08-26T20:30,23.0,78,25.1,0.0,0.0,,7.9,81,16.2,
2026-08-26T21:00,23.0,74,25.2,0.0,0.0,,5.0,73,13.0,
2026-08-26T21:15,22.7,76,25.1,0.0,0.0,,4.7,60,11.9,
2026-08-26T21:30,22.3,80,24.9,0.0,0.0,,4.7,48,11.5,
2026-08-26T21:45,21.9,84,24.5,0.0,0.0,,5.0,35,11.2,
2026-08-26T22:00,21.5,87,24.1,0.0,0.0,,5.4,22,11.2,
2026-08-26T22:15,21.1,88,23.6,0.0,0.0,,6.1,31,11.9,
2026-08-26T22:30,20.8,89,23.1,0.0,0.0,,6.8,40,13.0,
2026-08-26T22:45,20.5,90,22.6,0.0,0.0,,7.6,48,14.0,
2026-08-26T23:00,20.3,90,22.2,0.0,0.0,,8.3,57,15.1,
2026-08-26T23:15,20.2,91,22.1,0.0,0.0,,9.0,61,15.8,
2026-08-26T23:45,20.2,92,22.1,0.0,0.0,,9.7,68,17.6,
2026-08-27T00:00,20.3,92,22.1,0.0,0.0,,10.4,72,18.7,
2026-08-27T00:15,20.3,91,21.8,0.0,0.0,,11.5,74,20.2,
2026-08-27T00:30,20.3,88,21.5,0.0,0.0,,12.6,75,21.6,
2026-08-27T00:45,20.4,86,21.3,0.0,0.0,,13.7,77,23.0,
2026-08-27T01:00,20.3,84,21.0,0.0,0.0,,14.0,78,24.1,
2026-08-27T13:00,24.8,68,26.7,0.0,0.0,1,11.5,208,27.4,1005.6
2026-08-27T01:15,20.6,87,22.0,0.0,0.0,,10.8,74,18.0,
2026-08-27T01:30,20.4,85,21.5,0.0,0.0,,11.2,80,18.0,
2026-08-27T01:45,20.2,83,21.0,0.0,0.0,,11.5,86,18.4,
2026-08-27T02:00,20.0,81,20.7,0.0,0.0,,11.5,92,18.7,
2026-08-27T02:15,19.9,81,20.5,0.0,0.0,,11.5,88,18.7,
2026-08-27T02:30,19.9,81,20.6,0.0,0.0,,11.2,84,18.7,
2026-08-27T02:45,19.9,82,20.6,0.0,0.0,,11.2,79,18.7,
2026-08-27T03:15,19.7,85,20.7,0.0,0.0,,10.4,73,18.0,
2026-08-27T03:30,19.6,88,20.9,0.0,0.0,,10.1,71,17.3,
2026-08-27T03:45,19.5,91,21.0,0.0,0.0,,9.7,69,16.6,
2026-08-27T04:00,19.3,93,20.9,0.0,0.0,,9.7,67,16.2,
2026-08-27T04:15,19.0,93,20.4,0.0,0.0,,10.1,68,16.6,
2026-08-27T04:30,18.7,91,19.6,0.0,0.0,,10.8,70,17.6,
2026-08-27T04:45,18.3,89,18.9,0.0,0.0,,11.5,71,18.4,
2026-08-27T05:00,18.1,88,18.4,0.0,0.0,,11.9,72,18.7,
2026-08-27T05:15,18.0,88,18.3,0.0,0.0,,11.9,67,18.7,
2026-08-27T05:30,18.1,88,18.5,0.0,0.0,,11.2,61,18.0,
2026-08-27T05:45,18.2,88,18.8,0.0,0.0,,10.4,56,17.3,
2026-08-27T06:00,18.2,88,18.9,0.0,0.0,,10.1,50,16.6,
2026-08-27T06:15,18.3,88,19.0,0.0,0.0,,9.7,68,15.1,
2026-08-27T06:30,18.3,89,19.1,0.0,0.0,,9.4,86,13.7,
2026-08-27T06:45,18.3,89,19.2,0.0,0.0,,9.0,103,12.2,
2026-08-27T07:00,18.3,90,19.3,0.0,0.0,,8.6,121,11.5,
2026-08-27T07:15,18.2,91,19.3,0.0,0.0,,8.6,125,12.6,
2026-08-27T07:30,18.1,93,19.3,0.0,0.0,,8.6,130,14.4,
2026-08-27T07:45,18.0,95,19.3,0.0,0.0,,9.0,134,16.6,
2026-08-27T08:00,18.0,96,19.3,0.0,0.0,,8.6,138,17.3,
2026-08-27T08:15,18.0,96,19.4,0.0,0.0,,7.9,124,15.8,
2026-08-27T08:30,18.0,96,19.6,0.0,0.0,,6.5,110,13.3,
2026-08-27T08:45,18.1,96,19.9,0.0,0.0,,5.4,96,10.8,
2026-08-27T09:00,18.3,95,20.2,0.0,0.0,,5.0,82,9.7,
2026-08-27T09:15,18.6,95,20.6,0.0,0.0,,5.8,101,11.2,
2026-08-27T09:30,19.1,94,21.0,0.0,0.0,,7.2,120,14.4,
2026-08-27T09:45,19.6,94,21.5,0.0,0.0,,9.0,138,18.0,
2026-08-27T10:00,20.2,92,22.0,0.0,0.0,,10.1,157,20.5,
2026-08-27T10:15,20.7,89,22.4,0.0,0.0,,10.8,172,21.6,
2026-08-27T10:30,21.4,85,23.0,0.0,0.0,,11.2,186,22.3,
2026-08-27T10:45,22.0,81,23.4,0.0,0.0,,11.5,201,22.3,
2026-08-27T11:00,22.5,78,23.9,0.0,0.0,,11.5,215,22.7,
2026-08-27T23:00,19.4,93,21.4,0.0,0.0,1,6.5,153,18.0,1004.7
2026-08-28T07:15,16.0,96,16.9,0.0,0.0,0,6.1,178,8.3,1004.0
2026-08-28T19:30,19.1,74,17.7,0.0,0.0,2,19.8,238,38.9,1005.9
2026-08-27T11:15,23.0,80,25.0,0.0,0.0,,10.1,181,22.3,
2026-08-27T11:30,23.2,79,25.3,0.0,0.0,,9.7,188,22.0,
2026-08-27T11:45,23.3,78,25.7,0.0,0.0,,9.7,194,21.6,
2026-08-27T12:00,23.6,76,26.1,0.0,0.0,,9.7,200,21.6,
2026-08-27T12:15,23.9,74,26.5,0.0,0.0,,10.1,199,22.3,
2026-08-27T12:30,24.3,71,26.7,0.0,0.0,,10.8,198,23.0,
2026-08-27T12:45,24.6,69,26.9,0.0,0.0,,11.5,197,24.1,
2026-08-27T13:15,25.3,66,27.2,0.0,0.0,,13.3,200,26.6,
2026-08-27T13:30,25.6,66,27.4,0.0,0.0,,14.8,204,28.1,
2026-08-27T13:45,25.8,67,27.7,0.0,0.0,,15.8,208,29.5,
2026-08-27T14:00,26.1,66,28.0,0.0,0.0,,16.2,212,29.9,
2026-08-27T14:15,26.3,64,28.2,0.0,0.0,,15.8,219,29.2,
2026-08-27T14:30,26.6,62,28.5,0.0,0.0,,14.8,226,27.7,
2026-08-27T14:45,26.8,60,28.6,0.0,0.0,,13.3,232,25.9,
2026-08-27T15:00,26.9,58,28.3,0.0,0.0,,12.6,239,24.8,
2026-08-27T15:15,26.9,57,27.8,0.0,0.0,,12.6,232,24.5,
2026-08-27T15:30,26.8,58,27.8,0.0,0.0,,12.6,226,24.8,
2026-08-27T15:45,26.7,58,27.6,0.0,0.0,,13.0,219,25.2,
2026-08-27T16:00,26.7,58,27.6,0.0,0.0,,13.0,212,25.2,
2026-08-27T16:15,26.8,58,27.7,0.0,0.0,,12.6,213,24.5,
2026-08-27T16:30,26.9,58,28.0,0.0,0.0,,11.9,213,23.8,
2026-08-27T16:45,27.0,57,28.2,0.0,0.0,,10.8,214,22.7,
2026-08-27T17:00,27.1,57,28.4,0.0,0.0,,10.4,214,22.0,
2026-08-27T17:15,27.2,56,28.5,0.0,0.0,,10.4,203,21.2,
2026-08-27T17:30,27.3,54,28.3,0.0,0.0,,10.4,193,20.9,
2026-08-27T17:45,27.2,52,27.9,0.0,0.0,,10.4,182,20.2,
2026-08-27T18:00,26.9,53,27.7,0.0,0.0,,10.4,171,19.8,
2026-08-27T18:15,26.2,56,27.0,0.2,0.2,,10.1,187,19.1,
2026-08-27T18:30,25.0,62,26.2,0.2,0.2,,9.7,204,18.4,
2026-08-27T18:45,23.9,67,25.1,0.2,0.2,,9.7,220,18.0,
2026-08-27T19:00,23.2,72,24.6,0.2,0.2,,9.7,236,18.0,
2026-08-27T19:15,23.0,75,24.5,0.0,0.0,,10.1,227,18.4,
2026-08-27T19:30,23.1,77,24.8,0.0,0.0,,10.8,219,19.1,
2026-08-27T19:45,23.2,79,25.0,0.0,0.0,,11.9,210,20.2,
2026-08-27T20:00,23.0,80,24.7,0.0,0.0,,13.0,201,22.0,
2026-08-27T20:15,22.4,80,23.5,0.5,0.5,,15.1,216,25.6,
2026-08-27T20:30,21.6,80,21.8,0.5,0.5,,18.0,231,30.2,
2026-08-27T20:45,20.7,80,20.2,0.5,0.5,,20.2,246,34.2,
2026-08-27T21:00,20.0,81,19.2,0.5,0.5,,20.9,261,35.6,
2026-08-27T21:15,19.4,84,19.0,0.1,0.1,,18.7,262,32.8,
2026-08-27T21:30,19.0,87,19.1,0.1,0.1,,15.1,263,27.0,
2026-08-27T21:45,18.6,91,19.6,0.1,0.1,,10.8,264,20.9,
2026-08-27T22:00,18.5,93,19.9,0.1,0.1,,8.3,265,16.2,
2026-08-27T22:15,18.6,94,20.2,0.0,0.0,,7.6,230,13.7,
2026-08-27T22:30,18.9,94,20.6,0.0,0.0,,7.6,195,12.2,
2026-08-27T22:45,19.2,93,20.9,0.0,0.0,,8.3,160,11.5,
2026-08-27T23:15,19.2,94,20.8,0.0,0.0,,9.7,127,13.0,
2026-08-27T23:30,18.9,94,20.2,0.0,0.0,,10.8,129,16.2,
2026-08-27T23:45,18.6,95,19.7,0.0,0.0,,11.9,130,18.7,
2026-08-28T00:00,18.4,95,19.4,0.0,0.0,,11.9,132,19.8,
2026-08-28T00:15,18.3,94,19.4,0.0,0.0,,10.4,157,18.0,
2026-08-28T00:30,18.3,93,19.6,0.0,0.0,,8.3,182,14.8,
2026-08-28T00:45,18.3,91,19.9,0.0,0.0,,5.8,206,11.2,
2026-08-28T01:00,18.3,91,20.0,0.0,0.0,,4.7,231,9.0,
2026-08-28T01:15,18.2,92,19.8,0.0,0.0,,5.0,210,9.0,
2026-08-28T01:30,18.1,94,19.7,0.0,0.0,,6.5,188,10.4,
2026-08-28T01:45,18.0,97,19.4,0.0,0.0,,8.3,167,12.2,
2026-08-28T02:00,17.8,98,19.2,0.0,0.0,,9.0,145,13.0,
2026-08-28T02:15,17.6,98,19.0,0.0,0.0,,8.6,152,12.6,
2026-08-28T02:30,17.3,98,18.6,0.0,0.0,,7.9,160,11.5,
2026-08-28T02:45,17.1,97,18.4,0.0,0.0,,6.8,167,10.4,
2026-08-28T03:00,16.9,97,18.2,0.0,0.0,,6.1,174,9.7,
2026-08-28T03:15,16.7,97,18.0,0.0,0.0,,6.1,162,9.4,
2026-08-28T03:30,16.6,96,17.6,0.0,0.0,,6.5,150,8.6,
2026-08-28T03:45,16.5,96,17.5,0.0,0.0,,6.8,138,8.6,
2026-08-28T04:00,16.5,96,17.5,0.0,0.0,,7.2,126,8.6,
2026-08-28T04:15,16.8,96,17.9,0.0,0.0,,6.8,147,9.4,
2026-08-28T04:30,17.2,96,18.5,0.0,0.0,,6.5,169,10.4,
2026-08-28T04:45,17.6,96,19.1,0.0,0.0,,6.1,190,11.2,
2026-08-28T05:00,17.8,96,19.5,0.0,0.0,,5.8,211,11.9,
2026-08-28T05:15,17.8,96,19.5,0.0,0.0,,5.8,206,11.9,
2026-08-28T05:30,17.7,96,19.3,0.0,0.0,,5.8,201,11.5,
2026-08-28T05:45,17.5,95,18.9,0.0,0.0,,6.1,195,11.2,
2026-08-28T06:00,17.2,95,18.5,0.0,0.0,,6.1,190,10.4,
2026-08-28T06:15,17.0,95,18.2,0.0,0.0,,6.1,191,9.7,
2026-08-28T06:30,16.6,95,17.8,0.0,0.0,,5.8,192,8.6,
2026-08-28T06:45,16.3,95,17.3,0.0,0.0,,5.8,192,7.9,
2026-08-28T07:00,16.1,95,17.1,0.0,0.0,,5.8,193,7.9,
2026-08-28T07:30,16.1,98,17.0,0.0,0.0,,7.6,205,12.2,
2026-08-28T07:45,16.3,99,17.1,0.0,0.0,,8.6,210,14.8,
2026-08-28T08:00,16.5,99,17.4,0.0,0.0,,9.0,216,15.8,
2026-08-28T08:15,16.9,97,17.9,0.0,0.0,,8.3,207,14.8,
2026-08-28T08:30,17.3,93,18.4,0.0,0.0,,6.8,197,12.2,
2026-08-28T08:45,17.8,90,19.1,0.0,0.0,,5.4,188,9.7,
2026-08-28T09:00,18.3,87,19.7,0.0,0.0,,4.7,178,8.6,
2026-08-28T09:15,18.7,85,20.1,0.0,0.0,,4.7,176,9.4,
2026-08-28T09:30,19.1,84,20.5,0.0,0.0,,5.4,173,11.2,
2026-08-28T09:45,19.5,83,20.8,0.0,0.0,,6.1,171,13.0,
2026-08-28T10:00,19.6,84,20.9,0.0,0.0,,6.8,168,14.8,
2026-08-28T10:15,19.3,86,20.6,0.0,0.0,,7.6,169,15.8,
2026-08-28T10:30,18.8,90,20.1,0.0,0.0,,8.6,170,16.9,
2026-08-28T10:45,18.3,94,19.4,0.0,0.0,,9.7,171,18.0,
2026-08-28T11:00,17.8,96,18.9,0.0,0.0,,10.1,172,18.4,
2026-08-28T11:15,17.5,96,18.5,0.0,0.0,,9.7,185,18.4,
2026-08-28T11:30,17.2,94,18.1,0.0,0.0,,9.0,198,18.0,
2026-08-28T11:45,17.0,92,17.8,0.0,0.0,,7.9,210,17.6,
2026-08-28T12:00,16.8,91,17.5,0.0,0.0,,7.9,223,17.6,
2026-08-28T12:15,16.6,92,17.1,0.0,0.0,,8.6,213,18.4,
2026-08-28T12:30,16.4,93,16.8,0.0,0.0,,9.7,203,19.1,
2026-08-28T12:45,16.3,95,16.6,0.0,0.0,,11.2,192,20.5,
2026-08-28T13:00,16.4,95,16.4,0.0,0.0,,13.0,182,22.7,
2026-08-28T13:15,16.7,94,16.3,0.1,0.1,,15.8,187,27.0,
2026-08-28T13:30,17.2,92,16.4,0.1,0.1,,19.4,192,32.4,
2026-08-28T13:45,17.7,90,16.5,0.1,0.1,,22.7,197,37.8,
2026-08-28T14:00,18.0,88,16.6,0.1,0.1,,24.1,202,40.3,
2026-08-28T14:15,18.0,87,16.6,1.1,1.1,,23.4,208,39.2,
2026-08-28T14:30,17.9,85,16.6,1.1,1.1,,20.9,215,35.3,
2026-08-28T14:45,17.7,84,16.6,1.1,1.1,,18.4,221,31.3,
2026-08-28T15:00,17.5,84,16.6,1.1,1.1,,16.6,227,28.4,
2026-08-28T15:15,17.3,85,16.5,0.1,0.1,,16.2,228,28.1,
2026-08-28T15:30,17.1,88,16.4,0.1,0.1,,16.6,229,28.8,
2026-08-28T15:45,17.0,90,16.2,0.1,0.1,,17.3,230,29.9,
2026-08-28T16:00,16.9,91,16.2,0.1,0.1,,17.3,231,30.2,
2026-08-28T16:15,16.9,90,16.3,0.0,0.0,,16.6,229,29.9,
2026-08-28T16:30,17.0,89,16.5,0.0,0.0,,15.1,226,29.2,
2026-08-28T16:45,17.1,87,16.7,0.0,0.0,,14.0,224,28.4,
2026-08-28T17:00,17.3,86,17.0,0.0,0.0,,13.3,221,28.1,
2026-08-28T17:15,17.4,86,17.1,0.0,0.0,,13.7,218,28.4,
2026-08-28T17:30,17.6,86,17.2,0.0,0.0,,14.8,216,28.8,
2026-08-29T03:00,15.9,91,15.0,0.0,0.0,0,16.2,210,28.1,1007.8
2026-08-29T09:45,17.8,86,17.4,0.0,0.0,2,15.5,191,29.2,1006.9
2026-08-28T17:45,18.2,87,18.2,0.0,0.0,,13.7,220,27.7,
2026-08-28T18:00,18.5,86,18.5,0.0,0.0,,14.4,219,28.4,
2026-08-28T18:15,18.9,83,18.7,0.0,0.0,,15.5,222,30.2,
2026-08-28T18:30,19.4,78,18.7,0.0,0.0,,17.3,224,33.1,
2026-08-28T18:45,19.7,73,18.6,0.0,0.0,,18.7,227,35.6,
2026-08-28T19:00,19.9,70,18.4,0.0,0.0,,19.8,229,37.1,
2026-08-28T19:15,19.9,70,18.4,0.0,0.0,,19.8,230,37.1,
2026-08-28T19:45,19.3,75,18.2,0.0,0.0,,18.4,233,34.2,
2026-08-28T20:00,19.1,77,18.1,0.0,0.0,,18.0,234,33.1,
2026-08-28T20:15,18.9,78,18.0,0.0,0.0,,18.0,233,32.8,
2026-08-28T20:30,18.8,79,17.8,0.0,0.0,,18.0,232,32.4,
2026-08-28T20:45,18.6,79,17.6,0.0,0.0,,18.0,231,32.0,
2026-08-28T21:00,18.5,80,17.5,0.0,0.0,,18.0,230,31.7,
2026-08-28T21:15,18.3,81,17.4,0.0,0.0,,18.0,226,31.3,
2026-08-28T21:30,18.2,83,17.3,0.0,0.0,,17.6,222,30.6,
2026-08-28T21:45,18.0,85,17.3,0.0,0.0,,17.3,218,29.9,
2026-08-28T22:00,17.8,86,17.2,0.0,0.0,,16.6,214,28.8,
2026-08-28T22:15,17.6,87,17.2,0.0,0.0,,15.1,212,26.6,
2026-08-28T22:30,17.3,89,17.3,0.0,0.0,,13.0,209,23.4,
2026-08-28T22:45,17.0,89,17.1,0.0,0.0,,11.2,207,20.9,
2026-08-28T23:00,16.8,90,17.1,0.0,0.0,,10.1,204,19.1,
2026-08-28T23:15,16.7,90,16.9,0.0,0.0,,10.1,201,19.1,
2026-08-28T23:30,16.5,89,16.5,0.0,0.0,,10.8,197,20.2,
2026-08-28T23:45,16.4,88,16.2,0.0,0.0,,11.5,194,21.6,
2026-08-29T00:00,16.3,88,15.9,0.0,0.0,,12.2,190,22.7,
2026-08-29T00:15,16.3,88,15.9,0.0,0.0,,12.2,190,22.7,
2026-08-29T00:30,16.3,89,16.0,0.0,0.0,,11.9,190,22.3,
2026-08-29T00:45,16.3,90,16.1,0.0,0.0,,11.5,189,22.3,
2026-08-29T01:00,16.3,91,16.1,0.0,0.0,,11.9,189,22.3,
2026-08-29T01:15,16.2,91,15.9,0.0,0.0,,13.0,191,23.0,
2026-08-29T01:30,16.2,91,15.7,0.0,0.0,,14.0,192,24.5,
2026-08-29T01:45,16.1,90,15.3,0.0,0.0,,15.5,194,25.9,
2026-08-29T02:00,16.1,90,15.1,0.0,0.0,,16.6,195,27.0,
2026-08-29T02:15,16.0,90,15.0,0.0,0.0,,16.9,197,27.7,
2026-08-29T02:30,16.0,90,15.0,0.0,0.0,,16.6,200,27.7,
2026-08-29T02:45,16.0,90,15.0,0.0,0.0,,16.6,202,28.1,
2026-08-29T03:15,16.1,89,15.0,0.0,0.0,,16.9,205,29.2,
2026-08-29T03:30,16.3,89,15.1,0.0,0.0,,18.0,206,30.2,
2026-08-29T03:45,16.4,88,15.1,0.0,0.0,,18.7,206,31.3,
2026-08-29T04:00,16.4,88,15.1,0.0,0.0,,18.7,207,31.3,
2026-08-29T04:15,16.2,89,15.0,0.0,0.0,,18.0,204,30.2,
2026-08-29T04:30,15.9,91,14.9,0.0,0.0,,16.9,201,28.4,
2026-08-29T04:45,15.6,93,14.8,0.0,0.0,,15.5,198,26.6,
2026-08-29T05:00,15.4,94,14.7,0.0,0.0,,14.8,195,25.6,
2026-08-29T05:15,15.3,94,14.5,0.0,0.0,,14.8,195,25.2,
2026-08-29T05:30,15.3,94,14.5,0.0,0.0,,14.8,195,25.6,
2026-08-29T05:45,15.2,94,14.4,0.0,0.0,,15.1,195,25.9,
2026-08-29T06:00,15.2,94,14.4,0.0,0.0,,15.1,195,25.9,
2026-08-29T06:15,15.2,94,14.4,0.0,0.0,,14.8,195,25.2,
2026-08-29T06:30,15.1,95,14.4,0.0,0.0,,14.4,195,23.8,
2026-08-29T06:45,15.0,95,14.3,0.0,0.0,,13.7,194,23.0,
2026-08-29T07:00,15.0,95,14.3,0.0,0.0,,13.7,194,22.7,
2026-08-29T07:15,15.0,95,14.3,0.0,0.0,,14.0,195,23.8,
2026-08-29T07:30,15.1,95,14.3,0.0,0.0,,15.1,196,25.6,
2026-08-29T07:45,15.2,94,14.2,0.0,0.0,,16.2,196,27.7,
2026-08-29T15:30,17.3,94,16.5,0.1,0.1,51,20.5,177,37.1,1004.9
2026-08-29T19:15,19.4,88,17.4,0.0,0.0,3,31.7,196,56.2,1001.9
2026-08-29T08:00,15.2,96,14.6,0.0,0.0,,14.4,194,25.9,
2026-08-29T08:15,15.4,95,14.8,0.0,0.0,,14.4,193,25.9,
2026-08-29T08:30,15.8,93,15.3,0.0,0.0,,14.0,191,25.9,
2026-08-29T08:45,16.2,91,15.8,0.0,0.0,,13.7,190,25.6,
2026-08-29T09:00,16.6,89,16.2,0.0,0.0,,13.7,188,25.9,
2026-08-29T09:15,17.0,88,16.6,0.0,0.0,,14.0,187,26.6,
2026-08-29T09:30,17.4,87,17.0,0.0,0.0,,14.8,185,27.7,
2026-08-29T10:00,18.2,85,17.7,0.0,0.0,,16.2,182,29.9,
2026-08-29T10:15,18.5,84,18.1,0.0,0.0,,16.6,184,30.6,
2026-08-29T10:30,18.8,84,18.5,0.0,0.0,,16.6,186,31.0,
2026-08-29T10:45,19.1,83,18.8,0.0,0.0,,16.6,187,31.3,
2026-08-29T11:00,19.2,83,18.9,0.0,0.0,,16.9,189,31.7,
2026-08-29T11:15,19.3,83,18.9,0.0,0.0,,17.3,186,32.4,
2026-08-29T11:30,19.2,82,18.7,0.0,0.0,,18.0,183,33.5,
2026-08-29T11:45,19.1,82,18.5,0.0,0.0,,18.4,180,34.6,
2026-08-29T12:00,19.0,83,18.3,0.0,0.0,,18.7,177,34.9,
2026-08-29T12:15,18.8,84,18.1,0.1,0.1,,18.4,179,34.6,
2026-08-29T12:30,18.5,86,17.9,0.1,0.1,,18.0,182,33.5,
2026-08-29T12:45,18.2,88,17.8,0.1,0.1,,17.3,184,32.8,
2026-08-29T13:00,18.0,90,17.6,0.1,0.1,,17.3,186,32.4,
2026-08-29T13:15,17.8,91,17.4,0.1,0.1,,18.0,184,32.8,
2026-08-29T13:30,17.8,92,17.2,0.1,0.1,,19.1,182,33.8,
2026-08-29T13:45,17.7,92,17.0,0.1,0.1,,20.2,180,34.9,
2026-08-29T14:00,17.7,93,16.9,0.1,0.1,,20.9,178,35.6,
2026-08-29T14:15,17.6,94,16.8,0.5,0.5,,20.9,176,35.3,
2026-08-29T14:30,17.5,94,16.9,0.5,0.5,,20.2,174,34.2,
2026-08-29T14:45,17.4,95,16.8,0.5,0.5,,19.8,171,33.5,
2026-08-29T15:00,17.4,95,16.9,0.5,0.5,,19.4,169,33.5,
2026-08-29T15:15,17.5,94,16.8,0.1,0.1,,19.8,170,34.9,
2026-08-29T15:45,17.7,92,16.8,0.1,0.1,,21.2,172,39.2,
2026-08-29T16:00,17.8,91,16.7,0.1,0.1,,22.0,173,40.7,
2026-08-29T16:15,17.9,91,16.8,0.0,0.0,,22.3,175,41.0,
2026-08-29T16:30,18.0,91,17.0,0.0,0.0,,22.3,177,40.7,
2026-08-29T16:45,18.2,92,17.3,0.0,0.0,,22.3,179,40.3,
2026-08-29T17:00,18.3,92,17.5,0.0,0.0,,22.7,181,40.7,
2026-08-29T17:15,18.5,91,17.5,0.0,0.0,,23.8,184,42.5,
2026-08-29T21:45,18.8,93,17.6,0.0,0.0,3,27.0,205,50.0,1003.6
2026-08-30T00:15,18.1,81,15.6,0.0,0.0,3,28.1,231,52.6,1004.4
2026-08-30T02:30,17.4,88,15.8,0.0,0.0,3,23.4,229,47.2,1005.4
2026-08-30T07:45,16.9,92,16.0,0.0,0.0,3,19.1,221,37.1,1007.1
2026-08-30T13:00,18.4,79,18.1,0.0,0.0,3,13.0,219,32.0,1008.6
2026-08-29T17:30,18.5,94,17.9,0.0,0.0,,22.0,175,42.1,
2026-08-29T17:45,18.5,94,18.0,0.0,0.0,,22.0,176,42.8,
2026-08-29T18:00,18.6,93,18.1,0.0,0.0,,22.0,177,43.6,
2026-08-29T18:15,18.8,92,18.2,0.0,0.0,,22.3,179,44.6,
2026-08-29T18:30,19.0,90,18.3,0.0,0.0,,23.0,181,46.4,
2026-08-29T18:45,19.3,89,18.4,0.0,0.0,,23.8,183,47.9,
2026-08-29T19:00,19.4,88,18.4,0.0,0.0,,24.5,185,49.3,
2026-08-29T19:30,19.3,89,17.9,0.0,0.0,,27.4,190,52.2,
2026-08-29T19:45,19.1,89,17.5,0.0,0.0,,28.8,192,52.9,
2026-08-29T20:00,19.1,90,17.4,0.0,0.0,,29.5,194,52.9,
2026-08-29T20:15,19.1,91,17.6,0.2,0.2,,28.8,195,51.1,
2026-08-29T20:30,19.2,91,18.0,0.2,0.2,,27.0,196,48.2,
2026-08-29T20:45,19.2,92,18.4,0.2,0.2,,25.2,196,45.7,
2026-08-29T21:00,19.3,92,18.6,0.2,0.2,,24.1,197,43.9,
2026-08-29T21:15,19.3,92,18.6,0.3,0.3,,24.5,199,43.9,
2026-08-29T21:30,19.2,92,18.3,0.3,0.3,,25.2,201,45.4,
2026-08-29T22:00,19.1,91,17.8,0.3,0.3,,27.0,204,47.9,
2026-08-29T22:15,19.0,89,17.6,0.0,0.0,,27.0,211,48.6,
2026-08-29T22:30,19.0,87,17.5,0.0,0.0,,27.0,218,49.0,
2026-08-29T22:45,19.0,85,17.4,0.0,0.0,,26.6,224,49.0,
2026-08-29T23:00,18.9,83,17.1,0.0,0.0,,26.3,231,49.0,
2026-08-29T23:15,18.8,82,16.9,0.0,0.0,,25.9,231,48.6,
2026-08-29T23:30,18.6,81,16.6,0.0,0.0,,25.6,231,47.5,
2026-08-29T23:45,18.4,81,16.4,0.0,0.0,,24.8,231,46.8,
2026-08-30T00:00,18.2,81,16.3,0.0,0.0,,24.5,231,45.7,
2026-08-30T00:30,18.0,82,16.2,0.0,0.0,,23.4,226,43.9,
2026-08-30T00:45,18.0,82,16.3,0.0,0.0,,22.7,224,42.8,
2026-08-30T01:00,17.9,83,16.3,0.0,0.0,,22.3,221,42.1,
2026-08-30T01:15,17.9,84,16.3,0.0,0.0,,22.3,224,41.8,
2026-08-30T01:30,17.8,85,16.2,0.0,0.0,,22.7,228,41.4,
2026-08-30T01:45,17.7,85,16.1,0.0,0.0,,23.0,231,41.4,
2026-08-30T02:00,17.7,86,16.0,0.0,0.0,,23.4,234,41.8,
2026-08-30T02:15,17.6,86,15.9,0.0,0.0,,24.1,233,42.8,
2026-08-30T02:45,17.6,86,15.5,0.0,0.0,,26.3,231,45.7,
2026-08-30T03:00,17.6,86,15.4,0.0,0.0,,26.6,230,46.1,
2026-08-30T03:15,17.5,86,15.3,0.0,0.0,,26.3,227,45.0,
2026-08-30T03:30,17.4,87,15.4,0.0,0.0,,25.2,225,43.2,
2026-08-30T03:45,17.3,87,15.5,0.0,0.0,,23.8,222,41.0,
2026-08-30T04:00,17.2,87,15.5,0.0,0.0,,23.0,219,39.6,
2026-08-30T04:15,17.1,87,15.4,0.0,0.0,,22.7,220,39.2,
2026-08-30T04:30,17.2,87,15.6,0.0,0.0,,22.3,221,39.6,
2026-08-30T04:45,17.2,87,15.6,0.0,0.0,,22.3,222,40.0,
2026-08-30T05:00,17.2,87,15.6,0.0,0.0,,22.3,223,40.3,
2026-08-30T05:15,17.2,87,15.6,0.0,0.0,,22.3,221,40.3,
2026-08-30T05:30,17.2,88,15.6,0.0,0.0,,22.3,220,40.3,
2026-08-30T05:45,17.1,88,15.6,0.0,0.0,,22.3,218,40.3,
2026-08-30T06:00,17.1,88,15.6,0.0,0.0,,22.0,216,40.0,
2026-08-30T06:15,17.1,88,15.7,0.0,0.0,,21.6,217,39.2,
2026-08-30T06:30,17.1,88,15.7,0.0,0.0,,21.2,217,38.5,
2026-08-30T06:45,17.1,88,15.7,0.0,0.0,,20.9,218,37.4,
2026-08-30T07:00,17.1,88,15.8,0.0,0.0,,20.2,218,36.4,
2026-08-30T07:15,17.0,89,15.9,0.0,0.0,,19.4,218,34.9,
2026-08-30T07:30,16.9,90,16.0,0.0,0.0,,18.4,218,33.5,
2026-08-30T08:00,16.9,92,16.3,0.0,0.0,,16.9,217,31.3,
2026-08-30T08:15,16.9,92,16.3,0.0,0.0,,17.3,217,31.7,
2026-08-30T08:30,17.0,91,16.3,0.0,0.0,,17.6,218,32.4,
2026-08-30T08:45,17.1,89,16.2,0.0,0.0,,18.4,218,33.5,
2026-08-30T09:00,17.3,88,16.3,0.0,0.0,,19.1,218,34.6,
2026-08-30T09:15,17.6,87,16.5,0.0,0.0,,19.4,221,35.3,
2026-08-30T09:30,17.9,86,16.9,0.0,0.0,,19.8,224,35.6,
2026-08-30T09:45,18.3,84,17.2,0.0,0.0,,19.8,227,36.0,
2026-08-30T10:00,18.6,83,17.6,0.0,0.0,,19.8,230,36.4,
2026-08-30T10:15,18.9,81,17.9,0.0,0.0,,19.4,230,36.4,
2026-08-30T10:30,19.2,79,18.3,0.0,0.0,,18.7,230,36.4,
2026-08-30T10:45,19.4,78,18.6,0.0,0.0,,18.0,230,36.4,
2026-08-30T11:00,19.5,77,18.8,0.0,0.0,,17.6,230,36.4,
2026-08-30T11:15,19.4,77,18.5,0.0,0.0,,17.6,230,37.1,
2026-08-30T17:15,21.4,68,21.1,0.0,0.0,3,13.7,194,28.8,1007.3
2026-08-30T20:30,20.0,75,19.9,0.0,0.0,3,13.3,213,24.8,1006.6
2026-08-30T11:30,19.7,77,19.2,0.0,0.0,,15.8,228,31.3,
2026-08-30T11:45,20.3,74,20.0,0.0,0.0,,14.8,226,31.3,
2026-08-30T12:00,20.6,72,20.4,0.0,0.0,,14.0,225,30.2,
2026-08-30T12:15,20.4,72,20.3,0.0,0.0,,13.0,225,28.1,
2026-08-30T12:30,19.9,74,19.9,0.0,0.0,,11.9,225,24.8,
2026-08-30T12:45,19.4,75,19.5,0.0,0.0,,10.8,224,22.0,
2026-08-30T13:15,19.3,75,19.3,0.0,0.0,,10.8,226,20.9,
2026-08-30T13:30,19.7,73,19.5,0.0,0.0,,11.9,227,22.7,
2026-08-30T13:45,20.1,72,19.8,0.0,0.0,,13.3,229,24.8,
2026-08-30T14:00,20.5,70,20.0,0.0,0.0,,14.0,230,26.6,
2026-08-30T14:15,20.7,69,20.1,0.0,0.0,,14.4,225,27.7,
2026-08-30T14:30,20.8,69,20.2,0.0,0.0,,14.8,220,28.4,
2026-08-30T14:45,20.9,68,20.3,0.0,0.0,,15.1,215,28.8,
2026-08-30T15:00,21.1,67,20.4,0.0,0.0,,15.1,210,29.2,
2026-08-30T15:15,21.4,65,20.6,0.0,0.0,,15.1,208,29.2,
2026-08-30T15:30,21.7,63,20.9,0.0,0.0,,15.1,207,29.2,
2026-08-30T15:45,22.1,62,21.4,0.0,0.0,,14.8,205,28.8,
2026-08-30T16:00,22.2,61,21.5,0.0,0.0,,14.4,203,28.4,
2026-08-30T16:15,22.2,62,21.7,0.0,0.0,,13.7,201,27.4,
2026-08-30T16:30,22.0,63,21.6,0.0,0.0,,13.0,199,26.3,
2026-08-30T16:45,21.7,65,21.5,0.0,0.0,,12.2,196,24.8,
2026-08-30T17:00,21.5,67,21.4,0.0,0.0,,11.9,194,24.1,
2026-08-30T17:30,20.9,70,20.8,0.0,0.0,,12.2,187,23.8,
2026-08-30T17:45,20.6,72,20.5,0.0,0.0,,12.6,183,24.1,
2026-08-30T18:00,20.4,73,20.3,0.0,0.0,,13.0,179,24.1,
2026-08-30T18:15,20.4,73,20.2,0.0,0.0,,13.3,180,23.8,
2026-08-30T18:30,20.4,73,20.2,0.0,0.0,,13.7,180,22.7,
2026-08-30T23:30,17.6,87,17.0,0.2,0.2,53,16.2,203,28.4,1006.4
2026-08-30T18:45,20.2,75,20.2,0.0,0.0,,12.6,180,22.0,
2026-08-30T19:00,20.1,77,20.4,0.0,0.0,,11.9,172,20.9,
2026-08-30T19:15,19.8,80,20.5,0.0,0.0,,10.4,183,18.4,
2026-08-30T19:30,19.5,84,20.6,0.0,0.0,,7.9,194,14.4,
2026-08-30T19:45,19.1,88,20.7,0.0,0.0,,6.1,204,11.2,
2026-08-30T20:00,19.0,89,20.7,0.0,0.0,,5.0,215,9.4,
2026-08-30T20:15,19.0,87,20.6,0.0,0.0,,5.8,215,10.1,
2026-08-30T20:45,19.5,79,20.1,0.0,0.0,,9.0,215,15.8,
2026-08-30T21:00,19.6,77,19.9,0.0,0.0,,10.1,215,17.6,
2026-08-30T21:15,19.5,77,19.9,0.0,0.0,,9.7,210,18.4,
2026-08-30T21:30,19.4,78,19.9,0.0,0.0,,8.6,205,18.4,
2026-08-31T01:45,17.0,88,15.8,0.0,0.0,0,19.1,214,37.4,1006.4
2026-08-30T21:45,18.0,89,19.2,0.0,0.0,,6.5,202,12.6,
2026-08-30T22:00,17.6,92,18.9,0.0,0.0,,5.8,198,11.9,
2026-08-30T22:15,17.4,92,18.6,0.0,0.0,,6.1,192,12.6,
2026-08-30T22:30,17.4,89,18.2,0.0,0.0,,6.8,185,14.0,
2026-08-30T22:45,17.4,87,18.0,0.0,0.0,,8.3,179,16.2,
2026-08-30T23:00,17.4,85,17.6,0.0,0.0,,9.7,172,18.7,
2026-08-30T23:15,17.4,85,17.3,0.0,0.0,,11.9,180,22.3,
2026-08-30T23:45,17.4,87,16.6,0.0,0.0,,17.6,196,30.6,
2026-08-31T05:30,15.8,89,13.7,0.0,0.0,2,22.7,208,41.8,1005.8
2026-08-31T12:00,18.0,87,16.8,0.7,0.7,63,22.0,240,48.2,1007.0
2026-08-31T00:00,18.0,90,17.6,0.0,0.0,,17.6,207,32.0,
2026-08-31T00:15,17.6,91,17.3,0.4,0.4,,15.8,202,28.4,
2026-08-31T00:30,16.9,92,17.0,0.4,0.4,,11.9,197,21.2,
2026-08-31T00:45,16.2,93,16.7,0.4,0.4,,8.3,191,14.8,
2026-08-31T01:00,15.9,93,16.4,0.4,0.4,,6.8,186,11.9,
2026-08-31T01:15,16.0,92,16.2,0.0,0.0,,9.0,192,15.1,
2026-08-31T01:30,16.3,90,16.0,0.0,0.0,,13.0,198,22.7,
2026-08-31T02:00,16.9,87,15.5,0.0,0.0,,20.2,210,34.9,
2026-08-31T02:15,16.9,88,15.5,0.0,0.0,,20.2,204,35.3,
2026-08-31T02:30,16.7,89,15.5,0.0,0.0,,19.1,199,32.8,
2026-08-31T02:45,16.4,91,15.5,0.0,0.0,,17.6,193,29.9,
2026-08-31T03:00,16.3,92,15.4,0.0,0.0,,16.9,187,28.8,
2026-08-31T03:15,16.3,92,15.3,0.0,0.0,,17.6,194,29.9,
2026-08-31T03:30,16.4,90,15.1,0.0,0.0,,19.1,200,32.4,
2026-08-31T03:45,16.5,89,15.0,0.0,0.0,,20.5,207,35.3,
2026-08-31T04:00,16.5,88,14.9,0.0,0.0,,21.6,213,37.1,
2026-08-31T04:15,16.4,88,14.7,0.0,0.0,,22.0,211,38.2,
2026-08-31T04:30,16.3,88,14.5,0.0,0.0,,22.0,209,38.5,
2026-08-31T04:45,16.1,89,14.2,0.0,0.0,,22.0,207,38.9,
2026-08-31T05:00,16.0,89,14.2,0.0,0.0,,21.6,205,38.9,
2026-08-31T05:15,15.9,89,14.2,0.0,0.0,,21.2,206,38.5,
2026-08-31T05:45,15.9,90,14.3,0.0,0.0,,20.2,207,36.7,
2026-08-31T06:00,15.9,90,14.4,0.0,0.0,,19.8,207,36.0,
2026-08-31T06:15,15.8,89,14.3,0.0,0.0,,19.4,205,35.6,
2026-08-31T06:30,15.8,88,14.2,0.0,0.0,,19.1,202,36.0,
2026-08-31T06:45,15.7,87,14.1,0.0,0.0,,18.7,200,36.0,
2026-08-31T07:00,15.7,86,14.0,0.0,0.0,,18.4,197,36.0,
2026-08-31T07:15,15.7,86,14.2,0.0,0.0,,18.0,198,36.0,
2026-08-31T07:30,15.8,87,14.4,0.0,0.0,,17.6,199,35.6,
2026-08-31T07:45,15.9,88,14.6,0.0,0.0,,17.3,199,35.6,
2026-08-31T08:00,15.9,89,14.7,0.0,0.0,,17.3,200,36.0,
2026-08-31T08:15,15.9,90,14.7,1.0,1.0,,17.6,200,36.7,
2026-08-31T08:30,15.8,91,14.4,1.0,1.0,,18.7,199,37.4,
2026-08-31T08:45,15.7,92,14.3,1.0,1.0,,19.8,199,38.5,
2026-08-31T09:00,15.7,93,14.2,1.0,1.0,,20.5,198,39.6,
2026-08-31T09:15,15.7,93,14.1,0.1,0.1,,21.2,199,40.7,
2026-08-31T09:30,15.7,93,14.0,0.1,0.1,,22.0,200,42.1,
2026-08-31T09:45,15.8,93,14.1,0.1,0.1,,22.3,201,43.6,
2026-08-31T10:00,16.0,92,14.1,0.1,0.1,,23.0,202,44.6,
2026-08-31T19:30,18.8,79,17.2,0.0,0.0,1,22.0,252,40.3,1011.6
2026-08-31T10:15,16.6,89,15.3,0.3,0.3,,19.4,210,36.4,
2026-08-31T10:30,16.6,90,15.2,0.3,0.3,,21.2,210,39.2,
2026-08-31T10:45,16.7,91,15.1,0.3,0.3,,22.7,209,41.8,
2026-08-31T11:00,16.8,92,15.3,0.3,0.3,,23.4,208,43.2,
2026-08-31T11:15,17.1,92,15.8,0.4,0.4,,22.7,216,42.1,
2026-08-31T11:30,17.5,91,16.5,0.4,0.4,,20.9,224,40.0,
2026-08-31T11:45,17.8,89,17.1,0.4,0.4,,19.1,231,37.4,
2026-08-31T12:15,18.3,84,17.4,0.3,0.3,,19.4,242,38.9,
2026-08-31T12:30,18.4,80,16.9,0.3,0.3,,21.6,245,42.5,
2026-08-31T12:45,18.5,77,16.4,0.3,0.3,,24.1,247,46.1,
2026-08-31T13:00,18.6,75,16.2,0.3,0.3,,25.2,250,47.9,
2026-08-31T13:15,18.6,76,16.4,0.0,0.0,,24.5,248,46.4,
2026-08-31T13:30,18.5,79,16.7,0.0,0.0,,23.0,247,43.2,
2026-08-31T13:45,18.4,83,17.1,0.0,0.0,,21.2,245,39.6,
2026-08-31T14:00,18.4,84,17.3,0.0,0.0,,20.2,243,37.8,
2026-08-31T14:15,18.5,83,17.4,0.1,0.1,,20.2,244,38.5,
2026-08-31T14:30,18.6,80,17.3,0.1,0.1,,20.9,245,40.3,
2026-08-31T14:45,18.8,77,17.2,0.1,0.1,,21.6,246,42.5,
2026-08-31T15:00,18.9,75,17.1,0.1,0.1,,22.0,247,43.9,
2026-08-31T15:15,19.0,76,17.3,0.0,0.0,,22.0,248,43.9,
2026-08-31T15:30,19.0,78,17.5,0.0,0.0,,21.6,249,43.2,
2026-08-31T15:45,19.0,80,17.7,0.0,0.0,,21.2,249,42.1,
2026-08-31T16:00,19.0,81,17.8,0.0,0.0,,21.2,250,41.8,
2026-08-31T16:15,19.2,80,17.9,0.0,0.0,,21.6,251,42.1,
2026-08-31T16:30,19.3,78,17.9,0.0,0.0,,22.0,253,42.5,
2026-08-31T16:45,19.5,76,18.0,0.0,0.0,,22.3,254,43.2,
2026-08-31T17:00,19.6,75,18.0,0.0,0.0,,22.7,255,43.6,
2026-08-31T17:15,19.6,75,18.0,0.0,0.0,,22.7,256,43.9,
2026-08-31T17:30,19.6,75,18.0,0.0,0.0,,22.3,257,43.9,
