timestamp,temperature_2m,relative_humidity_2m,apparent_temperature,precipitation,rain,weather_code,wind_speed_10m,wind_direction_10m,wind_gusts_10m,surface_pressure
2026-08-09T00:00,17.2,65,16.0,0.0,0.0,,9.7,64,14.8,
2026-08-09T00:15,17.0,64,15.5,0.0,0.0,,10.1,67,14.8,
2026-08-09T00:30,16.6,63,15.0,0.0,0.0,,10.4,69,15.1,
2026-08-09T00:45,16.3,61,14.5,0.0,0.0,,10.4,72,15.1,
2026-08-09T01:00,16.1,60,14.1,0.0,0.0,,10.8,74,15.5,
2026-08-09T01:15,16.1,59,14.0,0.0,0.0,,10.8,84,15.8,
2026-08-09T01:30,16.2,58,14.0,0.0,0.0,,10.8,93,15.8,
2026-08-09T01:45,16.3,57,14.1,0.0,0.0,,10.8,103,16.2,
2026-08-09T02:00,16.3,56,14.0,0.0,0.0,,10.8,112,16.2,
2026-08-09T02:15,16.2,55,13.9,0.0,0.0,,10.8,115,15.8,
2026-08-09T02:30,16.1,54,13.7,0.0,0.0,,10.4,118,15.8,
2026-08-09T02:45,15.9,54,13.5,0.0,0.0,,10.4,121,15.1,
2026-08-09T03:00,15.7,54,13.3,0.0,0.0,,10.1,124,14.8,
2026-08-09T03:15,15.4,55,13.1,0.0,0.0,,9.7,128,14.0,
2026-08-09T03:30,15.0,57,12.7,0.0,0.0,,9.7,132,13.7,
2026-08-09T03:45,14.7,59,12.5,0.0,0.0,,9.4,136,13.0,
2026-08-09T04:00,14.4,60,12.2,0.0,0.0,,9.4,140,12.6,
2026-08-09T04:15,14.2,61,12.0,0.0,0.0,,9.7,141,12.6,
2026-08-09T04:30,14.1,61,11.8,0.0,0.0,,10.1,143,12.6,
2026-08-09T04:45,14.1,62,11.8,0.0,0.0,,10.4,144,12.6,
2026-08-09T05:00,14.1,62,11.7,0.0,0.0,,10.8,145,13.0,
2026-08-09T05:15,14.0,62,11.5,0.0,0.0,,11.5,146,13.7,
2026-08-09T05:30,14.0,62,11.5,0.0,0.0,,11.9,148,14.8,
2026-08-09T05:45,14.0,61,11.3,0.0,0.0,,12.6,149,15.8,
2026-08-09T06:00,14.0,61,11.3,0.0,0.0,,13.0,150,16.6,
2026-08-09T06:15,14.0,62,11.3,0.0,0.0,,13.0,150,16.6,
2026-08-09T06:30,14.0,62,11.3,0.0,0.0,,13.0,150,16.2,
2026-08-09T06:45,14.0,63,11.4,0.0,0.0,,12.6,149,15.5,
2026-08-09T07:00,14.2,63,11.7,0.0,0.0,,12.2,149,15.1,
2026-08-09T07:15,14.4,62,12.0,0.0,0.0,,11.9,153,14.8,
2026-08-09T07:30,14.8,59,12.3,0.0,0.0,,11.5,157,14.4,
2026-08-09T07:45,15.2,57,12.8,0.0,0.0,,10.8,160,14.0,
2026-08-09T08:00,15.6,55,13.2,0.0,0.0,,10.4,164,14.0,
2026-08-09T08:15,16.1,54,13.8,0.0,0.0,,10.1,161,14.0,
2026-08-09T08:30,16.6,53,14.5,0.0,0.0,,9.4,159,14.0,
2026-08-09T08:45,17.2,51,15.1,0.0,0.0,,9.0,156,14.0,
2026-08-09T09:00,17.9,50,15.9,0.0,0.0,,8.6,153,14.4,
2026-08-09T09:15,18.7,48,16.9,0.0,0.0,,8.3,159,14.8,
2026-08-09T09:30,19.7,46,17.9,0.0,0.0,,8.3,165,15.5,
2026-08-09T09:45,20.7,43,18.8,0.0,0.0,,8.3,171,15.8,
2026-08-09T10:00,21.6,41,19.8,0.0,0.0,,8.3,177,16.6,
2026-08-09T10:15,22.6,38,20.7,0.0,0.0,,8.3,176,17.3,
2026-08-09T10:30,23.6,36,21.7,0.0,0.0,,8.6,175,18.0,
2026-08-09T10:45,24.5,33,22.5,0.0,0.0,,9.0,174,19.1,
2026-08-09T11:00,25.4,31,23.4,0.0,0.0,,9.4,173,19.8,
2026-08-09T11:15,26.1,30,24.2,0.0,0.0,,9.7,176,20.5,
2026-08-09T11:30,26.6,29,24.8,0.0,0.0,,10.1,180,21.2,
2026-08-09T11:45,27.1,28,25.3,0.0,0.0,,10.1,183,22.0,
2026-08-09T12:00,27.6,27,25.7,0.0,0.0,,10.4,186,22.7,
2026-08-09T12:15,28.0,26,26.0,0.0,0.0,,10.4,187,23.4,
2026-08-09T12:30,28.3,24,26.1,0.0,0.0,,10.1,188,23.8,
2026-08-09T12:45,28.5,23,25.9,0.0,0.0,,10.4,188,24.5,
2026-08-09T13:00,28.7,22,25.8,0.0,0.0,,11.2,189,26.3,
2026-08-09T13:15,28.9,21,25.6,0.0,0.0,,13.3,190,30.2,
2026-08-09T13:30,29.1,20,25.1,0.0,0.0,,16.9,191,35.3,
2026-08-09T13:45,29.1,20,24.7,0.0,0.0,,20.2,191,40.0,
2026-08-09T14:00,29.1,20,24.4,0.0,0.0,,22.0,192,42.8,
2026-08-09T14:15,28.9,21,24.4,0.0,0.0,,22.0,193,42.8,
2026-08-09T14:30,28.7,21,24.2,0.0,0.0,,21.2,195,41.0,
2026-08-09T14:45,28.2,23,24.2,0.0,0.0,,19.4,196,38.5,
2026-08-09T15:00,27.6,25,23.9,0.0,0.0,,18.0,197,35.6,
2026-08-09T15:15,26.5,29,23.3,0.0,0.0,,16.2,189,32.0,
2026-08-09T15:30,25.0,34,22.5,0.0,0.0,,13.7,181,27.0,
2026-08-09T15:45,23.6,39,21.6,0.0,0.0,,11.5,172,23.0,
2026-08-09T16:00,23.1,41,21.3,0.0,0.0,,10.4,164,20.5,
2026-08-09T16:15,23.8,40,22.1,0.0,0.0,,10.4,172,21.2,
2026-08-09T16:30,25.3,37,23.5,0.0,0.0,,11.5,179,23.8,
2026-08-09T16:45,27.0,34,25.1,0.0,0.0,,12.6,187,26.6,
2026-08-09T17:00,28.0,31,25.8,0.0,0.0,,13.7,194,28.4,
2026-08-09T17:15,28.1,30,25.7,0.0,0.0,,14.4,191,29.2,
2026-08-09T17:30,27.8,29,25.1,0.0,0.0,,14.8,189,29.2,
2026-08-09T17:45,27.3,29,24.5,0.0,0.0,,15.1,186,28.8,
2026-08-09T18:00,26.9,29,24.0,0.0,0.0,,14.8,183,27.7,
2026-08-09T18:15,26.6,31,24.1,0.0,0.0,,13.7,181,25.6,
2026-08-09T18:30,26.2,34,24.3,0.0,0.0,,11.9,180,22.3,
2026-08-09T18:45,26.0,36,24.5,0.0,0.0,,10.1,178,19.4,
2026-08-09T19:00,26.0,38,24.8,0.0,0.0,,9.0,176,17.6,
2026-08-09T19:15,26.4,38,25.3,0.0,0.0,,9.4,187,18.0,
2026-08-09T19:30,27.1,37,25.9,0.0,0.0,,10.4,198,19.4,
2026-08-09T19:45,27.7,36,26.3,0.0,0.0,,11.9,208,21.2,
2026-08-09T20:00,27.8,36,26.4,0.0,0.0,,12.6,219,22.3,
2026-08-09T20:15,27.3,38,26.0,0.0,0.0,,12.6,230,22.3,
2026-08-09T20:30,26.3,40,25.0,0.0,0.0,,12.2,240,21.6,
2026-08-09T20:45,25.1,43,23.9,0.0,0.0,,11.5,251,20.5,
2026-08-09T21:00,24.2,45,23.0,0.0,0.0,,10.8,261,18.7,
2026-08-09T21:15,23.4,47,22.4,0.0,0.0,,9.4,251,15.8,
2026-08-09T21:30,22.7,50,22.1,0.0,0.0,,7.2,241,11.9,
2026-08-09T21:45,22.0,52,21.7,0.0,0.0,,5.8,231,8.3,
2026-08-09T22:00,21.5,53,21.3,0.0,0.0,,5.0,221,6.8,
2026-08-09T22:15,21.3,53,20.8,0.0,0.0,,6.1,222,8.6,
2026-08-09T22:30,21.2,52,20.2,0.0,0.0,,8.3,222,12.2,
2026-08-09T22:45,21.1,52,19.7,0.0,0.0,,10.8,223,16.6,
2026-08-09T23:00,20.8,53,19.3,0.0,0.0,,12.6,223,19.8,
2026-08-09T23:15,20.3,56,18.8,0.0,0.0,,13.3,220,21.6,
2026-08-09T23:30,19.7,61,18.3,0.0,0.0,,14.0,217,23.0,
2026-08-09T23:45,19.1,66,17.8,0.0,0.0,,14.0,213,23.8,
2026-08-10T00:00,18.5,71,17.4,0.0,0.0,,14.4,210,24.5,
2026-08-10T00:15,18.1,75,17.1,0.0,0.0,,14.8,211,25.2,
2026-08-10T00:30,17.7,79,16.8,0.0,0.0,,15.1,211,25.6,
2026-08-10T00:45,17.4,83,16.6,0.0,0.0,,15.5,212,25.9,
2026-08-10T01:00,17.1,85,16.3,0.0,0.0,,15.8,212,25.9,
2026-08-10T01:15,17.0,86,16.2,0.0,0.0,,15.8,217,25.9,
2026-08-10T01:30,17.1,86,16.3,0.0,0.0,,15.8,222,26.3,
2026-08-10T01:45,17.2,85,16.4,0.0,0.0,,15.5,226,25.9,
2026-08-10T02:00,17.1,85,16.4,0.0,0.0,,15.1,231,25.6,
2026-08-10T02:15,16.9,86,16.3,0.0,0.0,,14.4,234,24.1,
2026-08-10T02:30,16.7,88,16.2,0.0,0.0,,13.7,237,22.3,
2026-08-10T02:45,16.4,89,16.0,0.0,0.0,,13.0,240,20.5,
2026-08-10T03:00,16.2,90,15.9,0.0,0.0,,12.6,243,19.8,
2026-08-10T03:15,16.1,90,15.7,0.0,0.0,,13.0,242,20.2,
2026-08-10T03:30,16.0,90,15.4,0.0,0.0,,14.0,240,21.6,
2026-08-10T03:45,16.0,90,15.2,0.0,0.0,,14.8,239,23.0,
2026-08-10T04:00,16.0,90,15.1,0.0,0.0,,15.5,237,23.8,
2026-08-10T04:15,16.0,90,15.1,0.0,0.0,,15.8,236,23.8,
2026-08-10T04:30,16.1,90,15.3,0.0,0.0,,15.8,235,23.8,
2026-08-10T04:45,16.2,90,15.4,0.0,0.0,,15.8,234,23.4,
2026-08-10T05:00,16.2,90,15.4,0.0,0.0,,15.8,233,23.0,
2026-08-10T05:15,16.1,91,15.3,0.0,0.0,,15.8,238,23.0,
2026-08-10T05:30,16.0,92,15.2,0.0,0.0,,15.8,242,23.4,
2026-08-10T05:45,15.8,93,15.1,0.0,0.0,,15.5,247,23.8,
2026-08-10T06:00,15.7,94,15.1,0.0,0.0,,15.1,251,23.4,
2026-08-10T06:15,15.6,95,15.1,0.0,0.0,,14.4,255,22.3,
2026-08-10T06:30,15.5,96,15.2,0.0,0.0,,13.3,259,21.2,
2026-08-10T06:45,15.5,96,15.3,0.0,0.0,,12.6,262,19.8,
2026-08-10T07:00,15.6,96,15.6,0.0,0.0,,11.5,266,18.4,
2026-08-10T07:15,15.9,94,16.0,0.0,0.0,,10.8,266,17.3,
2026-08-10T07:30,16.3,92,16.6,0.0,0.0,,9.7,266,16.2,
2026-08-10T07:45,16.8,89,17.2,0.0,0.0,,9.0,265,15.5,
2026-08-10T08:00,17.3,86,17.7,0.0,0.0,,8.3,265,15.1,
2026-08-10T08:15,17.7,83,18.2,0.0,0.0,,7.9,275,14.8,
2026-08-10T08:30,18.2,81,18.7,0.0,0.0,,7.6,284,15.1,
2026-08-10T08:45,18.7,78,19.3,0.0,0.0,,7.2,294,15.5,
2026-08-10T09:00,19.2,75,19.7,0.0,0.0,,7.2,303,15.8,
2026-08-10T09:15,19.8,72,20.2,0.0,0.0,,7.2,314,16.6,
2026-08-10T09:30,20.4,69,20.7,0.0,0.0,,7.6,324,17.6,
2026-08-10T09:45,20.9,66,21.2,0.0,0.0,,7.9,335,18.7,
2026-08-10T10:00,21.5,64,21.6,0.0,0.0,,8.6,345,20.2,
2026-08-10T10:15,22.0,62,22.0,0.0,0.0,,9.4,349,21.6,
2026-08-10T10:30,22.5,60,22.4,0.0,0.0,,10.4,354,23.8,
2026-08-10T10:45,22.9,58,22.6,0.0,0.0,,11.5,358,25.6,
2026-08-10T11:00,23.3,57,23.0,0.0,0.0,,12.2,2,27.0,
2026-08-10T11:15,23.5,56,23.2,0.0,0.0,,13.0,1,28.1,
2026-08-10T11:30,23.5,55,23.2,0.0,0.0,,13.7,1,29.2,
2026-08-10T11:45,23.5,55,23.2,0.0,0.0,,14.4,360,29.9,
2026-08-10T12:00,23.5,54,23.1,0.0,0.0,,14.8,359,30.6,
2026-08-10T12:15,23.5,53,23.0,0.0,0.0,,15.1,360,31.0,
2026-08-10T12:30,23.5,52,23.0,0.0,0.0,,15.1,0,31.3,
2026-08-10T12:45,23.5,52,23.1,0.0,0.0,,14.8,1,31.7,
2026-08-10T13:00,23.6,51,23.0,0.0,0.0,,14.8,1,31.7,
2026-08-10T13:15,23.7,50,23.1,0.0,0.0,,14.4,3,31.3,
2026-08-10T13:30,24.0,50,23.4,0.0,0.0,,14.0,6,31.0,
2026-08-10T13:45,24.2,49,23.7,0.0,0.0,,13.3,8,30.2,
2026-08-10T14:00,24.3,49,23.9,0.0,0.0,,13.3,10,30.2,
2026-08-10T14:15,24.2,50,23.9,0.0,0.0,,13.7,9,30.6,
2026-08-10T14:30,23.9,51,23.6,0.0,0.0,,14.8,9,31.7,
2026-08-10T14:45,23.6,52,23.2,0.0,0.0,,15.5,8,32.8,
2026-08-10T15:00,23.5,53,23.0,0.0,0.0,,16.2,7,33.1,
2026-08-10T15:15,23.4,53,22.9,0.0,0.0,,16.2,7,32.8,
2026-08-10T15:30,23.5,52,22.9,0.0,0.0,,15.5,7,32.4,
2026-08-10T15:45,23.6,52,23.0,0.0,0.0,,15.1,7,31.7,
2026-08-10T16:00,23.6,51,22.7,0.0,0.0,,15.1,7,31.7,
2026-08-10T16:15,23.5,51,22.4,0.0,0.0,,15.8,8,32.4,
2026-08-10T16:30,23.5,51,21.9,0.0,0.0,,16.9,10,33.5,
2026-08-10T16:45,23.4,51,21.6,0.0,0.0,,18.0,11,34.9,
2026-08-10T17:00,23.3,51,21.3,0.0,0.0,,18.7,12,35.6,
2026-08-10T17:15,23.2,52,21.3,0.0,0.0,,19.1,13,36.0,
2026-08-10T17:30,23.1,53,21.2,0.0,0.0,,19.4,15,36.4,
2026-08-10T17:45,22.9,54,21.0,0.0,0.0,,19.8,16,36.4,
2026-08-10T18:00,22.7,55,20.8,0.0,0.0,,19.8,17,36.4,
2026-08-10T18:15,22.3,57,20.5,0.0,0.0,,19.8,18,36.4,
2026-08-10T18:30,21.9,59,20.2,0.0,0.0,,19.8,19,36.0,
2026-08-10T18:45,21.5,61,19.9,0.0,0.0,,19.4,20,35.6,
2026-08-10T19:00,21.2,63,19.6,0.0,0.0,,19.4,21,35.3,
2026-08-10T19:15,21.0,64,19.4,0.0,0.0,,19.4,21,35.3,
2026-08-10T19:30,20.8,64,19.2,0.0,0.0,,19.4,21,35.3,
2026-08-10T19:45,20.6,63,18.8,0.0,0.0,,19.4,21,34.9,
2026-08-10T20:00,20.4,64,18.6,0.0,0.0,,19.4,21,34.6,
2026-08-10T20:15,20.0,65,18.2,0.0,0.0,,19.1,22,33.8,
2026-08-10T20:30,19.5,67,17.7,0.0,0.0,,18.7,24,33.1,
2026-08-10T20:45,18.9,69,17.3,0.0,0.0,,18.0,25,31.7,
2026-08-10T21:00,18.4,71,16.9,0.0,0.0,,17.3,26,30.2,
2026-08-10T21:15,18.0,73,16.6,0.0,0.0,,16.2,26,28.1,
2026-08-10T21:30,17.5,75,16.3,0.0,0.0,,14.8,26,25.2,
2026-08-10T21:45,17.1,77,16.1,0.0,0.0,,13.3,26,22.3,
2026-08-10T22:00,16.7,78,15.8,0.0,0.0,,12.2,26,20.2,
2026-08-10T22:15,16.5,78,15.6,0.0,0.0,,11.5,29,18.7,
2026-08-10T22:30,16.4,78,15.6,0.0,0.0,,10.8,32,18.0,
2026-08-10T22:45,16.2,78,15.4,0.0,0.0,,10.4,35,17.3,
2026-08-10T23:00,16.0,78,15.2,0.0,0.0,,10.1,38,16.6,
2026-08-10T23:15,15.7,80,14.9,0.0,0.0,,9.7,38,15.8,
2026-08-10T23:30,15.3,82,14.6,0.0,0.0,,9.4,39,15.5,
2026-08-10T23:45,14.9,85,14.2,0.0,0.0,,9.4,39,14.8,
2026-08-11T00:00,14.5,87,13.9,0.0,0.0,,9.0,39,14.4,
2026-08-11T00:15,14.3,88,13.7,0.0,0.0,,8.6,45,13.7,
2026-08-11T00:30,14.1,89,13.6,0.0,0.0,,8.3,51,13.3,
2026-08-11T00:45,13.9,90,13.4,0.0,0.0,,7.9,56,12.6,
2026-08-11T01:00,13.7,90,13.3,0.0,0.0,,7.6,62,12.2,
2026-08-11T01:15,13.5,90,13.1,0.0,0.0,,7.2,64,11.5,
2026-08-11T01:30,13.4,90,12.9,0.0,0.0,,7.2,66,11.2,
2026-08-11T01:45,13.2,90,12.7,0.0,0.0,,7.2,68,10.4,
2026-08-11T02:00,13.1,90,12.5,0.0,0.0,,7.2,70,10.4,
2026-08-11T02:15,12.9,90,12.2,0.0,0.0,,7.6,68,10.8,
2026-08-11T02:30,12.8,90,12.0,0.0,0.0,,7.9,67,11.5,
2026-08-11T02:45,12.7,90,11.7,0.0,0.0,,8.6,65,12.2,
2026-08-11T03:00,12.6,90,11.6,0.0,0.0,,9.0,63,13.0,
2026-08-11T03:15,12.5,90,11.4,0.0,0.0,,9.4,64,13.3,
2026-08-11T03:30,12.4,90,11.3,0.0,0.0,,9.7,65,13.3,
2026-08-11T03:45,12.4,90,11.2,0.0,0.0,,10.1,65,13.3,
2026-08-11T04:00,12.4,90,11.1,0.0,0.0,,10.4,66,14.0,
2026-08-11T04:15,12.4,90,11.0,0.0,0.0,,11.2,65,15.5,
2026-08-11T04:30,12.4,90,10.8,0.0,0.0,,12.2,64,17.3,
2026-08-11T04:45,12.4,90,10.7,0.0,0.0,,13.0,63,19.1,
2026-08-11T05:00,12.3,90,10.6,0.0,0.0,,13.3,62,20.2,
2026-08-11T05:15,12.2,91,10.5,0.0,0.0,,13.3,61,20.2,
2026-08-11T05:30,12.0,92,10.3,0.0,0.0,,13.0,60,19.4,
2026-08-11T05:45,11.8,93,10.2,0.0,0.0,,12.2,58,18.4,
2026-08-11T06:00,11.6,94,10.0,0.0,0.0,,11.9,57,18.0,
2026-08-11T06:15,11.4,94,9.8,0.0,0.0,,11.5,59,18.0,
2026-08-11T06:30,11.2,94,9.6,0.0,0.0,,11.5,62,18.0,
2026-08-11T06:45,11.1,93,9.4,0.0,0.0,,11.5,64,18.4,
2026-08-11T07:00,11.1,92,9.4,0.0,0.0,,11.5,66,19.1,
2026-08-11T07:15,11.3,90,9.5,0.0,0.0,,11.9,67,20.2,
2026-08-11T07:30,11.7,88,9.8,0.0,0.0,,12.2,68,21.2,
2026-08-11T07:45,12.1,86,10.3,0.0,0.0,,12.6,69,22.7,
2026-08-11T08:00,12.6,83,10.6,0.0,0.0,,13.3,70,24.1,
2026-08-11T08:15,13.1,80,11.0,0.0,0.0,,14.0,72,25.9,
2026-08-11T08:30,13.7,77,11.3,0.0,0.0,,15.5,73,27.7,
2026-08-11T08:45,14.3,74,11.8,0.0,0.0,,16.2,75,29.2,
2026-08-11T09:00,14.9,71,12.4,0.0,0.0,,16.9,76,30.2,
2026-08-11T09:15,15.6,68,13.0,0.0,0.0,,16.9,78,30.2,
2026-08-11T09:30,16.3,64,13.7,0.0,0.0,,16.6,81,29.9,
2026-08-11T09:45,16.9,61,14.4,0.0,0.0,,15.8,83,29.2,
2026-08-11T10:00,17.5,58,15.0,0.0,0.0,,15.8,85,29.2,
2026-08-11T10:15,18.0,56,15.4,0.0,0.0,,16.2,84,29.9,
2026-08-11T10:30,18.4,54,15.7,0.0,0.0,,16.6,83,31.3,
2026-08-11T10:45,18.8,53,16.2,0.0,0.0,,17.3,81,32.4,
2026-08-11T11:00,19.2,51,16.6,0.0,0.0,,17.6,80,33.5,
2026-08-11T11:15,19.5,49,17.0,0.0,0.0,,18.0,80,34.2,
2026-08-11T11:30,19.9,48,17.5,0.0,0.0,,18.0,79,34.6,
2026-08-11T11:45,20.2,47,17.9,0.0,0.0,,18.0,79,34.6,
2026-08-11T12:00,20.5,45,18.3,0.0,0.0,,18.0,78,34.6,
2026-08-11T12:15,20.8,43,18.6,0.0,0.0,,17.6,78,34.2,
2026-08-11T12:30,21.1,42,19.2,0.0,0.0,,16.6,78,33.5,
2026-08-11T12:45,21.4,40,19.6,0.0,0.0,,15.8,77,32.8,
2026-08-11T13:00,21.7,38,20.0,0.0,0.0,,15.1,77,32.0,
2026-08-11T13:15,22.1,36,20.5,0.0,0.0,,14.4,80,31.3,
2026-08-11T13:30,22.5,33,20.8,0.0,0.0,,14.0,83,31.0,
2026-08-11T13:45,22.9,31,21.3,0.0,0.0,,13.3,86,30.2,
2026-08-11T14:00,23.3,29,21.5,0.0,0.0,,13.3,89,30.2,
2026-08-11T14:15,23.6,28,21.7,0.0,0.0,,13.7,86,30.6,
2026-08-11T14:30,23.9,28,21.9,0.0,0.0,,14.4,83,31.3,
2026-08-11T14:45,24.2,27,22.0,0.0,0.0,,15.1,79,32.0,
2026-08-11T15:00,24.4,27,22.2,0.0,0.0,,15.5,76,32.4,
2026-08-11T15:15,24.5,26,22.0,0.0,0.0,,15.8,76,32.4,
2026-08-11T15:30,24.6,26,22.0,0.0,0.0,,15.8,75,32.0,
2026-08-11T15:45,24.6,25,21.9,0.0,0.0,,15.8,75,31.7,
2026-08-11T16:00,24.7,25,21.8,0.0,0.0,,15.8,74,31.7,
2026-08-11T16:15,24.8,25,21.7,0.0,0.0,,16.2,73,32.0,
2026-08-11T16:30,24.9,25,21.7,0.0,0.0,,16.6,73,32.4,
2026-08-11T16:45,25.1,25,21.7,0.0,0.0,,16.9,72,32.8,
2026-08-11T17:00,25.2,25,21.6,0.0,0.0,,17.3,71,33.1,
2026-08-11T17:15,25.3,25,21.5,0.0,0.0,,17.3,72,33.1,
2026-08-11T17:30,25.4,25,21.5,0.0,0.0,,17.3,73,33.1,
2026-08-11T17:45,25.4,25,21.5,0.0,0.0,,17.3,74,32.8,
2026-08-11T18:00,25.4,25,21.5,0.0,0.0,,16.9,75,32.4,
2026-08-11T18:15,25.3,25,21.5,0.0,0.0,,16.2,74,31.3,
2026-08-11T18:30,25.1,25,21.4,0.0,0.0,,15.5,73,29.9,
2026-08-11T18:45,24.9,25,21.2,0.0,0.0,,14.8,72,28.4,
2026-08-11T19:00,24.8,25,21.2,0.0,0.0,,14.0,71,27.4,
2026-08-11T19:15,24.7,25,21.1,0.0,0.0,,13.7,70,27.0,
2026-08-11T19:30,24.6,25,21.1,0.0,0.0,,13.7,70,26.6,
2026-08-11T19:45,24.5,25,20.9,0.0,0.0,,13.7,69,26.6,
2026-08-11T20:00,24.3,26,20.8,0.0,0.0,,13.7,68,25.9,
2026-08-11T20:15,23.9,27,20.5,0.0,0.0,,13.3,69,24.5,
2026-08-11T20:30,23.4,28,20.1,0.0,0.0,,12.6,69,23.0,
2026-08-11T20:45,22.9,29,19.7,0.0,0.0,,11.9,70,21.2,
2026-08-11T21:00,22.3,31,19.2,0.0,0.0,,11.5,70,19.8,
2026-08-11T21:15,21.6,33,18.6,0.0,0.0,,11.2,64,19.1,
2026-08-11T21:30,20.8,36,18.0,0.0,0.0,,11.2,58,18.7,
2026-08-11T21:45,20.0,39,17.3,0.0,0.0,,10.8,51,18.4,
2026-08-11T22:00,19.4,41,16.7,0.0,0.0,,10.8,45,18.0,
2026-08-11T22:15,19.0,41,16.3,0.0,0.0,,10.4,45,17.6,
2026-08-11T22:30,18.7,40,16.0,0.0,0.0,,10.1,45,17.3,
2026-08-11T22:45,18.5,39,15.7,0.0,0.0,,9.7,45,16.6,
2026-08-11T23:00,18.2,39,15.4,0.0,0.0,,9.7,45,16.6,
2026-08-11T23:15,17.9,40,15.0,0.0,0.0,,10.1,49,16.6,
2026-08-11T23:30,17.5,41,14.5,0.0,0.0,,10.4,54,16.9,
2026-08-11T23:45,17.1,43,14.2,0.0,0.0,,11.2,58,17.3,
2026-08-12T00:00,16.8,44,13.8,0.0,0.0,,11.5,62,17.6,
2026-08-12T00:15,16.6,45,13.6,0.0,0.0,,11.9,64,18.0,
2026-08-12T00:30,16.5,45,13.4,0.0,0.0,,12.2,66,18.7,
2026-08-12T00:45,16.4,46,13.3,0.0,0.0,,12.2,68,19.1,
2026-08-12T01:00,16.2,46,13.1,0.0,0.0,,12.2,70,19.1,
2026-08-12T01:15,15.9,46,12.8,0.0,0.0,,11.9,69,18.7,
2026-08-12T01:30,15.6,47,12.6,0.0,0.0,,11.5,68,18.0,
2026-08-12T01:45,15.3,47,12.3,0.0,0.0,,11.2,66,17.3,
2026-08-12T02:00,15.1,48,12.1,0.0,0.0,,10.8,65,16.9,
2026-08-12T02:15,14.9,49,11.9,0.0,0.0,,11.2,69,17.3,
2026-08-12T02:30,14.9,49,11.8,0.0,0.0,,11.5,73,18.4,
2026-08-12T02:45,14.8,50,11.7,0.0,0.0,,11.9,76,19.4,
2026-08-12T03:00,14.7,51,11.6,0.0,0.0,,12.2,80,19.8,
2026-08-12T03:15,14.7,52,11.6,0.0,0.0,,12.2,82,19.4,
2026-08-12T03:30,14.6,53,11.7,0.0,0.0,,11.5,85,19.1,
2026-08-12T03:45,14.5,54,11.7,0.0,0.0,,11.2,87,18.4,
2026-08-12T04:00,14.4,55,11.7,0.0,0.0,,11.2,89,18.0,
2026-08-12T04:15,14.3,56,11.5,0.0,0.0,,11.5,89,18.4,
2026-08-12T04:30,14.1,57,11.3,0.0,0.0,,12.2,89,19.1,
2026-08-12T04:45,14.0,57,11.0,0.0,0.0,,13.0,88,20.2,
2026-08-12T05:00,13.9,58,10.9,0.0,0.0,,13.3,88,20.5,
2026-08-12T05:15,13.8,59,10.9,0.0,0.0,,13.3,89,20.5,
2026-08-12T05:30,13.8,60,10.9,0.0,0.0,,13.3,89,20.2,
2026-08-12T05:45,13.8,61,11.0,0.0,0.0,,13.0,90,20.2,
2026-08-12T06:00,13.7,61,10.8,0.0,0.0,,13.0,90,19.8,
2026-08-12T06:15,13.5,61,10.6,0.0,0.0,,13.0,90,19.8,
2026-08-12T06:30,13.2,60,10.3,0.0,0.0,,12.6,90,19.4,
2026-08-12T06:45,13.0,60,10.0,0.0,0.0,,12.6,90,19.4,
2026-08-12T07:00,12.9,59,9.9,0.0,0.0,,12.6,90,19.4,
2026-08-12T07:15,13.0,59,10.0,0.0,0.0,,12.6,92,19.8,
2026-08-12T07:30,13.3,59,10.3,0.0,0.0,,12.6,93,20.2,
2026-08-12T07:45,13.6,59,10.7,0.0,0.0,,12.2,95,20.5,
2026-08-12T08:00,14.0,58,11.2,0.0,0.0,,12.2,96,20.9,
2026-08-12T08:15,14.6,56,11.8,0.0,0.0,,11.9,99,21.2,
2026-08-12T08:30,15.3,54,12.6,0.0,0.0,,11.5,102,21.2,
2026-08-12T08:45,16.0,52,13.4,0.0,0.0,,11.2,105,21.2,
2026-08-12T09:00,16.7,49,14.1,0.0,0.0,,10.8,108,21.2,
2026-08-12T09:15,17.4,47,14.8,0.0,0.0,,10.8,111,21.2,
2026-08-12T09:30,18.1,44,15.4,0.0,0.0,,10.8,114,20.9,
2026-08-12T09:45,18.8,41,16.0,0.0,0.0,,11.2,116,20.9,
2026-08-12T10:00,19.5,39,16.7,0.0,0.0,,11.2,119,20.9,
2026-08-12T10:15,20.3,37,17.4,0.0,0.0,,11.2,119,20.9,
2026-08-12T10:30,21.1,35,18.3,0.0,0.0,,10.8,119,21.2,
2026-08-12T10:45,22.0,33,19.3,0.0,0.0,,10.8,118,21.6,
2026-08-12T11:00,22.7,32,20.4,0.0,0.0,,10.4,118,21.6,
2026-08-12T11:15,23.4,31,21.3,0.0,0.0,,10.1,116,21.2,
2026-08-12T11:30,23.9,30,22.1,0.0,0.0,,9.4,113,20.5,
2026-08-12T11:45,24.4,30,22.9,0.0,0.0,,9.0,111,19.8,
2026-08-12T12:00,24.9,29,23.6,0.0,0.0,,8.6,108,19.4,
2026-08-12T12:15,25.4,28,24.2,0.0,0.0,,8.6,107,19.8,
2026-08-12T12:30,26.0,27,24.8,0.0,0.0,,9.0,107,20.5,
2026-08-12T12:45,26.5,25,25.2,0.0,0.0,,9.4,106,21.2,
2026-08-12T13:00,27.0,24,25.7,0.0,0.0,,10.1,105,22.3,
2026-08-12T13:15,27.5,23,26.0,0.0,0.0,,11.2,107,23.8,
2026-08-12T13:30,28.1,22,26.5,0.0,0.0,,12.2,109,25.6,
2026-08-12T13:45,28.6,21,26.8,0.0,0.0,,13.3,110,27.4,
2026-08-12T14:00,29.0,20,27.1,0.0,0.0,,13.7,112,28.1,
2026-08-12T14:15,29.2,20,27.3,0.0,0.0,,13.3,104,27.7,
2026-08-12T14:30,29.3,20,27.6,0.0,0.0,,12.6,97,26.6,
2026-08-12T14:45,29.4,20,27.8,0.0,0.0,,11.5,89,25.2,
2026-08-12T15:00,29.4,20,27.9,0.0,0.0,,10.8,81,24.5,
2026-08-12T15:15,29.5,19,27.8,0.0,0.0,,10.8,81,24.1,
2026-08-12T15:30,29.6,18,27.6,0.0,0.0,,10.8,80,24.5,
2026-08-12T15:45,29.7,17,27.4,0.0,0.0,,11.2,80,24.5,
2026-08-12T16:00,29.8,16,27.3,0.0,0.0,,11.2,79,24.8,
2026-08-12T16:15,30.1,16,27.5,0.0,0.0,,11.2,79,25.2,
2026-08-12T16:30,30.4,16,27.6,0.0,0.0,,11.5,78,25.2,
2026-08-12T16:45,30.6,16,27.7,0.0,0.0,,11.5,78,25.6,
2026-08-12T17:00,30.8,16,27.7,0.0,0.0,,11.5,77,25.6,
2026-08-12T17:15,30.7,17,27.6,0.0,0.0,,11.5,71,25.2,
2026-08-12T17:30,30.6,17,27.3,0.0,0.0,,11.5,65,24.5,
2026-08-12T17:45,30.4,18,27.2,0.0,0.0,,11.5,58,23.8,
2026-08-12T18:00,30.2,19,27.1,0.0,0.0,,11.5,52,23.4,
2026-08-12T18:15,30.0,19,26.8,0.0,0.0,,11.9,49,23.4,
2026-08-12T18:30,29.9,19,26.7,0.0,0.0,,11.9,46,23.4,
2026-08-12T18:45,29.7,20,26.5,0.0,0.0,,12.2,43,23.4,
2026-08-12T19:00,29.5,20,26.2,0.0,0.0,,12.6,40,23.4,
2026-08-12T19:15,29.4,20,26.1,0.0,0.0,,12.6,39,23.0,
2026-08-12T19:30,29.4,21,26.2,0.0,0.0,,13.0,39,23.0,
2026-08-12T19:45,29.2,22,26.2,0.0,0.0,,13.0,38,22.7,
2026-08-12T20:00,28.8,24,26.0,0.0,0.0,,13.0,37,22.3,
2026-08-12T20:15,28.0,28,25.6,0.0,0.0,,13.0,33,22.0,
2026-08-12T20:30,26.9,33,24.8,0.0,0.0,,13.0,30,22.0,
2026-08-12T20:45,25.7,39,24.0,0.0,0.0,,13.0,26,21.6,
2026-08-12T21:00,24.7,43,23.2,0.0,0.0,,12.6,22,20.9,
2026-08-12T21:15,23.8,45,22.4,0.0,0.0,,12.2,25,19.8,
2026-08-12T21:30,23.1,46,21.6,0.0,0.0,,11.5,28,18.7,
2026-08-12T21:45,22.4,47,21.0,0.0,0.0,,10.8,31,17.3,
2026-08-12T22:00,21.9,48,20.5,0.0,0.0,,10.4,34,16.6,
2026-08-12T22:15,21.6,49,20.2,0.0,0.0,,10.4,37,16.6,
2026-08-12T22:30,21.4,50,20.0,0.0,0.0,,10.8,41,16.9,
2026-08-12T22:45,21.3,51,20.0,0.0,0.0,,10.8,44,17.3,
2026-08-12T23:00,21.1,52,19.8,0.0,0.0,,11.2,47,17.6,
2026-08-12T23:15,20.8,52,19.4,0.0,0.0,,11.2,51,17.6,
2026-08-12T23:30,20.5,52,19.0,0.0,0.0,,11.2,55,17.3,
2026-08-12T23:45,20.2,51,18.4,0.0,0.0,,11.5,58,17.3,
2026-08-13T00:00,19.9,50,18.0,0.0,0.0,,11.5,62,17.3,
2026-08-13T00:15,19.8,49,17.7,0.0,0.0,,11.9,65,17.6,
2026-08-13T00:30,19.7,47,17.4,0.0,0.0,,12.2,69,18.4,
2026-08-13T00:45,19.6,45,17.0,0.0,0.0,,12.6,72,18.7,
2026-08-13T01:00,19.4,44,16.8,0.0,0.0,,12.6,75,18.7,
2026-08-13T01:15,19.2,44,16.5,0.0,0.0,,12.2,66,18.0,
2026-08-13T01:30,18.9,44,16.3,0.0,0.0,,11.5,58,16.9,
2026-08-13T01:45,18.5,45,16.0,0.0,0.0,,10.8,49,15.5,
2026-08-13T02:00,18.3,45,15.8,0.0,0.0,,10.1,40,14.4,
2026-08-13T02:15,18.1,45,15.6,0.0,0.0,,9.7,42,13.7,
2026-08-13T02:30,17.9,45,15.5,0.0,0.0,,9.4,45,13.3,
2026-08-13T02:45,17.8,45,15.4,0.0,0.0,,9.0,47,13.0,
2026-08-13T03:00,17.6,45,15.2,0.0,0.0,,9.0,49,12.6,
2026-08-13T03:15,17.4,44,14.8,0.0,0.0,,9.4,62,12.6,
2026-08-13T03:30,17.2,42,14.4,0.0,0.0,,9.7,75,13.3,
2026-08-13T03:45,17.0,41,14.0,0.0,0.0,,10.1,88,13.7,
2026-08-13T04:00,16.8,40,13.7,0.0,0.0,,10.1,101,13.7,
2026-08-13T04:15,16.6,40,13.6,0.0,0.0,,9.7,105,13.3,
2026-08-13T04:30,16.5,41,13.6,0.0,0.0,,9.0,109,12.2,
2026-08-13T04:45,16.3,41,13.5,0.0,0.0,,8.3,113,11.5,
2026-08-13T05:00,16.2,42,13.4,0.0,0.0,,7.9,117,10.8,
2026-08-13T05:15,16.0,43,13.3,0.0,0.0,,7.9,118,10.4,
2026-08-13T05:30,15.9,43,13.2,0.0,0.0,,7.9,119,10.4,
2026-08-13T05:45,15.7,44,13.0,0.0,0.0,,8.3,119,10.1,
2026-08-13T06:00,15.5,44,12.8,0.0,0.0,,8.3,120,10.1,
2026-08-13T06:15,15.2,44,12.5,0.0,0.0,,7.9,119,9.7,
2026-08-13T06:30,14.8,44,12.0,0.0,0.0,,7.6,117,9.4,
2026-08-13T06:45,14.5,43,11.6,0.0,0.0,,7.2,116,9.4,
2026-08-13T07:00,14.4,43,11.6,0.0,0.0,,7.2,114,9.0,
2026-08-13T07:15,14.7,43,11.9,0.0,0.0,,7.2,113,8.6,
2026-08-13T07:30,15.2,44,12.4,0.0,0.0,,7.6,112,8.3,
2026-08-13T07:45,15.8,44,13.1,0.0,0.0,,7.9,111,8.3,
2026-08-13T08:00,16.4,44,13.8,0.0,0.0,,7.9,110,8.3,
2026-08-13T08:15,17.0,43,14.6,0.0,0.0,,7.6,120,9.0,
2026-08-13T08:30,17.7,42,15.4,0.0,0.0,,6.8,129,9.7,
2026-08-13T08:45,18.4,41,16.3,0.0,0.0,,6.1,139,10.4,
2026-08-13T09:00,19.1,39,17.1,0.0,0.0,,5.4,148,11.2,
2026-08-13T09:15,19.8,37,17.8,0.0,0.0,,5.0,144,11.2,
2026-08-13T09:30,20.5,35,18.5,0.0,0.0,,4.7,140,11.2,
2026-08-13T09:45,21.2,33,19.2,0.0,0.0,,4.3,136,10.8,
2026-08-13T10:00,22.0,31,20.0,0.0,0.0,,4.3,132,10.8,
2026-08-13T10:15,23.0,29,21.0,0.0,0.0,,4.3,132,11.2,
2026-08-13T10:30,24.1,27,22.0,0.0,0.0,,4.7,131,11.9,
2026-08-13T10:45,25.2,25,23.1,0.0,0.0,,4.7,131,12.6,
2026-08-13T11:00,26.1,24,24.2,0.0,0.0,,5.0,130,13.3,
2026-08-13T11:15,26.7,23,25.0,0.0,0.0,,5.4,130,14.0,
2026-08-13T11:30,27.2,23,25.6,0.0,0.0,,6.1,129,14.8,
2026-08-13T11:45,27.6,23,26.2,0.0,0.0,,6.5,129,15.8,
2026-08-13T12:00,28.0,23,26.8,0.0,0.0,,6.8,128,16.2,
2026-08-13T12:15,28.4,23,27.4,0.0,0.0,,6.8,130,16.2,
2026-08-13T12:30,28.8,22,27.9,0.0,0.0,,6.5,133,16.2,
2026-08-13T12:45,29.2,22,28.5,0.0,0.0,,6.5,135,16.2,
2026-08-13T13:00,29.7,21,29.1,0.0,0.0,,6.1,137,16.2,
2026-08-13T13:15,30.3,20,29.8,0.0,0.0,,5.8,128,16.6,
2026-08-13T13:30,31.1,19,30.6,0.0,0.0,,5.8,119,16.9,
2026-08-13T13:45,31.8,18,31.4,0.0,0.0,,5.4,110,17.6,
2026-08-13T14:00,32.4,17,31.9,0.0,0.0,,5.4,101,18.0,
2026-08-13T14:15,32.6,17,32.1,0.0,0.0,,5.8,102,18.4,
2026-08-13T14:30,32.7,17,32.1,0.0,0.0,,6.1,102,19.1,
2026-08-13T14:45,32.7,17,31.9,0.0,0.0,,6.8,103,19.4,
2026-08-13T15:00,32.7,17,31.9,0.0,0.0,,6.8,103,19.4,
2026-08-13T15:15,32.8,17,32.0,0.0,0.0,,6.5,103,19.1,
2026-08-13T15:30,33.0,17,32.2,0.0,0.0,,5.8,102,18.4,
2026-08-13T15:45,33.1,16,32.2,0.0,0.0,,5.0,102,17.3,
2026-08-13T16:00,33.3,16,32.3,0.0,0.0,,4.7,101,16.9,
2026-08-13T16:15,33.5,16,32.4,0.0,0.0,,4.7,93,16.9,
2026-08-13T16:30,33.7,15,32.2,0.0,0.0,,5.0,85,17.6,
2026-08-13T16:45,33.9,15,32.2,0.0,0.0,,5.4,76,18.0,
2026-08-13T17:00,34.0,15,32.1,0.0,0.0,,5.8,68,18.0,
2026-08-13T17:15,34.0,15,31.9,0.0,0.0,,5.8,70,17.3,
2026-08-13T17:30,33.9,15,31.6,0.0,0.0,,5.0,71,16.6,
2026-08-13T17:45,33.7,16,31.6,0.0,0.0,,5.0,73,15.5,
2026-08-13T18:00,33.6,16,31.5,0.0,0.0,,5.0,74,15.1,
2026-08-13T18:15,33.6,16,31.4,0.0,0.0,,5.8,74,15.5,
2026-08-13T18:30,33.5,16,31.1,0.0,0.0,,7.2,73,16.2,
2026-08-13T18:45,33.4,16,30.8,0.0,0.0,,8.3,73,16.9,
2026-08-13T19:00,33.2,16,30.4,0.0,0.0,,9.4,72,17.3,
2026-08-13T19:15,32.8,17,30.0,0.0,0.0,,10.1,68,17.6,
2026-08-13T19:30,32.4,19,29.9,0.0,0.0,,10.4,65,17.6,
2026-08-13T19:45,31.9,21,29.5,0.0,0.0,,10.8,61,17.6,
2026-08-13T20:00,31.2,23,29.0,0.0,0.0,,10.8,57,17.3,
2026-08-13T20:15,30.3,26,28.4,0.0,0.0,,10.8,35,16.6,
2026-08-13T20:30,29.2,29,27.5,0.0,0.0,,10.4,14,15.1,
2026-08-13T20:45,28.1,33,26.6,0.0,0.0,,10.4,352,14.0,
2026-08-13T21:00,27.1,36,25.8,0.0,0.0,,10.1,330,13.3,
2026-08-13T21:15,26.2,38,25.0,0.0,0.0,,10.1,332,13.3,
2026-08-13T21:30,25.4,40,24.2,0.0,0.0,,10.1,334,14.0,
2026-08-13T21:45,24.7,42,23.5,0.0,0.0,,10.1,335,14.8,
2026-08-13T22:00,24.0,44,22.9,0.0,0.0,,10.1,337,14.8,
2026-08-13T22:15,23.4,47,22.4,0.0,0.0,,9.7,330,13.7,
2026-08-13T22:30,22.9,50,22.1,0.0,0.0,,9.0,324,11.5,
2026-08-13T22:45,22.3,54,21.9,0.0,0.0,,8.6,317,9.7,
2026-08-13T23:00,21.9,57,21.6,0.0,0.0,,8.3,310,8.6,
2026-08-13T23:15,21.4,60,21.3,0.0,0.0,,8.3,319,8.6,
2026-08-13T23:30,21.0,64,21.0,0.0,0.0,,9.0,327,9.4,
2026-08-13T23:45,20.6,67,20.7,0.0,0.0,,9.4,336,10.1,
2026-08-14T00:00,20.4,68,20.3,0.0,0.0,,9.7,344,10.4,
2026-08-14T00:15,20.2,67,20.1,0.0,0.0,,9.7,357,10.4,
2026-08-14T00:30,20.2,64,19.8,0.0,0.0,,10.1,11,10.4,
2026-08-14T00:45,20.2,61,19.6,0.0,0.0,,9.7,24,10.4,
2026-08-14T01:00,20.2,59,19.5,0.0,0.0,,9.4,37,9.7,
2026-08-14T01:15,20.2,58,19.6,0.0,0.0,,7.9,41,8.3,
2026-08-14T01:30,20.2,58,19.8,0.0,0.0,,6.1,46,6.5,
2026-08-14T01:45,20.2,58,20.1,0.0,0.0,,4.3,50,5.0,
2026-08-14T02:00,20.2,57,20.2,0.0,0.0,,3.2,54,4.0,
2026-08-14T02:15,20.2,55,20.0,0.0,0.0,,3.2,97,4.0,
2026-08-14T02:30,20.1,52,19.5,0.0,0.0,,3.6,140,4.7,
2026-08-14T02:45,20.0,49,19.1,0.0,0.0,,4.3,183,5.8,
2026-08-14T03:00,19.9,47,18.7,0.0,0.0,,5.0,226,6.8,
2026-08-14T03:15,19.9,45,18.3,0.0,0.0,,6.1,206,8.6,
2026-08-14T03:30,19.8,42,17.8,0.0,0.0,,7.6,186,10.4,
2026-08-14T03:45,19.7,41,17.4,0.0,0.0,,9.0,166,12.2,
2026-08-14T04:00,19.6,41,17.1,0.0,0.0,,9.7,146,13.3,
2026-08-14T04:15,19.3,44,17.1,0.0,0.0,,9.7,162,13.0,
2026-08-14T04:30,19.0,50,17.2,0.0,0.0,,9.4,177,11.2,
2026-08-14T04:45,18.7,55,17.3,0.0,0.0,,8.6,193,9.7,
2026-08-14T05:00,18.6,58,17.4,0.0,0.0,,8.3,208,8.6,
2026-08-14T05:15,18.6,58,17.5,0.0,0.0,,8.3,202,8.3,
2026-08-14T05:30,18.8,56,17.5,0.0,0.0,,8.3,195,8.6,
2026-08-14T05:45,19.0,53,17.5,0.0,0.0,,8.6,189,9.0,
2026-08-14T06:00,19.0,51,17.3,0.0,0.0,,9.0,182,9.7,
2026-08-14T06:15,18.9,50,17.0,0.0,0.0,,9.7,208,11.2,
2026-08-14T06:30,18.6,49,16.4,0.0,0.0,,11.2,234,13.3,
2026-08-14T06:45,18.4,48,16.0,0.0,0.0,,11.9,259,15.5,
2026-08-14T07:00,18.4,47,15.8,0.0,0.0,,12.2,285,16.2,
2026-08-14T07:15,18.7,46,16.3,0.0,0.0,,11.2,282,15.1,
2026-08-14T07:30,19.2,46,17.1,0.0,0.0,,9.7,280,13.3,
2026-08-14T07:45,19.8,45,18.0,0.0,0.0,,7.9,277,10.8,
2026-08-14T08:00,20.5,44,18.9,0.0,0.0,,6.8,274,9.7,
2026-08-14T08:15,21.1,43,19.6,0.0,0.0,,6.8,273,10.1,
2026-08-14T08:30,21.8,41,20.2,0.0,0.0,,7.6,272,11.2,
2026-08-14T08:45,22.5,40,20.8,0.0,0.0,,8.3,270,12.6,
2026-08-14T09:00,23.3,38,21.5,0.0,0.0,,8.6,269,13.3,
2026-08-14T09:15,24.0,36,22.3,0.0,0.0,,7.9,257,13.3,
2026-08-14T09:30,24.9,34,23.3,0.0,0.0,,7.2,245,13.0,
2026-08-14T09:45,25.7,31,24.1,0.0,0.0,,6.1,232,12.2,
2026-08-14T10:00,26.5,29,24.9,0.0,0.0,,5.4,220,12.2,
2026-08-14T10:15,27.3,27,25.6,0.0,0.0,,5.4,210,12.6,
2026-08-14T10:30,28.1,26,26.5,0.0,0.0,,5.8,199,13.7,
2026-08-14T10:45,28.9,24,27.1,0.0,0.0,,6.1,189,14.4,
2026-08-14T11:00,29.6,23,28.0,0.0,0.0,,6.1,178,15.1,
2026-08-14T11:15,30.1,22,28.7,0.0,0.0,,6.1,183,15.5,
2026-08-14T11:30,30.6,22,29.5,0.0,0.0,,5.8,188,15.5,
2026-08-14T11:45,31.0,21,30.0,0.0,0.0,,5.4,192,15.1,
2026-08-14T12:00,31.4,21,30.7,0.0,0.0,,5.4,197,15.5,
2026-08-14T12:15,31.9,20,31.3,0.0,0.0,,5.4,203,15.8,
2026-08-14T12:30,32.4,19,31.8,0.0,0.0,,5.4,209,16.6,
2026-08-14T12:45,32.9,18,32.4,0.0,0.0,,5.4,214,17.3,
2026-08-14T13:00,33.3,18,32.9,0.0,0.0,,5.4,220,18.0,
2026-08-14T13:15,33.6,18,33.4,0.0,0.0,,5.4,213,18.7,
2026-08-14T13:30,33.9,18,33.6,0.0,0.0,,5.8,207,19.1,
2026-08-14T13:45,34.1,19,34.0,0.0,0.0,,6.1,200,19.8,
2026-08-14T14:00,34.3,19,34.2,0.0,0.0,,6.5,193,20.5,
2026-08-14T14:15,34.6,19,34.4,0.0,0.0,,7.2,205,21.6,
2026-08-14T14:30,34.9,19,34.6,0.0,0.0,,8.3,218,23.4,
2026-08-14T14:45,35.1,19,34.6,0.0,0.0,,9.4,230,24.8,
2026-08-14T15:00,35.0,19,34.3,0.0,0.0,,10.4,242,26.3,
2026-08-14T15:15,34.5,20,33.6,0.0,0.0,,11.9,267,27.7,
2026-08-14T15:30,33.8,22,32.6,0.0,0.0,,13.7,291,29.2,
2026-08-14T15:45,33.0,23,31.4,0.0,0.0,,15.5,316,30.2,
2026-08-14T16:00,32.5,24,30.7,0.0,0.0,,16.6,340,31.0,
2026-08-14T16:15,32.4,24,30.5,0.0,0.0,,16.9,340,31.3,
2026-08-14T16:30,32.7,24,30.7,0.0,0.0,,16.9,340,31.3,
2026-08-14T16:45,33.0,24,30.9,0.0,0.0,,16.6,339,30.6,
2026-08-14T17:00,33.0,24,30.9,0.0,0.0,,16.2,339,30.2,
2026-08-14T17:15,32.7,24,30.4,0.0,0.0,,15.8,340,29.5,
2026-08-14T17:30,32.2,25,29.9,0.0,0.0,,15.1,340,28.4,
2026-08-14T17:45,31.7,26,29.5,0.0,0.0,,14.4,341,27.4,
2026-08-14T18:00,31.3,26,29.1,0.0,0.0,,13.7,341,26.3,
2026-08-14T18:15,31.2,26,29.1,0.0,0.0,,13.0,346,24.8,
2026-08-14T18:30,31.2,26,29.3,0.0,0.0,,12.2,350,23.4,
2026-08-14T18:45,31.3,25,29.2,0.0,0.0,,11.9,355,22.0,
2026-08-14T19:00,31.2,25,29.2,0.0,0.0,,11.5,359,20.9,
2026-08-14T19:15,30.8,25,28.7,0.0,0.0,,11.5,3,20.5,
2026-08-14T19:30,30.4,25,28.1,0.0,0.0,,11.9,8,20.9,
2026-08-14T19:45,29.8,26,27.6,0.0,0.0,,12.2,12,20.9,
2026-08-14T20:00,29.1,27,26.9,0.0,0.0,,12.2,16,20.9,
2026-08-14T20:15,28.2,30,26.2,0.0,0.0,,12.2,15,20.2,
2026-08-14T20:30,27.2,34,25.4,0.0,0.0,,11.9,14,18.7,
2026-08-14T20:45,26.1,38,24.6,0.0,0.0,,11.5,13,17.6,
2026-08-14T21:00,25.3,41,24.0,0.0,0.0,,11.2,12,16.6,
2026-08-14T21:15,24.8,44,23.8,0.0,0.0,,10.8,13,16.2,
2026-08-14T21:30,24.5,46,23.6,0.0,0.0,,10.8,13,15.8,
2026-08-14T21:45,24.3,48,23.5,0.0,0.0,,10.4,14,15.5,
2026-08-14T22:00,24.0,49,23.3,0.0,0.0,,10.4,14,15.5,
2026-08-14T22:15,23.8,49,23.0,0.0,0.0,,10.4,22,15.5,
2026-08-14T22:30,23.6,47,22.5,0.0,0.0,,10.4,30,15.5,
2026-08-14T22:45,23.4,46,22.2,0.0,0.0,,10.4,37,15.5,
2026-08-14T23:00,23.0,46,21.8,0.0,0.0,,10.1,45,15.1,
2026-08-14T23:15,22.5,48,21.3,0.0,0.0,,9.7,25,14.0,
2026-08-14T23:30,21.7,52,20.9,0.0,0.0,,8.6,4,12.6,
2026-08-14T23:45,21.1,56,20.5,0.0,0.0,,7.9,344,11.2,
2026-08-15T00:00,20.6,59,20.2,0.0,0.0,,7.6,323,10.1,
2026-08-15T00:15,20.4,62,20.2,0.0,0.0,,7.2,329,9.7,
2026-08-15T00:30,20.4,65,20.5,0.0,0.0,,7.2,334,10.1,
2026-08-15T00:45,20.4,68,20.8,0.0,0.0,,7.2,340,10.4,
2026-08-15T01:00,20.4,70,20.9,0.0,0.0,,7.2,345,10.4,
2026-08-15T01:15,20.3,70,20.8,0.0,0.0,,7.2,339,10.4,
2026-08-15T01:30,20.2,69,20.5,0.0,0.0,,7.2,334,10.1,
2026-08-15T01:45,20.0,68,20.2,0.0,0.0,,7.2,328,10.1,
2026-08-15T02:00,19.7,69,19.9,0.0,0.0,,7.2,322,10.1,
2026-08-15T02:15,19.3,74,19.7,0.0,0.0,,7.6,315,10.1,
2026-08-15T02:30,18.8,82,19.5,0.0,0.0,,7.9,307,10.4,
2026-08-15T02:45,18.3,90,19.4,0.0,0.0,,8.3,300,10.8,
2026-08-15T03:00,18.0,95,19.2,0.0,0.0,,9.0,292,11.9,
2026-08-15T03:15,17.9,97,19.0,0.0,0.0,,10.1,285,14.4,
2026-08-15T03:30,17.9,96,18.8,0.0,0.0,,11.5,278,17.6,
2026-08-15T03:45,18.0,95,18.7,0.0,0.0,,13.0,270,20.9,
2026-08-15T04:00,18.2,93,18.7,0.0,0.0,,13.7,263,23.0,
2026-08-15T04:15,18.4,91,18.8,0.0,0.0,,13.7,262,23.4,
2026-08-15T04:30,18.6,89,19.1,0.0,0.0,,13.0,260,23.0,
2026-08-15T04:45,18.9,87,19.5,0.0,0.0,,12.2,259,22.0,
2026-08-15T05:00,19.1,86,19.7,0.0,0.0,,11.5,257,20.5,
2026-08-15T05:15,19.1,87,19.9,0.0,0.0,,11.2,269,19.1,
2026-08-15T05:30,19.1,89,20.2,0.0,0.0,,10.4,281,17.3,
2026-08-15T05:45,19.1,92,20.4,0.0,0.0,,10.1,293,15.5,
2026-08-15T06:00,19.0,94,20.6,0.0,0.0,,9.0,305,13.3,
2026-08-15T06:15,18.9,95,20.8,0.0,0.0,,7.2,349,11.2,
2026-08-15T06:30,18.8,96,21.1,0.0,0.0,,5.0,32,8.6,
2026-08-15T06:45,18.8,97,21.3,0.0,0.0,,3.2,76,6.1,
2026-08-15T07:00,18.8,96,21.5,0.0,0.0,,1.8,119,4.7,
2026-08-15T07:15,19.0,93,21.6,0.0,0.0,,1.4,85,4.3,
2026-08-15T07:30,19.3,88,21.6,0.0,0.0,,2.2,52,4.3,
2026-08-15T07:45,19.6,83,21.6,0.0,0.0,,2.5,18,5.0,
2026-08-15T08:00,19.8,81,21.5,0.0,0.0,,3.2,344,5.8,
2026-08-15T08:15,19.6,84,21.5,0.0,0.0,,3.6,327,6.5,
2026-08-15T08:30,19.3,89,21.3,0.0,0.0,,4.0,310,7.2,
2026-08-15T08:45,19.0,94,21.2,0.0,0.0,,4.3,293,8.3,
2026-08-15T09:00,19.1,95,21.4,0.0,0.0,,4.7,276,9.0,
2026-08-15T09:15,19.7,89,21.8,0.0,0.0,,5.0,310,9.7,
2026-08-15T09:30,20.6,79,22.3,0.0,0.0,,5.0,345,10.1,
2026-08-15T09:45,21.7,69,22.8,0.0,0.0,,5.4,19,11.2,
2026-08-15T10:00,22.6,61,23.3,0.0,0.0,,5.8,53,12.2,
2026-08-15T10:15,23.3,57,23.7,0.0,0.0,,6.8,40,14.4,
2026-08-15T10:30,24.1,54,24.2,0.0,0.0,,8.6,26,17.6,
2026-08-15T10:45,24.7,54,24.8,0.0,0.0,,9.7,13,20.2,
2026-08-15T11:00,25.0,54,25.1,0.0,0.0,,10.4,359,21.6,
2026-08-15T11:15,24.8,58,25.4,0.0,0.0,,9.7,41,20.5,
2026-08-15T11:30,24.2,64,25.8,0.0,0.0,,7.9,83,17.6,
2026-08-15T11:45,23.7,69,25.9,0.0,0.0,,6.5,124,15.1,
2026-08-15T12:00,23.6,70,26.0,0.0,0.0,,5.4,166,13.7,
2026-08-15T12:15,24.2,64,26.1,0.0,0.0,,5.8,130,14.8,
2026-08-15T12:30,25.2,53,26.1,0.0,0.0,,6.8,94,17.3,
2026-08-15T12:45,26.4,43,26.4,0.0,0.0,,7.9,58,19.8,
2026-08-15T13:00,27.2,36,26.6,0.0,0.0,,8.3,22,21.2,
2026-08-15T13:15,27.6,36,27.4,0.0,0.0,,7.9,24,21.2,
2026-08-15T13:30,27.9,39,28.4,0.0,0.0,,6.8,27,20.2,
2026-08-15T13:45,28.0,44,29.4,0.0,0.0,,5.8,29,19.1,
2026-08-15T14:00,28.0,47,29.9,0.0,0.0,,5.4,31,18.4,
2026-08-15T14:15,27.7,49,29.9,0.0,0.0,,5.4,36,18.0,
2026-08-15T14:30,27.3,51,29.4,0.0,0.0,,6.1,41,17.3,
2026-08-15T14:45,26.8,52,28.8,0.0,0.0,,6.8,46,17.6,
2026-08-15T15:00,26.6,53,28.3,0.0,0.0,,8.3,51,19.1,
2026-08-15T15:15,26.6,53,28.0,0.0,0.0,,10.4,41,22.7,
2026-08-15T15:30,26.8,53,27.7,0.0,0.0,,13.7,31,28.1,
2026-08-15T15:45,27.0,52,27.2,0.0,0.0,,16.6,20,33.1,
2026-08-15T16:00,27.1,52,26.8,0.0,0.0,,18.4,10,36.7,
2026-08-15T16:15,27.0,52,26.4,0.0,0.0,,19.1,11,37.8,
2026-08-15T16:30,26.9,51,26.2,0.0,0.0,,18.7,13,37.1,
2026-08-15T16:45,26.7,51,26.0,0.0,0.0,,18.0,14,36.0,
2026-08-15T17:00,26.3,52,25.6,0.0,0.0,,18.0,15,35.6,
2026-08-15T17:15,25.5,56,24.9,0.0,0.0,,18.7,16,36.4,
2026-08-15T17:30,24.5,61,23.8,0.0,0.0,,19.8,16,37.1,
2026-08-15T17:45,23.5,66,22.8,0.0,0.0,,20.9,17,38.2,
2026-08-15T18:00,22.8,70,22.1,0.0,0.0,,21.2,17,38.5,
2026-08-15T18:15,22.6,71,22.0,0.0,0.0,,20.9,17,38.2,
2026-08-15T18:30,22.6,70,22.1,0.0,0.0,,20.2,17,37.1,
2026-08-15T18:45,22.8,68,22.3,0.0,0.0,,19.4,17,36.4,
2026-08-15T19:00,22.9,68,22.5,0.0,0.0,,18.7,17,35.3,
2026-08-15T19:15,22.8,69,22.5,0.0,0.0,,18.4,13,34.6,
2026-08-15T19:30,22.7,70,22.6,0.0,0.0,,18.0,8,33.8,
2026-08-15T19:45,22.6,72,22.5,0.0,0.0,,18.0,4,33.1,
2026-08-15T20:00,22.3,73,22.3,0.0,0.0,,17.6,359,32.4,
2026-08-15T20:15,21.9,74,21.8,0.0,0.0,,17.3,359,31.7,
2026-08-15T20:30,21.3,75,21.1,0.0,0.0,,17.3,359,31.0,
2026-08-15T20:45,20.7,76,20.4,0.0,0.0,,16.9,358,30.2,
2026-08-15T21:00,20.2,78,19.9,0.0,0.0,,16.9,358,29.5,
2026-08-15T21:15,19.9,80,19.7,0.0,0.0,,16.9,357,29.2,
2026-08-15T21:30,19.8,83,19.7,0.0,0.0,,16.9,355,29.2,
2026-08-15T21:45,19.6,86,19.7,0.0,0.0,,16.9,354,28.8,
2026-08-15T22:00,19.5,88,19.7,0.0,0.0,,16.9,352,28.8,
2026-08-15T22:15,19.5,88,19.7,0.0,0.0,,16.9,354,28.8,
2026-08-15T22:30,19.5,88,19.6,0.0,0.0,,17.3,356,28.4,
2026-08-15T22:45,19.4,87,19.5,0.0,0.0,,17.3,357,28.4,
2026-08-15T23:00,19.3,87,19.3,0.0,0.0,,16.9,359,27.7,
2026-08-15T23:15,18.9,88,19.0,0.0,0.0,,16.2,359,26.6,
2026-08-15T23:30,18.5,90,18.7,0.0,0.0,,15.1,359,24.8,
2026-08-15T23:45,18.0,91,18.2,0.0,0.0,,14.0,359,23.0,
2026-08-16T00:00,17.8,92,18.0,0.0,0.0,,13.7,359,22.3,
2026-08-16T00:15,17.8,92,18.0,0.0,0.0,,14.0,1,22.7,
2026-08-16T00:30,17.9,92,18.1,0.0,0.0,,14.4,4,24.1,
2026-08-16T00:45,18.1,92,18.3,0.0,0.0,,15.1,6,25.2,
2026-08-16T01:00,18.2,91,18.3,0.0,0.0,,15.5,8,25.9,
2026-08-16T01:15,18.2,90,18.2,0.0,0.0,,15.5,7,25.6,
2026-08-16T01:30,18.2,89,18.2,0.0,0.0,,15.1,5,24.8,
2026-08-16T01:45,18.1,88,18.0,0.0,0.0,,14.4,4,24.1,
2026-08-16T02:00,18.0,87,18.0,0.0,0.0,,13.7,2,22.7,
2026-08-16T02:15,18.0,87,18.2,0.0,0.0,,12.6,9,20.9,
2026-08-16T02:30,18.0,87,18.3,0.0,0.0,,11.5,17,19.1,
2026-08-16T02:45,18.0,88,18.6,0.0,0.0,,10.1,24,16.9,
2026-08-16T03:00,18.0,89,18.8,0.0,0.0,,9.0,31,15.1,
2026-08-16T03:15,17.8,90,18.7,0.0,0.0,,7.9,24,13.7,
2026-08-16T03:30,17.5,92,18.6,0.0,0.0,,6.8,18,12.2,
2026-08-16T03:45,17.2,94,18.5,0.0,0.0,,6.1,11,11.2,
2026-08-16T04:00,17.0,95,18.3,0.0,0.0,,5.8,4,10.4,
2026-08-16T04:15,17.0,94,18.3,0.0,0.0,,5.8,10,10.4,
2026-08-16T04:30,17.1,93,18.3,0.0,0.0,,6.1,16,11.2,
2026-08-16T04:45,17.2,92,18.2,0.0,0.0,,6.8,21,11.9,
2026-08-16T05:00,17.2,91,18.1,0.0,0.0,,7.2,27,12.2,
2026-08-16T05:15,17.1,92,17.9,0.0,0.0,,7.6,18,12.2,
2026-08-16T05:30,16.8,93,17.6,0.0,0.0,,7.6,10,11.9,
2026-08-16T05:45,16.6,95,17.4,0.0,0.0,,7.9,1,11.9,
2026-08-16T06:00,16.4,96,17.2,0.0,0.0,,7.9,352,11.5,
2026-08-16T06:15,16.3,97,17.1,0.0,0.0,,7.9,352,11.5,
2026-08-16T06:30,16.2,97,17.0,0.0,0.0,,7.9,351,11.5,
2026-08-16T06:45,16.2,97,17.0,0.0,0.0,,7.9,351,11.5,
2026-08-16T07:00,16.2,97,17.0,0.0,0.0,,7.6,350,11.2,
2026-08-16T07:15,16.2,96,17.1,0.0,0.0,,6.8,357,10.4,
2026-08-16T07:30,16.4,94,17.4,0.0,0.0,,5.8,3,9.0,
2026-08-16T07:45,16.5,92,17.5,0.0,0.0,,5.0,10,7.9,
2026-08-16T08:00,16.8,90,17.9,0.0,0.0,,4.3,16,7.6,
2026-08-16T08:15,17.1,88,18.2,0.0,0.0,,4.3,23,8.3,
2026-08-16T08:30,17.5,85,18.5,0.0,0.0,,4.7,31,9.4,
2026-08-16T08:45,17.9,83,18.8,0.0,0.0,,5.0,38,10.8,
2026-08-16T09:00,18.4,80,19.2,0.0,0.0,,5.4,45,11.9,
2026-08-16T09:15,18.8,77,19.6,0.0,0.0,,5.4,47,12.2,
2026-08-16T09:30,19.3,73,19.8,0.0,0.0,,5.8,49,12.6,
2026-08-16T09:45,19.7,69,20.1,0.0,0.0,,5.8,50,13.0,
2026-08-16T10:00,20.1,66,20.3,0.0,0.0,,6.1,52,13.7,
2026-08-16T10:15,20.2,64,20.2,0.0,0.0,,6.8,43,15.1,
2026-08-16T10:30,20.3,64,20.1,0.0,0.0,,8.3,34,17.3,
2026-08-16T10:45,20.3,63,19.9,0.0,0.0,,9.4,24,19.1,
2026-08-16T11:00,20.5,63,20.1,0.0,0.0,,10.1,15,20.5,
2026-08-16T11:15,21.0,62,20.6,0.0,0.0,,10.1,13,20.9,
2026-08-16T11:30,21.6,61,21.4,0.0,0.0,,9.7,10,20.9,
2026-08-16T11:45,22.1,60,22.0,0.0,0.0,,9.4,8,20.5,
2026-08-16T12:00,22.5,60,23.0,0.0,0.0,,9.0,5,20.5,
2026-08-16T12:15,22.6,60,23.2,0.0,0.0,,9.4,2,20.9,
2026-08-16T12:30,22.4,61,23.2,0.0,0.0,,9.7,360,21.6,
2026-08-16T12:45,22.3,62,23.1,0.0,0.0,,10.1,357,22.3,
2026-08-16T13:00,22.3,61,22.9,0.0,0.0,,10.1,354,22.7,
2026-08-16T13:15,22.7,58,23.0,0.0,0.0,,9.4,358,22.3,
2026-08-16T13:30,23.3,53,23.3,0.0,0.0,,8.6,1,22.0,
2026-08-16T13:45,24.0,49,23.8,0.0,0.0,,7.9,5,21.2,
2026-08-16T14:00,24.4,46,24.3,0.0,0.0,,7.6,8,21.6,
2026-08-16T14:15,24.7,46,24.7,0.0,0.0,,8.6,4,23.0,
2026-08-16T14:30,24.8,47,24.9,0.0,0.0,,10.1,360,25.6,
2026-08-16T14:45,24.8,48,24.8,0.0,0.0,,11.5,355,27.7,
2026-08-16T15:00,24.7,49,24.3,0.0,0.0,,12.6,351,28.8,
2026-08-16T15:15,24.4,49,23.6,0.0,0.0,,12.6,351,28.4,
2026-08-16T15:30,24.0,50,23.2,0.0,0.0,,11.5,351,27.0,
2026-08-16T15:45,23.5,50,22.7,0.0,0.0,,10.8,350,25.2,
2026-08-16T16:00,23.3,50,22.5,0.0,0.0,,10.1,350,24.1,
2026-08-16T16:15,23.4,50,22.9,0.0,0.0,,9.7,350,23.8,
2026-08-16T16:30,23.6,49,23.3,0.0,0.0,,9.7,350,23.4,
2026-08-16T16:45,24.0,48,23.6,0.0,0.0,,9.7,349,23.4,
2026-08-16T17:00,24.1,47,23.5,0.0,0.0,,9.7,349,23.8,
2026-08-16T17:15,24.1,46,23.2,0.0,0.0,,10.1,348,24.1,
2026-08-16T17:30,24.0,45,22.7,0.0,0.0,,11.2,348,24.8,
2026-08-16T17:45,23.8,44,22.3,0.0,0.0,,11.9,347,25.6,
2026-08-16T18:00,23.6,44,22.0,0.0,0.0,,12.2,346,25.9,
2026-08-16T18:15,23.4,44,21.8,0.0,0.0,,11.9,347,26.3,
2026-08-16T18:30,23.2,45,21.7,0.0,0.0,,11.5,348,26.6,
2026-08-16T18:45,23.0,45,21.6,0.0,0.0,,10.8,349,26.6,
2026-08-16T19:00,22.8,46,21.5,0.0,0.0,,10.1,350,26.3,
2026-08-16T19:15,22.6,47,21.4,0.0,0.0,,9.7,354,25.2,
2026-08-16T19:30,22.4,47,21.2,0.0,0.0,,9.4,359,23.4,
2026-08-16T19:45,22.2,48,21.1,0.0,0.0,,9.0,3,21.6,
2026-08-16T20:00,22.0,49,20.9,0.0,0.0,,8.6,7,19.8,
2026-08-16T20:15,21.8,50,20.8,0.0,0.0,,8.3,7,18.4,
2026-08-16T20:30,21.5,50,20.6,0.0,0.0,,7.6,8,17.3,
2026-08-16T20:45,21.3,51,20.5,0.0,0.0,,6.8,8,16.2,
2026-08-16T21:30,20.1,55,19.6,0.0,0.0,1,5.4,14,12.2,996.5
2026-08-16T21:45,19.6,57,19.2,0.0,0.0,0,5.0,17,10.8,996.5
2026-08-16T22:15,18.9,59,18.5,0.0,0.0,3,4.3,45,8.3,996.7
2026-08-16T22:45,18.5,63,18.3,0.0,0.0,2,3.6,32,7.6,996.8
2026-08-16T23:15,18.1,65,18.0,0.0,0.0,2,4.0,31,6.8,996.7
2026-08-16T21:00,21.0,53,20.3,0.0,0.0,,6.8,33,21.2,
2026-08-16T21:15,20.6,54,20.0,0.0,0.0,,6.1,41,19.1,
2026-08-16T23:45,17.9,65,17.6,0.0,0.0,3,4.7,51,6.1,996.6
2026-08-17T00:15,18.0,61,17.6,0.0,0.0,3,4.0,146,5.4,996.4
2026-08-16T22:00,18.8,59,18.4,0.0,0.0,,4.3,66,7.9,
2026-08-16T22:30,18.5,62,18.3,0.0,0.0,,3.2,120,3.2,
2026-08-17T01:15,17.1,68,16.4,0.0,0.0,3,7.2,176,9.7,996.2
2026-08-16T23:00,18.1,64,17.9,0.0,0.0,,3.6,128,4.0,
2026-08-16T23:30,17.7,66,17.4,0.0,0.0,,4.7,137,5.0,
2026-08-17T01:45,17.3,67,16.7,0.0,0.0,3,6.1,181,10.4,996.1
2026-08-17T00:00,17.4,62,16.7,0.0,0.0,,4.7,110,5.0,
2026-08-17T00:30,17.5,61,16.7,0.0,0.0,,5.4,131,6.5,
2026-08-17T00:45,17.5,61,16.7,0.0,0.0,,5.8,142,7.2,
2026-08-17T01:00,17.6,61,16.7,0.0,0.0,,6.1,152,7.9,
2026-08-17T01:30,17.8,60,16.8,0.0,0.0,,6.5,160,9.7,
2026-08-17T04:45,16.5,87,16.8,0.2,0.2,53,7.2,268,16.9,995.4
2026-08-17T02:00,17.1,65,15.9,0.0,0.0,,9.4,152,12.6,
2026-08-17T02:15,17.2,64,16.0,0.0,0.0,,9.0,159,13.0,
2026-08-17T02:30,17.4,63,16.2,0.0,0.0,,8.6,167,13.0,
2026-08-17T02:45,17.5,62,16.3,0.0,0.0,,8.3,174,13.0,
2026-08-17T03:00,17.9,59,16.4,0.0,0.0,,10.4,173,12.6,
2026-08-17T03:15,17.9,60,16.5,0.0,0.0,,10.1,205,13.0,
2026-08-17T03:30,17.8,63,16.6,0.0,0.0,,9.7,237,13.7,
2026-08-17T03:45,17.7,66,16.7,0.0,0.0,,9.0,269,14.0,
2026-08-17T06:30,15.7,98,16.9,0.1,0.1,51,4.3,199,7.9,994.8
2026-08-17T04:00,15.5,95,16.2,0.0,0.0,,6.1,334,12.2,
2026-08-17T04:15,15.3,98,16.2,0.5,0.5,,5.8,8,12.2,
2026-08-17T04:30,15.3,98,16.2,0.5,0.5,,5.4,41,12.6,
2026-08-17T07:15,15.8,98,17.2,0.0,0.0,3,3.2,195,11.2,994.8
2026-08-17T05:00,15.5,97,16.4,0.5,0.5,,5.0,108,12.2,
2026-08-17T05:15,15.5,97,16.5,0.2,0.2,,5.0,132,11.2,
2026-08-17T07:45,16.0,95,17.1,0.0,0.0,3,4.7,240,13.0,995.0
2026-08-17T05:30,15.9,93,16.4,0.4,0.4,,7.9,235,14.4,
2026-08-17T05:45,15.9,95,16.4,0.4,0.4,,7.9,228,15.8,
2026-08-17T06:00,15.8,96,16.5,0.4,0.4,,7.6,222,16.6,
2026-08-17T06:15,15.4,94,15.9,0.1,0.1,,6.5,147,9.0,
2026-08-17T06:45,15.3,95,15.6,0.1,0.1,,7.6,164,11.2,
2026-08-17T07:00,15.3,95,15.7,0.1,0.1,,7.9,172,11.9,
2026-08-17T09:45,16.6,94,18.1,0.0,0.0,3,2.9,103,7.6,995.5
2026-08-17T07:30,15.4,98,16.4,0.0,0.0,,4.7,200,9.4,
2026-08-17T08:00,15.7,96,16.4,0.0,0.0,,7.2,196,15.8,
2026-08-17T08:15,16.0,94,16.6,0.0,0.0,,6.8,190,15.8,
2026-08-17T08:30,16.3,92,17.2,0.0,0.0,,5.8,183,14.8,
2026-08-17T08:45,16.7,90,17.7,0.0,0.0,,4.7,177,13.0,
2026-08-17T11:30,18.1,91,19.7,0.0,0.0,3,4.3,73,11.5,995.6
2026-08-17T12:15,18.9,87,20.5,0.0,0.0,3,5.4,80,14.0,995.8
2026-08-17T13:00,20.2,82,22.1,0.0,0.0,3,3.6,91,14.4,995.9
2026-08-17T13:15,20.4,80,22.3,0.0,0.0,3,3.6,66,14.4,995.9
2026-08-17T09:00,16.5,94,17.7,0.0,0.0,,4.7,50,7.6,
2026-08-17T09:15,16.8,94,18.1,0.0,0.0,,4.7,67,7.6,
2026-08-17T09:30,17.1,94,18.5,0.0,0.0,,4.7,84,7.9,
2026-08-17T10:00,17.5,95,19.2,0.0,0.0,,4.3,117,8.3,
2026-08-17T10:15,17.6,95,19.4,0.0,0.0,,4.0,105,8.3,
2026-08-17T10:30,17.6,95,19.5,0.0,0.0,,3.2,93,8.3,
2026-08-17T10:45,17.6,95,19.5,0.0,0.0,,2.9,81,8.6,
2026-08-17T11:00,17.6,94,19.5,0.0,0.0,,2.9,69,9.0,
2026-08-17T11:15,17.7,93,19.5,0.0,0.0,,3.2,71,10.1,
2026-08-17T11:45,18.1,90,19.5,0.0,0.0,,5.4,226,12.6,
2026-08-17T12:00,18.6,89,20.1,0.0,0.0,,5.4,226,13.7,
2026-08-17T12:30,20.0,83,21.7,0.0,0.0,,5.0,268,14.4,
2026-08-17T15:15,22.2,65,22.6,0.0,0.0,3,9.0,332,22.0,996.5
2026-08-17T12:45,20.7,79,22.4,0.0,0.0,,4.7,288,14.8,
2026-08-17T13:30,21.7,73,22.9,0.0,0.0,,7.6,321,18.7,
2026-08-17T16:00,21.6,67,22.0,0.0,0.0,3,9.0,347,23.4,996.3
2026-08-17T16:30,21.5,68,21.8,0.0,0.0,2,9.7,354,23.0,996.3
2026-08-17T17:00,21.4,68,21.6,0.0,0.0,1,10.4,0,22.0,996.2
2026-08-17T17:30,21.2,68,21.4,0.0,0.0,2,10.1,6,21.2,996.2
2026-08-17T13:45,21.8,71,23.5,0.0,0.0,,9.0,326,20.9,
2026-08-17T14:00,21.9,70,23.2,0.0,0.0,,10.1,332,22.0,
2026-08-17T14:15,22.0,69,22.9,0.0,0.0,,10.1,331,22.3,
2026-08-17T14:30,22.2,67,22.7,0.0,0.0,,9.7,330,22.0,
2026-08-17T14:45,22.3,66,22.8,0.0,0.0,,9.4,328,21.6,
2026-08-17T15:00,22.3,65,22.8,0.0,0.0,,9.0,327,21.6,
2026-08-17T15:30,22.0,66,22.4,0.0,0.0,,9.0,337,22.7,
2026-08-17T17:45,21.1,68,21.3,0.0,0.0,3,10.1,9,21.2,996.1
2026-08-17T18:30,20.6,68,20.6,0.0,0.0,3,10.1,11,20.9,996.0
2026-08-17T15:45,21.7,66,22.1,0.0,0.0,,9.0,342,23.0,
2026-08-17T16:15,21.5,67,21.8,0.0,0.0,,9.4,350,23.4,
2026-08-17T16:45,21.4,68,21.7,0.0,0.0,,10.1,357,22.3,
2026-08-17T17:15,22.1,66,22.5,0.0,0.0,,9.7,3,21.6,
2026-08-17T20:00,20.1,68,20.3,0.0,0.0,3,7.6,22,18.4,996.0
2026-08-17T18:00,21.5,66,21.8,0.0,0.0,,8.6,12,20.9,
2026-08-17T18:15,21.4,66,21.7,0.0,0.0,,8.6,11,20.9,
2026-08-17T21:00,19.6,69,20.5,0.0,0.0,3,2.5,69,9.0,995.9
2026-08-17T21:30,19.3,71,20.2,0.0,0.0,3,2.5,91,7.2,996.0
2026-08-17T18:45,21.3,66,21.4,0.0,0.0,,9.7,10,20.9,
2026-08-17T19:00,21.1,66,21.2,0.0,0.0,,9.7,9,20.5,
2026-08-17T19:15,20.9,66,21.0,0.0,0.0,,9.4,12,20.2,
2026-08-17T19:30,20.6,67,20.7,0.0,0.0,,9.0,16,20.2,
2026-08-17T19:45,20.4,68,20.6,0.0,0.0,,8.3,19,19.4,
2026-08-17T20:15,20.0,68,20.3,0.0,0.0,,6.5,34,16.2,
2026-08-17T20:30,19.8,68,20.3,0.0,0.0,,4.7,46,13.7,
2026-08-17T20:45,19.7,69,20.5,0.0,0.0,,3.2,57,10.8,
2026-08-17T23:00,19.0,72,19.3,0.0,0.0,3,6.5,149,9.7,996.0
2026-08-17T23:30,18.9,80,19.5,0.0,0.0,3,8.3,164,10.8,995.9
2026-08-17T21:15,19.5,70,20.4,0.0,0.0,,2.2,80,7.9,
2026-08-17T23:45,18.8,85,19.6,0.0,0.0,3,9.0,171,11.2,995.8
2026-08-17T21:45,19.2,71,19.9,0.0,0.0,,3.2,101,7.2,
2026-08-17T22:00,19.1,72,19.8,0.0,0.0,,3.6,112,7.2,
2026-08-17T22:15,19.0,72,19.6,0.0,0.0,,4.3,121,7.6,
2026-08-17T22:30,19.0,71,19.5,0.0,0.0,,5.0,131,8.3,
2026-08-17T22:45,19.0,71,19.3,0.0,0.0,,5.8,140,9.0,
2026-08-17T23:15,19.0,75,19.4,0.0,0.0,,7.2,156,10.4,
2026-08-18T01:45,19.0,91,19.8,0.0,0.0,3,13.0,207,13.7,995.1
2026-08-18T00:00,18.0,87,18.8,0.0,0.0,,7.9,167,13.7,
2026-08-18T00:15,17.9,89,18.7,0.0,0.0,,8.6,176,15.1,
2026-08-18T00:30,17.8,91,18.6,0.0,0.0,,9.7,186,16.2,
2026-08-18T00:45,17.8,93,18.6,0.0,0.0,,10.4,195,17.3,
2026-08-18T01:00,17.7,94,18.5,0.0,0.0,,11.2,204,18.4,
2026-08-18T04:15,17.4,95,17.6,0.0,0.0,3,14.8,219,25.2,993.4
2026-08-18T01:15,16.9,97,17.5,0.0,0.0,,11.5,208,19.4,
2026-08-18T01:30,16.9,97,17.5,0.0,0.0,,11.5,213,19.4,
2026-08-18T02:00,16.9,97,17.4,0.0,0.0,,11.9,221,19.8,
2026-08-18T02:15,17.0,97,17.4,0.0,0.0,,12.2,218,20.5,
2026-08-18T05:15,17.9,96,18.3,0.0,0.0,3,14.8,221,25.9,992.8
2026-08-18T02:30,18.3,92,18.8,0.0,0.0,,13.3,211,24.8,
2026-08-18T02:45,18.2,92,18.7,0.0,0.0,,13.3,209,25.6,
2026-08-18T03:00,18.1,93,18.6,0.0,0.0,,13.7,207,25.9,
2026-08-18T03:15,18.0,94,18.4,0.0,0.0,,13.7,208,25.6,
2026-08-18T06:00,17.7,96,18.0,0.0,0.0,3,15.5,228,26.6,992.7
2026-08-18T03:30,17.8,95,18.2,0.0,0.0,,14.0,209,25.2,
2026-08-18T03:45,17.6,96,18.0,0.0,0.0,,14.0,209,24.5,
2026-08-18T04:00,17.5,97,18.0,0.0,0.0,,14.0,210,24.1,
2026-08-18T04:30,17.7,97,18.1,0.0,0.0,,14.4,214,24.8,
2026-08-18T04:45,17.8,96,18.3,0.0,0.0,,14.4,216,25.2,
2026-08-18T07:15,18.3,90,18.0,0.0,0.0,3,18.0,250,32.0,992.5
2026-08-18T07:45,18.8,83,17.7,0.0,0.0,3,20.9,255,31.3,992.7
2026-08-18T05:00,17.8,97,18.3,0.0,0.0,,14.4,218,25.6,
2026-08-18T05:30,17.7,97,18.0,0.0,0.0,,15.5,223,25.9,
2026-08-18T05:45,17.7,97,17.9,0.0,0.0,,15.8,226,25.9,
2026-08-18T08:30,18.0,87,17.0,0.0,0.0,3,20.5,262,35.3,992.7
2026-08-18T06:15,17.7,95,17.7,0.0,0.0,,16.9,233,27.7,
2026-08-18T06:30,17.9,95,17.8,0.0,0.0,,17.3,238,29.2,
2026-08-18T09:15,16.9,95,16.4,0.2,0.2,53,18.0,263,37.8,992.6
2026-08-18T06:45,18.0,93,17.7,0.0,0.0,,18.0,242,30.6,
2026-08-18T07:00,18.1,92,17.8,0.0,0.0,,18.4,247,31.7,
2026-08-18T10:00,16.8,96,16.7,0.2,0.2,53,14.8,255,33.5,992.8
2026-08-18T07:30,18.6,86,17.8,0.0,0.0,,20.2,253,31.7,
2026-08-18T08:00,18.8,82,17.6,0.0,0.0,,21.2,258,31.7,
2026-08-18T08:15,18.5,84,17.3,0.0,0.0,,21.2,260,33.1,
2026-08-18T08:45,17.5,91,16.7,0.0,0.0,,19.8,264,37.1,
2026-08-18T11:15,17.7,96,17.8,0.0,0.0,3,16.6,257,28.8,993.1
2026-08-18T09:00,17.1,94,16.5,0.0,0.0,,19.1,266,38.2,
2026-08-18T09:30,16.8,96,16.5,0.2,0.2,,16.6,261,36.4,
2026-08-18T09:45,16.8,96,16.6,0.2,0.2,,15.5,258,34.9,
2026-08-18T12:30,18.3,95,19.0,0.0,0.0,3,14.0,263,26.6,993.0
2026-08-18T13:00,18.5,94,19.1,0.0,0.0,3,14.4,263,24.8,992.9
2026-08-18T10:15,17.7,94,18.1,0.0,0.0,,13.0,265,23.4,
2026-08-18T10:30,17.7,95,18.0,0.0,0.0,,14.4,261,25.9,
2026-08-18T10:45,17.8,95,17.9,0.0,0.0,,15.8,258,28.8,
2026-08-18T11:00,17.8,95,17.9,0.0,0.0,,16.6,254,30.6,
2026-08-18T11:30,18.0,95,18.4,0.0,0.0,,14.8,254,31.3,
2026-08-18T11:45,18.1,95,18.7,0.0,0.0,,13.7,254,31.0,
2026-08-18T12:00,18.2,95,18.9,0.0,0.0,,13.0,254,30.6,
2026-08-18T12:15,18.3,96,19.0,0.0,0.0,,13.7,254,25.9,
2026-08-18T12:45,18.3,96,19.2,0.0,0.0,,12.6,257,26.3,
2026-08-18T13:15,18.8,93,19.9,0.0,0.0,,10.8,259,21.2,
2026-08-18T13:30,18.8,93,20.1,0.0,0.0,,10.4,256,21.2,
2026-08-18T13:45,18.9,93,20.1,0.0,0.0,,10.4,253,21.2,
2026-08-18T14:00,19.0,93,20.3,0.0,0.0,,10.4,250,21.6,
2026-08-18T16:30,19.8,93,20.5,0.0,0.0,3,16.6,256,29.5,990.9
2026-08-18T14:15,19.1,93,20.4,0.0,0.0,,10.8,248,22.0,
2026-08-18T14:30,19.3,93,20.6,0.0,0.0,,11.2,245,22.0,
2026-08-18T17:00,19.1,97,19.7,0.2,0.2,53,17.3,241,31.7,990.5
2026-08-18T14:45,20.1,87,20.8,0.0,0.0,,15.1,252,27.7,
2026-08-18T15:00,20.3,87,20.9,0.0,0.0,,15.5,245,28.8,
2026-08-18T17:45,20.5,91,21.5,0.0,0.0,3,16.6,246,32.4,990.3
2026-08-18T18:15,20.5,91,21.4,0.0,0.0,3,16.6,246,31.7,990.2
2026-08-18T15:15,20.6,85,21.4,0.0,0.0,,14.4,248,26.6,
2026-08-18T15:30,20.7,85,21.3,0.0,0.0,,15.8,248,29.2,
2026-08-18T15:45,20.8,85,21.3,0.0,0.0,,17.3,247,31.3,
2026-08-18T16:00,20.9,85,21.3,0.0,0.0,,18.0,246,32.8,
2026-08-18T16:15,20.9,85,21.3,0.0,0.0,,18.0,246,33.5,
2026-08-18T16:45,19.8,93,20.5,0.0,0.0,,17.3,246,31.0,
2026-08-18T19:30,20.1,91,21.3,0.0,0.0,3,13.0,253,25.9,990.1
2026-08-18T17:15,19.9,93,20.6,0.0,0.0,,16.9,246,32.0,
2026-08-18T17:30,19.8,94,20.7,0.0,0.0,,16.2,245,32.0,
2026-08-18T18:00,19.7,95,20.6,0.0,0.0,,16.6,244,32.4,
2026-08-18T20:45,19.6,93,20.3,0.0,0.0,3,16.9,235,31.0,990.1
2026-08-18T18:30,20.8,88,21.8,0.0,0.0,,15.8,240,29.2,
2026-08-18T18:45,20.7,89,21.7,0.0,0.0,,16.2,240,29.2,
2026-08-18T21:15,19.3,93,19.8,0.0,0.0,3,17.3,236,31.0,990.5
2026-08-18T21:45,18.7,92,18.7,0.0,0.0,3,18.4,241,33.5,990.5
2026-08-18T19:00,20.4,90,21.6,0.0,0.0,,14.4,255,25.6,
2026-08-18T19:15,20.4,90,21.6,0.0,0.0,,13.7,252,25.6,
2026-08-18T19:45,20.2,91,21.6,0.0,0.0,,12.6,246,25.9,
2026-08-18T22:15,18.4,92,18.2,0.0,0.0,3,18.4,241,33.1,990.5
2026-08-18T20:00,20.1,91,21.5,0.0,0.0,,12.6,243,26.6,
2026-08-18T20:15,20.0,91,21.1,0.0,0.0,,13.7,243,27.7,
2026-08-18T22:45,18.2,94,17.9,0.0,0.0,3,19.4,238,34.2,990.5
2026-08-18T20:30,19.1,93,19.7,0.0,0.0,,16.2,244,28.8,
2026-08-18T23:15,18.0,94,17.7,0.0,0.0,3,19.4,239,35.3,990.4
2026-08-18T21:00,18.9,94,19.3,0.0,0.0,,17.3,241,30.2,
2026-08-18T21:30,19.4,92,19.5,0.0,0.0,,19.4,234,33.5,
2026-08-18T22:00,19.0,92,18.9,0.0,0.0,,20.2,238,35.6,
2026-08-19T00:45,18.1,90,17.5,0.0,0.0,3,19.4,232,34.9,990.0
2026-08-18T22:30,18.4,91,18.1,0.0,0.0,,18.7,234,32.4,
2026-08-18T23:00,18.3,91,17.9,0.0,0.0,,19.1,235,33.5,
2026-08-19T01:45,17.6,94,17.7,0.0,0.0,3,15.1,236,28.4,989.4
2026-08-18T23:30,18.3,93,18.4,0.0,0.0,,16.9,236,30.6,
2026-08-18T23:45,18.4,93,18.7,0.0,0.0,,15.5,239,28.1,
2026-08-19T00:00,18.4,93,18.8,0.0,0.0,,14.8,242,26.6,
2026-08-19T00:15,18.3,93,18.7,0.0,0.0,,14.8,238,26.6,
2026-08-19T00:30,18.3,93,18.5,0.0,0.0,,15.5,234,27.4,
2026-08-19T01:00,18.1,93,18.1,0.0,0.0,,16.9,225,29.5,
2026-08-19T01:15,17.9,90,17.5,0.0,0.0,,17.6,229,32.4,
2026-08-19T01:30,17.9,90,17.5,0.0,0.0,,17.6,229,32.4,
2026-08-19T02:00,17.9,90,17.5,0.0,0.0,,17.3,230,32.0,
2026-08-19T02:15,17.9,90,17.5,0.0,0.0,,17.3,230,31.7,
2026-08-19T02:30,17.8,91,17.5,0.0,0.0,,16.9,230,31.7,
2026-08-19T05:15,17.5,92,16.9,0.0,0.0,3,18.7,225,33.1,987.5
2026-08-19T02:45,17.2,94,17.2,0.0,0.0,,15.1,227,27.0,
2026-08-19T03:00,17.2,94,17.0,0.0,0.0,,15.8,227,27.7,
2026-08-19T03:15,17.2,94,16.9,0.0,0.0,,16.2,226,28.1,
2026-08-19T03:30,17.2,94,17.0,0.0,0.0,,16.6,224,28.4,
2026-08-19T06:00,17.6,92,17.3,0.0,0.0,3,16.9,240,33.5,987.2
2026-08-19T03:45,17.7,91,17.6,0.0,0.0,,15.8,216,28.8,
2026-08-19T04:00,17.7,91,17.5,0.0,0.0,,15.8,215,28.4,
2026-08-19T04:15,17.6,91,17.4,0.0,0.0,,15.8,219,28.8,
2026-08-19T04:30,17.6,91,17.4,0.0,0.0,,15.5,222,29.2,
2026-08-19T04:45,17.5,91,17.3,0.0,0.0,,15.5,226,29.5,
2026-08-19T05:00,17.5,91,17.3,0.0,0.0,,15.5,229,30.2,
2026-08-19T05:30,17.4,91,16.9,0.0,0.0,,17.3,228,31.3,
2026-08-19T07:45,17.3,96,18.2,0.0,0.0,3,9.7,232,26.6,987.3
2026-08-19T08:30,17.8,84,17.4,0.0,0.0,3,14.4,242,25.9,987.3
2026-08-19T09:15,17.9,80,17.3,0.0,0.0,3,14.0,263,26.6,987.1
2026-08-19T05:45,17.6,91,17.2,0.0,0.0,,16.6,227,29.9,
2026-08-19T06:15,17.6,91,17.5,0.0,0.0,,15.5,229,29.5,
2026-08-19T06:30,17.6,92,17.5,0.0,0.0,,15.5,224,30.2,
2026-08-19T06:45,17.6,92,17.5,0.0,0.0,,15.1,220,31.3,
2026-08-19T07:00,17.6,92,17.5,0.0,0.0,,15.1,215,31.3,
2026-08-19T07:15,17.6,91,17.6,0.0,0.0,,14.8,218,30.2,
2026-08-19T10:00,17.4,89,17.7,0.0,0.0,3,10.4,277,20.9,987.0
2026-08-19T07:30,17.4,91,17.6,0.0,0.0,,13.0,228,25.6,
2026-08-19T08:00,17.4,92,17.8,0.0,0.0,,11.5,228,25.6,
2026-08-19T10:45,17.1,94,17.6,0.0,0.0,3,10.4,240,19.1,986.5
2026-08-19T08:15,17.0,96,18.1,0.0,0.0,,7.9,226,13.7,
2026-08-19T08:45,17.0,92,17.4,0.0,0.0,,10.1,232,17.3,
2026-08-19T11:30,17.3,93,17.7,0.0,0.0,3,11.5,237,22.3,986.4
2026-08-19T09:00,17.0,91,17.3,0.0,0.0,,10.8,235,18.7,
2026-08-19T09:30,16.9,92,17.3,0.0,0.0,,10.4,235,20.2,
2026-08-19T12:00,16.5,93,17.5,0.2,0.2,53,5.8,244,13.0,986.5
2026-08-19T12:45,16.9,96,17.2,0.1,0.1,51,12.2,222,25.6,986.4
2026-08-19T13:15,16.7,96,17.2,0.3,0.3,55,11.2,237,24.5,986.1
2026-08-19T09:45,17.5,87,17.9,0.0,0.0,,9.4,283,17.6,
2026-08-19T10:15,17.3,91,18.0,0.2,0.2,,8.3,277,15.8,
2026-08-19T10:30,17.2,92,17.8,0.2,0.2,,9.4,262,16.6,
2026-08-19T11:00,17.1,94,17.6,0.2,0.2,,10.8,231,19.1,
2026-08-19T11:15,17.1,94,17.6,0.0,0.0,,10.8,230,20.5,
2026-08-19T11:45,17.2,92,17.6,0.0,0.0,,10.8,228,23.4,
2026-08-19T12:15,16.6,94,17.9,0.3,0.3,,4.0,224,8.3,
2026-08-19T12:30,16.6,95,17.9,0.3,0.3,,4.3,208,8.6,
2026-08-19T15:30,16.4,96,16.8,0.2,0.2,53,10.8,232,21.2,984.4
2026-08-19T16:15,15.7,95,17.1,0.8,0.8,63,1.8,68,6.8,984.2
2026-08-19T13:00,17.1,94,17.7,0.3,0.3,,10.1,215,18.7,
2026-08-19T13:30,17.0,95,17.7,0.3,0.3,,9.7,205,18.0,
2026-08-19T13:45,16.9,95,17.6,0.3,0.3,,9.0,199,16.6,
2026-08-19T14:00,16.8,96,17.7,0.3,0.3,,8.3,194,15.8,
2026-08-19T14:15,16.7,97,17.7,0.6,0.6,,7.9,197,15.8,
2026-08-19T14:30,16.7,97,17.7,0.6,0.6,,7.9,200,16.6,
2026-08-19T14:45,16.6,98,17.6,0.6,0.6,,7.6,202,16.9,
2026-08-19T15:00,16.5,98,17.6,0.6,0.6,,7.2,205,16.9,
2026-08-19T15:15,16.8,96,17.7,0.3,0.3,,8.6,203,16.9,
2026-08-19T15:45,16.6,97,17.4,0.3,0.3,,9.0,212,16.9,
2026-08-19T18:15,15.9,97,16.6,0.0,0.0,3,7.9,248,14.0,983.9
2026-08-19T18:45,15.7,98,17.0,0.1,0.1,51,3.6,180,7.9,984.0
2026-08-19T19:15,15.9,98,17.0,0.0,0.0,3,5.4,153,9.0,984.1
2026-08-19T19:45,16.8,95,17.6,0.0,0.0,0,8.6,221,15.8,984.3
2026-08-19T16:00,15.9,96,17.0,0.3,0.3,,4.7,66,6.8,
2026-08-19T16:30,15.9,97,17.1,0.9,0.9,,4.7,110,7.2,
2026-08-19T16:45,16.0,98,17.2,0.9,0.9,,5.0,132,8.3,
2026-08-19T17:00,16.0,98,17.2,0.9,0.9,,5.4,154,9.0,
2026-08-19T17:15,16.1,98,17.2,0.0,0.0,,5.8,179,9.4,
2026-08-19T17:30,16.1,98,17.2,0.0,0.0,,5.8,203,10.1,
2026-08-19T17:45,16.1,98,17.2,0.0,0.0,,6.1,228,10.4,
2026-08-19T20:30,16.7,96,17.4,0.0,0.0,1,9.0,220,16.2,984.5
2026-08-19T18:00,16.2,98,17.3,0.0,0.0,,6.1,252,10.8,
2026-08-19T18:30,16.4,97,17.5,0.0,0.0,,6.5,244,11.9,
2026-08-19T21:00,15.9,98,16.5,0.0,0.0,0,9.4,240,16.2,985.0
2026-08-19T21:30,15.7,98,16.0,0.0,0.0,2,10.4,235,16.9,985.1
2026-08-19T19:00,16.0,98,16.9,0.0,0.0,,6.8,152,8.3,
2026-08-19T19:30,16.3,98,17.2,0.0,0.0,,7.9,173,10.8,
2026-08-19T21:45,15.6,97,15.7,0.0,0.0,0,10.8,221,20.5,985.2
2026-08-19T20:00,16.5,98,17.3,0.0,0.0,,9.0,194,14.0,
2026-08-19T22:30,15.8,96,16.2,0.0,0.0,0,9.0,215,16.6,985.3
2026-08-19T20:15,16.8,94,17.5,0.0,0.0,,9.4,205,16.6,
2026-08-19T23:00,15.3,96,15.5,0.0,0.0,0,9.4,212,16.2,985.3
2026-08-19T20:45,16.5,96,17.1,0.0,0.0,,9.7,206,16.2,
2026-08-19T23:30,15.1,98,15.0,0.0,0.0,0,11.2,216,21.6,985.3
2026-08-19T21:15,15.7,97,16.2,0.0,0.0,,8.6,216,14.4,
2026-08-19T22:00,15.3,97,15.2,0.0,0.0,,11.2,208,17.3,
2026-08-20T00:30,15.3,98,14.9,0.0,0.0,0,14.0,224,25.9,985.5
2026-08-20T01:00,15.4,96,14.7,0.0,0.0,0,15.5,221,26.3,985.6
2026-08-19T22:15,15.7,96,15.2,0.0,0.0,,15.1,206,24.1,
2026-08-19T22:45,15.8,96,15.6,0.0,0.0,,13.7,205,24.8,
2026-08-20T01:30,15.4,96,14.7,0.0,0.0,1,15.5,226,26.6,985.7
2026-08-19T23:15,14.9,95,14.4,0.0,0.0,,12.2,197,18.0,
2026-08-19T23:45,14.7,96,14.1,0.0,0.0,,13.0,201,20.9,
2026-08-20T00:00,14.6,96,14.0,0.0,0.0,,13.3,203,22.0,
2026-08-20T03:30,15.4,96,14.8,0.0,0.0,0,14.8,229,29.5,986.0
2026-08-20T00:15,15.0,97,14.1,0.0,0.0,,16.2,213,23.0,
2026-08-20T00:45,15.1,96,13.8,0.0,0.0,,18.4,216,27.7,
2026-08-20T01:15,15.1,96,13.9,0.0,0.0,,18.4,221,30.6,
2026-08-20T04:30,14.0,99,13.5,0.0,0.0,1,11.5,216,19.4,985.9
2026-08-20T01:45,15.3,96,14.5,0.0,0.0,,15.8,223,26.3,
2026-08-20T02:00,15.3,96,14.6,0.0,0.0,,14.8,224,25.2,
2026-08-20T02:15,15.2,96,14.7,0.0,0.0,,14.0,227,25.2,
2026-08-20T02:30,15.2,96,14.7,0.0,0.0,,13.3,230,25.2,
2026-08-20T02:45,15.0,96,14.6,0.0,0.0,,12.6,232,25.6,
2026-08-20T03:00,14.9,96,14.5,0.0,0.0,,12.2,235,25.2,
2026-08-20T03:15,14.8,96,14.4,0.0,0.0,,11.9,232,24.1,
2026-08-20T06:15,14.7,98,14.3,0.2,0.2,53,12.6,200,24.1,985.8
2026-08-20T07:00,13.8,98,13.1,0.1,0.1,51,12.2,200,22.0,985.8
2026-08-20T03:45,15.1,96,14.7,0.0,0.0,,13.3,223,21.6,
2026-08-20T04:00,15.0,96,14.7,0.0,0.0,,12.2,220,20.2,
2026-08-20T04:15,15.1,96,14.8,0.5,0.5,,11.9,221,21.2,
2026-08-20T04:45,15.4,96,15.2,0.5,0.5,,12.2,224,25.9,
2026-08-20T05:00,15.4,96,15.2,0.5,0.5,,12.2,225,27.0,
2026-08-20T07:45,14.4,96,13.4,0.0,0.0,0,15.1,195,27.0,985.9
2026-08-20T05:15,13.9,99,13.3,0.0,0.0,,12.2,205,20.5,
2026-08-20T05:30,14.2,99,13.9,0.0,0.0,,11.5,208,20.9,
2026-08-20T05:45,14.5,98,14.4,0.0,0.0,,10.4,211,20.9,
2026-08-20T08:30,15.0,97,14.3,0.0,0.0,1,15.1,198,26.3,986.3
2026-08-20T06:00,14.7,98,14.2,0.0,0.0,,13.0,193,22.7,
2026-08-20T06:30,14.7,98,14.3,0.2,0.2,,12.6,196,26.3,
2026-08-20T09:15,15.8,95,15.0,0.1,0.1,51,16.9,205,29.9,986.4
2026-08-20T06:45,14.6,98,14.2,0.2,0.2,,12.6,197,28.1,
2026-08-20T07:15,14.6,98,14.1,0.0,0.0,,13.0,197,28.8,
2026-08-20T07:30,14.5,98,14.0,0.0,0.0,,13.3,195,27.7,
2026-08-20T10:00,15.9,93,15.3,0.0,0.0,1,15.1,203,35.6,986.1
2026-08-20T08:00,14.5,98,14.3,0.1,0.1,,10.8,195,19.8,
2026-08-20T10:45,15.5,94,14.1,0.1,0.1,51,19.8,213,39.2,986.2
2026-08-20T08:15,14.6,96,13.3,0.0,0.0,,17.3,194,29.9,
2026-08-20T08:45,15.3,95,14.5,0.0,0.0,,15.8,197,28.1,
2026-08-20T09:00,15.6,95,14.9,0.0,0.0,,15.8,198,28.4,
2026-08-20T09:30,16.0,94,14.9,0.0,0.0,,19.1,200,33.5,
2026-08-20T09:45,16.1,93,14.7,0.0,0.0,,20.9,200,36.7,
2026-08-20T12:45,17.1,89,15.5,0.4,0.4,61,22.7,222,43.2,986.8
2026-08-20T10:15,16.2,91,15.3,0.1,0.1,,16.9,200,29.9,
2026-08-20T10:30,16.3,90,15.1,0.1,0.1,,18.7,201,33.5,
2026-08-20T13:15,17.3,87,15.7,0.3,0.3,55,22.3,229,42.5,986.8
2026-08-20T11:00,16.5,89,14.9,0.1,0.1,,22.0,204,40.3,
2026-08-20T11:15,16.5,89,14.8,0.1,0.1,,22.3,207,42.8,
2026-08-20T13:45,19.4,68,16.9,0.0,0.0,1,26.6,238,51.1,986.7
2026-08-20T11:30,16.1,93,15.2,0.0,0.0,,19.1,214,33.8,
2026-08-20T11:45,16.2,92,15.3,0.0,0.0,,18.7,214,32.8,
2026-08-20T12:00,16.3,92,15.2,0.0,0.0,,18.7,215,32.8,
2026-08-20T12:15,16.3,92,15.2,0.3,0.3,,19.1,223,34.6,
2026-08-20T12:30,16.4,92,15.2,0.3,0.3,,19.8,231,37.4,
2026-08-20T15:30,18.4,78,16.7,0.1,0.1,51,22.0,234,49.7,987.0
2026-08-20T16:15,18.2,76,15.8,0.0,0.0,1,25.6,242,46.4,986.9
2026-08-20T13:00,17.4,88,16.1,0.3,0.3,,21.6,220,40.3,
2026-08-20T13:30,17.4,85,15.9,0.2,0.2,,21.6,229,43.9,
2026-08-20T14:00,17.4,82,15.7,0.2,0.2,,21.2,238,45.4,
2026-08-20T14:15,17.5,81,15.9,0.0,0.0,,20.5,238,43.9,
2026-08-20T17:00,19.0,71,16.5,0.0,0.0,0,25.6,236,52.2,986.9
2026-08-20T17:45,18.6,71,16.2,0.0,0.0,2,23.4,243,42.1,986.8
2026-08-20T14:30,19.9,67,17.5,0.1,0.1,,23.8,240,44.6,
2026-08-20T14:45,19.7,69,17.6,0.1,0.1,,22.3,241,42.1,
2026-08-20T15:00,19.5,71,17.6,0.1,0.1,,21.6,243,41.4,
2026-08-20T15:15,19.3,73,17.6,0.1,0.1,,21.2,240,43.2,
2026-08-20T15:45,18.8,78,17.4,0.1,0.1,,20.5,233,49.7,
2026-08-20T18:30,18.1,74,15.7,0.0,0.0,3,23.8,245,42.1,986.8
2026-08-20T16:00,18.6,79,17.3,0.1,0.1,,20.5,230,51.1,
2026-08-20T16:30,18.7,75,16.9,0.0,0.0,,21.6,235,47.5,
2026-08-20T19:00,18.1,74,15.8,0.0,0.0,0,23.0,246,44.3,986.8
2026-08-20T16:45,18.7,74,16.4,0.0,0.0,,24.5,239,46.4,
2026-08-20T19:45,17.8,74,15.3,0.0,0.0,1,23.8,247,45.7,986.9
2026-08-20T17:15,19.3,68,16.5,0.0,0.0,,26.3,236,47.9,
2026-08-20T17:30,19.3,68,16.6,0.0,0.0,,25.6,238,47.9,
2026-08-20T18:00,19.0,68,16.3,0.0,0.0,,24.8,241,47.5,
2026-08-20T18:15,18.9,69,16.2,0.0,0.0,,24.8,241,47.2,
2026-08-20T21:00,16.3,85,15.1,0.0,0.0,3,16.2,237,35.3,987.7
2026-08-20T21:45,15.2,88,14.4,0.0,0.0,0,12.2,226,26.6,988.1
2026-08-20T22:15,14.7,90,13.9,0.0,0.0,0,11.9,223,21.6,988.3
2026-08-20T22:45,14.4,92,13.6,0.0,0.0,0,12.2,235,23.8,988.3
2026-08-20T18:45,18.7,72,16.4,0.0,0.0,,23.0,241,41.4,
2026-08-20T19:15,18.4,72,16.1,0.0,0.0,,23.0,243,41.4,
2026-08-20T19:30,18.2,72,15.7,0.0,0.0,,23.4,245,41.0,
2026-08-20T20:00,17.7,72,15.2,0.0,0.0,,22.7,249,40.7,
2026-08-20T20:15,17.4,73,15.0,0.0,0.0,,21.6,246,41.0,
2026-08-20T20:30,17.1,74,14.9,0.0,0.0,,20.2,244,41.4,
2026-08-20T20:45,16.7,76,14.8,0.0,0.0,,18.4,241,41.4,
2026-08-20T23:15,14.0,94,13.2,0.0,0.0,0,11.9,227,21.2,988.4
2026-08-20T21:15,16.1,80,14.6,0.0,0.0,,15.8,238,38.5,
2026-08-20T23:45,13.8,95,12.8,0.0,0.0,0,13.3,206,22.0,988.5
2026-08-21T00:15,13.7,95,12.6,0.0,0.0,0,13.7,205,22.7,988.5
2026-08-20T21:30,15.9,86,15.1,0.0,0.0,,13.7,233,26.3,
2026-08-20T22:00,15.5,88,14.7,0.0,0.0,,13.0,235,26.6,
2026-08-21T00:45,13.1,96,12.7,0.0,0.0,0,7.6,163,19.8,988.6
2026-08-20T22:30,14.4,91,13.8,0.0,0.0,,10.1,223,17.3,
2026-08-21T01:15,12.7,97,12.6,0.0,0.0,0,5.0,176,16.9,988.6
2026-08-20T23:00,14.3,91,13.5,0.0,0.0,,11.5,235,19.1,
2026-08-20T23:30,13.7,94,12.8,0.0,0.0,,11.9,218,19.4,
2026-08-21T00:00,13.6,95,12.5,0.0,0.0,,13.7,210,22.3,
2026-08-21T00:30,13.5,96,12.4,0.0,0.0,,13.7,210,23.0,
2026-08-21T01:00,13.5,96,12.5,0.0,0.0,,12.6,209,23.0,
2026-08-21T01:30,13.3,94,12.8,0.0,0.0,,7.9,180,11.9,
2026-08-21T01:45,13.5,92,12.9,0.0,0.0,,9.4,195,15.1,
2026-08-21T02:00,13.7,91,12.8,0.0,0.0,,10.4,210,17.3,
2026-08-21T02:15,13.7,91,12.8,0.0,0.0,,10.8,206,18.0,
2026-08-21T02:30,13.6,91,12.6,0.0,0.0,,11.2,203,18.4,
2026-08-21T05:30,11.7,98,11.0,0.0,0.0,2,7.9,236,10.8,988.8
2026-08-21T06:15,12.0,97,11.1,0.0,0.0,2,9.4,269,15.1,988.8
2026-08-21T07:00,11.9,97,11.6,0.0,0.0,3,5.0,317,13.0,988.9
2026-08-21T02:45,13.4,96,12.9,0.0,0.0,,9.4,197,13.3,
2026-08-21T03:00,13.2,97,12.7,0.0,0.0,,9.0,193,11.9,
2026-08-21T03:15,12.8,98,12.3,0.0,0.0,,9.0,196,11.5,
2026-08-21T03:30,12.4,98,11.7,0.0,0.0,,9.0,199,11.5,
2026-08-21T03:45,12.0,99,11.2,0.0,0.0,,9.0,201,11.5,
2026-08-21T04:00,11.7,99,10.8,0.0,0.0,,9.0,204,11.9,
2026-08-21T04:15,11.6,99,10.7,0.0,0.0,,9.0,211,12.2,
2026-08-21T04:30,11.6,99,10.8,0.0,0.0,,8.6,218,13.3,
2026-08-21T04:45,11.7,98,10.9,0.0,0.0,,8.3,224,14.0,
2026-08-21T05:00,11.7,98,10.9,0.0,0.0,,8.3,231,14.4,
2026-08-21T07:45,12.6,96,12.3,0.0,0.0,3,6.1,266,9.0,989.0
2026-08-21T08:30,13.7,96,14.1,0.0,0.0,2,4.0,296,8.3,989.6
2026-08-21T09:15,15.4,88,16.3,0.0,0.0,1,1.4,354,7.2,990.1
2026-08-21T10:00,15.3,91,15.0,0.0,0.0,3,10.4,323,20.9,990.3
2026-08-21T10:45,16.4,77,16.3,0.0,0.0,3,6.1,17,16.6,990.6
2026-08-21T11:30,15.5,83,15.2,0.7,0.7,63,7.6,342,23.4,991.0
2026-08-21T05:15,12.1,98,11.7,0.0,0.0,,6.5,221,9.0,
2026-08-21T05:45,12.1,97,11.5,0.0,0.0,,7.6,238,11.9,
2026-08-21T06:00,12.1,97,11.4,0.0,0.0,,7.9,246,12.6,
2026-08-21T06:30,12.1,97,11.5,0.0,0.0,,7.6,287,10.1,
2026-08-21T06:45,12.2,96,11.5,0.0,0.0,,7.6,307,8.6,
2026-08-21T07:15,12.3,96,11.7,0.0,0.0,,7.2,311,7.9,
2026-08-21T07:30,12.4,95,11.8,0.0,0.0,,7.6,294,8.6,
2026-08-21T08:00,12.8,94,12.3,0.0,0.0,,7.2,261,10.1,
2026-08-21T08:15,13.2,94,13.0,0.0,0.0,,6.1,279,9.0,
2026-08-21T08:45,14.3,94,14.9,0.0,0.0,,3.2,316,6.1,
2026-08-21T09:00,14.8,92,15.6,0.0,0.0,,2.2,334,5.4,
2026-08-21T09:30,15.9,84,16.6,0.0,0.0,,1.8,1,7.9,
2026-08-21T12:00,13.9,94,13.4,0.7,0.7,63,9.4,343,31.3,991.2
2026-08-21T09:45,16.4,79,16.9,0.0,0.0,,2.2,15,10.1,
2026-08-21T12:45,18.0,67,17.0,0.0,0.0,3,10.8,15,22.3,991.5
2026-08-21T10:15,15.6,87,15.3,0.0,0.0,,9.0,346,18.7,
2026-08-21T10:30,16.0,84,15.7,0.0,0.0,,8.6,348,18.4,
2026-08-21T11:00,16.7,77,16.5,0.0,0.0,,7.6,352,18.0,
2026-08-21T11:15,16.9,75,16.5,0.0,0.0,,8.3,357,19.1,
2026-08-21T11:45,17.1,72,17.1,0.0,0.0,,4.0,159,15.5,
2026-08-21T14:30,14.3,91,13.0,1.0,1.0,63,15.5,360,33.8,991.9
2026-08-21T15:30,14.6,91,14.6,0.1,0.1,51,6.8,345,25.2,991.8
2026-08-21T16:15,16.4,82,16.5,0.0,0.0,3,6.5,327,17.6,991.8
2026-08-21T12:15,14.6,89,14.1,0.2,0.2,,9.4,350,16.6,
2026-08-21T12:30,16.0,81,15.4,0.2,0.2,,10.1,357,18.7,
2026-08-21T13:00,18.0,68,17.0,0.2,0.2,,10.8,9,21.6,
2026-08-21T13:15,17.5,71,16.6,0.1,0.1,,10.8,3,21.2,
2026-08-21T13:30,16.4,78,15.7,0.1,0.1,,10.1,357,19.8,
2026-08-21T13:45,15.1,86,14.6,0.1,0.1,,9.7,350,18.7,
2026-08-21T14:00,14.3,92,13.8,0.1,0.1,,9.7,344,18.4,
2026-08-21T14:15,14.0,94,13.4,0.1,0.1,,10.4,351,20.2,
2026-08-21T14:45,14.1,94,13.3,0.1,0.1,,11.9,5,25.6,
2026-08-21T15:00,14.2,93,13.4,0.1,0.1,,12.2,12,27.0,
2026-08-21T17:45,16.0,88,15.3,0.0,0.0,3,13.7,337,23.8,991.9
2026-08-21T15:15,14.1,91,13.6,0.1,0.1,,9.4,330,18.0,
2026-08-21T15:45,14.6,92,15.1,0.1,0.1,,3.6,303,18.0,
2026-08-21T16:00,14.8,92,15.6,0.1,0.1,,2.2,289,18.0,
2026-08-21T16:30,15.2,94,15.9,0.1,0.1,,4.3,291,16.2,
2026-08-21T19:00,15.2,93,15.7,0.0,0.0,3,5.8,4,16.6,992.5
2026-08-21T16:45,15.8,87,15.9,0.0,0.0,,6.8,306,11.9,
2026-08-21T17:00,15.6,89,15.7,0.0,0.0,,7.6,302,13.3,
2026-08-21T17:15,14.9,95,14.4,0.0,0.0,,12.6,296,23.4,
2026-08-21T17:30,14.8,94,14.5,0.0,0.0,,10.8,301,23.8,
2026-08-21T20:00,15.6,88,15.3,0.0,0.0,2,10.1,352,19.1,993.1
2026-08-21T18:00,14.8,93,14.8,0.0,0.0,,7.6,310,22.7,
2026-08-21T18:15,15.0,92,15.1,0.0,0.0,,7.2,317,20.9,
2026-08-21T20:45,14.7,89,14.7,0.0,0.0,2,6.5,351,11.9,994.0
2026-08-21T18:30,15.6,87,15.1,0.0,0.0,,10.4,1,22.0,
2026-08-21T18:45,15.4,88,15.0,0.0,0.0,,10.1,1,22.0,
2026-08-21T21:30,13.9,89,13.5,0.0,0.0,2,6.8,334,10.4,994.5
2026-08-21T21:45,13.3,96,13.4,0.0,0.0,1,4.7,284,5.4,994.7
2026-08-21T19:15,15.0,94,15.8,0.0,0.0,,3.6,38,8.3,
2026-08-21T19:30,15.1,92,15.9,0.0,0.0,,2.5,35,9.0,
2026-08-21T19:45,15.1,91,16.1,0.0,0.0,,1.4,32,10.1,
2026-08-21T20:15,15.0,90,15.9,0.0,0.0,,1.4,5,9.4,
2026-08-21T22:45,12.5,94,11.6,0.0,0.0,0,9.0,299,11.9,995.0
2026-08-21T20:30,15.2,88,15.2,0.0,0.0,,6.8,334,15.8,
2026-08-21T23:15,12.0,93,10.8,0.0,0.0,0,9.7,291,13.3,995.1
2026-08-21T21:00,14.6,91,14.9,0.0,0.0,,4.7,312,15.1,
2026-08-21T21:15,14.3,92,14.5,0.0,0.0,,5.0,312,14.0,
2026-08-21T23:45,11.6,91,10.4,0.0,0.0,3,8.6,279,10.4,995.1
2026-08-21T22:00,13.3,91,12.8,0.0,0.0,,6.8,296,9.0,
2026-08-21T22:15,13.0,91,12.4,0.0,0.0,,7.2,295,9.0,
2026-08-22T00:45,11.7,95,10.1,0.0,0.0,3,13.0,268,20.9,995.5
2026-08-22T01:15,12.0,95,10.2,0.0,0.0,3,14.8,264,25.2,995.7
2026-08-22T01:45,11.9,86,9.8,0.0,0.0,3,13.7,294,32.8,995.7
2026-08-22T03:00,11.2,93,9.5,0.0,0.0,3,11.9,270,21.2,996.2
2026-08-21T22:30,12.7,96,12.2,0.0,0.0,,7.6,290,9.7,
2026-08-21T23:00,12.4,94,11.4,0.0,0.0,,10.1,298,13.3,
2026-08-21T23:30,11.8,92,10.6,0.0,0.0,,9.7,287,12.2,
2026-08-22T00:00,11.3,91,9.9,0.0,0.0,,9.7,275,12.6,
2026-08-22T00:15,11.3,91,9.6,0.0,0.0,,11.2,277,16.9,
2026-08-22T00:30,11.3,92,9.4,0.0,0.0,,13.7,280,23.0,
2026-08-22T01:00,11.4,93,9.1,0.0,0.0,,16.6,284,33.1,
2026-08-22T01:30,12.0,95,9.8,0.0,0.0,,17.6,262,29.2,
2026-08-22T02:00,12.3,93,10.1,0.0,0.0,,17.6,260,31.0,
2026-08-22T02:15,12.2,93,10.1,0.9,0.9,,16.9,262,31.3,
2026-08-22T02:30,11.6,88,9.6,0.0,0.0,,13.0,276,21.2,
2026-08-22T02:45,11.5,90,9.6,0.0,0.0,,12.6,270,22.0,
2026-08-22T03:15,11.3,92,9.5,0.1,0.1,,12.6,265,22.3,
2026-08-22T06:00,10.9,97,10.0,0.1,0.1,51,7.2,290,17.6,996.8
2026-08-22T03:30,11.3,94,10.0,0.0,0.0,,9.7,263,16.9,
2026-08-22T03:45,11.3,93,9.9,0.0,0.0,,10.1,262,17.3,
2026-08-22T04:00,11.3,93,9.8,0.0,0.0,,10.4,261,17.6,
2026-08-22T06:45,11.8,96,10.7,0.3,0.3,55,9.7,311,21.2,997.1
2026-08-22T04:15,11.7,96,10.1,0.2,0.2,,13.3,267,23.8,
2026-08-22T04:30,11.8,96,10.3,0.2,0.2,,12.6,275,23.8,
2026-08-22T04:45,11.8,96,10.5,0.2,0.2,,11.5,282,23.8,
2026-08-22T07:15,12.2,96,11.0,0.4,0.4,61,11.5,324,23.4,997.3
2026-08-22T07:45,12.4,97,11.2,1.1,1.1,63,12.6,309,31.0,997.7
2026-08-22T05:00,11.3,96,9.4,0.2,0.2,,14.0,270,21.6,
2026-08-22T05:15,11.1,96,9.4,0.0,0.0,,13.0,269,21.6,
2026-08-22T05:30,10.9,97,9.3,0.0,0.0,,11.9,268,22.0,
2026-08-22T05:45,10.8,97,9.4,0.0,0.0,,10.4,267,22.0,
2026-08-22T08:30,12.5,97,11.5,0.5,0.5,61,11.5,331,31.3,998.8
2026-08-22T09:15,12.2,98,11.5,0.4,0.4,61,8.3,270,22.3,999.2
2026-08-22T09:45,12.5,97,12.1,2.9,2.9,65,6.5,269,19.8,999.6
2026-08-22T10:15,13.4,94,13.4,0.0,0.0,3,5.0,274,18.4,999.8
2026-08-22T10:45,13.7,94,13.5,0.2,0.2,53,7.6,272,16.2,1000.1
2026-08-22T11:15,14.7,92,14.6,0.0,0.0,1,8.6,275,17.3,1000.3
2026-08-22T11:45,16.0,84,15.7,0.0,0.0,3,9.4,312,18.4,1000.6
2026-08-22T06:15,10.9,96,9.8,0.0,0.0,,8.3,291,12.2,
2026-08-22T06:30,11.3,96,10.1,0.0,0.0,,9.7,300,14.4,
2026-08-22T07:00,12.0,96,10.5,0.0,0.0,,12.6,316,18.7,
2026-08-22T07:30,12.4,97,11.0,0.4,0.4,,13.7,318,21.6,
2026-08-22T08:00,12.6,97,11.2,0.4,0.4,,13.7,319,22.7,
2026-08-22T08:15,12.6,97,11.4,0.5,0.5,,12.6,309,20.9,
2026-08-22T08:45,12.3,97,11.6,0.5,0.5,,8.6,288,14.4,
2026-08-22T09:00,12.3,97,11.7,0.5,0.5,,7.6,277,12.6,
2026-08-22T09:30,12.2,98,11.7,0.4,0.4,,7.6,272,13.7,
2026-08-22T10:00,12.5,98,12.0,0.4,0.4,,8.3,267,16.6,
2026-08-22T12:45,15.7,89,16.1,0.8,0.8,63,5.8,322,17.6,1001.0
2026-08-22T13:15,16.0,85,16.0,0.0,0.0,1,7.6,328,20.2,1001.2
2026-08-22T10:30,14.3,90,14.7,0.0,0.0,,3.2,332,10.1,
2026-08-22T11:00,15.5,86,15.9,0.0,0.0,,3.6,5,15.1,
2026-08-22T13:30,15.7,84,15.9,0.0,0.0,0,7.6,356,22.3,1001.2
2026-08-22T11:30,15.3,90,15.0,0.0,0.0,,10.1,280,19.4,
2026-08-22T14:00,17.0,74,16.8,0.0,0.0,0,9.0,5,20.5,1001.3
2026-08-22T14:45,16.6,71,14.6,0.0,0.0,1,16.6,1,33.1,1001.7
2026-08-22T15:30,16.8,70,15.1,0.0,0.0,2,15.5,358,29.5,1001.8
2026-08-22T12:00,16.2,83,15.7,0.0,0.0,,11.2,324,20.5,
2026-08-22T12:15,16.3,84,15.9,0.0,0.0,,10.1,321,19.4,
2026-08-22T12:30,16.2,86,16.2,0.0,0.0,,8.3,319,17.3,
2026-08-22T13:00,15.9,88,16.2,0.0,0.0,,6.5,313,15.1,
2026-08-22T13:45,15.4,80,14.0,0.0,0.0,,14.0,342,25.6,
2026-08-22T16:15,17.0,69,15.3,0.0,0.0,2,15.8,3,29.9,1001.9
2026-08-22T14:15,15.6,75,13.6,0.0,0.0,,16.6,352,29.5,
2026-08-22T16:45,17.0,68,15.2,0.0,0.0,2,14.8,1,29.2,1001.9
2026-08-22T17:15,17.0,68,15.2,0.0,0.0,1,14.8,2,28.1,1002.1
2026-08-22T14:30,17.2,71,15.9,0.0,0.0,,13.3,0,25.9,
2026-08-22T15:00,17.2,70,15.2,0.0,0.0,,17.3,358,32.0,
2026-08-22T15:15,17.1,69,15.0,0.0,0.0,,17.6,359,33.1,
2026-08-22T17:45,17.0,69,15.3,0.0,0.0,1,14.8,5,28.4,1002.4
2026-08-22T15:45,17.2,69,16.2,0.0,0.0,,15.8,3,32.0,
2026-08-22T18:30,16.7,69,14.8,0.0,0.0,0,14.8,4,27.7,1002.7
2026-08-22T16:00,17.4,68,16.4,0.0,0.0,,15.1,4,31.7,
2026-08-22T16:30,17.4,67,16.0,0.0,0.0,,14.8,4,30.6,
2026-08-22T17:00,17.0,69,15.2,0.0,0.0,,15.5,6,32.4,
2026-08-22T19:15,16.0,72,14.4,0.0,0.0,0,13.3,8,27.7,1002.8
2026-08-22T17:30,16.9,70,15.1,0.0,0.0,,15.1,7,31.0,
2026-08-22T19:45,15.8,79,14.8,0.0,0.0,0,11.2,7,28.4,1002.9
2026-08-22T20:15,15.1,83,14.5,0.0,0.0,0,9.4,6,25.2,1003.0
2026-08-22T20:45,14.2,86,13.3,0.0,0.0,0,9.7,12,20.9,1003.6
2026-08-22T18:00,17.2,68,15.2,0.0,0.0,,16.2,4,28.4,
2026-08-22T18:15,17.1,68,15.0,0.0,0.0,,16.2,4,28.4,
2026-08-22T18:45,16.7,70,14.7,0.0,0.0,,16.2,5,29.2,
2026-08-22T19:00,16.5,71,14.5,0.0,0.0,,15.8,5,29.2,
2026-08-22T21:15,13.4,88,12.5,0.0,0.0,1,9.0,14,16.9,1003.8
2026-08-22T21:45,12.5,91,11.8,0.0,0.0,0,7.6,9,11.2,1003.9
2026-08-22T19:30,16.0,75,14.7,0.0,0.0,,11.9,13,25.9,
2026-08-22T22:15,11.9,92,11.0,0.0,0.0,1,7.6,7,10.1,1003.9
2026-08-22T22:45,11.6,90,10.4,0.0,0.0,0,8.6,19,12.2,1004.0
2026-08-22T23:15,11.2,90,9.9,0.0,0.0,0,8.6,23,11.9,1004.0
2026-08-22T20:00,15.7,81,14.8,0.0,0.0,,10.8,13,17.6,
2026-08-22T20:30,14.9,85,14.2,0.0,0.0,,9.7,11,17.3,
2026-08-22T21:00,14.0,87,13.2,0.0,0.0,,9.0,8,17.6,
2026-08-22T23:45,10.9,90,9.6,0.0,0.0,1,7.6,34,11.5,1004.1
2026-08-22T21:30,13.2,88,12.3,0.0,0.0,,8.6,17,13.0,
2026-08-23T00:00,10.7,90,9.4,0.0,0.0,2,7.2,38,11.2,1004.1
2026-08-23T00:30,10.8,90,9.7,0.0,0.0,3,6.1,43,9.4,1004.2
2026-08-22T22:00,12.3,91,11.6,0.0,0.0,,6.5,14,8.6,
2026-08-22T22:30,11.8,91,10.8,0.0,0.0,,7.2,16,9.0,
2026-08-23T00:45,10.7,90,9.7,0.0,0.0,3,5.8,39,9.0,1004.2
2026-08-23T01:15,10.6,90,9.6,0.0,0.0,3,5.0,46,8.3,1004.2
2026-08-22T23:00,11.4,90,10.1,0.0,0.0,,8.6,17,11.5,
2026-08-22T23:30,11.1,89,9.6,0.0,0.0,,9.0,22,11.9,
2026-08-23T03:00,10.5,87,9.5,0.0,0.0,3,4.0,90,6.5,1004.3
2026-08-23T00:15,10.5,90,9.2,0.0,0.0,,6.8,50,9.0,
2026-08-23T01:00,10.1,90,8.8,0.0,0.0,,6.5,60,9.0,
2026-08-23T01:30,10.3,89,9.1,0.0,0.0,,5.4,35,6.5,
2026-08-23T01:45,10.3,88,9.1,0.0,0.0,,5.4,34,6.5,
2026-08-23T02:00,10.3,88,9.1,0.0,0.0,,5.4,33,6.5,
2026-08-23T02:15,10.3,88,9.1,0.0,0.0,,5.0,35,6.5,
2026-08-23T02:30,10.3,88,9.2,0.0,0.0,,4.7,37,6.5,
2026-08-23T05:30,9.8,87,8.5,0.0,0.0,1,4.3,19,6.5,1003.9
2026-08-23T06:15,9.8,88,9.0,0.0,0.0,2,2.2,241,2.9,1004.0
2026-08-23T02:45,10.2,87,9.0,0.0,0.0,,4.3,109,4.7,
2026-08-23T03:15,10.2,87,9.1,0.0,0.0,,4.0,116,4.3,
2026-08-23T03:30,10.2,86,9.1,0.0,0.0,,4.0,98,4.3,
2026-08-23T03:45,10.2,86,9.1,0.0,0.0,,4.0,80,4.7,
2026-08-23T04:00,10.2,86,9.1,0.0,0.0,,4.0,62,4.7,
2026-08-23T04:15,10.2,86,9.1,0.0,0.0,,3.6,44,4.7,
2026-08-23T07:00,8.8,91,7.5,0.0,0.0,2,4.0,248,7.2,1004.2
2026-08-23T04:30,9.8,87,8.9,0.0,0.0,,2.5,80,5.0,
2026-08-23T04:45,9.8,88,9.0,0.0,0.0,,1.8,74,5.0,
2026-08-23T05:00,9.7,88,8.8,0.0,0.0,,1.8,68,5.0,
2026-08-23T07:30,9.4,87,8.4,0.0,0.0,3,2.5,310,5.4,1004.2
2026-08-23T08:00,9.9,87,9.0,0.0,0.0,3,1.8,252,5.4,1004.4
2026-08-23T05:15,9.8,86,8.7,0.0,0.0,,3.6,339,4.7,
2026-08-23T05:45,9.8,88,8.8,0.0,0.0,,2.5,266,2.9,
2026-08-23T06:00,9.7,88,8.8,0.0,0.0,,2.2,229,2.5,
2026-08-23T06:30,9.4,89,8.6,0.0,0.0,,1.8,247,2.9,
2026-08-23T06:45,9.3,89,8.4,0.0,0.0,,1.8,255,3.6,
2026-08-23T09:45,13.8,78,13.4,0.0,0.0,2,3.2,260,6.8,1005.3
2026-08-23T10:15,14.7,74,14.3,0.0,0.0,3,2.5,267,7.9,1005.6
2026-08-23T10:45,15.5,66,15.0,0.0,0.0,3,1.8,96,8.3,1005.7
2026-08-23T07:15,8.8,91,7.7,0.0,0.0,,3.2,254,3.6,
2026-08-23T07:45,9.3,88,8.3,0.0,0.0,,2.5,271,2.9,
2026-08-23T08:15,10.2,86,9.3,0.0,0.0,,2.2,267,2.5,
2026-08-23T08:30,10.7,85,10.0,0.0,0.0,,2.2,255,2.5,
2026-08-23T08:45,11.4,84,10.7,0.0,0.0,,2.2,242,2.9,
2026-08-23T09:00,12.0,82,11.4,0.0,0.0,,2.2,230,3.2,
2026-08-23T09:15,12.6,80,12.1,0.0,0.0,,2.2,215,4.3,
2026-08-23T09:30,13.3,77,12.8,0.0,0.0,,2.5,200,5.8,
2026-08-23T11:45,16.7,67,16.3,0.0,0.0,3,4.3,4,13.3,1005.7
2026-08-23T12:30,17.4,66,17.5,0.0,0.0,2,6.1,9,16.2,1005.4
2026-08-23T12:45,17.5,67,17.7,0.0,0.0,2,5.4,35,15.8,1005.5
2026-08-23T10:00,14.5,76,14.0,0.0,0.0,,3.6,271,8.3,
2026-08-23T10:30,15.3,72,15.1,0.0,0.0,,2.5,291,9.0,
2026-08-23T11:00,16.0,69,15.7,0.0,0.0,,2.2,310,10.1,
2026-08-23T13:15,17.8,67,17.4,0.0,0.0,2,6.5,34,17.6,1005.4
2026-08-23T13:45,18.0,60,16.9,0.0,0.0,2,10.8,33,22.7,1005.3
2026-08-23T11:15,16.1,66,15.5,0.0,0.0,,3.2,59,10.8,
2026-08-23T11:30,16.1,66,15.5,0.0,0.0,,4.0,50,11.5,
2026-08-23T14:30,18.1,61,16.8,0.0,0.0,2,11.9,33,24.8,1005.5
2026-08-23T12:00,16.3,67,15.5,0.0,0.0,,5.8,33,13.3,
2026-08-23T12:15,16.6,66,15.8,0.0,0.0,,6.1,32,14.8,
2026-08-23T15:15,17.5,66,16.0,0.0,0.0,2,14.0,26,26.6,1005.4
2026-08-23T15:45,18.0,64,16.9,0.0,0.0,1,13.0,20,27.0,1005.1
2026-08-23T13:00,17.5,67,17.6,0.0,0.0,,4.3,34,15.1,
2026-08-23T13:30,17.3,66,16.5,0.0,0.0,,7.2,23,18.0,
2026-08-23T14:00,17.2,65,15.8,0.0,0.0,,10.8,12,21.2,
2026-08-23T14:15,17.4,65,16.1,0.0,0.0,,11.5,17,22.7,
2026-08-23T16:45,18.3,63,16.5,0.0,0.0,2,14.8,23,27.7,1004.8
2026-08-23T14:45,18.1,62,17.0,0.0,0.0,,11.5,25,24.5,
2026-08-23T15:00,18.1,62,17.2,0.0,0.0,,11.5,25,24.8,
2026-08-23T17:45,18.0,62,16.1,0.0,0.0,0,14.8,26,28.1,1004.6
2026-08-23T18:15,17.9,61,15.8,0.0,0.0,0,15.1,28,28.8,1004.4
2026-08-23T15:30,17.4,68,16.1,0.0,0.0,,13.7,25,27.0,
2026-08-23T16:00,17.6,67,16.2,0.0,0.0,,13.0,25,27.0,
2026-08-23T16:15,17.7,66,16.2,0.0,0.0,,13.0,25,27.0,
2026-08-23T18:45,17.2,67,15.5,0.0,0.0,2,13.3,26,27.0,1004.3
2026-08-23T19:15,16.6,70,15.1,0.0,0.0,3,13.0,30,27.0,1004.2
2026-08-23T16:30,17.9,64,16.6,0.0,0.0,,13.3,19,27.0,
2026-08-23T17:00,17.9,64,16.4,0.0,0.0,,13.0,20,27.0,
2026-08-23T17:15,17.9,64,16.3,0.0,0.0,,13.0,20,26.6,
2026-08-23T19:30,16.4,68,14.6,0.0,0.0,2,13.3,34,26.6,1004.0
2026-08-23T19:45,16.0,70,14.4,0.0,0.0,2,12.2,35,26.6,1004.0
2026-08-23T20:30,15.7,66,13.7,0.0,0.0,2,12.6,43,25.2,1003.9
2026-08-23T17:30,18.0,62,15.9,0.0,0.0,,16.2,28,29.2,
2026-08-23T18:00,18.0,62,15.8,0.0,0.0,,16.2,29,29.2,
2026-08-23T18:30,17.8,61,15.6,0.0,0.0,,15.5,31,29.9,
2026-08-23T21:00,14.7,72,13.0,0.0,0.0,3,11.2,43,24.1,1003.8
2026-08-23T21:30,13.9,76,12.2,0.0,0.0,3,11.2,43,20.9,1003.9
2026-08-23T19:00,17.5,60,15.3,0.0,0.0,,14.4,32,23.8,
2026-08-23T21:45,12.6,85,10.9,0.0,0.0,3,11.5,39,16.6,1004.0
2026-08-23T22:15,12.0,87,10.4,0.0,0.0,3,11.2,41,16.6,1004.0
2026-08-23T22:45,11.6,82,9.6,0.0,0.0,3,11.5,41,16.9,1003.8
2026-08-23T23:15,11.3,82,9.2,0.0,0.0,3,11.9,42,17.6,1003.7
2026-08-23T23:45,11.7,82,9.6,0.0,0.0,3,12.6,45,19.1,1003.6
2026-08-23T20:00,15.9,72,14.5,0.0,0.0,,11.2,37,18.7,
2026-08-23T20:15,15.6,72,14.1,0.0,0.0,,11.2,40,18.0,
2026-08-23T20:45,15.0,72,13.4,0.0,0.0,,11.5,45,17.6,
2026-08-23T21:15,14.4,73,12.6,0.0,0.0,,11.5,46,17.6,
2026-08-24T00:15,11.4,83,9.2,0.0,0.0,3,12.6,49,19.8,1003.5
2026-08-24T00:45,11.1,87,9.0,0.0,0.0,2,12.2,50,18.7,1003.5
2026-08-23T22:00,12.4,87,11.0,0.0,0.0,,9.7,36,15.1,
2026-08-23T22:30,11.9,87,10.4,0.0,0.0,,10.1,39,15.1,
2026-08-23T23:00,11.7,86,10.0,0.0,0.0,,10.4,41,15.5,
2026-08-24T01:30,10.6,88,8.4,0.0,0.0,3,13.0,57,22.0,1003.5
2026-08-23T23:30,11.2,83,9.3,0.0,0.0,,10.4,38,15.5,
2026-08-24T01:45,10.6,89,8.5,0.0,0.0,2,12.2,59,22.0,1003.5
2026-08-24T00:00,11.1,83,8.9,0.0,0.0,,11.5,43,16.9,
2026-08-24T03:45,9.4,93,7.3,0.0,0.0,0,11.9,62,18.0,1002.5
2026-08-24T05:00,9.3,95,7.4,0.0,0.0,1,10.8,68,18.4,1002.0
2026-08-24T00:30,11.2,84,9.1,0.0,0.0,,11.5,60,18.0,
2026-08-24T01:00,10.9,87,8.9,0.0,0.0,,11.5,60,18.0,
2026-08-24T01:15,10.8,87,8.8,0.0,0.0,,11.9,64,18.4,
2026-08-24T02:00,10.7,88,8.5,0.0,0.0,,12.6,74,19.1,
2026-08-24T02:15,10.6,89,8.4,0.0,0.0,,12.6,72,19.1,
2026-08-24T02:30,10.5,90,8.4,0.0,0.0,,12.2,69,19.1,
2026-08-24T02:45,10.4,91,8.3,0.0,0.0,,12.2,67,19.1,
2026-08-24T03:00,10.2,92,8.2,0.0,0.0,,11.9,64,19.1,
2026-08-24T06:00,9.0,94,6.8,0.0,0.0,1,11.9,69,18.0,1001.8
2026-08-24T03:15,9.8,94,7.7,0.0,0.0,,12.6,61,19.1,
2026-08-24T03:30,9.8,94,7.6,0.0,0.0,,12.6,62,19.4,
2026-08-24T04:00,9.7,94,7.6,0.0,0.0,,12.2,65,19.8,
2026-08-24T07:00,8.8,94,6.5,0.0,0.0,3,11.9,73,18.4,1001.4
2026-08-24T04:15,9.5,93,7.3,0.0,0.0,,11.9,66,17.6,
2026-08-24T04:30,9.4,94,7.2,0.0,0.0,,11.9,66,18.0,
2026-08-24T04:45,9.3,94,7.2,0.0,0.0,,11.9,67,18.4,
2026-08-24T07:45,9.2,96,6.8,0.0,0.0,2,13.3,61,22.3,1001.5
2026-08-24T05:15,9.5,95,7.4,0.0,0.0,,11.9,69,18.0,
2026-08-24T05:30,9.4,95,7.3,0.0,0.0,,12.2,71,18.0,
2026-08-24T05:45,9.4,95,7.3,0.0,0.0,,12.2,72,18.4,
2026-08-24T08:45,10.7,88,8.6,0.0,0.0,1,12.6,75,22.7,1001.2
2026-08-24T06:15,9.3,93,6.9,0.0,0.0,,13.0,68,19.8,
2026-08-24T06:30,9.1,94,6.8,0.0,0.0,,12.2,67,19.8,
2026-08-24T06:45,8.9,95,6.7,0.0,0.0,,11.5,65,20.2,
2026-08-24T07:15,8.9,94,6.8,0.0,0.0,,10.8,68,17.3,
2026-08-24T07:30,8.8,94,6.7,0.0,0.0,,10.4,66,17.3,
2026-08-24T08:00,9.0,95,7.1,0.0,0.0,,9.7,63,17.6,
2026-08-24T10:45,15.6,69,13.4,0.0,0.0,3,15.1,79,28.1,1000.7
2026-08-24T08:15,9.7,95,7.8,0.0,0.0,,11.2,58,20.5,
2026-08-24T08:30,10.2,94,8.3,0.0,0.0,,11.5,64,20.9,
2026-08-24T11:30,17.5,56,15.0,0.0,0.0,1,17.3,73,33.8,1000.3
2026-08-24T12:15,18.5,49,16.0,0.0,0.0,0,18.4,75,35.6,1000.0
2026-08-24T09:00,11.5,86,9.7,0.0,0.0,,10.8,67,21.2,
2026-08-24T09:15,12.1,84,10.4,0.0,0.0,,11.2,69,22.3,
2026-08-24T09:30,12.8,82,11.1,0.0,0.0,,11.9,71,23.4,
2026-08-24T09:45,13.5,79,11.6,0.0,0.0,,12.6,73,24.5,
2026-08-24T10:00,14.1,77,12.2,0.0,0.0,,13.3,75,25.9,
2026-08-24T10:15,14.7,74,12.7,0.0,0.0,,14.0,75,27.4,
2026-08-24T10:30,15.2,72,13.1,0.0,0.0,,15.1,74,28.4,
2026-08-24T11:00,16.2,66,13.8,0.0,0.0,,16.6,73,31.0,
2026-08-24T11:15,16.5,63,13.9,0.0,0.0,,16.9,79,31.0,
2026-08-24T11:45,17.2,58,14.2,0.0,0.0,,19.1,80,34.9,
2026-08-24T14:00,20.1,40,17.0,0.0,0.0,3,18.7,77,36.0,998.9
2026-08-24T15:00,20.9,38,17.1,0.0,0.0,3,19.4,79,37.4,998.3
2026-08-24T12:00,18.1,51,15.1,0.0,0.0,,18.7,75,35.6,
2026-08-24T12:30,18.7,47,16.0,0.0,0.0,,19.1,77,36.7,
2026-08-24T12:45,19.0,46,16.4,0.0,0.0,,19.1,77,36.7,
2026-08-24T13:00,19.2,45,16.7,0.0,0.0,,19.1,78,37.1,
2026-08-24T16:00,19.2,45,15.7,0.0,0.0,3,18.7,77,37.4,997.5
2026-08-24T16:45,20.8,37,16.9,0.0,0.0,2,18.7,92,35.6,996.9
2026-08-24T13:15,18.7,49,16.6,0.0,0.0,,17.3,81,32.8,
2026-08-24T13:30,19.0,46,16.7,0.0,0.0,,17.6,83,33.8,
2026-08-24T13:45,19.4,43,16.8,0.0,0.0,,18.4,85,35.3,
2026-08-24T14:15,20.0,40,17.2,0.0,0.0,,18.7,86,36.4,
2026-08-24T14:30,20.3,40,17.4,0.0,0.0,,18.7,85,36.7,
2026-08-24T14:45,20.4,39,17.4,0.0,0.0,,18.7,83,37.1,
2026-08-24T17:45,20.2,38,16.6,0.0,0.0,3,16.6,86,29.5,996.3
2026-08-24T15:15,20.9,38,17.1,0.0,0.0,,18.7,82,37.8,
2026-08-24T15:30,20.6,38,16.8,0.0,0.0,,18.4,83,37.8,
2026-08-24T15:45,20.2,39,16.6,0.0,0.0,,17.6,83,37.8,
2026-08-24T18:30,20.2,38,16.4,0.0,0.0,3,18.4,91,31.7,995.7
2026-08-24T16:15,19.2,45,16.0,0.0,0.0,,16.9,73,31.0,
2026-08-24T16:30,19.5,44,16.2,0.0,0.0,,17.3,73,31.7,
2026-08-24T19:15,19.3,45,16.1,0.0,0.0,3,16.2,63,31.3,995.2
2026-08-24T17:00,20.1,42,16.7,0.0,0.0,,18.0,72,33.1,
2026-08-24T17:15,20.2,42,16.7,0.0,0.0,,18.0,72,33.1,
2026-08-24T17:30,20.8,37,16.9,0.0,0.0,,19.4,90,36.4,
2026-08-24T18:00,20.7,38,16.8,0.0,0.0,,19.4,92,36.4,
2026-08-24T20:30,19.0,46,16.1,0.0,0.0,2,14.4,63,29.9,994.7
2026-08-24T18:15,20.2,38,16.8,0.0,0.0,,15.8,86,28.4,
2026-08-24T18:45,20.2,39,16.6,0.0,0.0,,17.6,87,30.6,
2026-08-24T19:00,20.2,39,16.5,0.0,0.0,,18.0,87,31.3,
2026-08-24T21:45,16.4,58,13.9,0.0,0.0,2,14.0,48,25.6,994.6
2026-08-24T19:30,19.0,47,16.1,0.0,0.0,,15.1,63,28.8,
2026-08-24T19:45,18.9,48,16.1,0.0,0.0,,14.4,64,28.8,
2026-08-24T20:00,18.7,49,16.1,0.0,0.0,,13.7,65,28.4,
2026-08-24T20:15,18.5,50,16.0,0.0,0.0,,13.3,61,27.4,
2026-08-24T22:45,15.6,64,13.0,0.0,0.0,1,15.1,52,24.1,994.2
2026-08-24T23:30,13.9,66,10.9,0.0,0.0,0,16.2,56,23.0,994.1
2026-08-25T00:00,13.5,67,10.6,0.0,0.0,0,15.8,54,25.9,994.0
2026-08-24T20:45,18.4,50,16.0,0.0,0.0,,12.2,51,20.5,
2026-08-24T21:00,17.9,53,15.7,0.0,0.0,,11.9,43,19.8,
2026-08-24T21:15,17.5,55,15.3,0.0,0.0,,11.9,46,19.4,
2026-08-24T21:30,17.0,57,14.8,0.0,0.0,,12.2,49,19.8,
2026-08-24T22:00,16.0,60,13.7,0.0,0.0,,13.0,55,20.2,
2026-08-25T00:30,13.5,66,10.6,0.0,0.0,1,15.5,54,25.9,994.0
2026-08-24T22:15,15.7,62,13.4,0.0,0.0,,13.3,50,22.7,
2026-08-24T22:30,15.4,63,12.9,0.0,0.0,,13.7,51,23.4,
2026-08-24T23:00,14.7,66,12.2,0.0,0.0,,14.4,51,24.1,
2026-08-25T01:30,13.4,66,10.4,0.0,0.0,1,15.1,56,25.2,994.0
2026-08-25T01:45,13.1,66,10.2,0.0,0.0,0,14.4,55,25.6,993.8
2026-08-24T23:15,15.2,64,12.3,0.0,0.0,,16.6,53,27.4,
2026-08-24T23:45,14.8,62,11.8,0.0,0.0,,16.2,56,28.8,
2026-08-25T00:15,13.2,67,10.2,0.0,0.0,,15.1,49,25.6,
2026-08-25T00:45,13.0,67,10.1,0.0,0.0,,14.0,50,25.6,
2026-08-25T01:00,12.9,67,10.0,0.0,0.0,,14.0,50,25.6,
2026-08-25T01:15,12.8,67,9.9,0.0,0.0,,14.4,51,25.6,
2026-08-25T04:30,11.6,71,8.5,0.0,0.0,3,15.1,62,25.9,992.3
2026-08-25T02:00,13.2,67,10.4,0.0,0.0,,14.0,61,23.0,
2026-08-25T02:15,13.0,67,10.3,0.0,0.0,,13.7,60,23.0,
2026-08-25T02:30,12.9,68,10.2,0.0,0.0,,13.0,59,23.0,
2026-08-25T05:30,11.2,72,8.2,0.0,0.0,3,14.0,68,24.8,992.1
2026-08-25T02:45,12.7,68,10.1,0.0,0.0,,12.2,58,23.4,
2026-08-25T03:00,12.5,69,9.9,0.0,0.0,,12.2,57,23.4,
2026-08-25T03:15,12.3,70,9.6,0.0,0.0,,13.0,56,23.8,
2026-08-25T03:30,12.1,70,9.2,0.0,0.0,,13.7,55,24.1,
2026-08-25T03:45,11.8,79,9.1,0.0,0.0,,15.5,58,25.2,
2026-08-25T04:00,11.7,79,9.0,0.0,0.0,,15.5,59,25.2,
2026-08-25T04:15,11.6,79,8.9,0.0,0.0,,15.1,60,25.2,
2026-08-25T07:00,11.0,76,8.3,0.0,0.0,3,12.6,65,22.3,991.9
2026-08-25T04:45,11.8,72,8.9,0.0,0.0,,14.4,58,25.2,
2026-08-25T05:00,11.7,73,8.8,0.0,0.0,,14.0,57,25.2,
2026-08-25T07:45,10.9,77,8.5,0.0,0.0,3,11.5,71,19.8,992.2
2026-08-25T05:15,11.3,71,8.2,0.0,0.0,,14.8,68,23.4,
2026-08-25T05:45,11.1,72,8.1,0.0,0.0,,14.4,64,24.5,
2026-08-25T06:00,10.9,82,8.6,0.0,0.0,,11.9,57,19.1,
2026-08-25T06:15,10.8,83,8.5,0.0,0.0,,11.9,59,19.1,
2026-08-25T06:30,10.6,83,8.3,0.0,0.0,,11.9,62,19.8,
2026-08-25T06:45,10.6,83,8.2,0.0,0.0,,12.2,64,20.2,
2026-08-25T09:30,14.2,64,11.8,0.0,0.0,3,11.9,79,22.0,992.5
2026-08-25T10:15,15.6,60,13.3,0.0,0.0,3,11.9,82,22.0,992.4
2026-08-25T07:15,10.9,76,8.3,0.0,0.0,,11.9,63,19.4,
2026-08-25T07:30,10.9,76,8.4,0.0,0.0,,11.2,64,18.4,
2026-08-25T08:00,11.2,75,8.9,0.0,0.0,,10.4,65,17.6,
2026-08-25T08:15,11.5,74,9.1,0.0,0.0,,11.2,64,18.7,
2026-08-25T08:30,11.9,72,9.4,0.0,0.0,,12.2,63,20.9,
2026-08-25T08:45,12.4,70,9.7,0.0,0.0,,13.3,62,22.7,
2026-08-25T09:00,12.9,68,10.1,0.0,0.0,,13.7,61,24.1,
2026-08-25T11:45,19.3,46,17.2,0.0,0.0,3,12.2,80,24.8,992.6
2026-08-25T09:15,13.6,68,11.2,0.0,0.0,,12.2,76,22.0,
2026-08-25T09:45,14.7,62,12.3,0.0,0.0,,12.2,79,22.3,
2026-08-25T12:15,20.1,44,18.0,0.0,0.0,3,12.6,78,25.6,992.8
2026-08-25T10:00,15.3,60,12.8,0.0,0.0,,12.2,80,22.7,
2026-08-25T10:30,16.5,56,14.2,0.0,0.0,,11.5,81,23.0,
2026-08-25T13:00,21.1,45,19.9,0.0,0.0,2,12.6,83,27.4,992.9
2026-08-25T10:45,16.8,57,14.4,0.0,0.0,,13.3,81,25.2,
2026-08-25T11:00,17.4,55,14.9,0.0,0.0,,13.7,80,25.9,
2026-08-25T13:30,22.0,41,20.5,0.0,0.0,1,14.4,87,28.8,992.8
2026-08-25T11:15,18.1,52,15.7,0.0,0.0,,13.3,79,25.2,
2026-08-25T11:30,18.6,51,16.4,0.0,0.0,,13.7,81,26.3,
2026-08-25T14:00,22.6,40,21.1,0.0,0.0,1,14.4,92,29.5,992.8
2026-08-25T15:00,22.8,39,20.5,0.0,0.0,3,13.3,97,27.0,992.3
2026-08-25T12:00,19.7,46,17.6,0.0,0.0,,12.6,73,25.2,
2026-08-25T12:30,20.3,45,18.1,0.0,0.0,,13.3,68,26.3,
2026-08-25T12:45,20.5,44,18.2,0.0,0.0,,13.7,65,27.0,
2026-08-25T16:00,23.1,41,21.1,0.0,0.0,0,15.5,82,31.0,992.1
2026-08-25T13:15,21.0,46,19.7,0.0,0.0,,12.2,75,25.6,
2026-08-25T13:45,21.5,45,20.3,0.0,0.0,,13.7,70,27.7,
2026-08-25T14:15,22.0,43,20.4,0.0,0.0,,14.8,70,29.5,
2026-08-25T14:30,22.2,43,20.6,0.0,0.0,,14.8,73,30.2,
2026-08-25T14:45,22.4,42,20.6,0.0,0.0,,15.1,75,30.6,
2026-08-25T17:45,23.5,40,21.0,0.0,0.0,0,15.5,106,30.6,991.8
2026-08-25T18:45,22.1,45,19.8,0.0,0.0,0,15.1,94,28.4,991.6
2026-08-25T15:15,23.1,39,20.5,0.0,0.0,,14.4,90,28.1,
2026-08-25T15:30,23.1,39,20.6,0.0,0.0,,14.4,86,28.8,
2026-08-25T15:45,23.1,40,20.6,0.0,0.0,,14.8,81,29.5,
2026-08-25T16:15,23.1,40,20.6,0.0,0.0,,15.1,79,30.2,
2026-08-25T16:30,23.1,40,20.8,0.0,0.0,,15.1,82,30.6,
2026-08-25T16:45,23.1,40,20.8,0.0,0.0,,15.1,85,30.6,
2026-08-25T17:00,23.1,40,20.6,0.0,0.0,,15.1,88,30.6,
2026-08-25T17:15,23.0,40,20.5,0.0,0.0,,15.1,89,30.2,
2026-08-25T17:30,23.0,40,20.5,0.0,0.0,,14.8,90,29.9,
2026-08-25T19:45,21.8,46,19.4,0.0,0.0,3,15.5,86,28.8,991.8
2026-08-25T20:45,20.6,60,20.2,0.0,0.0,1,8.6,139,21.2,992.4
2026-08-25T18:00,23.5,40,21.1,0.0,0.0,,15.1,95,28.4,
2026-08-25T18:15,23.4,41,21.1,0.0,0.0,,14.8,98,28.8,
2026-08-25T18:30,23.1,42,20.9,0.0,0.0,,14.0,101,29.2,
2026-08-25T21:15,19.8,63,19.5,0.0,0.0,1,7.6,131,18.0,992.6
2026-08-25T21:45,18.4,64,17.2,0.0,0.0,3,11.2,79,17.6,992.6
2026-08-25T19:00,22.2,47,20.3,0.0,0.0,,13.7,86,25.6,
2026-08-25T19:15,21.9,49,20.2,0.0,0.0,,13.3,87,25.6,
2026-08-25T19:30,21.7,52,20.3,0.0,0.0,,12.6,88,25.9,
2026-08-25T20:00,21.2,56,20.1,0.0,0.0,,11.9,90,25.6,
2026-08-25T22:30,18.2,66,16.9,0.0,0.0,2,12.6,89,19.4,992.9
2026-08-25T20:15,20.7,58,19.7,0.0,0.0,,11.5,87,24.5,
2026-08-25T20:30,20.2,59,19.2,0.0,0.0,,11.2,83,22.7,
2026-08-25T23:00,17.2,69,16.0,0.0,0.0,0,11.2,77,16.2,992.9
2026-08-25T23:30,18.2,75,17.4,0.0,0.0,3,13.7,102,23.4,992.8
2026-08-26T00:00,17.9,77,17.1,0.0,0.0,2,14.0,108,24.5,992.8
2026-08-25T21:00,20.4,60,19.9,0.0,0.0,,7.9,135,11.9,
2026-08-25T21:30,19.5,64,19.1,0.0,0.0,,7.6,111,10.8,
2026-08-25T22:00,18.7,67,18.3,0.0,0.0,,8.3,87,12.2,
2026-08-25T22:15,18.2,66,16.9,0.0,0.0,,12.2,76,19.1,
2026-08-25T22:45,18.0,66,16.8,0.0,0.0,,11.5,83,19.8,
2026-08-26T01:00,16.9,89,16.8,0.4,0.4,61,11.9,124,19.4,993.2
2026-08-26T01:30,17.4,78,16.5,0.0,0.0,2,14.4,122,24.5,993.1
2026-08-26T01:45,17.3,79,16.4,0.0,0.0,3,14.4,127,24.1,993.0
2026-08-25T23:15,17.5,69,16.1,0.0,0.0,,13.0,76,18.7,
2026-08-25T23:45,17.8,71,16.5,0.0,0.0,,13.7,87,21.6,
2026-08-26T03:45,16.1,91,15.8,0.0,0.0,3,12.6,128,24.8,993.0
2026-08-26T00:15,17.8,79,17.3,0.0,0.0,,13.0,110,22.0,
2026-08-26T00:30,17.5,83,17.3,0.0,0.0,,12.2,115,20.5,
2026-08-26T00:45,17.2,86,17.1,0.0,0.0,,11.9,119,19.1,
2026-08-26T01:15,16.8,90,16.8,0.4,0.4,,11.9,122,18.7,
2026-08-26T05:00,16.0,99,17.5,2.0,2.0,65,3.2,127,13.7,993.5
2026-08-26T02:00,17.5,79,16.3,0.4,0.4,,16.2,139,25.9,
2026-08-26T02:15,17.5,79,16.3,0.0,0.0,,16.6,139,26.6,
2026-08-26T02:30,17.6,81,16.5,0.0,0.0,,16.9,139,27.0,
2026-08-26T02:45,17.6,84,16.7,0.0,0.0,,16.9,139,27.4,
2026-08-26T03:00,17.5,86,16.9,0.0,0.0,,15.8,139,27.4,
2026-08-26T06:00,14.8,98,14.9,0.0,0.0,3,9.4,120,23.0,993.1
2026-08-26T06:45,15.0,98,14.8,0.0,0.0,3,12.2,137,25.6,993.0
2026-08-26T07:30,14.9,98,14.8,0.0,0.0,3,10.8,132,22.3,993.2
2026-08-26T03:15,16.5,82,15.3,2.5,2.5,,15.8,135,25.6,
2026-08-26T03:30,16.4,85,15.5,2.5,2.5,,14.8,135,23.4,
2026-08-26T04:00,16.0,92,15.6,2.5,2.5,,13.3,134,20.9,
2026-08-26T04:15,15.9,94,15.6,1.7,1.7,,13.3,128,22.0,
2026-08-26T04:30,15.7,95,15.4,1.7,1.7,,13.7,122,24.5,
2026-08-26T04:45,15.6,96,15.2,1.7,1.7,,14.0,115,27.0,
2026-08-26T05:15,15.5,98,15.0,0.1,0.1,,14.8,117,28.4,
2026-08-26T05:30,15.5,98,15.1,0.1,0.1,,14.8,124,27.4,
2026-08-26T08:00,15.7,97,15.9,0.0,0.0,3,10.8,134,20.5,993.4
2026-08-26T05:45,16.0,99,16.6,0.2,0.2,,10.1,119,17.3,
2026-08-26T09:00,15.3,97,15.4,0.1,0.1,51,9.7,133,21.2,993.8
2026-08-26T06:15,14.7,98,14.9,0.0,0.0,,9.0,132,15.5,
2026-08-26T06:30,14.7,98,14.7,0.0,0.0,,9.4,128,15.8,
2026-08-26T07:00,14.7,98,14.7,0.0,0.0,,9.7,121,16.2,
2026-08-26T09:45,15.9,97,16.2,0.1,0.1,51,10.4,131,21.6,994.0
2026-08-26T07:15,14.9,99,14.7,0.0,0.0,,11.9,138,20.5,
2026-08-26T07:45,15.0,98,14.8,0.0,0.0,,11.9,135,20.2,
2026-08-26T10:45,17.5,94,18.1,0.0,0.0,3,11.5,139,22.0,994.2
2026-08-26T11:30,18.8,89,20.0,0.0,0.0,1,9.0,149,18.4,994.2
2026-08-26T12:15,20.2,84,22.4,0.0,0.0,0,7.6,136,17.6,994.2
2026-08-26T13:00,20.5,86,22.2,0.0,0.0,2,8.3,120,18.7,994.3
2026-08-26T08:15,15.6,98,15.8,0.0,0.0,,10.8,138,18.7,
2026-08-26T08:30,15.5,97,15.7,0.0,0.0,,9.7,138,17.3,
2026-08-26T08:45,15.3,97,15.7,0.0,0.0,,8.6,139,16.2,
2026-08-26T09:15,15.4,97,15.7,0.0,0.0,,8.6,136,15.8,
2026-08-26T09:30,15.6,97,15.9,0.0,0.0,,9.4,132,16.9,
2026-08-26T10:00,16.1,97,16.4,0.0,0.0,,10.8,125,19.1,
2026-08-26T10:15,16.3,97,16.7,0.0,0.0,,11.2,127,19.8,
2026-08-26T10:30,16.7,96,17.1,0.0,0.0,,11.2,129,20.2,
2026-08-26T11:00,17.2,95,17.9,0.0,0.0,,10.8,132,20.9,
2026-08-26T13:30,21.9,80,24.7,0.0,0.0,3,7.6,172,18.4,994.1
2026-08-26T14:15,22.7,76,24.9,0.0,0.0,3,6.8,174,18.0,994.1
2026-08-26T15:30,23.7,67,26.2,0.0,0.0,2,4.0,129,19.8,993.7
2026-08-26T16:15,23.4,69,25.4,0.0,0.0,3,4.7,111,15.5,993.5
2026-08-26T11:15,18.7,91,19.7,0.0,0.0,,10.4,140,20.2,
2026-08-26T11:45,19.5,87,20.9,0.0,0.0,,8.6,141,18.0,
2026-08-26T12:00,19.9,85,21.3,0.0,0.0,,7.9,141,17.3,
2026-08-26T12:30,20.3,85,22.8,0.0,0.0,,7.2,130,16.9,
2026-08-26T12:45,20.5,86,23.4,0.0,0.0,,7.2,124,16.9,
2026-08-26T13:15,21.2,83,24.1,0.0,0.0,,7.2,124,17.6,
2026-08-26T13:45,22.1,77,24.6,0.0,0.0,,7.9,137,19.1,
2026-08-26T14:00,22.5,75,24.9,0.0,0.0,,7.9,143,19.4,
2026-08-26T14:30,23.2,72,25.1,0.0,0.0,,6.5,151,16.2,
2026-08-26T14:45,23.4,70,25.4,0.0,0.0,,5.4,140,15.1,
2026-08-26T15:00,23.6,68,25.5,0.0,0.0,,5.4,130,15.1,
2026-08-26T15:15,23.7,67,25.3,0.0,0.0,,6.8,130,16.9,
2026-08-26T15:45,23.8,68,25.1,0.0,0.0,,12.2,129,23.4,
2026-08-26T16:00,23.8,68,24.9,0.0,0.0,,13.7,129,25.9,
2026-08-26T16:30,24.0,67,26.2,0.0,0.0,,3.6,118,10.8,
2026-08-26T16:45,24.3,66,26.5,0.0,0.0,,3.2,110,11.5,
2026-08-26T20:45,21.1,86,22.9,0.0,0.0,3,9.7,65,16.9,992.9
2026-08-26T17:00,24.9,63,27.1,0.0,0.0,,2.9,187,10.8,
2026-08-26T17:15,24.8,64,26.9,0.0,0.0,,4.0,166,12.2,
2026-08-26T17:30,24.7,65,26.6,0.0,0.0,,5.4,145,14.4,
2026-08-26T17:45,24.4,67,26.2,0.0,0.0,,7.2,123,16.2,
2026-08-26T18:00,24.2,69,26.0,0.0,0.0,,8.3,102,17.3,
2026-08-26T18:15,24.1,71,26.0,0.0,0.0,,9.0,83,17.3,
2026-08-26T18:30,24.1,72,25.9,0.0,0.0,,9.4,65,16.2,
2026-08-26T18:45,24.0,74,26.0,0.0,0.0,,9.4,46,15.1,
2026-08-26T19:00,23.8,76,25.9,0.0,0.0,,9.7,27,14.8,
2026-08-26T19:15,23.6,78,25.7,0.0,0.0,,10.1,31,15.1,
2026-08-26T19:30,23.2,81,25.4,0.0,0.0,,10.4,34,15.8,
2026-08-26T19:45,22.8,83,25.0,0.0,0.0,,10.4,38,16.6,
2026-08-26T20:00,22.5,85,24.7,0.0,0.0,,10.4,41,16.9,
2026-08-26T20:15,22.1,86,24.3,0.0,0.0,,10.1,37,16.2,
2026-08-26T20:30,21.7,86,23.8,0.0,0.0,,9.4,33,15.1,
2026-08-26T21:00,21.0,86,22.9,0.0,0.0,,8.3,25,13.3,
2026-08-26T21:15,20.8,85,22.6,0.0,0.0,,8.6,34,13.7,
2026-08-26T21:30,20.8,85,22.4,0.0,0.0,,9.0,44,14.4,
2026-08-26T21:45,20.7,84,22.2,0.0,0.0,,9.7,53,15.5,
2026-08-27T03:00,18.8,82,18.6,0.0,0.0,1,14.0,96,25.6,991.1
2026-08-27T13:00,22.2,72,24.2,0.0,0.0,3,2.5,186,12.2,989.7
2026-08-27T23:00,18.4,97,20.5,0.0,0.0,3,4.7,233,8.3,989.0
2026-08-28T07:15,13.6,99,13.4,0.0,0.0,2,8.6,176,13.0,987.4
2026-08-26T22:00,20.0,91,22.4,0.0,0.0,,5.0,49,8.6,
2026-08-26T22:15,19.8,90,21.9,0.0,0.0,,5.8,54,9.7,
2026-08-26T22:30,19.6,89,21.4,0.0,0.0,,6.8,59,11.9,
2026-08-26T22:45,19.4,88,20.8,0.0,0.0,,8.3,64,14.4,
2026-08-26T23:00,19.3,87,20.4,0.0,0.0,,9.4,69,16.2,
2026-08-26T23:15,19.2,88,20.2,0.0,0.0,,10.4,75,17.6,
2026-08-26T23:30,19.2,89,20.2,0.0,0.0,,11.2,81,19.1,
2026-08-26T23:45,19.2,91,20.1,0.0,0.0,,12.2,86,19.8,
2026-08-27T00:00,19.1,92,20.0,0.0,0.0,,13.0,92,20.9,
2026-08-27T00:15,19.0,93,19.9,0.0,0.0,,13.7,88,21.6,
2026-08-27T00:30,18.9,94,19.7,0.0,0.0,,14.0,84,22.0,
2026-08-27T00:45,18.8,94,19.5,0.0,0.0,,14.0,79,22.3,
2026-08-27T01:00,18.8,94,19.5,0.0,0.0,,14.4,75,22.7,
2026-08-27T01:15,18.9,92,19.5,0.0,0.0,,14.4,82,22.7,
2026-08-27T01:30,19.2,88,19.6,0.0,0.0,,14.8,88,22.7,
2026-08-27T01:45,19.5,85,19.8,0.0,0.0,,14.8,95,22.7,
2026-08-27T02:00,19.6,83,19.8,0.0,0.0,,14.4,101,22.3,
2026-08-27T02:15,19.3,84,19.6,0.0,0.0,,14.0,95,22.0,
2026-08-27T02:30,18.9,86,19.3,0.0,0.0,,13.3,90,21.2,
2026-08-27T02:45,18.5,88,18.9,0.0,0.0,,12.6,84,20.5,
2026-08-27T03:15,18.1,92,18.7,0.0,0.0,,11.9,79,19.4,
2026-08-27T03:30,18.0,93,18.7,0.0,0.0,,11.9,79,19.4,
2026-08-27T03:45,18.1,94,18.9,0.0,0.0,,11.5,80,19.1,
2026-08-27T04:00,18.1,94,18.9,0.0,0.0,,11.5,80,19.1,
2026-08-27T04:15,18.1,92,18.8,0.0,0.0,,11.5,81,19.1,
2026-08-27T04:30,18.1,88,18.5,0.0,0.0,,11.9,82,19.1,
2026-08-27T04:45,18.2,85,18.3,0.0,0.0,,12.2,83,18.7,
2026-08-27T05:00,18.1,83,18.0,0.0,0.0,,12.2,84,18.7,
2026-08-27T05:15,17.8,84,17.7,0.0,0.0,,12.2,85,18.4,
2026-08-27T05:30,17.5,86,17.5,0.0,0.0,,12.2,86,18.0,
2026-08-27T05:45,17.2,89,17.2,0.0,0.0,,12.2,86,18.0,
2026-08-27T06:00,17.0,91,17.0,0.0,0.0,,12.2,87,18.0,
2026-08-27T06:15,16.9,92,17.0,0.0,0.0,,12.6,101,18.7,
2026-08-27T06:30,17.0,93,17.1,0.0,0.0,,13.3,115,19.4,
2026-08-27T06:45,17.1,93,17.2,0.0,0.0,,13.7,128,20.5,
2026-08-27T07:00,17.2,93,17.3,0.0,0.0,,14.0,142,21.6,
2026-08-27T07:15,17.3,91,17.2,0.0,0.0,,14.0,137,23.0,
2026-08-27T07:30,17.3,88,16.9,0.0,0.0,,14.4,132,25.2,
2026-08-27T07:45,17.3,86,16.9,0.0,0.0,,14.0,126,26.3,
2026-08-27T08:00,17.3,85,16.9,0.0,0.0,,13.3,121,26.3,
2026-08-27T08:15,17.1,87,17.0,0.0,0.0,,11.9,121,23.8,
2026-08-27T08:30,16.9,91,17.3,0.0,0.0,,9.7,120,19.8,
2026-08-27T08:45,16.8,96,17.7,0.0,0.0,,7.9,120,15.1,
2026-08-27T09:00,16.8,98,18.1,0.0,0.0,,6.5,119,12.2,
2026-08-27T09:15,17.0,98,18.5,0.6,0.6,,6.1,80,10.8,
2026-08-27T09:30,17.4,97,18.9,0.6,0.6,,6.5,40,10.4,
2026-08-27T09:45,17.8,95,19.2,0.6,0.6,,7.2,1,10.8,
2026-08-27T10:00,18.4,93,19.9,0.6,0.6,,7.2,321,11.2,
2026-08-27T10:15,19.0,90,20.6,0.0,0.0,,6.8,5,11.5,
2026-08-27T10:30,19.8,85,21.5,0.0,0.0,,5.8,50,12.2,
2026-08-27T10:45,20.5,81,22.3,0.0,0.0,,5.0,94,13.3,
2026-08-27T11:00,21.1,78,22.8,0.0,0.0,,5.4,138,15.1,
2026-08-27T11:15,21.4,77,22.9,0.0,0.0,,7.2,150,18.0,
2026-08-27T11:30,21.6,78,22.9,0.0,0.0,,10.1,163,22.0,
2026-08-27T11:45,21.8,79,23.2,0.0,0.0,,12.6,175,25.6,
2026-08-27T12:00,21.9,79,23.6,0.0,0.0,,13.7,187,26.6,
2026-08-27T12:15,22.0,77,23.9,0.0,0.0,,12.2,180,24.1,
2026-08-27T12:30,22.1,75,24.3,0.0,0.0,,9.4,172,19.4,
2026-08-27T12:45,22.2,73,24.3,0.0,0.0,,6.5,165,14.8,
2026-08-27T13:15,22.6,71,24.1,0.0,0.0,,6.8,171,14.8,
2026-08-27T13:30,22.9,71,24.1,0.0,0.0,,9.7,184,19.4,
2026-08-27T13:45,23.2,72,24.2,0.0,0.0,,13.0,198,24.5,
2026-08-27T14:00,23.5,72,24.4,0.0,0.0,,14.8,211,27.4,
2026-08-27T14:15,23.8,72,24.7,0.0,0.0,,14.8,219,27.4,
2026-08-27T14:30,24.0,71,25.7,0.0,0.0,,13.7,228,25.6,
2026-08-27T14:45,24.2,70,26.5,0.0,0.0,,12.2,236,23.4,
2026-08-27T15:00,24.4,69,27.0,0.0,0.0,,11.2,244,22.0,
2026-08-27T15:15,24.6,67,27.0,0.0,0.0,,10.8,241,21.2,
2026-08-27T15:30,24.8,65,26.9,0.0,0.0,,10.4,238,20.5,
2026-08-27T15:45,25.0,62,26.5,0.0,0.0,,10.1,235,20.2,
2026-08-27T16:00,25.0,61,25.9,0.0,0.0,,10.4,232,20.5,
2026-08-27T16:15,24.8,61,25.5,0.0,0.0,,11.2,241,22.0,
2026-08-27T16:30,24.5,63,25.1,0.0,0.0,,12.6,250,23.8,
2026-08-27T16:45,24.1,65,24.6,0.0,0.0,,14.0,258,25.9,
2026-08-27T17:00,23.8,66,24.1,0.0,0.0,,15.1,267,27.7,
2026-08-27T17:15,23.7,67,23.9,0.0,0.0,,16.2,248,28.8,
2026-08-27T17:30,23.6,68,23.7,0.0,0.0,,17.3,229,29.9,
2026-08-27T17:45,23.5,69,23.5,0.0,0.0,,18.0,210,30.2,
2026-08-27T18:00,23.4,69,23.4,0.0,0.0,,18.0,191,29.9,
2026-08-27T18:15,23.3,68,23.3,0.2,0.2,,16.9,196,28.1,
2026-08-27T18:30,23.1,67,23.3,0.2,0.2,,14.8,202,25.6,
2026-08-27T18:45,23.0,66,23.2,0.2,0.2,,13.0,207,22.7,
2026-08-27T19:00,22.8,66,23.2,0.2,0.2,,11.5,212,20.9,
2026-08-27T19:15,22.5,69,23.1,0.0,0.0,,11.5,232,20.5,
2026-08-27T19:30,22.3,73,23.1,0.0,0.0,,11.9,251,20.9,
2026-08-27T19:45,21.9,78,22.9,0.0,0.0,,12.6,271,21.2,
2026-08-27T20:00,21.3,82,22.4,0.0,0.0,,12.6,290,20.9,
2026-08-27T20:15,20.5,85,21.6,0.1,0.1,,11.5,267,18.7,
2026-08-27T20:30,19.3,89,20.6,0.1,0.1,,9.7,244,15.5,
2026-08-27T20:45,18.3,92,19.5,0.1,0.1,,8.3,221,12.2,
2026-08-27T21:00,17.5,94,18.8,0.1,0.1,,7.2,198,10.4,
2026-08-27T21:15,17.2,95,18.3,0.0,0.0,,7.6,211,10.8,
2026-08-27T21:30,17.2,96,18.3,0.0,0.0,,8.6,223,12.2,
2026-08-27T21:45,17.3,97,18.3,0.0,0.0,,9.7,236,13.7,
2026-08-27T22:00,17.4,97,18.4,0.0,0.0,,10.1,248,14.0,
2026-08-27T22:15,17.6,97,18.7,0.0,0.0,,9.4,230,12.6,
2026-08-27T22:30,17.8,97,19.2,0.0,0.0,,8.3,213,10.1,
2026-08-27T22:45,17.9,97,19.6,0.0,0.0,,6.8,195,7.6,
2026-08-27T23:15,18.0,97,19.9,0.0,0.0,,5.4,187,6.8,
2026-08-27T23:30,17.8,98,19.7,0.0,0.0,,5.4,197,8.6,
2026-08-27T23:45,17.6,98,19.4,0.0,0.0,,5.4,207,10.4,
2026-08-28T00:00,17.4,98,19.1,0.0,0.0,,5.4,217,11.5,
2026-08-28T00:15,17.1,98,18.7,0.0,0.0,,5.4,216,11.5,
2026-08-28T00:30,16.8,98,18.2,0.0,0.0,,5.8,216,10.8,
2026-08-28T00:45,16.5,98,17.7,0.0,0.0,,6.1,215,9.7,
2026-08-28T01:00,16.3,98,17.4,0.0,0.0,,6.1,214,9.0,
2026-08-28T01:15,16.3,98,17.4,0.0,0.0,,6.1,216,8.6,
2026-08-28T01:30,16.4,98,17.6,0.0,0.0,,6.1,218,7.9,
2026-08-28T01:45,16.6,97,17.8,0.0,0.0,,6.1,220,7.9,
2026-08-28T02:00,16.7,97,18.0,0.0,0.0,,6.1,222,7.9,
2026-08-28T02:15,16.8,97,18.1,0.0,0.0,,6.1,232,8.6,
2026-08-28T02:30,17.0,96,18.2,0.0,0.0,,6.5,242,10.1,
2026-08-28T02:45,17.0,96,18.2,0.0,0.0,,6.8,251,11.2,
2026-08-28T03:00,16.8,96,18.0,0.0,0.0,,6.8,261,11.5,
2026-08-28T03:15,16.3,97,17.3,0.0,0.0,,6.8,235,10.8,
2026-08-28T03:30,15.6,98,16.5,0.0,0.0,,6.5,210,9.4,
2026-08-28T03:45,14.9,99,15.5,0.0,0.0,,6.5,184,7.6,
2026-08-28T04:00,14.4,100,14.9,0.0,0.0,,6.5,158,7.2,
2026-08-28T04:15,14.2,100,14.5,0.0,0.0,,7.2,163,8.3,
2026-08-28T04:30,14.2,100,14.4,0.0,0.0,,7.9,168,10.1,
2026-08-28T04:45,14.3,99,14.3,0.0,0.0,,9.0,173,12.2,
2026-08-28T05:00,14.3,99,14.2,0.0,0.0,,9.4,178,13.7,
2026-08-28T05:15,14.2,99,14.1,0.0,0.0,,9.4,181,14.4,
2026-08-28T19:30,17.5,80,15.4,0.0,0.0,0,23.4,232,44.3,989.3
2026-08-28T05:30,15.3,98,16.0,0.0,0.0,,6.1,193,10.4,
2026-08-28T05:45,14.4,98,14.7,0.0,0.0,,6.5,195,10.4,
2026-08-28T06:00,13.7,98,13.8,0.0,0.0,,6.8,197,10.4,
2026-08-28T06:15,13.5,98,13.4,0.0,0.0,,7.2,194,10.8,
2026-08-28T06:30,13.4,99,13.3,0.0,0.0,,7.6,190,10.8,
2026-08-28T06:45,13.4,99,13.4,0.0,0.0,,7.6,187,11.2,
2026-08-28T07:00,13.6,99,13.6,0.0,0.0,,7.9,183,11.5,
2026-08-28T07:30,14.8,99,15.2,0.0,0.0,,7.9,197,12.2,
2026-08-28T07:45,15.5,99,16.2,0.0,0.0,,7.9,203,12.6,
2026-08-28T08:00,16.0,99,16.7,0.0,0.0,,8.3,210,13.3,
2026-08-28T08:15,16.0,99,16.6,0.0,0.0,,9.0,201,14.0,
2026-08-28T08:30,15.7,98,16.1,0.0,0.0,,9.7,191,15.5,
2026-08-28T08:45,15.4,98,15.5,0.0,0.0,,10.8,182,16.6,
2026-08-28T09:00,15.3,97,15.3,0.0,0.0,,11.2,172,17.3,
2026-08-28T09:15,15.6,96,15.7,0.0,0.0,,11.2,186,18.0,
2026-08-28T09:30,16.2,95,16.4,0.0,0.0,,10.8,201,18.4,
2026-08-28T09:45,16.7,94,17.2,0.0,0.0,,10.4,215,18.7,
2026-08-28T10:00,17.1,94,17.8,0.0,0.0,,10.1,229,19.1,
2026-08-28T10:15,17.3,94,18.0,0.0,0.0,,9.7,215,18.7,
2026-08-28T10:30,17.3,94,18.1,0.0,0.0,,9.4,200,18.4,
2026-08-28T10:45,17.2,95,18.1,0.0,0.0,,9.0,186,17.6,
2026-08-28T11:00,17.1,95,17.9,0.0,0.0,,9.4,171,18.0,
2026-08-28T11:15,16.9,95,17.5,0.5,0.5,,10.1,171,19.1,
2026-08-28T11:30,16.6,96,17.0,0.5,0.5,,11.2,170,20.9,
2026-08-28T11:45,16.4,96,16.6,0.5,0.5,,12.6,170,23.0,
2026-08-28T12:00,16.3,95,16.1,0.5,0.5,,14.0,169,25.6,
2026-08-28T12:15,16.5,93,15.9,0.1,0.1,,16.2,172,28.8,
2026-08-28T12:30,16.8,90,15.8,0.1,0.1,,18.7,174,33.1,
2026-08-28T12:45,17.1,88,15.8,0.1,0.1,,20.9,177,36.0,
2026-08-28T13:00,17.2,87,15.8,0.1,0.1,,21.2,179,36.7,
2026-08-28T13:15,17.0,89,16.0,0.9,0.9,,19.1,197,32.8,
2026-08-28T13:30,16.6,92,16.3,0.9,0.9,,14.8,215,25.6,
2026-08-28T13:45,16.2,95,16.5,0.9,0.9,,10.8,233,18.7,
2026-08-28T14:00,16.0,97,16.5,0.9,0.9,,9.0,251,15.5,
2026-08-28T14:15,15.9,96,16.1,0.3,0.3,,10.4,245,18.0,
2026-08-28T14:30,15.9,93,15.5,0.3,0.3,,13.7,238,24.1,
2026-08-28T14:45,16.0,90,14.9,0.3,0.3,,17.6,232,30.6,
2026-08-28T15:00,16.2,88,14.7,0.3,0.3,,20.2,225,35.3,
2026-08-28T15:15,16.6,87,15.0,0.4,0.4,,21.2,224,36.7,
2026-08-28T15:30,17.1,88,15.7,0.4,0.4,,21.2,223,37.1,
2026-08-28T15:45,17.6,88,16.5,0.4,0.4,,20.9,221,36.4,
2026-08-28T16:00,17.9,89,16.9,0.4,0.4,,20.9,220,36.4,
2026-08-28T16:15,17.8,90,16.8,0.0,0.0,,20.9,218,36.7,
2026-08-28T16:30,17.4,92,16.4,0.0,0.0,,21.2,217,37.1,
2026-08-28T16:45,17.0,93,15.9,0.0,0.0,,21.2,215,37.8,
2026-08-28T17:00,16.9,93,15.7,0.0,0.0,,21.2,213,38.2,
2026-08-28T17:15,17.1,91,15.9,0.0,0.0,,21.2,219,38.5,
2026-08-28T17:30,17.5,88,16.2,0.0,0.0,,21.2,225,39.2,
2026-08-28T17:45,18.6,79,17.0,0.0,0.0,,22.0,226,40.0,
2026-08-28T18:00,19.0,75,17.3,0.0,0.0,,22.0,230,40.3,
2026-08-28T18:15,19.0,74,17.2,0.0,0.0,,22.0,230,40.7,
2026-08-28T18:30,18.8,75,17.0,0.0,0.0,,22.0,230,40.7,
2026-08-28T18:45,18.5,77,16.7,0.0,0.0,,22.0,230,40.7,
2026-08-28T19:00,18.2,78,16.4,0.0,0.0,,22.0,230,40.7,
2026-08-28T19:15,18.0,79,16.2,0.0,0.0,,22.0,230,40.7,
2026-08-28T19:45,17.6,81,15.8,0.0,0.0,,22.0,229,40.0,
2026-08-28T20:00,17.4,82,15.6,0.0,0.0,,21.6,229,38.9,
2026-08-28T20:15,17.1,83,15.4,0.0,0.0,,20.9,228,37.1,
2026-08-28T20:30,16.8,84,15.2,0.0,0.0,,19.8,228,34.9,
2026-08-28T20:45,16.5,85,15.0,0.0,0.0,,18.7,227,32.8,
2026-08-28T21:00,16.2,86,14.8,0.0,0.0,,18.0,226,31.3,
2026-08-28T21:15,16.0,87,14.7,0.0,0.0,,17.6,223,30.6,
2026-08-28T21:30,15.9,88,14.6,0.0,0.0,,18.0,221,30.6,
2026-08-28T21:45,15.8,89,14.5,0.0,0.0,,18.0,218,30.2,
2026-08-28T22:00,15.7,90,14.4,0.0,0.0,,18.0,215,30.2,
2026-08-28T22:15,15.5,91,14.3,0.0,0.0,,17.6,215,29.9,
2026-08-28T22:30,15.3,92,14.1,0.0,0.0,,17.3,216,29.5,
2026-08-28T22:45,15.2,92,14.0,0.0,0.0,,16.9,216,28.8,
2026-08-28T23:00,15.0,93,13.9,0.0,0.0,,16.6,216,28.4,
2026-08-28T23:15,14.9,94,13.8,0.0,0.0,,16.2,211,28.1,
2026-08-28T23:30,14.8,95,13.8,0.0,0.0,,16.2,207,27.4,
2026-08-28T23:45,14.8,95,13.7,0.0,0.0,,15.8,202,27.0,
2026-08-29T00:00,14.7,96,13.7,0.0,0.0,,15.8,197,26.6,
2026-08-29T00:15,14.6,96,13.6,0.0,0.0,,15.5,199,26.6,
2026-08-29T00:30,14.5,96,13.5,0.0,0.0,,15.5,201,27.0,
2026-08-29T00:45,14.4,96,13.4,0.0,0.0,,15.1,203,27.4,
2026-08-29T01:00,14.4,96,13.4,0.0,0.0,,15.1,205,27.4,
2026-08-29T09:45,16.7,88,16.0,0.0,0.0,1,15.8,196,28.8,989.9
2026-08-29T15:30,16.3,94,14.9,0.1,0.1,51,22.0,176,38.2,987.7
2026-08-29T19:15,18.6,90,16.5,0.3,0.3,55,30.6,200,59.8,985.8
2026-08-29T01:15,14.8,96,13.9,0.0,0.0,,15.8,205,26.6,
2026-08-29T01:30,14.7,95,13.5,0.0,0.0,,16.9,204,28.1,
2026-08-29T01:45,14.5,94,13.0,0.0,0.0,,18.0,202,29.5,
2026-08-29T02:00,14.4,94,12.7,0.0,0.0,,18.7,201,30.2,
2026-08-29T02:15,14.2,94,12.5,0.0,0.0,,18.7,199,30.2,
2026-08-29T02:30,14.1,93,12.3,0.0,0.0,,18.4,197,29.5,
2026-08-29T02:45,14.0,93,12.2,0.0,0.0,,18.0,194,28.8,
2026-08-29T03:00,13.9,93,12.2,0.0,0.0,,18.0,192,29.2,
2026-08-29T03:15,14.0,93,12.2,0.0,0.0,,18.7,196,30.6,
2026-08-29T03:30,14.2,93,12.2,0.0,0.0,,20.2,200,32.8,
2026-08-29T03:45,14.3,94,12.2,0.0,0.0,,21.6,203,35.3,
2026-08-29T04:00,14.5,94,12.3,0.0,0.0,,22.3,207,36.4,
2026-08-29T04:15,14.5,95,12.5,0.0,0.0,,22.0,206,36.4,
2026-08-29T04:30,14.6,95,12.7,0.0,0.0,,21.2,205,35.3,
2026-08-29T04:45,14.6,96,12.9,0.0,0.0,,20.2,204,33.8,
2026-08-29T05:00,14.6,96,13.0,0.0,0.0,,19.4,203,32.8,
2026-08-29T05:15,14.6,96,13.1,0.0,0.0,,19.1,203,32.0,
2026-08-29T05:30,14.7,95,13.2,0.0,0.0,,18.7,203,31.3,
2026-08-29T05:45,14.7,94,13.3,0.0,0.0,,18.4,203,31.0,
2026-08-29T06:00,14.7,94,13.2,0.0,0.0,,18.0,203,30.2,
2026-08-29T06:15,14.5,95,13.1,0.0,0.0,,17.6,202,29.5,
2026-08-29T06:30,14.2,96,12.9,0.0,0.0,,17.3,202,28.4,
2026-08-29T06:45,14.0,97,12.7,0.0,0.0,,16.6,201,27.7,
2026-08-29T07:00,13.8,98,12.6,0.0,0.0,,16.2,200,27.0,
2026-08-29T07:15,13.8,98,12.6,0.0,0.0,,15.8,200,26.3,
2026-08-29T07:30,13.8,98,12.7,0.0,0.0,,15.5,199,25.9,
2026-08-29T07:45,14.0,97,12.9,0.0,0.0,,14.8,199,25.6,
2026-08-29T08:00,14.1,96,13.1,0.0,0.0,,14.4,198,25.2,
2026-08-29T08:15,14.4,94,13.5,0.0,0.0,,13.7,197,24.5,
2026-08-29T08:30,14.7,93,13.9,0.0,0.0,,13.0,197,23.4,
2026-08-29T08:45,15.0,91,14.3,0.0,0.0,,12.6,196,23.0,
2026-08-29T09:00,15.4,89,14.7,0.0,0.0,,12.6,195,23.0,
2026-08-29T09:15,15.9,88,15.2,0.0,0.0,,13.3,193,24.5,
2026-08-29T09:30,16.4,88,15.7,0.0,0.0,,14.8,190,26.6,
2026-08-29T10:00,17.2,87,16.4,0.0,0.0,,16.9,185,30.2,
2026-08-29T10:15,17.3,87,16.5,0.0,0.0,,17.3,184,30.6,
2026-08-29T10:30,17.3,88,16.6,0.0,0.0,,16.9,183,30.6,
2026-08-29T10:45,17.2,88,16.4,0.0,0.0,,16.9,182,30.2,
2026-08-29T11:00,17.2,88,16.4,0.0,0.0,,16.9,181,30.6,
2026-08-29T11:15,17.3,87,16.4,0.0,0.0,,17.6,181,31.7,
2026-08-29T11:30,17.4,86,16.4,0.0,0.0,,18.4,181,33.5,
2026-08-29T11:45,17.5,85,16.3,0.0,0.0,,19.4,181,34.9,
2026-08-29T12:00,17.5,85,16.2,0.0,0.0,,19.8,181,35.6,
2026-08-29T12:15,17.3,86,16.1,0.1,0.1,,19.4,178,35.3,
2026-08-29T12:30,17.0,88,15.8,0.1,0.1,,19.1,176,34.2,
2026-08-29T12:45,16.6,90,15.6,0.1,0.1,,18.4,173,32.8,
2026-08-29T13:00,16.4,92,15.5,0.1,0.1,,18.0,170,32.0,
2026-08-29T13:15,16.4,93,15.5,0.1,0.1,,18.4,170,31.7,
2026-08-29T13:30,16.4,94,15.5,0.1,0.1,,18.7,170,31.7,
2026-08-29T13:45,16.5,94,15.5,0.1,0.1,,19.4,170,31.7,
2026-08-29T14:00,16.5,95,15.6,0.1,0.1,,19.8,170,32.0,
2026-08-29T14:15,16.5,95,15.5,0.7,0.7,,20.2,168,32.8,
2026-08-29T14:30,16.5,96,15.5,0.7,0.7,,20.5,166,33.8,
2026-08-29T14:45,16.5,96,15.5,0.7,0.7,,20.9,164,35.3,
2026-08-29T15:00,16.5,96,15.4,0.7,0.7,,21.6,162,36.7,
2026-08-29T15:15,16.6,95,15.2,0.1,0.1,,22.7,167,38.9,
2026-08-29T15:45,16.7,93,14.9,0.1,0.1,,25.6,176,43.9,
2026-08-29T16:00,16.8,93,14.9,0.1,0.1,,26.3,181,45.7,
2026-08-29T16:15,16.9,93,15.0,0.0,0.0,,26.3,183,46.8,
2026-08-29T16:30,16.9,94,15.2,0.0,0.0,,25.9,184,47.2,
2026-08-29T16:45,17.0,95,15.4,0.0,0.0,,25.2,186,47.2,
2026-08-29T17:00,17.1,95,15.6,0.0,0.0,,25.2,187,47.9,
2026-08-29T17:15,17.4,94,15.9,0.0,0.0,,25.9,186,49.0,
2026-08-29T21:45,17.3,91,14.9,0.2,0.2,53,29.5,231,54.7,986.4
2026-08-29T17:30,18.0,94,16.6,0.0,0.0,,26.6,189,49.0,
2026-08-29T17:45,18.1,94,16.7,0.0,0.0,,27.0,190,50.0,
2026-08-29T18:00,18.3,93,16.8,0.0,0.0,,27.4,190,51.1,
2026-08-29T18:15,18.4,92,16.9,0.1,0.1,,27.7,189,51.5,
2026-08-29T18:30,18.6,91,16.9,0.1,0.1,,28.4,188,51.8,
2026-08-29T18:45,18.7,89,16.9,0.1,0.1,,28.8,186,52.2,
2026-08-29T19:00,18.7,89,16.9,0.1,0.1,,28.8,185,52.9,
2026-08-29T19:30,18.4,91,17.0,0.3,0.3,,26.3,198,58.3,
2026-08-29T19:45,18.1,93,17.0,0.3,0.3,,24.8,204,60.8,
2026-08-30T00:15,17.1,89,14.6,0.0,0.0,3,29.2,236,53.3,987.2
2026-08-29T20:00,18.4,92,16.9,0.3,0.3,,27.4,217,47.9,
2026-08-29T20:15,18.2,92,16.5,0.0,0.0,,27.7,219,48.6,
2026-08-29T20:30,18.0,91,16.1,0.0,0.0,,28.4,222,49.7,
2026-08-29T20:45,17.7,90,15.6,0.0,0.0,,29.2,224,51.5,
2026-08-29T21:00,17.6,89,15.2,0.0,0.0,,29.5,226,52.6,
2026-08-29T21:15,17.5,88,15.0,0.0,0.0,,29.9,227,53.3,
2026-08-29T21:30,17.4,87,14.8,0.0,0.0,,29.9,228,54.0,
2026-08-29T22:00,17.3,86,14.6,0.0,0.0,,30.2,229,54.4,
2026-08-29T22:15,17.3,86,14.6,0.0,0.0,,30.2,230,54.4,
2026-08-30T02:30,16.5,90,14.2,0.0,0.0,3,26.6,226,49.3,988.2
2026-08-29T22:30,17.4,91,14.9,0.0,0.0,,31.3,231,56.2,
2026-08-29T22:45,17.4,91,14.9,0.0,0.0,,30.6,235,55.1,
2026-08-29T23:00,17.3,91,14.9,0.0,0.0,,29.5,238,54.4,
2026-08-29T23:15,17.1,91,14.9,0.0,0.0,,28.4,235,54.0,
2026-08-29T23:30,17.0,91,14.8,0.0,0.0,,27.4,232,54.4,
2026-08-29T23:45,16.8,91,14.7,0.0,0.0,,26.3,229,54.4,
2026-08-30T00:00,16.7,91,14.6,0.0,0.0,,25.9,226,54.4,
2026-08-30T00:30,16.7,91,14.5,0.0,0.0,,27.4,230,53.6,
2026-08-30T00:45,16.7,88,14.6,0.0,0.0,,24.5,232,45.0,
2026-08-30T01:00,16.6,88,14.5,0.0,0.0,,24.5,232,44.6,
2026-08-30T01:15,16.6,88,14.5,0.0,0.0,,24.8,230,45.0,
2026-08-30T01:30,16.6,89,14.4,0.0,0.0,,25.6,229,45.7,
2026-08-30T01:45,16.6,89,14.4,0.0,0.0,,26.3,227,46.4,
2026-08-30T02:00,16.7,89,14.3,0.0,0.0,,27.0,225,47.2,
2026-08-30T02:15,16.7,88,14.2,0.0,0.0,,27.4,225,47.2,
2026-08-30T02:45,16.6,86,13.9,0.0,0.0,,27.7,224,47.2,
2026-08-30T03:00,16.6,86,13.9,0.0,0.0,,27.7,224,47.2,
2026-08-30T03:15,16.6,86,13.9,0.0,0.0,,27.7,227,47.2,
2026-08-30T03:30,16.6,87,14.0,0.0,0.0,,27.7,229,47.2,
2026-08-30T03:45,16.6,88,14.2,0.0,0.0,,27.4,232,47.2,
2026-08-30T04:00,16.6,89,14.2,0.0,0.0,,27.4,234,47.2,
2026-08-30T04:15,16.6,90,14.3,0.0,0.0,,27.4,236,47.5,
2026-08-30T04:30,16.6,91,14.2,0.0,0.0,,27.7,238,47.9,
2026-08-30T04:45,16.5,91,14.2,0.0,0.0,,27.7,239,47.9,
2026-08-30T05:00,16.5,92,14.2,0.0,0.0,,27.4,241,48.2,
2026-08-30T05:15,16.4,92,14.2,0.0,0.0,,26.6,242,48.6,
2026-08-30T05:30,16.2,92,14.2,0.0,0.0,,25.2,243,49.0,
2026-08-30T05:45,16.1,92,14.2,0.0,0.0,,23.8,244,49.0,
2026-08-30T13:00,18.6,76,17.9,0.0,0.0,3,14.8,230,32.8,992.2
2026-08-30T06:00,16.4,91,14.9,0.0,0.0,,21.2,238,38.2,
2026-08-30T06:15,16.3,91,15.0,0.0,0.0,,20.2,239,36.4,
2026-08-30T06:30,16.2,91,15.0,0.0,0.0,,19.4,240,34.9,
2026-08-30T06:45,16.1,91,14.9,0.0,0.0,,19.1,241,33.8,
2026-08-30T07:00,16.1,91,14.9,0.0,0.0,,18.4,242,32.8,
2026-08-30T07:15,16.0,91,14.9,0.0,0.0,,17.6,240,31.7,
2026-08-30T07:30,16.0,92,15.0,0.0,0.0,,16.9,238,30.6,
2026-08-30T07:45,16.0,93,15.2,0.0,0.0,,16.6,235,29.5,
2026-08-30T08:00,16.0,93,15.3,0.0,0.0,,16.2,233,29.2,
2026-08-30T08:15,16.1,93,15.4,0.0,0.0,,16.2,234,29.2,
2026-08-30T08:30,16.3,93,15.6,0.0,0.0,,16.6,235,29.5,
2026-08-30T08:45,16.5,92,15.7,0.0,0.0,,16.9,235,30.2,
2026-08-30T09:00,16.7,91,15.9,0.0,0.0,,17.3,236,31.0,
2026-08-30T09:15,17.0,90,16.2,0.0,0.0,,17.6,238,32.0,
2026-08-30T09:30,17.3,88,16.4,0.0,0.0,,18.4,239,33.1,
2026-08-30T09:45,17.6,86,16.7,0.0,0.0,,18.7,241,34.2,
2026-08-30T10:00,17.8,85,16.9,0.0,0.0,,18.7,242,34.6,
2026-08-30T10:15,17.8,85,16.9,0.0,0.0,,18.4,241,34.2,
2026-08-30T10:30,17.7,87,17.0,0.0,0.0,,17.6,240,32.8,
2026-08-30T10:45,17.6,88,17.0,0.0,0.0,,16.9,239,31.7,
2026-08-30T11:00,17.6,88,17.2,0.0,0.0,,16.2,238,30.6,
2026-08-30T11:15,17.9,86,17.4,0.0,0.0,,15.8,238,30.2,
2026-08-30T11:30,18.3,82,17.7,0.0,0.0,,15.5,237,30.2,
2026-08-30T11:45,18.7,79,18.2,0.0,0.0,,14.8,237,29.9,
2026-08-30T12:00,19.0,76,18.4,0.0,0.0,,14.4,236,29.5,
2026-08-30T12:15,19.1,75,18.6,0.0,0.0,,13.7,236,28.4,
2026-08-30T12:30,19.1,74,18.6,0.0,0.0,,13.0,236,27.0,
2026-08-30T12:45,19.0,74,18.6,0.0,0.0,,12.2,236,25.9,
2026-08-30T13:15,19.0,74,18.6,0.0,0.0,,12.2,230,25.6,
2026-08-30T13:30,19.1,75,18.6,0.0,0.0,,13.3,224,27.0,
2026-08-30T13:45,19.1,76,18.5,0.0,0.0,,14.4,217,28.4,
2026-08-30T14:00,19.1,77,18.5,0.0,0.0,,15.1,211,29.5,
2026-08-30T14:15,19.1,78,18.5,0.0,0.0,,15.5,211,30.2,
2026-08-30T14:30,19.1,78,18.5,0.0,0.0,,15.5,210,31.0,
2026-08-30T14:45,19.1,79,18.6,0.0,0.0,,15.5,210,31.3,
2026-08-30T15:00,19.1,79,18.6,0.0,0.0,,15.5,209,31.3,
2026-08-30T15:15,19.2,79,18.7,0.0,0.0,,15.5,209,31.0,
2026-08-30T20:30,17.7,92,18.1,0.2,0.2,53,11.9,206,25.9,990.0
2026-08-30T15:30,19.3,78,19.3,0.0,0.0,,12.6,215,23.8,
2026-08-30T15:45,19.8,75,19.5,0.0,0.0,,13.7,214,25.9,
2026-08-30T16:00,20.0,74,19.7,0.0,0.0,,14.0,214,27.0,
2026-08-30T16:15,19.9,75,19.7,0.0,0.0,,13.7,208,25.9,
2026-08-30T16:30,19.6,78,19.6,0.0,0.0,,12.6,202,24.1,
2026-08-30T16:45,19.2,80,19.4,0.0,0.0,,11.9,195,22.0,
2026-08-30T17:00,18.9,82,19.3,0.0,0.0,,11.2,189,20.5,
2026-08-30T17:15,18.9,81,19.2,0.0,0.0,,11.2,190,20.5,
2026-08-30T17:30,19.1,80,19.2,0.0,0.0,,11.9,191,20.9,
2026-08-30T17:45,19.2,78,19.1,0.0,0.0,,12.2,192,22.0,
2026-08-30T18:00,19.2,78,19.1,0.0,0.0,,12.2,193,22.7,
2026-08-30T18:15,18.9,81,19.1,0.0,0.0,,11.5,199,23.8,
2026-08-30T18:30,18.5,86,19.0,0.0,0.0,,10.8,205,24.8,
2026-08-30T23:30,15.5,94,14.3,0.2,0.2,53,18.0,216,42.5,989.8
2026-08-30T18:45,19.3,78,19.4,0.2,0.2,,11.5,195,20.9,
2026-08-30T19:00,19.1,79,19.3,0.2,0.2,,11.5,198,20.5,
2026-08-30T19:15,18.8,82,19.0,0.0,0.0,,11.9,213,20.5,
2026-08-30T19:30,18.4,86,18.6,0.0,0.0,,12.2,229,20.5,
2026-08-30T19:45,17.9,90,18.2,0.0,0.0,,12.6,244,20.5,
2026-08-30T20:00,17.6,93,18.0,0.0,0.0,,12.6,259,20.5,
2026-08-30T20:15,17.4,94,17.8,0.2,0.2,,12.6,243,20.5,
2026-08-30T20:45,17.1,93,17.4,0.2,0.2,,11.9,212,19.8,
2026-08-30T21:00,17.0,93,17.4,0.2,0.2,,11.5,196,19.8,
2026-08-30T21:15,16.9,93,17.1,0.0,0.0,,11.5,197,19.8,
2026-08-30T21:30,16.7,94,16.9,0.0,0.0,,11.5,198,19.4,
2026-08-31T01:45,14.8,94,13.0,0.0,0.0,3,20.5,204,34.9,989.5
2026-08-30T21:45,16.3,86,15.8,0.0,0.0,,12.2,198,19.4,
2026-08-30T22:00,16.1,85,15.3,0.0,0.0,,13.0,198,20.5,
2026-08-30T22:15,15.9,86,14.9,0.1,0.1,,14.8,199,23.4,
2026-08-30T22:30,15.8,87,14.5,0.1,0.1,,17.3,200,27.7,
2026-08-30T22:45,15.7,89,14.2,0.1,0.1,,19.4,200,32.4,
2026-08-30T23:00,15.6,91,14.0,0.1,0.1,,20.5,201,36.0,
2026-08-30T23:15,15.5,92,13.9,0.1,0.1,,20.2,205,38.9,
2026-08-30T23:45,15.1,94,14.0,0.1,0.1,,16.9,212,43.2,
2026-08-31T00:00,16.1,95,15.5,0.1,0.1,,16.6,200,29.5,
2026-08-31T00:15,15.9,95,15.4,0.4,0.4,,15.5,198,28.1,
2026-08-31T00:30,15.6,95,15.1,0.4,0.4,,14.8,195,26.3,
2026-08-31T00:45,15.3,95,14.7,0.4,0.4,,14.0,193,25.6,
2026-08-31T01:00,15.0,95,14.4,0.4,0.4,,14.0,190,25.6,
2026-08-31T01:15,14.9,95,14.0,0.0,0.0,,15.5,192,27.4,
2026-08-31T01:30,14.9,95,13.6,0.0,0.0,,17.6,193,30.6,
2026-08-31T02:00,14.9,95,13.1,0.0,0.0,,21.2,196,36.4,
2026-08-31T02:15,14.9,95,13.2,0.0,0.0,,20.5,202,37.4,
2026-08-31T02:30,14.9,95,13.5,0.0,0.0,,19.1,207,37.4,
2026-08-31T02:45,15.0,95,13.8,0.0,0.0,,17.3,213,37.4,
2026-08-31T03:00,15.0,95,13.9,0.0,0.0,,16.6,218,37.4,
2026-08-31T03:15,15.0,95,13.8,0.3,0.3,,17.3,214,38.2,
2026-08-31T03:30,14.9,96,13.6,0.3,0.3,,18.7,210,38.5,
2026-08-31T12:00,17.4,81,15.3,0.0,0.0,3,23.4,257,43.6,990.5
2026-08-31T03:45,15.0,96,14.2,0.0,0.0,,15.1,203,24.8,
2026-08-31T04:00,14.7,96,13.8,0.0,0.0,,15.1,202,24.5,
2026-08-31T04:15,14.6,96,13.5,0.5,0.5,,16.6,201,27.4,
2026-08-31T04:30,14.6,96,13.1,0.5,0.5,,19.1,199,32.8,
2026-08-31T04:45,14.6,96,12.7,0.5,0.5,,22.0,198,38.2,
2026-08-31T05:00,14.6,96,12.4,0.5,0.5,,23.8,196,42.1,
2026-08-31T05:15,14.6,96,12.3,0.2,0.2,,24.5,197,43.9,
2026-08-31T05:30,14.6,95,12.2,0.2,0.2,,24.8,199,44.6,
2026-08-31T05:45,14.6,94,12.1,0.2,0.2,,25.2,200,45.0,
2026-08-31T06:00,14.5,94,12.0,0.2,0.2,,25.2,201,45.4,
2026-08-31T06:15,14.4,94,11.7,0.4,0.4,,25.9,200,46.1,
2026-08-31T06:30,14.3,95,11.5,0.4,0.4,,26.6,199,47.2,
2026-08-31T06:45,14.2,96,11.4,0.4,0.4,,27.0,198,47.5,
2026-08-31T07:00,14.1,96,11.3,0.4,0.4,,26.3,197,46.4,
2026-08-31T07:15,14.1,96,11.7,1.1,1.1,,24.1,198,42.8,
2026-08-31T07:30,14.1,96,12.2,1.1,1.1,,20.5,199,37.8,
2026-08-31T07:45,14.2,96,12.8,1.1,1.1,,17.3,199,32.8,
2026-08-31T08:00,14.2,96,13.1,1.1,1.1,,15.5,200,29.9,
2026-08-31T08:15,14.3,96,13.1,1.7,1.7,,15.8,199,30.2,
2026-08-31T08:30,14.4,96,13.0,1.7,1.7,,17.6,198,32.4,
2026-08-31T08:45,14.5,96,12.9,1.7,1.7,,19.4,197,34.9,
2026-08-31T09:00,14.6,96,12.9,1.7,1.7,,20.2,196,36.7,
2026-08-31T09:15,14.7,96,13.2,0.4,0.4,,19.4,204,37.1,
2026-08-31T09:30,14.9,96,13.7,0.4,0.4,,17.3,212,37.1,
2026-08-31T09:45,15.1,96,14.3,0.4,0.4,,15.5,219,37.1,
2026-08-31T10:00,15.2,96,14.6,0.4,0.4,,14.8,227,36.7,
2026-08-31T19:30,17.6,85,16.3,0.0,0.0,1,20.5,246,39.6,995.2
2026-08-31T10:15,15.0,95,13.8,1.6,1.6,,17.3,209,31.0,
2026-08-31T10:30,15.2,95,14.4,1.6,1.6,,15.8,218,29.2,
2026-08-31T10:45,15.5,94,14.8,1.6,1.6,,14.8,227,27.7,
2026-08-31T11:00,15.8,92,15.1,1.6,1.6,,14.4,236,27.7,
2026-08-31T11:15,16.2,89,15.4,0.0,0.0,,15.5,242,29.9,
2026-08-31T11:30,16.8,85,15.6,0.0,0.0,,17.3,248,33.8,
2026-08-31T11:45,17.2,82,15.7,0.0,0.0,,19.4,253,37.8,
2026-08-31T12:15,17.2,82,15.5,0.0,0.0,,20.5,257,38.9,
2026-08-31T12:30,16.6,86,15.1,0.0,0.0,,19.4,254,36.4,
2026-08-31T12:45,16.0,90,14.7,0.0,0.0,,18.4,252,33.5,
2026-08-31T13:00,15.8,92,14.6,0.0,0.0,,18.4,249,32.8,
2026-08-31T13:15,16.1,89,14.7,0.6,0.6,,19.4,250,34.9,
2026-08-31T13:30,16.8,84,15.0,0.6,0.6,,21.6,252,39.2,
2026-08-31T13:45,17.5,78,15.2,0.6,0.6,,23.8,253,43.6,
2026-08-31T14:00,18.0,75,15.5,0.6,0.6,,24.8,254,46.1,
2026-08-31T14:15,18.1,75,15.7,0.0,0.0,,24.8,254,46.1,
2026-08-31T14:30,18.0,76,15.7,0.0,0.0,,23.8,254,45.0,
2026-08-31T14:45,17.8,78,15.8,0.0,0.0,,22.7,254,43.2,
2026-08-31T15:00,17.8,79,16.0,0.0,0.0,,22.0,254,42.1,
2026-08-31T15:15,18.0,78,16.3,0.0,0.0,,21.6,254,41.8,
2026-08-31T15:30,18.4,77,16.7,0.0,0.0,,21.2,254,41.4,
2026-08-31T15:45,18.7,75,17.0,0.0,0.0,,21.2,253,41.0,
2026-08-31T16:00,18.9,74,17.2,0.0,0.0,,21.2,253,41.0,
2026-08-31T16:15,18.9,74,17.2,0.0,0.0,,21.2,253,41.0,
2026-08-31T16:30,18.8,75,17.1,0.0,0.0,,21.6,252,40.7,
2026-08-31T16:45,18.7,76,17.0,0.0,0.0,,22.0,252,40.7,
2026-08-31T17:00,18.6,77,16.9,0.0,0.0,,22.0,251,40.7,
2026-08-31T17:15,18.6,77,16.9,0.0,0.0,,22.0,250,40.7,
2026-08-31T17:30,18.6,77,16.9,0.0,0.0,,22.0,249,40.7,
2026-08-31T17:45,18.9,77,17.2,0.0,0.0,,22.7,247,41.8,
2026-08-31T18:00,18.9,77,17.2,0.0,0.0,,22.7,245,41.8,
2026-08-31T18:15,18.8,78,17.1,0.0,0.0,,22.3,245,41.0,
2026-08-31T18:30,18.6,79,17.0,0.0,0.0,,21.6,245,39.6,
2026-08-31T18:45,18.3,81,16.9,0.0,0.0,,20.9,245,38.2,
2026-08-31T19:00,18.1,82,16.7,0.0,0.0,,20.5,245,37.1,
2026-08-31T19:15,17.9,83,16.6,0.0,0.0,,20.2,245,36.4,
2026-08-31T19:45,17.6,86,16.4,0.0,0.0,,19.8,245,35.6,
2026-08-31T20:00,17.4,87,16.3,0.0,0.0,,19.4,245,34.9,
2026-08-31T20:15,17.1,89,16.2,0.0,0.0,,18.7,239,33.1,
2026-08-31T20:30,16.9,91,16.2,0.0,0.0,,17.3,234,31.0,
2026-08-31T20:45,16.6,93,16.0,0.0,0.0,,16.2,228,29.2,
2026-08-31T21:00,16.4,94,15.9,0.0,0.0,,15.8,222,28.1,
2026-08-31T21:15,16.2,95,15.6,0.0,0.0,,16.6,231,28.8,
2026-08-31T21:30,16.1,95,15.3,0.0,0.0,,17.6,239,30.2,
2026-08-31T21:45,16.0,95,15.0,0.0,0.0,,18.7,248,32.4,
2026-08-31T22:00,16.0,95,14.9,0.0,0.0,,19.1,256,33.5,
2026-09-01T03:15,15.2,97,15.1,0.0,0.0,3,11.2,232,18.4,998.4
2026-08-31T22:15,16.1,95,15.8,0.2,0.2,,14.8,233,26.3,
2026-08-31T22:30,16.0,95,15.7,0.2,0.2,,14.4,232,25.6,
2026-08-31T22:45,15.9,95,15.6,0.2,0.2,,13.7,230,24.5,
2026-08-31T23:00,15.8,95,15.7,0.2,0.2,,12.6,228,22.3,
2026-08-31T23:15,15.8,95,16.0,0.0,0.0,,10.4,231,18.4,
2026-08-31T23:30,15.8,95,16.4,0.0,0.0,,7.6,235,13.0,
2026-08-31T23:45,15.9,96,16.9,0.0,0.0,,5.0,238,8.3,
2026-09-01T00:00,15.9,96,17.1,0.0,0.0,,3.6,241,5.4,
2026-09-01T00:15,15.8,96,17.0,0.0,0.0,,4.0,231,5.8,
2026-09-01T00:30,15.7,97,16.7,0.0,0.0,,5.4,221,8.6,
2026-09-01T00:45,15.6,97,16.3,0.0,0.0,,6.8,211,11.9,
2026-09-01T01:00,15.5,97,16.0,0.0,0.0,,8.3,201,14.0,
2026-09-01T01:15,15.4,97,15.7,0.0,0.0,,9.0,204,15.1,
2026-09-01T08:30,14.5,93,14.2,0.0,0.0,0,9.7,261,17.6,999.6
2026-09-01T01:30,15.4,96,15.0,0.0,0.0,,13.3,229,22.0,
2026-09-01T01:45,15.4,96,15.0,0.0,0.0,,13.7,231,23.0,
2026-09-01T02:00,15.4,96,15.0,0.0,0.0,,14.0,233,23.4,
2026-09-01T02:15,15.4,96,14.9,0.0,0.0,,13.7,231,22.7,
2026-09-01T02:30,15.3,97,15.0,0.0,0.0,,13.0,228,21.2,
2026-09-01T02:45,15.3,98,15.2,0.0,0.0,,11.9,226,19.8,
2026-09-01T03:00,15.2,98,15.2,0.0,0.0,,11.2,223,18.4,
2026-09-01T03:30,15.4,97,15.5,0.0,0.0,,10.4,225,16.9,
2026-09-01T03:45,15.5,96,15.6,0.0,0.0,,10.4,225,16.2,
2026-09-01T04:00,15.5,96,15.6,0.0,0.0,,10.4,226,15.8,
2026-09-01T04:15,15.4,96,15.5,0.0,0.0,,10.4,227,15.8,
2026-09-01T04:30,15.3,96,15.3,0.0,0.0,,10.4,227,15.8,
2026-09-01T04:45,15.1,97,15.1,0.0,0.0,,10.4,228,16.2,
2026-09-01T05:00,15.0,97,15.0,0.0,0.0,,10.4,228,16.2,
2026-09-01T05:15,14.9,97,14.9,0.0,0.0,,10.4,233,16.2,
2026-09-01T05:30,14.8,97,14.7,0.0,0.0,,10.4,239,16.2,
2026-09-01T05:45,14.8,96,14.6,0.0,0.0,,10.1,244,16.2,
2026-09-01T06:00,14.7,96,14.5,0.0,0.0,,10.1,249,16.2,
2026-09-01T06:15,14.6,96,14.5,0.0,0.0,,9.7,250,15.8,
2026-09-01T06:30,14.5,95,14.4,0.0,0.0,,9.4,252,15.8,
