timestamp,temperature_2m,relative_humidity_2m,apparent_temperature,precipitation,rain,weather_code,wind_speed_10m,wind_direction_10m,wind_gusts_10m,surface_pressure
2026-08-09T00:00,18.2,48,16.0,0.0,0.0,,9.7,74,14.8,
2026-08-09T00:15,17.8,50,15.6,0.0,0.0,,10.4,76,15.8,
2026-08-09T00:30,17.4,51,15.1,0.0,0.0,,10.8,78,16.6,
2026-08-09T00:45,17.0,53,14.7,0.0,0.0,,11.2,80,16.9,
2026-08-09T01:00,16.7,54,14.4,0.0,0.0,,11.2,82,16.9,
2026-08-09T01:15,16.4,54,14.1,0.0,0.0,,10.8,86,16.6,
2026-08-09T01:30,16.1,54,13.8,0.0,0.0,,10.1,90,15.5,
2026-08-09T01:45,15.8,53,13.5,0.0,0.0,,9.4,93,14.4,
2026-08-09T02:00,15.6,53,13.3,0.0,0.0,,9.0,97,13.7,
2026-08-09T02:15,15.6,54,13.3,0.0,0.0,,9.0,99,13.7,
2026-08-09T02:30,15.6,55,13.4,0.0,0.0,,9.0,100,13.7,
2026-08-09T02:45,15.6,56,13.5,0.0,0.0,,9.4,102,14.0,
2026-08-09T03:00,15.5,57,13.4,0.0,0.0,,9.4,103,14.0,
2026-08-09T03:15,15.3,58,13.2,0.0,0.0,,9.4,108,13.7,
2026-08-09T03:30,15.0,59,13.0,0.0,0.0,,9.0,113,13.3,
2026-08-09T03:45,14.7,60,12.7,0.0,0.0,,8.6,117,12.6,
2026-08-09T04:00,14.4,61,12.3,0.0,0.0,,8.6,122,12.2,
2026-08-09T04:15,14.0,62,12.0,0.0,0.0,,8.6,126,11.9,
2026-08-09T04:30,13.7,63,11.6,0.0,0.0,,8.6,129,11.5,
2026-08-09T04:45,13.3,64,11.2,0.0,0.0,,9.0,133,11.2,
2026-08-09T05:00,13.1,65,10.9,0.0,0.0,,9.0,136,10.8,
2026-08-09T05:15,12.9,65,10.7,0.0,0.0,,9.0,136,10.4,
2026-08-09T05:30,12.7,65,10.6,0.0,0.0,,8.6,137,10.1,
2026-08-09T05:45,12.6,64,10.4,0.0,0.0,,8.6,137,9.7,
2026-08-09T06:00,12.6,64,10.3,0.0,0.0,,8.6,137,9.7,
2026-08-09T06:15,12.5,65,10.3,0.0,0.0,,9.0,143,10.4,
2026-08-09T06:30,12.5,65,10.1,0.0,0.0,,9.7,148,11.2,
2026-08-09T06:45,12.5,66,10.0,0.0,0.0,,10.4,154,12.2,
2026-08-09T07:00,12.7,66,10.2,0.0,0.0,,10.8,159,12.6,
2026-08-09T07:15,13.1,65,10.7,0.0,0.0,,10.4,160,12.2,
2026-08-09T07:30,13.6,63,11.4,0.0,0.0,,9.4,162,11.9,
2026-08-09T07:45,14.2,60,12.1,0.0,0.0,,8.6,163,11.2,
2026-08-09T08:00,15.0,58,13.0,0.0,0.0,,7.9,164,10.8,
2026-08-09T08:15,15.8,55,13.9,0.0,0.0,,7.9,152,11.2,
2026-08-09T08:30,16.8,53,14.9,0.0,0.0,,8.3,139,12.2,
2026-08-09T08:45,17.9,50,15.9,0.0,0.0,,9.0,127,13.0,
2026-08-09T09:00,18.9,47,16.9,0.0,0.0,,9.0,114,13.7,
2026-08-09T09:15,19.9,45,18.1,0.0,0.0,,8.6,118,13.7,
2026-08-09T09:30,20.9,43,19.3,0.0,0.0,,7.6,122,13.7,
2026-08-09T09:45,21.9,41,20.4,0.0,0.0,,6.8,125,13.7,
2026-08-09T10:00,22.9,39,21.5,0.0,0.0,,6.5,129,13.7,
2026-08-09T10:15,23.9,37,22.6,0.0,0.0,,6.5,128,14.0,
2026-08-09T10:30,25.0,34,23.5,0.0,0.0,,7.2,127,14.4,
2026-08-09T10:45,25.9,32,24.3,0.0,0.0,,7.6,125,14.8,
2026-08-09T11:00,26.5,30,24.7,0.0,0.0,,7.9,124,15.1,
2026-08-09T11:15,26.6,29,24.7,0.0,0.0,,7.6,129,15.1,
2026-08-09T11:30,26.3,30,24.5,0.0,0.0,,7.2,134,14.8,
2026-08-09T11:45,25.9,30,24.2,0.0,0.0,,6.5,138,14.8,
2026-08-09T12:00,25.7,30,24.0,0.0,0.0,,6.1,143,14.4,
2026-08-09T12:15,25.8,30,24.2,0.0,0.0,,6.1,144,13.7,
2026-08-09T12:30,26.1,29,24.5,0.0,0.0,,5.8,145,13.0,
2026-08-09T12:45,26.5,28,24.7,0.0,0.0,,6.1,146,12.6,
2026-08-09T13:00,26.7,28,24.9,0.0,0.0,,6.8,147,13.3,
2026-08-09T13:15,26.9,29,25.1,0.0,0.0,,8.3,156,15.8,
2026-08-09T13:30,27.1,30,25.0,0.0,0.0,,10.4,164,19.8,
2026-08-09T13:45,27.2,31,25.0,0.0,0.0,,12.6,173,23.8,
2026-08-09T14:00,27.2,32,25.0,0.0,0.0,,14.0,181,26.6,
2026-08-09T14:15,27.1,32,24.7,0.0,0.0,,14.8,178,27.4,
2026-08-09T14:30,26.8,30,24.1,0.0,0.0,,15.1,174,27.4,
2026-08-09T14:45,26.6,29,23.7,0.0,0.0,,14.8,171,26.6,
2026-08-09T15:00,26.3,29,23.4,0.0,0.0,,14.8,167,26.3,
2026-08-09T15:15,26.2,30,23.4,0.0,0.0,,14.4,172,26.3,
2026-08-09T15:30,26.0,32,23.4,0.0,0.0,,14.0,177,26.3,
2026-08-09T15:45,25.9,34,23.6,0.0,0.0,,13.3,182,26.3,
2026-08-09T16:00,25.8,36,23.9,0.0,0.0,,12.6,187,25.6,
2026-08-09T16:15,25.8,39,24.4,0.0,0.0,,11.5,181,24.1,
2026-08-09T16:30,25.9,43,25.2,0.0,0.0,,10.4,174,22.7,
2026-08-09T16:45,26.0,47,25.9,0.0,0.0,,9.7,168,20.9,
2026-08-09T17:00,26.2,48,26.4,0.0,0.0,,9.0,161,19.8,
2026-08-09T17:15,26.5,46,26.5,0.0,0.0,,9.0,153,19.8,
2026-08-09T17:30,26.9,41,26.3,0.0,0.0,,9.7,144,20.9,
2026-08-09T17:45,27.3,35,25.9,0.0,0.0,,10.4,136,21.6,
2026-08-09T18:00,27.4,32,25.7,0.0,0.0,,10.4,127,21.6,
2026-08-09T18:15,27.3,31,25.6,0.0,0.0,,9.7,133,20.2,
2026-08-09T18:30,27.1,31,25.5,0.0,0.0,,8.3,140,17.6,
2026-08-09T18:45,26.8,33,25.6,0.0,0.0,,6.8,146,15.1,
2026-08-09T19:00,26.6,35,25.7,0.0,0.0,,6.1,152,13.7,
2026-08-09T19:15,26.7,39,26.3,0.0,0.0,,6.1,139,13.3,
2026-08-09T19:30,26.9,43,26.9,0.0,0.0,,6.8,127,13.7,
2026-08-09T19:45,27.0,48,27.6,0.0,0.0,,7.6,114,14.0,
2026-08-09T20:00,26.9,52,27.8,0.0,0.0,,8.3,101,14.8,
2026-08-09T20:15,26.3,54,27.1,0.0,0.0,,9.0,103,15.1,
2026-08-09T20:30,25.4,56,26.0,0.0,0.0,,9.7,105,15.8,
2026-08-09T20:45,24.4,57,24.7,0.0,0.0,,10.1,107,16.2,
2026-08-09T21:00,23.6,58,23.7,0.0,0.0,,10.8,109,16.9,
2026-08-09T21:15,23.1,59,23.0,0.0,0.0,,11.5,113,17.6,
2026-08-09T21:30,22.8,60,22.6,0.0,0.0,,12.2,117,18.7,
2026-08-09T21:45,22.5,61,22.2,0.0,0.0,,12.6,120,19.1,
2026-08-09T22:00,22.2,63,22.0,0.0,0.0,,12.6,124,19.1,
2026-08-09T22:15,21.9,66,22.0,0.0,0.0,,11.5,128,17.6,
2026-08-09T22:30,21.5,70,22.1,0.0,0.0,,10.1,132,15.1,
2026-08-09T22:45,21.2,73,22.1,0.0,0.0,,8.6,135,13.0,
2026-08-09T23:00,20.8,75,21.8,0.0,0.0,,7.9,139,11.9,
2026-08-09T23:15,20.5,75,21.3,0.0,0.0,,8.6,152,13.3,
2026-08-09T23:30,20.2,73,20.5,0.0,0.0,,10.1,166,16.2,
2026-08-09T23:45,20.0,71,19.8,0.0,0.0,,11.5,179,19.1,
2026-08-10T00:00,19.8,70,19.4,0.0,0.0,,12.2,192,20.5,
2026-08-10T00:15,19.7,72,19.4,0.0,0.0,,12.2,193,20.2,
2026-08-10T00:30,19.6,76,19.7,0.0,0.0,,11.5,193,18.4,
2026-08-10T00:45,19.6,80,20.1,0.0,0.0,,10.8,194,16.6,
2026-08-10T01:00,19.5,81,20.1,0.0,0.0,,10.1,194,14.8,
2026-08-10T01:15,19.2,78,19.7,0.0,0.0,,9.4,198,13.3,
2026-08-10T01:30,18.9,72,18.9,0.0,0.0,,8.6,202,12.2,
2026-08-10T01:45,18.6,67,18.2,0.0,0.0,,8.3,206,11.2,
2026-08-10T02:00,18.3,65,17.7,0.0,0.0,,7.9,210,10.8,
2026-08-10T02:15,18.1,69,17.6,0.0,0.0,,8.3,216,11.5,
2026-08-10T02:30,17.9,77,17.9,0.0,0.0,,8.6,223,13.0,
2026-08-10T02:45,17.6,84,17.9,0.0,0.0,,9.4,229,14.4,
2026-08-10T03:00,17.5,87,17.9,0.0,0.0,,9.7,235,15.5,
2026-08-10T03:15,17.4,83,17.4,0.0,0.0,,10.1,236,15.8,
2026-08-10T03:30,17.4,75,16.8,0.0,0.0,,10.4,237,15.8,
2026-08-10T03:45,17.3,67,16.2,0.0,0.0,,10.4,238,15.5,
2026-08-10T04:00,17.1,63,15.6,0.0,0.0,,10.4,239,15.1,
2026-08-10T04:15,16.7,65,15.3,0.0,0.0,,10.1,232,14.4,
2026-08-10T04:30,16.1,70,15.0,0.0,0.0,,9.4,225,13.7,
2026-08-10T04:45,15.5,76,14.7,0.0,0.0,,8.6,217,13.0,
2026-08-10T05:00,15.1,80,14.5,0.0,0.0,,7.9,210,12.2,
2026-08-10T05:15,15.0,82,14.5,0.0,0.0,,7.6,210,11.5,
2026-08-10T05:30,15.0,82,14.6,0.0,0.0,,7.2,211,10.8,
2026-08-10T05:45,15.1,82,14.7,0.0,0.0,,7.2,211,10.4,
2026-08-10T06:00,15.1,82,14.8,0.0,0.0,,6.8,211,10.1,
2026-08-10T06:15,15.0,82,14.6,0.0,0.0,,6.8,211,10.1,
2026-08-10T06:30,14.8,81,14.3,0.0,0.0,,6.5,211,10.1,
2026-08-10T06:45,14.6,81,14.1,0.0,0.0,,6.5,211,10.1,
2026-08-10T07:00,14.5,80,13.9,0.0,0.0,,6.5,211,10.4,
2026-08-10T07:15,14.6,79,14.0,0.0,0.0,,6.5,207,10.8,
2026-08-10T07:30,14.8,78,14.1,0.0,0.0,,6.8,204,10.8,
2026-08-10T07:45,15.1,77,14.4,0.0,0.0,,7.2,200,11.2,
2026-08-10T08:00,15.6,76,15.0,0.0,0.0,,7.2,196,11.9,
2026-08-10T08:15,16.4,75,16.0,0.0,0.0,,7.2,218,13.0,
2026-08-10T08:30,17.5,73,17.3,0.0,0.0,,7.2,241,14.0,
2026-08-10T08:45,18.7,71,18.7,0.0,0.0,,7.2,263,15.5,
2026-08-10T09:00,19.6,69,19.8,0.0,0.0,,7.6,285,16.6,
2026-08-10T09:15,20.3,67,20.4,0.0,0.0,,8.3,291,17.6,
2026-08-10T09:30,20.8,64,20.7,0.0,0.0,,9.0,297,19.1,
2026-08-10T09:45,21.3,62,21.1,0.0,0.0,,10.1,303,20.2,
2026-08-10T10:00,21.9,59,21.5,0.0,0.0,,10.4,309,20.9,
2026-08-10T10:15,22.6,56,22.1,0.0,0.0,,10.4,307,21.2,
2026-08-10T10:30,23.3,54,23.0,0.0,0.0,,9.7,305,21.2,
2026-08-10T10:45,24.0,51,23.9,0.0,0.0,,9.0,302,21.2,
2026-08-10T11:00,24.6,49,24.7,0.0,0.0,,8.6,300,21.2,
2026-08-10T11:15,25.0,47,25.2,0.0,0.0,,8.3,304,21.2,
2026-08-10T11:30,25.3,46,25.7,0.0,0.0,,8.3,307,21.2,
2026-08-10T11:45,25.6,44,26.0,0.0,0.0,,8.3,311,21.6,
2026-08-10T12:00,25.9,43,26.4,0.0,0.0,,8.3,314,22.0,
2026-08-10T12:15,26.3,42,26.8,0.0,0.0,,9.0,318,23.0,
2026-08-10T12:30,26.7,40,27.0,0.0,0.0,,9.7,323,24.5,
2026-08-10T12:45,27.0,39,27.3,0.0,0.0,,10.4,327,25.9,
2026-08-10T13:00,27.4,38,27.6,0.0,0.0,,11.2,331,27.0,
2026-08-10T13:15,27.6,37,27.8,0.0,0.0,,11.5,333,27.4,
2026-08-10T13:30,27.9,37,28.2,0.0,0.0,,11.5,334,27.4,
2026-08-10T13:45,28.1,36,28.4,0.0,0.0,,11.5,336,27.4,
2026-08-10T14:00,28.3,36,28.6,0.0,0.0,,11.9,337,27.7,
2026-08-10T14:15,28.5,36,28.8,0.0,0.0,,12.2,340,28.4,
2026-08-10T14:30,28.6,35,28.7,0.0,0.0,,13.0,343,29.5,
2026-08-10T14:45,28.8,35,28.8,0.0,0.0,,13.7,345,30.2,
2026-08-10T15:00,28.9,35,28.8,0.0,0.0,,14.0,348,30.6,
2026-08-10T15:15,29.0,35,28.9,0.0,0.0,,14.0,350,30.2,
2026-08-10T15:30,29.1,35,28.9,0.0,0.0,,13.3,352,29.5,
2026-08-10T15:45,29.1,36,29.0,0.0,0.0,,13.0,353,28.4,
2026-08-10T16:00,29.1,36,29.0,0.0,0.0,,13.0,355,28.4,
2026-08-10T16:15,29.2,36,28.8,0.0,0.0,,13.7,358,29.2,
2026-08-10T16:30,29.3,36,28.6,0.0,0.0,,14.8,2,31.0,
2026-08-10T16:45,29.3,36,28.3,0.0,0.0,,16.2,5,32.4,
2026-08-10T17:00,29.2,36,27.8,0.0,0.0,,17.3,8,33.8,
2026-08-10T17:15,28.9,37,27.3,0.0,0.0,,18.0,11,34.9,
2026-08-10T17:30,28.4,39,26.7,0.0,0.0,,18.7,15,35.3,
2026-08-10T17:45,27.9,41,26.3,0.0,0.0,,19.1,18,36.0,
2026-08-10T18:00,27.5,42,25.8,0.0,0.0,,19.4,21,36.4,
2026-08-10T18:15,27.3,43,25.6,0.0,0.0,,19.8,22,36.4,
2026-08-10T18:30,27.1,43,25.2,0.0,0.0,,20.2,23,36.4,
2026-08-10T18:45,26.9,43,25.0,0.0,0.0,,20.2,24,36.4,
2026-08-10T19:00,26.6,43,24.7,0.0,0.0,,20.2,25,36.0,
2026-08-10T19:15,26.3,44,24.4,0.0,0.0,,19.8,26,35.6,
2026-08-10T19:30,25.8,45,23.9,0.0,0.0,,19.4,28,35.3,
2026-08-10T19:45,25.4,46,23.5,0.0,0.0,,19.1,29,34.9,
2026-08-10T20:00,24.9,47,23.1,0.0,0.0,,18.7,30,34.6,
2026-08-10T20:15,24.4,48,22.6,0.0,0.0,,18.7,28,34.2,
2026-08-10T20:30,23.9,49,22.0,0.0,0.0,,19.1,27,33.8,
2026-08-10T20:45,23.4,51,21.5,0.0,0.0,,19.1,25,33.5,
2026-08-10T21:00,22.9,52,20.9,0.0,0.0,,19.4,23,33.5,
2026-08-10T21:15,22.4,54,20.4,0.0,0.0,,19.8,24,33.8,
2026-08-10T21:30,22.0,56,19.9,0.0,0.0,,20.2,24,34.2,
2026-08-10T21:45,21.5,58,19.5,0.0,0.0,,20.2,25,34.6,
2026-08-10T22:00,21.1,60,19.2,0.0,0.0,,19.8,25,34.2,
2026-08-10T22:15,20.7,62,19.0,0.0,0.0,,18.7,25,32.4,
2026-08-10T22:30,20.4,63,18.9,0.0,0.0,,17.3,25,30.2,
2026-08-10T22:45,20.2,65,19.0,0.0,0.0,,15.8,24,27.4,
2026-08-10T23:00,19.9,66,18.8,0.0,0.0,,14.8,24,25.6,
2026-08-10T23:15,19.5,67,18.5,0.0,0.0,,14.0,24,24.5,
2026-08-10T23:30,19.2,68,18.1,0.0,0.0,,14.0,23,23.8,
2026-08-10T23:45,18.8,68,17.7,0.0,0.0,,13.7,23,23.4,
2026-08-11T00:00,18.5,69,17.4,0.0,0.0,,13.3,22,22.7,
2026-08-11T00:15,18.2,70,17.2,0.0,0.0,,12.6,22,21.6,
2026-08-11T00:30,17.9,71,17.0,0.0,0.0,,11.9,22,20.2,
2026-08-11T00:45,17.6,72,16.8,0.0,0.0,,10.8,21,19.1,
2026-08-11T01:00,17.3,73,16.6,0.0,0.0,,10.4,21,18.0,
2026-08-11T01:15,17.1,74,16.3,0.0,0.0,,10.4,18,17.6,
2026-08-11T01:30,16.8,75,16.0,0.0,0.0,,10.4,16,17.6,
2026-08-11T01:45,16.5,76,15.7,0.0,0.0,,10.8,13,17.6,
2026-08-11T02:00,16.3,77,15.4,0.0,0.0,,10.8,10,17.6,
2026-08-11T02:15,16.0,78,15.1,0.0,0.0,,10.8,14,17.3,
2026-08-11T02:30,15.8,78,14.9,0.0,0.0,,10.4,17,16.9,
2026-08-11T02:45,15.6,79,14.8,0.0,0.0,,10.1,21,16.6,
2026-08-11T03:00,15.4,79,14.5,0.0,0.0,,10.1,24,16.2,
2026-08-11T03:15,15.2,79,14.3,0.0,0.0,,10.1,27,15.8,
2026-08-11T03:30,15.1,78,14.0,0.0,0.0,,10.1,30,15.1,
2026-08-11T03:45,14.9,77,13.8,0.0,0.0,,10.1,32,14.8,
2026-08-11T04:00,14.8,77,13.6,0.0,0.0,,10.1,35,14.8,
2026-08-11T04:15,14.7,78,13.5,0.0,0.0,,10.4,37,15.1,
2026-08-11T04:30,14.7,79,13.4,0.0,0.0,,10.8,39,15.8,
2026-08-11T04:45,14.6,80,13.4,0.0,0.0,,11.2,41,16.6,
2026-08-11T05:00,14.6,81,13.3,0.0,0.0,,11.5,43,17.3,
2026-08-11T05:15,14.5,81,13.3,0.0,0.0,,11.5,49,17.6,
2026-08-11T05:30,14.5,80,13.3,0.0,0.0,,11.2,55,17.6,
2026-08-11T05:45,14.5,80,13.3,0.0,0.0,,10.8,60,17.6,
2026-08-11T06:00,14.4,79,13.2,0.0,0.0,,10.4,66,17.3,
2026-08-11T06:15,14.2,79,13.0,0.0,0.0,,9.7,73,15.8,
2026-08-11T06:30,13.9,79,12.7,0.0,0.0,,8.6,79,14.0,
2026-08-11T06:45,13.6,79,12.5,0.0,0.0,,7.9,86,12.6,
2026-08-11T07:00,13.6,79,12.5,0.0,0.0,,7.6,92,12.2,
2026-08-11T07:15,13.8,78,12.6,0.0,0.0,,8.3,84,14.0,
2026-08-11T07:30,14.2,76,12.7,0.0,0.0,,10.1,76,17.3,
2026-08-11T07:45,14.7,75,13.1,0.0,0.0,,11.9,68,20.9,
2026-08-11T08:00,15.1,73,13.4,0.0,0.0,,13.0,60,23.4,
2026-08-11T08:15,15.6,72,13.8,0.0,0.0,,13.7,60,24.5,
2026-08-11T08:30,16.1,70,14.3,0.0,0.0,,13.7,60,24.8,
2026-08-11T08:45,16.6,69,14.9,0.0,0.0,,13.7,59,25.2,
2026-08-11T09:00,17.1,67,15.3,0.0,0.0,,14.0,59,25.6,
2026-08-11T09:15,17.6,65,15.8,0.0,0.0,,14.4,58,26.3,
2026-08-11T09:30,18.1,63,16.2,0.0,0.0,,15.1,58,27.4,
2026-08-11T09:45,18.6,61,16.6,0.0,0.0,,15.8,57,28.1,
2026-08-11T10:00,19.1,59,17.1,0.0,0.0,,16.2,56,28.8,
2026-08-11T10:15,19.7,57,17.7,0.0,0.0,,16.2,58,29.5,
2026-08-11T10:30,20.4,54,18.3,0.0,0.0,,16.2,60,29.9,
2026-08-11T10:45,21.0,52,19.0,0.0,0.0,,16.2,62,30.6,
2026-08-11T11:00,21.5,50,19.7,0.0,0.0,,16.2,64,31.0,
2026-08-11T11:15,22.0,49,20.3,0.0,0.0,,16.6,64,31.7,
2026-08-11T11:30,22.4,48,20.9,0.0,0.0,,16.9,65,32.4,
2026-08-11T11:45,22.7,47,21.3,0.0,0.0,,17.3,65,33.1,
2026-08-11T12:00,23.1,46,21.7,0.0,0.0,,17.6,65,33.5,
2026-08-11T12:15,23.3,44,22.0,0.0,0.0,,17.6,65,33.5,
2026-08-11T12:30,23.6,43,22.4,0.0,0.0,,16.9,65,33.5,
2026-08-11T12:45,23.8,41,22.6,0.0,0.0,,16.6,65,33.1,
2026-08-11T13:00,24.0,39,22.8,0.0,0.0,,16.2,65,32.8,
2026-08-11T13:15,24.3,37,23.1,0.0,0.0,,15.8,65,32.4,
2026-08-11T13:30,24.6,35,23.4,0.0,0.0,,15.5,65,32.4,
2026-08-11T13:45,25.0,32,23.5,0.0,0.0,,15.5,65,32.0,
2026-08-11T14:00,25.3,31,23.8,0.0,0.0,,15.1,65,31.7,
2026-08-11T14:15,25.6,31,24.3,0.0,0.0,,14.8,66,31.3,
2026-08-11T14:30,25.8,31,24.6,0.0,0.0,,14.8,68,31.3,
2026-08-11T14:45,26.1,32,24.9,0.0,0.0,,14.8,69,31.0,
2026-08-11T15:00,26.3,32,25.1,0.0,0.0,,14.8,70,31.0,
2026-08-11T15:15,26.4,32,25.1,0.0,0.0,,15.1,70,31.3,
2026-08-11T15:30,26.6,31,25.0,0.0,0.0,,15.5,70,31.7,
2026-08-11T15:45,26.7,31,24.9,0.0,0.0,,16.2,69,32.4,
2026-08-11T16:00,26.8,30,24.8,0.0,0.0,,16.6,69,32.8,
2026-08-11T16:15,27.0,29,24.7,0.0,0.0,,16.6,68,32.8,
2026-08-11T16:30,27.1,28,24.7,0.0,0.0,,16.6,66,32.8,
2026-08-11T16:45,27.3,26,24.4,0.0,0.0,,16.6,65,32.8,
2026-08-11T17:00,27.4,25,24.3,0.0,0.0,,16.6,63,32.4,
2026-08-11T17:15,27.5,24,24.1,0.0,0.0,,16.6,63,32.0,
2026-08-11T17:30,27.7,24,24.1,0.0,0.0,,16.6,63,32.0,
2026-08-11T17:45,27.7,23,24.0,0.0,0.0,,16.6,62,31.7,
2026-08-11T18:00,27.8,23,24.2,0.0,0.0,,16.2,62,31.0,
2026-08-11T18:15,27.7,23,24.2,0.0,0.0,,15.5,58,29.9,
2026-08-11T18:30,27.7,23,24.2,0.0,0.0,,14.8,54,28.4,
2026-08-11T18:45,27.5,23,24.2,0.0,0.0,,13.7,50,27.4,
2026-08-11T19:00,27.4,23,24.1,0.0,0.0,,13.3,46,26.3,
2026-08-11T19:15,27.2,23,23.9,0.0,0.0,,13.3,42,25.9,
2026-08-11T19:30,27.0,24,23.8,0.0,0.0,,13.7,39,26.3,
2026-08-11T19:45,26.8,24,23.4,0.0,0.0,,14.0,35,26.3,
2026-08-11T20:00,26.4,25,23.1,0.0,0.0,,14.0,31,25.9,
2026-08-11T20:15,25.9,25,22.5,0.0,0.0,,13.7,31,24.8,
2026-08-11T20:30,25.1,26,21.9,0.0,0.0,,13.0,31,23.0,
2026-08-11T20:45,24.4,26,21.1,0.0,0.0,,12.6,30,21.2,
2026-08-11T21:00,23.7,27,20.5,0.0,0.0,,12.2,30,20.2,
2026-08-11T21:15,23.1,28,19.9,0.0,0.0,,12.2,33,20.2,
2026-08-11T21:30,22.6,29,19.3,0.0,0.0,,12.6,35,20.5,
2026-08-11T21:45,22.0,30,18.7,0.0,0.0,,13.0,38,21.2,
2026-08-11T22:00,21.6,31,18.2,0.0,0.0,,13.3,40,22.0,
2026-08-11T22:15,21.3,31,17.8,0.0,0.0,,13.7,44,23.0,
2026-08-11T22:30,21.2,31,17.6,0.0,0.0,,14.0,48,24.1,
2026-08-11T22:45,21.0,31,17.4,0.0,0.0,,14.4,51,25.2,
2026-08-11T23:00,20.9,31,17.1,0.0,0.0,,14.8,55,26.3,
2026-08-11T23:15,20.7,31,16.9,0.0,0.0,,15.1,59,27.0,
2026-08-11T23:30,20.5,32,16.7,0.0,0.0,,15.5,63,27.0,
2026-08-11T23:45,20.4,33,16.5,0.0,0.0,,16.2,67,27.4,
2026-08-12T00:00,20.2,33,16.2,0.0,0.0,,16.6,71,28.1,
2026-08-12T00:15,20.0,33,15.9,0.0,0.0,,17.3,73,29.2,
2026-08-12T00:30,19.8,34,15.6,0.0,0.0,,18.0,74,31.0,
2026-08-12T00:45,19.6,34,15.3,0.0,0.0,,18.7,76,32.4,
2026-08-12T01:00,19.4,34,15.0,0.0,0.0,,19.4,77,33.5,
2026-08-12T01:15,19.2,34,14.7,0.0,0.0,,19.8,78,34.2,
2026-08-12T01:30,19.1,34,14.6,0.0,0.0,,19.8,80,34.6,
2026-08-12T01:45,18.9,35,14.4,0.0,0.0,,19.8,81,34.6,
2026-08-12T02:00,18.7,35,14.2,0.0,0.0,,19.8,82,34.6,
2026-08-12T02:15,18.5,35,14.0,0.0,0.0,,19.8,84,34.2,
2026-08-12T02:30,18.4,36,13.9,0.0,0.0,,19.4,85,33.8,
2026-08-12T02:45,18.1,36,13.7,0.0,0.0,,19.4,87,33.1,
2026-08-12T03:00,17.9,37,13.5,0.0,0.0,,18.7,88,32.0,
2026-08-12T03:15,17.5,37,13.3,0.0,0.0,,17.6,89,30.2,
2026-08-12T03:30,17.1,38,13.1,0.0,0.0,,16.2,91,28.1,
2026-08-12T03:45,16.7,38,12.8,0.0,0.0,,15.1,92,25.9,
2026-08-12T04:00,16.4,39,12.7,0.0,0.0,,14.0,93,24.5,
2026-08-12T04:15,16.3,40,12.6,0.0,0.0,,13.7,94,23.8,
2026-08-12T04:30,16.2,41,12.6,0.0,0.0,,13.7,94,23.0,
2026-08-12T04:45,16.2,42,12.6,0.0,0.0,,13.7,95,23.0,
2026-08-12T05:00,16.1,43,12.6,0.0,0.0,,13.7,95,23.0,
2026-08-12T05:15,15.9,43,12.3,0.0,0.0,,14.0,96,23.4,
2026-08-12T05:30,15.8,43,12.1,0.0,0.0,,14.4,98,24.1,
2026-08-12T05:45,15.6,43,11.8,0.0,0.0,,14.8,99,24.5,
2026-08-12T06:00,15.3,43,11.5,0.0,0.0,,14.8,100,24.5,
2026-08-12T06:15,14.9,44,11.2,0.0,0.0,,14.4,100,23.8,
2026-08-12T06:30,14.5,45,10.9,0.0,0.0,,13.3,100,22.3,
2026-08-12T06:45,14.1,45,10.5,0.0,0.0,,12.6,99,21.2,
2026-08-12T07:00,13.9,46,10.5,0.0,0.0,,11.9,99,20.2,
2026-08-12T07:15,14.1,46,10.8,0.0,0.0,,11.5,98,19.8,
2026-08-12T07:30,14.6,46,11.4,0.0,0.0,,11.2,97,19.8,
2026-08-12T07:45,15.2,45,12.1,0.0,0.0,,10.8,96,19.8,
2026-08-12T08:00,15.8,45,12.9,0.0,0.0,,10.4,95,19.4,
2026-08-12T08:15,16.4,45,13.7,0.0,0.0,,9.7,96,18.7,
2026-08-12T08:30,17.1,45,14.6,0.0,0.0,,9.0,98,17.6,
2026-08-12T08:45,17.8,44,15.5,0.0,0.0,,8.3,99,16.9,
2026-08-12T09:00,18.6,44,16.5,0.0,0.0,,7.9,100,16.2,
2026-08-12T09:15,19.3,43,17.3,0.0,0.0,,7.6,101,15.8,
2026-08-12T09:30,20.0,42,18.1,0.0,0.0,,7.6,102,15.8,
2026-08-12T09:45,20.8,41,18.9,0.0,0.0,,7.9,103,15.8,
2026-08-12T10:00,21.6,40,19.8,0.0,0.0,,7.9,104,16.2,
2026-08-12T10:15,22.6,38,20.7,0.0,0.0,,8.3,105,16.9,
2026-08-12T10:30,23.6,37,21.9,0.0,0.0,,8.6,105,18.0,
2026-08-12T10:45,24.6,35,23.0,0.0,0.0,,9.0,106,19.1,
2026-08-12T11:00,25.4,34,24.0,0.0,0.0,,9.4,106,19.8,
2026-08-12T11:15,26.0,34,24.9,0.0,0.0,,9.7,98,20.5,
2026-08-12T11:30,26.5,35,25.8,0.0,0.0,,9.7,89,20.9,
2026-08-12T11:45,26.9,36,26.6,0.0,0.0,,9.7,81,21.2,
2026-08-12T12:00,27.3,36,27.2,0.0,0.0,,10.1,72,21.6,
2026-08-12T12:15,27.6,35,27.6,0.0,0.0,,10.4,75,22.3,
2026-08-12T12:30,27.9,34,27.9,0.0,0.0,,10.8,79,23.0,
2026-08-12T12:45,28.2,32,28.0,0.0,0.0,,11.2,82,23.8,
2026-08-12T13:00,28.6,30,28.2,0.0,0.0,,11.5,85,24.8,
2026-08-12T13:15,29.0,28,28.4,0.0,0.0,,12.2,84,25.9,
2026-08-12T13:30,29.5,27,28.7,0.0,0.0,,13.3,83,27.7,
2026-08-12T13:45,29.9,25,28.8,0.0,0.0,,14.4,81,28.8,
2026-08-12T14:00,30.3,24,29.0,0.0,0.0,,14.8,80,29.5,
2026-08-12T14:15,30.5,24,29.3,0.0,0.0,,14.4,78,29.2,
2026-08-12T14:30,30.7,24,29.7,0.0,0.0,,13.7,76,28.4,
2026-08-12T14:45,30.9,24,29.9,0.0,0.0,,13.0,74,27.0,
2026-08-12T15:00,31.0,24,30.2,0.0,0.0,,12.2,72,26.3,
2026-08-12T15:15,31.1,23,30.1,0.0,0.0,,11.9,71,25.6,
2026-08-12T15:30,31.2,23,30.2,0.0,0.0,,11.2,70,24.8,
2026-08-12T15:45,31.2,22,30.0,0.0,0.0,,11.2,68,24.5,
2026-08-12T16:00,31.4,21,29.9,0.0,0.0,,11.2,67,24.5,
2026-08-12T16:15,31.6,20,29.7,0.0,0.0,,11.9,65,25.6,
2026-08-12T16:30,32.0,19,29.6,0.0,0.0,,13.3,63,27.4,
2026-08-12T16:45,32.3,19,29.7,0.0,0.0,,14.4,60,28.8,
2026-08-12T17:00,32.6,18,29.6,0.0,0.0,,14.8,58,29.2,
2026-08-12T17:15,32.7,18,29.7,0.0,0.0,,13.7,60,27.4,
2026-08-12T17:30,32.9,18,30.1,0.0,0.0,,11.5,61,24.5,
2026-08-12T17:45,32.9,18,30.5,0.0,0.0,,9.4,63,21.6,
2026-08-12T18:00,33.0,18,30.7,0.0,0.0,,7.9,64,19.1,
2026-08-12T18:15,33.0,18,30.9,0.0,0.0,,7.2,55,17.6,
2026-08-12T18:30,33.0,18,30.9,0.0,0.0,,7.2,46,16.9,
2026-08-12T18:45,33.0,18,30.8,0.0,0.0,,7.2,36,16.2,
2026-08-12T19:00,32.9,18,30.7,0.0,0.0,,7.2,27,15.5,
2026-08-12T19:15,32.7,18,30.5,0.0,0.0,,7.2,26,14.8,
2026-08-12T19:30,32.6,19,30.5,0.0,0.0,,7.6,25,14.0,
2026-08-12T19:45,32.3,19,30.1,0.0,0.0,,7.9,23,13.7,
2026-08-12T20:00,31.8,20,29.5,0.0,0.0,,8.6,22,14.0,
2026-08-12T20:15,31.0,21,28.6,0.0,0.0,,10.1,19,16.2,
2026-08-12T20:30,30.0,23,27.5,0.0,0.0,,11.5,16,19.4,
2026-08-12T20:45,29.0,25,26.3,0.0,0.0,,13.3,13,22.7,
2026-08-12T21:00,28.1,26,25.2,0.0,0.0,,14.0,10,24.1,
2026-08-12T21:15,27.3,27,24.4,0.0,0.0,,13.7,12,23.4,
2026-08-12T21:30,26.5,28,23.8,0.0,0.0,,12.6,13,21.2,
2026-08-12T21:45,25.8,28,23.1,0.0,0.0,,11.5,15,18.4,
2026-08-12T22:00,25.2,29,22.7,0.0,0.0,,10.4,16,16.6,
2026-08-12T22:15,24.7,30,22.3,0.0,0.0,,10.1,24,15.8,
2026-08-12T22:30,24.3,30,21.8,0.0,0.0,,9.7,31,15.5,
2026-08-12T22:45,23.9,30,21.4,0.0,0.0,,9.4,39,15.1,
2026-08-12T23:00,23.4,31,20.9,0.0,0.0,,9.0,46,14.4,
2026-08-12T23:15,22.8,32,20.5,0.0,0.0,,7.9,38,12.6,
2026-08-12T23:30,22.0,33,19.8,0.0,0.0,,6.8,30,10.1,
2026-08-12T23:45,21.4,34,19.4,0.0,0.0,,5.4,21,7.9,
2026-08-13T00:00,20.9,35,18.9,0.0,0.0,,5.0,13,7.2,
2026-08-13T00:15,20.6,35,18.4,0.0,0.0,,5.8,31,8.3,
2026-08-13T00:30,20.5,35,18.2,0.0,0.0,,6.8,49,10.8,
2026-08-13T00:45,20.4,35,17.8,0.0,0.0,,8.3,66,13.3,
2026-08-13T01:00,20.3,35,17.6,0.0,0.0,,9.4,84,15.1,
2026-08-13T01:15,20.2,35,17.4,0.0,0.0,,9.7,93,15.8,
2026-08-13T01:30,20.0,36,17.3,0.0,0.0,,9.7,101,15.8,
2026-08-13T01:45,19.9,37,17.2,0.0,0.0,,9.7,110,15.8,
2026-08-13T02:00,19.6,38,16.9,0.0,0.0,,9.7,118,15.5,
2026-08-13T02:15,19.0,40,16.4,0.0,0.0,,9.7,118,15.1,
2026-08-13T02:30,18.3,43,15.8,0.0,0.0,,9.4,118,14.0,
2026-08-13T02:45,17.5,46,15.1,0.0,0.0,,9.4,118,13.3,
2026-08-13T03:00,17.0,47,14.6,0.0,0.0,,9.0,118,12.6,
2026-08-13T03:15,16.7,47,14.2,0.0,0.0,,9.0,120,11.9,
2026-08-13T03:30,16.5,46,14.0,0.0,0.0,,8.6,122,11.5,
2026-08-13T03:45,16.5,44,13.9,0.0,0.0,,8.6,124,10.8,
2026-08-13T04:00,16.6,42,13.8,0.0,0.0,,8.6,126,10.8,
2026-08-13T04:15,16.8,39,13.9,0.0,0.0,,8.6,125,11.2,
2026-08-13T04:30,17.3,36,14.2,0.0,0.0,,9.0,125,11.5,
2026-08-13T04:45,17.7,33,14.4,0.0,0.0,,9.4,124,12.2,
2026-08-13T05:00,17.8,31,14.4,0.0,0.0,,9.4,123,12.6,
2026-08-13T05:15,17.6,31,14.2,0.0,0.0,,9.4,120,12.6,
2026-08-13T05:30,17.2,33,13.8,0.0,0.0,,9.7,117,13.0,
2026-08-13T05:45,16.8,35,13.4,0.0,0.0,,9.7,113,12.6,
2026-08-13T06:00,16.5,36,13.2,0.0,0.0,,9.7,110,12.6,
2026-08-13T06:15,16.3,36,13.0,0.0,0.0,,9.4,107,12.2,
2026-08-13T06:30,16.3,35,13.0,0.0,0.0,,9.0,105,11.5,
2026-08-13T06:45,16.3,33,13.0,0.0,0.0,,8.3,102,11.2,
2026-08-13T07:00,16.5,33,13.3,0.0,0.0,,7.9,99,10.8,
2026-08-13T07:15,17.0,34,13.9,0.0,0.0,,7.9,105,10.8,
2026-08-13T07:30,17.6,35,14.6,0.0,0.0,,8.3,111,11.2,
2026-08-13T07:45,18.4,36,15.6,0.0,0.0,,8.3,116,11.2,
2026-08-13T08:00,19.1,37,16.5,0.0,0.0,,8.3,122,11.5,
2026-08-13T08:15,19.9,37,17.5,0.0,0.0,,7.6,124,11.5,
2026-08-13T08:30,20.6,37,18.5,0.0,0.0,,6.8,127,11.2,
2026-08-13T08:45,21.4,37,19.6,0.0,0.0,,5.8,129,11.2,
2026-08-13T09:00,22.3,36,20.6,0.0,0.0,,5.4,131,11.5,
2026-08-13T09:15,23.3,34,21.6,0.0,0.0,,5.8,131,12.6,
2026-08-13T09:30,24.3,32,22.5,0.0,0.0,,6.5,132,14.0,
2026-08-13T09:45,25.4,29,23.3,0.0,0.0,,7.6,132,15.8,
2026-08-13T10:00,26.4,27,24.2,0.0,0.0,,8.3,132,17.3,
2026-08-13T10:15,27.3,26,25.1,0.0,0.0,,9.0,130,18.4,
2026-08-13T10:30,28.2,25,26.0,0.0,0.0,,9.4,128,19.4,
2026-08-13T10:45,29.0,24,26.9,0.0,0.0,,9.7,125,20.2,
2026-08-13T11:00,29.6,23,27.7,0.0,0.0,,9.7,123,20.5,
2026-08-13T11:15,30.0,22,28.3,0.0,0.0,,9.4,116,20.2,
2026-08-13T11:30,30.2,22,28.8,0.0,0.0,,8.6,109,19.4,
2026-08-13T11:45,30.3,22,29.2,0.0,0.0,,7.9,101,18.7,
2026-08-13T12:00,30.5,22,29.6,0.0,0.0,,7.6,94,18.4,
2026-08-13T12:15,30.8,22,30.0,0.0,0.0,,7.9,88,19.1,
2026-08-13T12:30,31.0,23,30.4,0.0,0.0,,8.6,83,20.2,
2026-08-13T12:45,31.2,23,30.6,0.0,0.0,,9.7,77,21.6,
2026-08-13T13:00,31.5,23,30.9,0.0,0.0,,10.4,71,23.0,
2026-08-13T13:15,31.9,22,31.2,0.0,0.0,,11.2,74,24.5,
2026-08-13T13:30,32.4,21,31.5,0.0,0.0,,11.9,76,25.6,
2026-08-13T13:45,32.9,20,31.9,0.0,0.0,,12.2,79,26.6,
2026-08-13T14:00,33.2,19,32.0,0.0,0.0,,12.6,81,27.4,
2026-08-13T14:15,33.3,19,32.1,0.0,0.0,,12.6,82,27.0,
2026-08-13T14:30,33.3,20,32.4,0.0,0.0,,11.9,83,26.3,
2026-08-13T14:45,33.3,21,32.5,0.0,0.0,,11.5,84,25.6,
2026-08-13T15:00,33.3,21,32.6,0.0,0.0,,10.8,85,24.5,
2026-08-13T15:15,33.4,21,32.8,0.0,0.0,,10.1,82,23.4,
2026-08-13T15:30,33.6,20,32.9,0.0,0.0,,9.4,78,22.3,
2026-08-13T15:45,33.8,19,33.0,0.0,0.0,,8.3,75,21.2,
2026-08-13T16:00,34.0,18,33.0,0.0,0.0,,7.9,71,20.5,
2026-08-13T16:15,34.3,17,33.0,0.0,0.0,,7.9,59,20.5,
2026-08-13T16:30,34.6,17,33.2,0.0,0.0,,7.9,48,20.9,
2026-08-13T16:45,34.9,16,33.1,0.0,0.0,,8.3,36,20.9,
2026-08-13T17:00,35.1,16,33.1,0.0,0.0,,8.3,24,20.9,
2026-08-13T17:15,35.1,15,32.9,0.0,0.0,,7.6,20,20.2,
2026-08-13T17:30,35.0,15,32.7,0.0,0.0,,6.8,15,18.7,
2026-08-13T17:45,34.9,14,32.5,0.0,0.0,,6.1,11,17.3,
2026-08-13T18:00,34.8,14,32.4,0.0,0.0,,5.8,6,16.6,
2026-08-13T18:15,34.6,14,32.2,0.0,0.0,,6.1,17,16.6,
2026-08-13T18:30,34.5,15,32.0,0.0,0.0,,7.2,28,16.9,
2026-08-13T18:45,34.3,15,31.7,0.0,0.0,,8.3,38,17.6,
2026-08-13T19:00,34.2,16,31.6,0.0,0.0,,9.0,49,17.6,
2026-08-13T19:15,34.1,16,31.5,0.0,0.0,,9.0,45,17.3,
2026-08-13T19:30,34.1,16,31.5,0.0,0.0,,9.0,41,16.6,
2026-08-13T19:45,33.9,17,31.5,0.0,0.0,,9.0,36,15.5,
2026-08-13T20:00,33.6,17,31.2,0.0,0.0,,8.6,32,14.4,
2026-08-13T20:15,33.0,18,30.7,0.0,0.0,,8.3,29,13.3,
2026-08-13T20:30,32.2,19,30.0,0.0,0.0,,8.3,25,11.5,
2026-08-13T20:45,31.4,20,29.2,0.0,0.0,,7.9,22,10.4,
2026-08-13T21:00,30.5,21,28.3,0.0,0.0,,7.9,18,9.7,
2026-08-13T21:15,29.7,22,27.5,0.0,0.0,,8.3,28,10.1,
2026-08-13T21:30,29.0,22,26.5,0.0,0.0,,8.6,38,11.2,
2026-08-13T21:45,28.2,22,25.6,0.0,0.0,,9.0,48,12.6,
2026-08-13T22:00,27.5,23,24.9,0.0,0.0,,9.0,58,13.0,
2026-08-13T22:15,26.9,24,24.4,0.0,0.0,,8.3,61,12.2,
2026-08-13T22:30,26.4,25,24.1,0.0,0.0,,7.2,64,10.8,
2026-08-13T22:45,25.9,26,23.8,0.0,0.0,,6.1,67,9.4,
2026-08-13T23:00,25.5,27,23.5,0.0,0.0,,5.8,70,8.6,
2026-08-13T23:15,25.0,28,23.0,0.0,0.0,,6.1,74,9.0,
2026-08-13T23:30,24.6,29,22.4,0.0,0.0,,6.8,77,9.7,
2026-08-13T23:45,24.1,31,22.0,0.0,0.0,,7.9,81,10.8,
2026-08-14T00:00,23.7,32,21.4,0.0,0.0,,8.6,84,11.5,
2026-08-14T00:15,23.1,34,20.9,0.0,0.0,,9.0,90,11.9,
2026-08-14T00:30,22.6,36,20.4,0.0,0.0,,9.4,95,12.2,
2026-08-14T00:45,22.0,38,19.9,0.0,0.0,,9.4,101,12.2,
2026-08-14T01:00,21.6,39,19.5,0.0,0.0,,9.4,106,11.9,
2026-08-14T01:15,21.3,39,19.3,0.0,0.0,,8.6,121,11.2,
2026-08-14T01:30,21.2,38,19.2,0.0,0.0,,7.9,137,9.7,
2026-08-14T01:45,21.1,36,19.0,0.0,0.0,,6.8,152,8.3,
2026-08-14T02:00,21.0,36,19.0,0.0,0.0,,5.8,167,7.2,
2026-08-14T02:15,20.7,37,18.9,0.0,0.0,,4.7,174,5.8,
2026-08-14T02:30,20.5,39,18.9,0.0,0.0,,4.0,180,4.3,
2026-08-14T02:45,20.2,41,18.9,0.0,0.0,,3.2,187,3.6,
2026-08-14T03:00,20.0,42,18.7,0.0,0.0,,3.2,193,3.6,
2026-08-14T03:15,19.8,42,18.2,0.0,0.0,,4.7,175,5.4,
2026-08-14T03:30,19.6,40,17.5,0.0,0.0,,6.8,157,8.6,
2026-08-14T03:45,19.3,39,16.8,0.0,0.0,,9.0,138,11.5,
2026-08-14T04:00,19.1,38,16.2,0.0,0.0,,10.8,120,13.7,
2026-08-14T04:15,18.9,38,15.8,0.0,0.0,,11.5,120,14.4,
2026-08-14T04:30,18.6,39,15.6,0.0,0.0,,11.9,120,14.0,
2026-08-14T04:45,18.3,39,15.2,0.0,0.0,,11.9,119,13.3,
2026-08-14T05:00,18.1,40,15.0,0.0,0.0,,11.9,119,13.0,
2026-08-14T05:15,18.0,41,14.9,0.0,0.0,,12.2,119,13.3,
2026-08-14T05:30,17.8,41,14.7,0.0,0.0,,12.6,119,13.7,
2026-08-14T05:45,17.7,42,14.6,0.0,0.0,,12.6,119,14.0,
2026-08-14T06:00,17.6,42,14.5,0.0,0.0,,12.2,119,13.7,
2026-08-14T06:15,17.4,42,14.5,0.0,0.0,,11.2,122,13.0,
2026-08-14T06:30,17.2,41,14.3,0.0,0.0,,10.1,124,11.5,
2026-08-14T06:45,17.1,40,14.3,0.0,0.0,,8.6,127,10.1,
2026-08-14T07:00,17.1,39,14.5,0.0,0.0,,7.2,129,8.6,
2026-08-14T07:15,17.4,39,15.0,0.0,0.0,,6.1,131,7.2,
2026-08-14T07:30,17.9,40,15.8,0.0,0.0,,4.7,133,5.4,
2026-08-14T07:45,18.5,40,16.7,0.0,0.0,,3.6,134,4.3,
2026-08-14T08:00,19.2,40,17.6,0.0,0.0,,3.2,136,4.0,
2026-08-14T08:15,20.2,39,18.7,0.0,0.0,,3.6,131,5.0,
2026-08-14T08:30,21.4,37,19.8,0.0,0.0,,4.7,127,7.2,
2026-08-14T08:45,22.7,34,20.9,0.0,0.0,,5.4,122,9.7,
2026-08-14T09:00,23.9,32,22.0,0.0,0.0,,6.1,117,11.2,
2026-08-14T09:15,25.0,30,23.2,0.0,0.0,,6.1,127,11.9,
2026-08-14T09:30,26.2,27,24.3,0.0,0.0,,5.8,137,11.9,
2026-08-14T09:45,27.3,25,25.4,0.0,0.0,,5.4,147,11.5,
2026-08-14T10:00,28.3,23,26.4,0.0,0.0,,5.0,157,11.5,
2026-08-14T10:15,29.3,21,27.4,0.0,0.0,,4.7,137,11.5,
2026-08-14T10:30,30.3,20,28.5,0.0,0.0,,4.0,117,11.2,
2026-08-14T10:45,31.2,19,29.6,0.0,0.0,,3.6,96,11.2,
2026-08-14T11:00,31.9,18,30.5,0.0,0.0,,3.6,76,11.9,
2026-08-14T11:15,32.6,18,31.3,0.0,0.0,,4.7,75,13.7,
2026-08-14T11:30,33.1,18,31.8,0.0,0.0,,6.5,75,16.6,
2026-08-14T11:45,33.6,18,32.3,0.0,0.0,,7.9,74,19.1,
2026-08-14T12:00,33.9,18,32.7,0.0,0.0,,8.6,73,20.5,
2026-08-14T12:15,34.1,18,33.3,0.0,0.0,,7.6,70,20.2,
2026-08-14T12:30,34.2,17,33.6,0.0,0.0,,5.8,66,18.4,
2026-08-14T12:45,34.3,16,34.0,0.0,0.0,,3.6,63,16.6,
2026-08-14T13:00,34.4,16,34.4,0.0,0.0,,2.5,59,15.8,
2026-08-14T13:15,34.8,16,34.8,0.0,0.0,,3.2,64,16.9,
2026-08-14T13:30,35.2,16,35.1,0.0,0.0,,4.7,68,18.7,
2026-08-14T13:45,35.6,17,35.6,0.0,0.0,,6.1,73,20.5,
2026-08-14T14:00,36.0,17,35.7,0.0,0.0,,7.6,77,22.3,
2026-08-14T14:15,36.2,18,36.1,0.0,0.0,,8.3,81,23.4,
2026-08-14T14:30,36.4,18,36.1,0.0,0.0,,9.0,84,24.5,
2026-08-14T14:45,36.5,19,36.4,0.0,0.0,,9.4,88,25.2,
2026-08-14T15:00,36.6,19,36.5,0.0,0.0,,9.4,91,25.6,
2026-08-14T15:15,36.7,19,36.6,0.0,0.0,,9.0,88,25.2,
2026-08-14T15:30,36.9,19,36.8,0.0,0.0,,7.9,86,24.1,
2026-08-14T15:45,36.9,18,36.7,0.0,0.0,,7.2,83,23.4,
2026-08-14T16:00,36.9,18,36.6,0.0,0.0,,6.8,80,23.0,
2026-08-14T16:15,36.8,18,36.2,0.0,0.0,,7.6,80,23.8,
2026-08-14T16:30,36.7,18,35.6,0.0,0.0,,9.0,79,24.8,
2026-08-14T16:45,36.5,19,35.2,0.0,0.0,,10.4,79,26.3,
2026-08-14T17:00,36.3,19,34.7,0.0,0.0,,11.5,78,27.4,
2026-08-14T17:15,36.3,19,34.3,0.0,0.0,,12.2,78,27.7,
2026-08-14T17:30,36.2,19,34.1,0.0,0.0,,13.0,78,28.1,
2026-08-14T17:45,36.2,20,34.2,0.0,0.0,,13.7,78,28.4,
2026-08-14T18:00,36.1,20,34.0,0.0,0.0,,14.0,78,28.1,
2026-08-14T18:15,35.9,21,33.9,0.0,0.0,,14.4,84,27.4,
2026-08-14T18:30,35.7,22,33.8,0.0,0.0,,14.4,90,26.6,
2026-08-14T18:45,35.4,22,33.5,0.0,0.0,,14.4,96,25.6,
2026-08-14T19:00,35.1,23,33.4,0.0,0.0,,14.0,102,24.5,
2026-08-14T19:15,34.9,23,33.1,0.0,0.0,,13.7,100,23.4,
2026-08-14T19:30,34.6,23,32.9,0.0,0.0,,13.0,98,22.3,
2026-08-14T19:45,34.3,23,32.6,0.0,0.0,,12.2,95,20.9,
2026-08-14T20:00,33.9,24,32.4,0.0,0.0,,11.2,93,19.1,
2026-08-14T20:15,33.2,26,32.1,0.0,0.0,,10.1,95,16.9,
2026-08-14T20:30,32.4,30,32.0,0.0,0.0,,8.3,96,14.0,
2026-08-14T20:45,31.6,33,31.7,0.0,0.0,,6.8,98,11.5,
2026-08-14T21:00,30.8,36,31.2,0.0,0.0,,6.1,99,9.7,
2026-08-14T21:15,30.0,38,30.5,0.0,0.0,,6.1,97,9.0,
2026-08-14T21:30,29.3,40,29.7,0.0,0.0,,6.5,96,9.0,
2026-08-14T21:45,28.6,41,28.9,0.0,0.0,,6.8,94,9.4,
2026-08-14T22:00,28.0,41,28.1,0.0,0.0,,7.2,92,9.4,
2026-08-14T22:15,27.7,40,27.6,0.0,0.0,,7.2,80,9.4,
2026-08-14T22:30,27.6,38,27.2,0.0,0.0,,7.2,68,9.7,
2026-08-14T22:45,27.5,36,26.8,0.0,0.0,,7.2,56,9.7,
2026-08-14T23:00,27.2,35,26.4,0.0,0.0,,6.8,44,9.7,
2026-08-14T23:15,26.7,36,25.9,0.0,0.0,,6.5,30,9.0,
2026-08-14T23:30,26.1,37,25.3,0.0,0.0,,5.8,16,7.9,
2026-08-14T23:45,25.5,39,24.9,0.0,0.0,,5.0,1,7.6,
2026-08-15T00:00,25.0,40,24.4,0.0,0.0,,5.4,347,7.9,
2026-08-15T00:15,24.9,40,24.0,0.0,0.0,,7.2,7,10.8,
2026-08-15T00:30,25.0,38,23.6,0.0,0.0,,9.7,28,15.1,
2026-08-15T00:45,25.1,37,23.2,0.0,0.0,,12.2,48,19.1,
2026-08-15T01:00,25.0,37,22.9,0.0,0.0,,13.0,68,20.5,
2026-08-15T01:15,24.5,39,22.8,0.0,0.0,,11.2,86,17.6,
2026-08-15T01:30,23.7,42,22.6,0.0,0.0,,7.9,104,12.2,
2026-08-15T01:45,22.9,45,22.4,0.0,0.0,,4.3,121,6.5,
2026-08-15T02:00,22.3,47,22.1,0.0,0.0,,2.2,139,2.5,
2026-08-15T02:15,21.8,48,21.7,0.0,0.0,,1.8,177,1.8,
2026-08-15T02:30,21.4,47,21.0,0.0,0.0,,2.2,215,2.5,
2026-08-15T02:45,21.1,46,20.4,0.0,0.0,,2.9,252,3.6,
2026-08-15T03:00,20.9,46,20.1,0.0,0.0,,3.6,290,4.7,
2026-08-15T03:15,20.8,46,19.9,0.0,0.0,,4.0,253,5.0,
2026-08-15T03:30,20.9,45,19.9,0.0,0.0,,4.3,217,5.8,
2026-08-15T03:45,21.0,45,19.9,0.0,0.0,,4.7,180,6.1,
2026-08-15T04:00,20.9,46,19.8,0.0,0.0,,5.0,143,6.8,
2026-08-15T04:15,20.6,48,19.5,0.0,0.0,,6.1,155,7.6,
2026-08-15T04:30,20.1,51,19.0,0.0,0.0,,7.2,167,8.6,
2026-08-15T04:45,19.7,54,18.5,0.0,0.0,,8.3,179,9.4,
2026-08-15T05:00,19.3,56,18.1,0.0,0.0,,9.0,191,10.4,
2026-08-15T05:15,19.1,56,17.8,0.0,0.0,,9.4,214,11.5,
2026-08-15T05:30,19.1,54,17.6,0.0,0.0,,9.4,236,13.0,
2026-08-15T05:45,19.0,53,17.5,0.0,0.0,,9.4,259,14.4,
2026-08-15T06:00,19.1,53,17.7,0.0,0.0,,9.0,281,14.8,
2026-08-15T06:15,19.3,57,18.3,0.0,0.0,,8.6,294,14.0,
2026-08-15T06:30,19.7,62,19.3,0.0,0.0,,7.6,307,12.6,
2026-08-15T06:45,20.0,68,20.3,0.0,0.0,,6.8,319,11.2,
2026-08-15T07:00,20.3,71,21.0,0.0,0.0,,6.8,332,10.8,
2026-08-15T07:15,20.5,71,21.1,0.0,0.0,,7.6,326,11.9,
2026-08-15T07:30,20.6,68,20.8,0.0,0.0,,9.0,320,14.4,
2026-08-15T07:45,20.7,65,20.5,0.0,0.0,,10.4,313,16.6,
2026-08-15T08:00,20.8,62,20.3,0.0,0.0,,10.8,307,17.3,
2026-08-15T08:15,20.9,61,20.5,0.0,0.0,,9.7,323,15.8,
2026-08-15T08:30,21.0,60,20.9,0.0,0.0,,7.2,339,13.0,
2026-08-15T08:45,21.2,59,21.4,0.0,0.0,,5.0,355,10.1,
2026-08-15T09:00,21.5,58,21.8,0.0,0.0,,4.0,11,8.6,
2026-08-15T09:15,22.0,57,22.3,0.0,0.0,,4.7,7,10.1,
2026-08-15T09:30,22.8,56,23.0,0.0,0.0,,6.5,4,13.0,
2026-08-15T09:45,23.5,55,23.5,0.0,0.0,,8.6,360,15.8,
2026-08-15T10:00,23.9,54,23.8,0.0,0.0,,9.7,356,17.6,
2026-08-15T10:15,23.9,54,23.9,0.0,0.0,,9.4,8,16.6,
2026-08-15T10:30,23.6,53,23.6,0.0,0.0,,7.9,20,14.4,
2026-08-15T10:45,23.5,53,23.6,0.0,0.0,,6.5,31,12.2,
2026-08-15T11:00,23.8,51,23.9,0.0,0.0,,6.1,43,11.9,
2026-08-15T11:15,24.9,47,24.7,0.0,0.0,,7.6,29,15.1,
2026-08-15T11:30,26.6,41,25.8,0.0,0.0,,10.4,15,20.5,
2026-08-15T11:45,28.4,36,27.1,0.0,0.0,,13.0,1,25.6,
2026-08-15T12:00,29.5,32,27.8,0.0,0.0,,14.0,347,28.4,
2026-08-15T12:15,29.9,31,28.8,0.0,0.0,,12.6,341,27.4,
2026-08-15T12:30,29.8,32,29.5,0.0,0.0,,10.1,335,23.8,
2026-08-15T12:45,29.6,34,30.1,0.0,0.0,,7.2,329,19.8,
2026-08-15T13:00,29.5,35,30.6,0.0,0.0,,5.0,323,17.3,
2026-08-15T13:15,29.6,35,31.0,0.0,0.0,,4.3,332,16.6,
2026-08-15T13:30,29.7,34,31.1,0.0,0.0,,4.0,341,16.6,
2026-08-15T13:45,29.9,34,31.3,0.0,0.0,,4.3,350,17.3,
2026-08-15T14:00,30.1,33,31.4,0.0,0.0,,5.0,359,18.4,
2026-08-15T14:15,30.4,32,31.4,0.0,0.0,,6.8,350,20.5,
2026-08-15T14:30,30.9,31,31.4,0.0,0.0,,9.0,341,23.8,
2026-08-15T14:45,31.2,30,31.2,0.0,0.0,,11.5,331,27.0,
2026-08-15T15:00,31.5,29,30.9,0.0,0.0,,13.0,322,28.8,
2026-08-15T15:15,31.7,28,30.6,0.0,0.0,,13.3,324,29.2,
2026-08-15T15:30,31.8,28,30.6,0.0,0.0,,12.6,326,28.4,
2026-08-15T15:45,31.8,27,30.3,0.0,0.0,,11.9,328,27.4,
2026-08-15T16:00,31.8,27,30.3,0.0,0.0,,11.5,330,27.0,
2026-08-15T16:15,31.7,28,30.2,0.0,0.0,,11.9,333,27.0,
2026-08-15T16:30,31.6,29,30.2,0.0,0.0,,12.6,337,27.7,
2026-08-15T16:45,31.4,30,30.0,0.0,0.0,,13.0,340,28.1,
2026-08-15T17:00,31.2,31,29.9,0.0,0.0,,13.7,343,28.4,
2026-08-15T17:15,31.1,31,29.6,0.0,0.0,,14.0,345,28.4,
2026-08-15T17:30,31.0,32,29.6,0.0,0.0,,14.4,347,28.8,
2026-08-15T17:45,30.8,32,29.4,0.0,0.0,,14.8,348,28.4,
2026-08-15T18:00,30.7,32,29.1,0.0,0.0,,15.1,350,28.4,
2026-08-15T18:15,30.5,32,28.9,0.0,0.0,,15.1,360,28.1,
2026-08-15T18:30,30.2,32,28.6,0.0,0.0,,15.1,9,27.7,
2026-08-15T18:45,30.0,32,28.3,0.0,0.0,,14.8,19,27.4,
2026-08-15T19:00,29.7,33,28.2,0.0,0.0,,14.4,28,26.6,
2026-08-15T19:15,29.4,34,28.0,0.0,0.0,,13.7,29,25.6,
2026-08-15T19:30,29.1,35,27.8,0.0,0.0,,13.3,29,24.5,
2026-08-15T19:45,28.8,37,27.8,0.0,0.0,,12.6,30,23.0,
2026-08-15T20:00,28.5,38,27.6,0.0,0.0,,11.9,30,22.0,
2026-08-15T20:15,28.1,39,27.3,0.0,0.0,,11.5,24,20.9,
2026-08-15T20:30,27.7,39,26.8,0.0,0.0,,11.5,18,19.8,
2026-08-15T20:45,27.2,39,26.3,0.0,0.0,,11.2,11,19.1,
2026-08-15T21:00,26.8,40,25.9,0.0,0.0,,11.2,5,18.4,
2026-08-15T21:15,26.5,40,25.4,0.0,0.0,,11.2,4,18.4,
2026-08-15T21:30,26.1,41,25.0,0.0,0.0,,11.5,4,18.7,
2026-08-15T21:45,25.8,42,24.8,0.0,0.0,,11.5,3,19.1,
2026-08-15T22:00,25.5,44,24.6,0.0,0.0,,10.8,2,18.0,
2026-08-15T22:15,25.1,48,24.9,0.0,0.0,,8.6,12,14.8,
2026-08-15T22:30,24.7,54,25.5,0.0,0.0,,5.0,22,10.1,
2026-08-15T22:45,24.3,60,26.0,0.0,0.0,,2.2,32,6.1,
2026-08-15T23:00,23.9,64,26.1,0.0,0.0,,1.1,42,4.7,
2026-08-15T23:15,23.6,65,25.4,0.0,0.0,,3.2,32,7.9,
2026-08-15T23:30,23.2,64,24.3,0.0,0.0,,7.2,23,13.7,
2026-08-15T23:45,22.9,63,23.1,0.0,0.0,,11.9,13,20.2,
2026-08-16T00:00,22.7,62,22.3,0.0,0.0,,14.8,3,24.5,
2026-08-16T00:15,22.7,63,22.2,0.0,0.0,,15.8,5,26.3,
2026-08-16T00:30,22.7,64,22.3,0.0,0.0,,16.2,6,26.6,
2026-08-16T00:45,22.8,65,22.5,0.0,0.0,,15.5,8,26.3,
2026-08-16T01:00,22.8,65,22.6,0.0,0.0,,15.1,9,25.2,
2026-08-16T01:15,22.7,63,22.4,0.0,0.0,,14.4,7,23.4,
2026-08-16T01:30,22.6,60,22.1,0.0,0.0,,13.3,6,20.9,
2026-08-16T01:45,22.4,58,21.8,0.0,0.0,,12.2,4,18.4,
2026-08-16T02:00,22.1,58,21.5,0.0,0.0,,11.5,2,16.6,
2026-08-16T02:15,21.5,62,21.2,0.0,0.0,,11.2,2,16.2,
2026-08-16T02:30,20.8,68,20.8,0.0,0.0,,10.8,1,16.6,
2026-08-16T02:45,20.1,75,20.5,0.0,0.0,,10.8,1,17.3,
2026-08-16T03:00,19.6,80,20.2,0.0,0.0,,10.8,0,17.6,
2026-08-16T03:15,19.4,83,20.1,0.0,0.0,,10.8,1,17.6,
2026-08-16T03:30,19.3,84,20.1,0.0,0.0,,10.8,1,17.6,
2026-08-16T03:45,19.4,85,20.2,0.0,0.0,,10.8,2,17.6,
2026-08-16T04:00,19.3,86,20.2,0.0,0.0,,10.8,2,18.0,
2026-08-16T04:15,19.3,86,20.1,0.0,0.0,,11.2,2,18.4,
2026-08-16T04:30,19.2,86,19.9,0.0,0.0,,11.5,3,19.1,
2026-08-16T04:45,19.1,86,19.8,0.0,0.0,,11.5,3,19.8,
2026-08-16T05:00,18.9,87,19.6,0.0,0.0,,11.9,3,20.2,
2026-08-16T05:15,18.6,88,19.2,0.0,0.0,,11.9,2,20.2,
2026-08-16T05:30,18.3,91,18.9,0.0,0.0,,11.9,0,20.2,
2026-08-16T05:45,17.9,93,18.5,0.0,0.0,,11.9,359,19.8,
2026-08-16T06:00,17.6,94,18.2,0.0,0.0,,11.9,357,19.4,
2026-08-16T06:15,17.5,95,18.1,0.0,0.0,,11.5,358,19.1,
2026-08-16T06:30,17.4,96,18.2,0.0,0.0,,11.2,359,18.4,
2026-08-16T06:45,17.4,96,18.3,0.0,0.0,,10.8,359,18.0,
2026-08-16T07:00,17.5,95,18.3,0.0,0.0,,10.8,0,18.0,
2026-08-16T07:15,17.6,93,18.2,0.0,0.0,,11.2,0,19.1,
2026-08-16T07:30,17.8,90,18.1,0.0,0.0,,12.2,1,20.9,
2026-08-16T07:45,18.0,86,18.0,0.0,0.0,,13.0,1,22.3,
2026-08-16T08:00,18.2,84,18.2,0.0,0.0,,13.3,1,23.4,
2026-08-16T08:15,18.4,83,18.4,0.0,0.0,,13.0,5,23.0,
2026-08-16T08:30,18.6,83,18.8,0.0,0.0,,12.2,8,22.3,
2026-08-16T08:45,18.9,83,19.4,0.0,0.0,,11.2,12,20.9,
2026-08-16T09:00,19.3,82,19.9,0.0,0.0,,10.4,15,20.2,
2026-08-16T09:15,19.8,80,20.5,0.0,0.0,,10.1,14,19.8,
2026-08-16T09:30,20.5,77,21.3,0.0,0.0,,9.7,13,19.4,
2026-08-16T09:45,21.2,73,22.0,0.0,0.0,,9.4,11,19.1,
2026-08-16T10:00,21.8,70,22.6,0.0,0.0,,9.4,10,19.4,
2026-08-16T10:15,22.3,67,22.9,0.0,0.0,,9.7,9,20.5,
2026-08-16T10:30,22.8,64,23.2,0.0,0.0,,10.4,7,22.0,
2026-08-16T10:45,23.2,61,23.3,0.0,0.0,,11.5,6,23.8,
2026-08-16T11:00,23.6,59,23.7,0.0,0.0,,11.9,4,24.8,
2026-08-16T11:15,24.0,57,24.1,0.0,0.0,,11.9,3,25.6,
2026-08-16T11:30,24.4,55,24.5,0.0,0.0,,11.9,2,25.6,
2026-08-16T11:45,24.9,54,25.1,0.0,0.0,,11.9,1,25.6,
2026-08-16T12:00,25.2,53,25.7,0.0,0.0,,11.5,0,25.6,
2026-08-16T12:15,25.5,52,26.2,0.0,0.0,,11.2,358,25.6,
2026-08-16T12:30,25.8,52,26.7,0.0,0.0,,10.8,356,25.2,
2026-08-16T12:45,26.1,51,26.9,0.0,0.0,,10.4,354,24.8,
2026-08-16T13:00,26.2,51,26.9,0.0,0.0,,10.4,352,24.8,
2026-08-16T13:15,26.2,50,26.4,0.0,0.0,,10.8,353,24.8,
2026-08-16T13:30,26.1,50,26.1,0.0,0.0,,11.2,354,24.8,
2026-08-16T13:45,25.9,49,25.7,0.0,0.0,,11.5,355,24.8,
2026-08-16T14:00,26.0,48,25.7,0.0,0.0,,11.5,356,24.8,
2026-08-16T14:15,26.4,46,26.1,0.0,0.0,,11.2,356,24.5,
2026-08-16T14:30,27.0,44,26.9,0.0,0.0,,10.1,355,24.1,
2026-08-16T14:45,27.6,42,27.7,0.0,0.0,,9.0,355,23.8,
2026-08-16T15:00,28.1,40,28.3,0.0,0.0,,8.6,354,23.8,
2026-08-16T15:15,28.3,39,28.6,0.0,0.0,,8.6,351,23.8,
2026-08-16T15:30,28.3,40,28.8,0.0,0.0,,8.6,348,23.8,
2026-08-16T15:45,28.3,40,28.7,0.0,0.0,,9.0,345,23.8,
2026-08-16T16:00,28.2,40,28.3,0.0,0.0,,9.7,342,24.5,
2026-08-16T16:15,28.2,40,27.8,0.0,0.0,,11.2,344,25.9,
2026-08-16T16:30,28.1,39,27.2,0.0,0.0,,13.0,347,28.1,
2026-08-16T16:45,28.0,39,26.8,0.0,0.0,,14.4,349,29.9,
2026-08-16T17:00,28.0,38,26.5,0.0,0.0,,15.5,351,31.0,
2026-08-16T17:15,28.0,37,26.4,0.0,0.0,,15.1,350,30.2,
2026-08-16T17:30,28.1,36,26.5,0.0,0.0,,14.4,348,28.8,
2026-08-16T17:45,28.1,35,26.6,0.0,0.0,,13.0,347,26.6,
2026-08-16T18:00,28.1,35,26.7,0.0,0.0,,12.2,345,25.6,
2026-08-16T18:15,27.9,35,26.5,0.0,0.0,,11.9,348,25.2,
2026-08-16T18:30,27.7,35,26.3,0.0,0.0,,11.5,350,25.6,
2026-08-16T18:45,27.4,35,26.0,0.0,0.0,,11.2,353,26.3,
2026-08-16T19:00,27.2,36,25.8,0.0,0.0,,11.2,355,26.3,
2026-08-16T19:15,27.0,37,25.7,0.0,0.0,,11.2,358,25.9,
2026-08-16T19:30,26.7,38,25.4,0.0,0.0,,11.5,1,24.8,
2026-08-16T19:45,26.5,39,25.1,0.0,0.0,,12.2,3,24.1,
2026-08-16T20:00,26.2,40,24.8,0.0,0.0,,13.0,6,24.5,
2026-08-16T20:15,25.8,42,24.3,0.0,0.0,,14.4,5,26.3,
2026-08-16T20:30,25.3,43,23.5,0.0,0.0,,16.6,5,28.8,
2026-08-16T20:45,24.8,45,22.8,0.0,0.0,,18.4,4,31.3,
2026-08-16T21:00,24.4,47,22.3,0.0,0.0,3,19.1,3,33.1,1001.3
2026-08-16T22:45,21.8,58,21.2,0.0,0.0,3,11.2,19,25.9,1001.9
2026-08-16T21:15,24.0,48,23.0,0.0,0.0,,12.2,11,27.4,
2026-08-16T21:30,23.5,51,22.5,0.0,0.0,,13.0,12,30.2,
2026-08-16T21:45,22.9,53,21.8,0.0,0.0,,13.7,14,32.8,
2026-08-16T22:00,22.8,54,22.2,0.0,0.0,,10.4,7,32.8,
2026-08-17T00:45,19.3,68,19.5,0.0,0.0,2,5.8,58,13.0,1001.6
2026-08-16T22:15,22.1,57,21.5,0.0,0.0,,11.2,10,19.4,
2026-08-16T22:30,21.8,58,21.3,0.0,0.0,,10.4,12,19.8,
2026-08-16T23:00,21.1,60,20.7,0.0,0.0,,9.7,15,20.2,
2026-08-16T23:15,20.9,61,20.5,0.0,0.0,,9.4,18,19.4,
2026-08-16T23:30,20.6,63,20.4,0.0,0.0,,9.0,20,18.4,
2026-08-16T23:45,20.4,65,20.4,0.0,0.0,,8.3,23,16.9,
2026-08-17T00:00,19.9,65,19.8,0.0,0.0,,7.6,10,11.2,
2026-08-17T00:15,19.6,66,19.6,0.0,0.0,,6.8,24,10.8,
2026-08-17T00:30,19.4,67,19.5,0.0,0.0,,6.1,38,11.2,
2026-08-17T01:00,19.1,69,19.4,0.0,0.0,,5.0,66,11.2,
2026-08-17T01:15,18.9,70,19.3,0.0,0.0,,4.7,74,10.4,
2026-08-17T01:30,18.8,71,19.2,0.0,0.0,,4.7,82,9.4,
2026-08-17T01:45,18.2,71,18.2,0.0,0.0,,6.8,73,8.6,
2026-08-17T02:00,18.1,71,18.1,0.0,0.0,,6.5,76,8.3,
2026-08-17T02:15,18.0,71,18.0,0.0,0.0,,6.1,81,8.3,
2026-08-17T02:30,17.9,72,17.9,0.0,0.0,,6.1,85,8.3,
2026-08-17T02:45,17.9,73,18.0,0.0,0.0,,6.1,90,8.3,
2026-08-17T05:45,17.9,73,18.3,0.0,0.0,3,3.6,36,6.5,1000.6
2026-08-17T03:00,17.7,77,18.0,0.0,0.0,,6.1,114,7.9,
2026-08-17T03:15,17.7,77,17.9,0.0,0.0,,6.5,116,8.3,
2026-08-17T03:30,17.6,77,17.8,0.0,0.0,,6.8,118,9.0,
2026-08-17T03:45,17.6,77,17.8,0.0,0.0,,6.8,120,10.1,
2026-08-17T04:00,17.6,77,17.8,0.0,0.0,,6.8,122,10.4,
2026-08-17T04:15,17.6,77,17.9,0.0,0.0,,6.1,121,10.4,
2026-08-17T04:30,17.7,77,18.1,0.0,0.0,,5.0,121,10.4,
2026-08-17T04:45,17.7,75,17.8,0.0,0.0,,6.5,82,10.1,
2026-08-17T05:00,17.8,74,17.9,0.0,0.0,,6.1,68,10.1,
2026-08-17T05:15,17.8,74,18.0,0.0,0.0,,5.4,82,10.4,
2026-08-17T05:30,17.9,73,18.1,0.0,0.0,,4.7,97,11.2,
2026-08-17T06:00,18.0,73,18.5,0.0,0.0,,3.2,125,11.9,
2026-08-17T06:15,17.7,75,18.1,0.1,0.1,,4.3,23,9.0,
2026-08-17T06:30,17.6,75,18.0,0.1,0.1,,4.3,27,12.2,
2026-08-17T06:45,17.6,76,18.1,0.1,0.1,,4.3,30,15.1,
2026-08-17T07:00,17.6,77,18.2,0.1,0.1,,4.0,33,16.6,
2026-08-17T07:15,17.7,81,18.2,0.1,0.1,,6.1,32,10.4,
2026-08-17T07:30,17.4,83,18.2,0.1,0.1,,5.0,47,10.8,
2026-08-17T07:45,17.2,86,18.2,0.1,0.1,,4.3,63,10.8,
2026-08-17T08:00,17.1,87,18.1,0.1,0.1,,4.0,78,11.2,
2026-08-17T08:15,17.1,87,18.2,0.0,0.0,,4.3,79,11.5,
2026-08-17T08:30,17.2,87,18.2,0.0,0.0,,5.0,81,11.9,
2026-08-17T08:45,17.4,87,18.4,0.0,0.0,,5.8,82,12.2,
2026-08-17T09:00,17.6,76,17.7,0.0,0.0,,6.5,69,12.6,
2026-08-17T09:15,17.7,74,17.8,0.0,0.0,,6.5,80,13.0,
2026-08-17T09:30,17.8,73,17.8,0.0,0.0,,6.8,90,14.0,
2026-08-17T09:45,18.0,72,17.8,0.0,0.0,,7.2,101,14.8,
2026-08-17T10:00,18.2,71,18.0,0.0,0.0,,7.2,111,15.5,
2026-08-17T10:15,18.4,69,18.3,0.0,0.0,,6.5,147,15.5,
2026-08-17T10:30,18.9,67,18.9,0.0,0.0,,5.8,184,15.5,
2026-08-17T10:45,19.3,66,19.5,0.0,0.0,,4.7,220,15.1,
2026-08-17T11:00,19.7,65,20.0,0.0,0.0,,4.3,256,14.8,
2026-08-17T11:15,18.8,82,20.6,0.0,0.0,,1.1,241,6.1,
2026-08-17T11:30,18.8,82,20.6,0.0,0.0,,1.1,256,6.5,
2026-08-17T11:45,18.9,82,20.7,0.0,0.0,,1.1,270,7.6,
2026-08-17T12:00,19.1,81,20.9,0.0,0.0,,1.8,284,8.6,
2026-08-17T12:15,19.6,80,21.3,0.0,0.0,,2.9,290,10.4,
2026-08-17T12:30,20.3,78,21.9,0.0,0.0,,4.3,296,13.0,
2026-08-17T12:45,21.0,76,22.5,0.0,0.0,,5.8,301,15.8,
2026-08-17T13:00,21.6,75,23.0,0.0,0.0,,7.2,307,18.0,
2026-08-17T13:15,22.0,74,23.3,0.0,0.0,,8.3,316,19.8,
2026-08-17T13:30,22.3,73,23.5,0.0,0.0,,9.4,326,21.2,
2026-08-17T13:45,22.5,72,23.6,0.0,0.0,,10.1,335,22.3,
2026-08-17T14:00,22.8,71,23.8,0.0,0.0,,10.8,344,23.4,
2026-08-17T14:15,23.0,70,25.1,0.0,0.0,,10.8,347,23.8,
2026-08-17T14:30,23.3,68,25.4,0.0,0.0,,10.8,349,24.1,
2026-08-17T14:45,23.5,66,25.6,0.0,0.0,,10.4,352,24.1,
2026-08-17T15:00,23.7,65,25.6,0.0,0.0,,10.4,354,24.1,
2026-08-17T15:15,23.9,64,25.4,0.0,0.0,,10.4,354,24.1,
2026-08-17T15:30,24.1,63,25.1,0.0,0.0,,10.8,354,24.1,
2026-08-17T15:45,24.2,62,24.9,0.0,0.0,,11.2,354,24.5,
2026-08-17T16:00,24.3,61,24.9,0.0,0.0,,11.5,354,24.8,
2026-08-17T16:15,24.3,61,24.8,0.0,0.0,,11.9,349,25.9,
2026-08-17T16:30,24.3,60,24.5,0.0,0.0,,12.6,343,27.4,
2026-08-17T16:45,24.2,60,24.3,0.0,0.0,,13.3,338,28.8,
2026-08-17T17:00,24.1,60,24.1,0.0,0.0,,13.7,332,29.5,
2026-08-17T17:15,24.1,60,24.4,0.0,0.0,,12.2,338,29.5,
2026-08-17T17:30,24.1,59,24.5,0.0,0.0,,10.8,345,28.8,
2026-08-17T17:45,24.1,58,24.5,0.0,0.0,,9.7,351,28.1,
2026-08-17T20:00,22.3,67,22.9,0.0,0.0,2,9.4,22,21.2,1000.8
2026-08-17T18:00,24.0,58,24.4,0.0,0.0,,9.0,357,27.7,
2026-08-17T18:15,23.8,58,24.1,0.0,0.0,,9.7,1,28.4,
2026-08-17T18:30,23.6,60,23.8,0.0,0.0,,11.5,6,29.5,
2026-08-17T18:45,23.4,61,23.3,0.0,0.0,,13.3,10,30.2,
2026-08-17T19:00,23.2,62,23.0,0.0,0.0,,14.0,14,30.2,
2026-08-17T19:15,23.0,63,22.9,0.0,0.0,,13.7,16,28.8,
2026-08-17T19:30,22.7,64,22.8,0.0,0.0,,12.2,18,26.3,
2026-08-17T19:45,22.5,66,23.0,0.0,0.0,,10.4,20,23.4,
2026-08-17T22:30,20.6,76,22.2,0.0,0.0,3,3.6,94,8.6,1001.4
2026-08-17T20:15,22.1,68,22.8,0.0,0.0,,8.6,25,19.4,
2026-08-17T20:30,21.9,70,22.9,0.0,0.0,,7.9,28,18.0,
2026-08-17T20:45,21.7,71,22.8,0.0,0.0,,7.2,30,16.9,
2026-08-17T21:00,21.6,72,22.8,0.0,0.0,,6.8,33,15.5,
2026-08-17T21:15,21.4,73,22.7,0.0,0.0,,6.5,46,14.0,
2026-08-17T21:30,21.3,73,22.6,0.0,0.0,,6.5,58,13.0,
2026-08-17T21:45,21.2,73,22.4,0.0,0.0,,6.1,71,11.5,
2026-08-17T22:00,21.0,74,22.3,0.0,0.0,,5.8,83,10.4,
2026-08-17T22:15,20.8,75,22.3,0.0,0.0,,5.0,89,9.4,
2026-08-17T22:45,20.3,77,22.0,0.0,0.0,,2.9,100,7.9,
2026-08-17T23:00,20.1,78,22.0,0.0,0.0,,2.2,105,7.6,
2026-08-18T01:30,19.6,84,21.2,0.0,0.0,3,6.1,196,6.8,1001.4
2026-08-17T23:15,20.0,78,21.7,0.0,0.0,,2.2,66,7.6,
2026-08-17T23:30,19.9,79,21.7,0.0,0.0,,2.9,27,7.6,
2026-08-17T23:45,19.9,79,21.5,0.0,0.0,,3.6,348,7.9,
2026-08-18T00:00,19.5,79,21.2,0.0,0.0,,2.2,172,4.3,
2026-08-18T00:15,19.5,79,21.1,0.0,0.0,,2.2,184,4.3,
2026-08-18T00:30,19.4,79,21.1,0.0,0.0,,2.2,196,4.7,
2026-08-18T00:45,19.4,79,21.0,0.0,0.0,,2.2,207,5.0,
2026-08-18T01:00,19.3,79,20.9,0.0,0.0,,2.5,219,5.4,
2026-08-18T01:15,18.3,88,19.9,0.0,0.0,,4.3,246,5.4,
2026-08-18T01:45,18.3,89,19.6,0.0,0.0,,6.8,241,10.1,
2026-08-18T02:00,18.3,90,19.4,0.0,0.0,,7.9,238,12.2,
2026-08-18T02:15,18.2,91,19.3,0.0,0.0,,9.0,244,14.4,
2026-08-18T02:30,18.1,92,19.1,0.0,0.0,,9.7,249,16.6,
2026-08-18T02:45,18.0,93,18.9,0.0,0.0,,10.4,255,18.4,
2026-08-18T03:00,18.0,94,18.9,0.0,0.0,,10.8,260,19.4,
2026-08-18T03:15,17.9,94,18.8,0.0,0.0,,10.8,254,19.4,
2026-08-18T03:30,17.9,94,18.9,0.0,0.0,,10.1,248,18.7,
2026-08-18T03:45,17.9,94,18.9,0.0,0.0,,9.7,241,17.6,
2026-08-18T04:00,17.9,94,19.0,0.0,0.0,,9.4,235,17.3,
2026-08-18T04:15,18.0,93,19.1,0.0,0.0,,9.4,234,17.3,
2026-08-18T04:30,18.2,93,19.3,0.0,0.0,,9.7,233,17.6,
2026-08-18T04:45,18.4,92,19.4,0.0,0.0,,10.4,232,18.4,
2026-08-18T05:00,18.5,91,19.5,0.0,0.0,,10.8,231,19.1,
2026-08-18T05:15,18.6,90,19.4,0.0,0.0,,11.5,232,20.2,
2026-08-18T05:30,18.5,90,19.0,0.0,0.0,,12.6,234,21.6,
2026-08-18T05:45,18.5,90,19.0,0.0,0.0,,13.3,235,22.7,
2026-08-18T06:00,18.5,89,18.8,0.0,0.0,,14.0,236,24.1,
2026-08-18T06:15,18.6,88,18.7,0.0,0.0,,14.8,235,25.2,
2026-08-18T06:30,18.6,88,18.6,0.0,0.0,,15.5,235,26.3,
2026-08-18T06:45,18.6,88,18.6,0.0,0.0,,16.2,234,27.4,
2026-08-18T07:00,18.7,87,18.5,0.0,0.0,,16.9,233,28.4,
2026-08-18T07:15,18.7,86,18.4,0.0,0.0,,17.3,235,29.5,
2026-08-18T07:30,18.8,86,18.5,0.0,0.0,,17.6,236,30.2,
2026-08-18T07:45,18.9,85,18.6,0.0,0.0,,17.6,238,31.0,
2026-08-18T08:00,19.0,84,18.6,0.0,0.0,,18.0,239,31.7,
2026-08-18T08:15,19.2,83,18.6,0.0,0.0,,18.7,239,32.0,
2026-08-18T08:30,19.3,82,18.6,0.0,0.0,,19.4,240,32.4,
2026-08-18T08:45,19.5,81,18.7,0.0,0.0,,19.8,240,32.8,
2026-08-18T09:00,19.6,80,18.7,0.0,0.0,,20.5,240,33.5,
2026-08-18T09:15,19.8,78,18.8,0.0,0.0,,20.9,241,34.9,
2026-08-18T09:30,20.1,77,19.0,0.0,0.0,,21.2,243,36.7,
2026-08-18T12:00,19.3,83,19.5,0.0,0.0,3,14.4,265,34.9,999.2
2026-08-18T09:45,20.3,75,19.1,0.0,0.0,,21.6,244,38.5,
2026-08-18T10:00,20.4,74,19.2,0.0,0.0,,21.6,245,39.6,
2026-08-18T10:15,20.4,74,19.3,0.0,0.0,,21.2,247,40.0,
2026-08-18T10:30,20.4,74,19.2,0.0,0.0,,20.9,248,40.0,
2026-08-18T10:45,20.3,75,19.3,0.0,0.0,,20.2,250,39.6,
2026-08-18T11:00,20.1,76,19.3,0.0,0.0,,19.4,251,39.2,
2026-08-18T13:30,18.5,92,19.2,0.0,0.0,3,12.2,248,25.6,999.0
2026-08-18T11:15,20.0,78,19.6,0.2,0.2,,17.6,257,34.2,
2026-08-18T11:30,19.8,81,19.6,0.2,0.2,,16.9,261,34.6,
2026-08-18T11:45,19.5,85,19.6,0.2,0.2,,16.2,265,34.9,
2026-08-18T14:00,18.7,91,19.2,0.0,0.0,3,14.8,250,25.2,999.0
2026-08-18T15:00,18.8,94,19.1,0.0,0.0,3,16.9,247,29.5,997.9
2026-08-18T15:45,19.5,94,20.1,0.0,0.0,3,17.3,259,31.7,997.9
2026-08-18T12:15,19.9,82,20.0,0.1,0.1,,15.8,265,28.4,
2026-08-18T12:30,20.5,77,20.3,0.1,0.1,,16.6,265,29.5,
2026-08-18T12:45,21.0,73,20.6,0.1,0.1,,16.9,264,30.2,
2026-08-18T13:00,21.2,71,20.7,0.1,0.1,,17.3,264,30.6,
2026-08-18T13:15,20.8,74,20.4,0.6,0.6,,16.9,261,29.5,
2026-08-18T13:45,19.3,86,19.5,0.6,0.6,,15.5,256,26.6,
2026-08-18T14:15,18.7,92,19.1,0.0,0.0,,15.5,253,26.3,
2026-08-18T14:30,18.8,92,19.2,0.0,0.0,,15.8,254,27.7,
2026-08-18T14:45,18.9,92,19.3,0.0,0.0,,16.6,254,29.2,
2026-08-18T15:15,18.9,94,19.3,0.0,0.0,,17.3,248,29.9,
2026-08-18T15:30,18.9,94,19.2,0.0,0.0,,18.0,250,31.3,
2026-08-18T16:00,19.5,94,20.1,0.0,0.0,,18.0,259,31.0,
2026-08-18T16:15,19.5,94,20.0,0.0,0.0,,18.4,257,31.7,
2026-08-18T16:30,19.5,94,20.0,0.0,0.0,,18.4,255,32.4,
2026-08-18T16:45,19.5,93,19.8,0.0,0.0,,18.7,253,33.1,
2026-08-18T17:00,19.4,93,19.7,0.0,0.0,,18.7,251,33.5,
2026-08-18T19:30,19.6,95,20.2,0.0,0.0,3,18.4,255,33.1,996.4
2026-08-18T17:15,19.2,95,20.2,0.0,0.0,,14.4,257,25.9,
2026-08-18T17:30,19.2,95,20.0,0.0,0.0,,16.2,256,28.4,
2026-08-18T17:45,19.3,95,19.8,0.0,0.0,,17.6,255,31.3,
2026-08-18T18:00,19.3,95,19.8,0.0,0.0,,18.7,254,33.1,
2026-08-18T20:45,19.8,95,20.8,0.0,0.0,3,16.6,253,31.7,996.6
2026-08-18T18:15,19.5,94,20.0,0.0,0.0,,18.4,250,32.4,
2026-08-18T18:30,19.5,94,19.9,0.0,0.0,,19.1,250,33.5,
2026-08-18T18:45,19.5,95,19.9,0.0,0.0,,19.8,251,34.6,
2026-08-18T19:00,19.5,95,19.9,0.0,0.0,,19.8,251,35.3,
2026-08-18T19:15,19.6,95,20.0,0.0,0.0,,19.4,252,35.3,
2026-08-18T19:45,19.9,95,20.8,0.0,0.0,,16.9,255,31.3,
2026-08-18T20:00,19.7,96,20.6,0.0,0.0,,17.3,266,30.6,
2026-08-18T20:15,19.8,96,20.8,0.0,0.0,,16.9,264,29.9,
2026-08-18T20:30,19.9,95,21.0,0.0,0.0,,16.2,262,28.8,
2026-08-18T21:00,20.1,94,21.4,0.0,0.0,,15.1,257,27.0,
2026-08-18T21:15,20.1,94,21.5,0.0,0.0,,14.4,253,26.6,
2026-08-18T21:30,20.0,95,21.6,0.0,0.0,,13.3,249,26.6,
2026-08-18T21:45,19.9,96,21.6,0.0,0.0,,12.6,245,26.6,
2026-08-19T00:15,19.1,96,20.3,0.0,0.0,3,13.0,251,28.8,996.9
2026-08-18T22:00,19.9,96,21.6,0.0,0.0,,12.2,241,27.0,
2026-08-18T22:15,19.9,96,21.5,0.0,0.0,,13.0,241,27.4,
2026-08-18T22:30,19.8,94,21.0,0.0,0.0,,14.8,253,26.3,
2026-08-18T22:45,19.8,94,20.9,0.0,0.0,,15.1,251,26.3,
2026-08-18T23:00,19.7,94,20.7,0.0,0.0,,15.1,249,26.3,
2026-08-18T23:15,19.6,94,20.6,0.0,0.0,,15.1,250,26.6,
2026-08-18T23:30,19.5,94,20.2,0.0,0.0,,16.9,256,29.2,
2026-08-18T23:45,19.5,94,20.2,0.0,0.0,,16.9,256,29.2,
2026-08-19T00:00,19.0,96,20.4,0.0,0.0,,11.9,248,20.9,
2026-08-19T00:30,19.1,96,20.6,0.0,0.0,,10.8,245,20.2,
2026-08-19T00:45,19.2,96,20.8,0.0,0.0,,10.8,243,20.2,
2026-08-19T01:00,19.2,96,20.8,0.0,0.0,,10.8,241,20.9,
2026-08-19T01:15,18.5,90,19.1,0.0,0.0,,12.6,250,24.8,
2026-08-19T01:30,18.4,91,19.1,0.0,0.0,,11.5,245,25.2,
2026-08-19T01:45,18.3,92,19.3,0.0,0.0,,10.1,240,25.2,
2026-08-19T02:00,18.1,93,19.2,0.0,0.0,,9.4,235,24.5,
2026-08-19T02:15,18.0,94,19.2,0.0,0.0,,9.0,232,22.3,
2026-08-19T02:30,17.8,95,19.1,0.0,0.0,,8.6,230,19.4,
2026-08-19T02:45,17.6,95,18.2,0.0,0.0,,12.2,214,21.2,
2026-08-19T03:00,17.5,95,17.9,0.0,0.0,,13.0,210,22.3,
2026-08-19T03:15,17.4,95,17.8,0.0,0.0,,13.3,214,22.7,
2026-08-19T03:30,17.5,95,17.9,0.0,0.0,,13.3,219,22.7,
2026-08-19T03:45,17.5,95,17.9,0.0,0.0,,13.7,223,22.7,
2026-08-19T04:00,17.6,95,18.0,0.0,0.0,,13.7,227,23.0,
2026-08-19T04:15,17.6,94,17.8,0.0,0.0,,14.8,238,25.6,
2026-08-19T04:30,17.7,93,17.9,0.0,0.0,,14.4,237,26.6,
2026-08-19T04:45,17.8,93,18.1,0.0,0.0,,14.0,235,27.4,
2026-08-19T05:00,17.9,93,18.3,0.0,0.0,,13.7,234,27.7,
2026-08-19T05:15,18.0,93,18.5,0.0,0.0,,13.0,233,27.0,
2026-08-19T05:30,18.0,93,18.7,0.0,0.0,,12.2,232,25.6,
2026-08-19T05:45,17.4,95,18.0,0.0,0.0,,11.5,215,20.5,
2026-08-19T06:00,17.6,95,18.4,0.0,0.0,,10.8,213,19.1,
2026-08-19T06:15,17.7,95,18.5,0.0,0.0,,11.2,219,19.4,
2026-08-19T06:30,17.8,95,18.4,0.0,0.0,,12.6,225,21.2,
2026-08-19T06:45,17.8,94,18.2,0.0,0.0,,14.0,231,23.0,
2026-08-19T07:00,18.2,90,18.4,0.0,0.0,,14.0,224,24.5,
2026-08-19T07:15,18.1,91,18.6,0.0,0.0,,12.6,223,22.3,
2026-08-19T07:30,17.9,93,18.7,0.0,0.0,,10.4,222,18.4,
2026-08-19T07:45,17.6,95,18.8,0.0,0.0,,8.3,220,14.8,
2026-08-19T08:00,17.5,96,19.0,0.0,0.0,,6.8,219,12.6,
2026-08-19T08:15,17.6,95,19.0,0.3,0.3,,6.8,225,13.0,
2026-08-19T08:30,17.7,94,18.9,0.3,0.3,,7.9,231,14.8,
2026-08-19T08:45,17.8,92,18.7,0.3,0.3,,9.0,236,17.3,
2026-08-19T09:00,17.9,91,18.6,0.3,0.3,,10.1,242,19.1,
2026-08-19T09:15,17.9,91,18.5,0.2,0.2,,10.8,241,20.5,
2026-08-19T09:30,17.8,92,18.4,0.2,0.2,,11.5,240,21.6,
2026-08-19T09:45,17.7,93,18.3,0.2,0.2,,12.2,239,22.7,
2026-08-19T10:00,17.7,93,18.2,0.2,0.2,,13.0,238,23.8,
2026-08-19T10:15,17.7,94,18.9,0.0,0.0,,8.6,231,16.9,
2026-08-19T10:30,18.0,93,19.0,0.0,0.0,,9.7,232,19.8,
2026-08-19T10:45,18.3,92,19.2,0.0,0.0,,10.8,234,23.0,
2026-08-19T11:00,18.5,91,19.3,0.0,0.0,,11.5,235,24.8,
2026-08-19T11:15,18.5,91,19.3,0.0,0.0,,11.2,244,25.2,
2026-08-19T11:30,19.2,87,20.0,0.0,0.0,,11.5,238,22.7,
2026-08-19T11:45,19.0,86,19.6,0.0,0.0,,11.9,239,23.4,
2026-08-19T12:00,18.1,93,19.5,0.0,0.0,,7.9,246,14.8,
2026-08-19T12:15,18.0,93,19.4,0.2,0.2,,6.8,252,14.8,
2026-08-19T12:30,17.9,94,19.6,0.2,0.2,,5.8,257,15.8,
2026-08-19T12:45,17.9,94,19.6,0.2,0.2,,4.7,263,16.6,
2026-08-19T13:00,17.8,94,19.7,0.2,0.2,,4.0,268,16.6,
2026-08-19T13:15,17.7,95,19.7,1.8,1.8,,3.6,312,15.1,
2026-08-19T13:30,17.7,96,19.7,1.8,1.8,,3.6,356,12.6,
2026-08-19T13:45,17.5,92,19.4,0.6,0.6,,1.4,309,14.0,
2026-08-19T14:00,17.3,93,19.3,0.6,0.6,,1.4,321,15.1,
2026-08-19T14:15,17.2,94,18.9,0.4,0.4,,3.2,329,15.8,
2026-08-19T14:30,18.8,95,20.5,0.3,0.3,,7.9,140,13.7,
2026-08-19T14:45,18.9,96,20.8,0.3,0.3,,7.6,152,14.8,
2026-08-19T15:00,18.9,96,20.8,0.3,0.3,,7.9,165,15.8,
2026-08-19T17:45,19.2,96,20.2,0.1,0.1,51,14.4,206,25.9,988.7
2026-08-19T15:15,18.5,96,19.1,3.6,3.6,,15.5,96,28.8,
2026-08-19T15:30,18.3,97,19.3,3.6,3.6,,12.2,93,29.2,
2026-08-19T15:45,18.1,97,19.5,3.6,3.6,,9.0,90,29.2,
2026-08-19T16:00,17.9,98,19.6,3.6,3.6,,7.2,87,28.4,
2026-08-19T16:15,17.9,98,19.6,0.6,0.6,,7.2,103,27.0,
2026-08-19T16:30,17.8,98,19.4,0.6,0.6,,7.9,118,25.2,
2026-08-19T16:45,17.2,97,19.1,3.0,3.0,,3.2,93,13.7,
2026-08-19T17:00,17.3,97,19.3,3.0,3.0,,2.5,102,14.4,
2026-08-19T17:15,17.3,97,19.4,3.0,3.0,,1.8,85,13.7,
2026-08-19T17:30,17.2,97,19.5,3.0,3.0,,1.1,68,11.9,
2026-08-19T20:30,16.9,98,17.7,0.0,0.0,3,10.4,317,24.5,990.0
2026-08-19T18:00,19.7,95,21.0,1.2,1.2,,14.0,216,27.0,
2026-08-19T18:15,20.0,94,21.2,0.1,0.1,,15.5,220,32.0,
2026-08-19T18:30,20.2,94,21.2,0.1,0.1,,17.6,225,37.8,
2026-08-19T18:45,20.3,93,20.9,0.1,0.1,,19.4,229,43.2,
2026-08-19T19:00,20.2,93,20.6,0.1,0.1,,20.5,233,46.4,
2026-08-19T19:15,18.0,97,18.9,0.0,0.0,,12.6,290,22.0,
2026-08-19T19:30,17.7,97,18.7,0.0,0.0,,10.8,307,19.1,
2026-08-19T19:45,17.4,97,18.5,0.0,0.0,,9.4,323,16.2,
2026-08-19T20:00,17.1,97,18.3,0.0,0.0,,8.3,339,14.8,
2026-08-19T20:15,17.0,97,18.1,0.0,0.0,,8.3,330,14.8,
2026-08-19T20:45,16.9,98,17.8,0.0,0.0,,9.4,312,17.6,
2026-08-19T21:00,16.8,98,17.7,0.0,0.0,,9.7,303,18.4,
2026-08-19T21:15,16.0,96,16.6,0.0,0.0,,7.9,39,11.5,
2026-08-19T21:30,15.7,97,16.3,0.0,0.0,,8.3,2,12.6,
2026-08-20T00:00,15.5,97,16.1,0.0,0.0,0,7.2,200,13.3,992.2
2026-08-19T21:45,15.5,98,16.0,0.0,0.0,,8.6,324,13.7,
2026-08-19T22:00,15.4,98,15.8,0.0,0.0,,9.0,287,14.4,
2026-08-19T22:15,16.2,98,17.5,0.0,0.0,,5.4,230,8.6,
2026-08-19T22:30,16.2,98,17.3,0.0,0.0,,6.1,229,10.1,
2026-08-19T22:45,16.3,96,17.5,0.0,0.0,,4.7,228,10.1,
2026-08-19T23:00,16.3,96,17.5,0.0,0.0,,5.0,227,10.8,
2026-08-19T23:15,16.3,96,17.4,0.0,0.0,,5.4,224,11.2,
2026-08-19T23:30,16.2,96,17.2,0.0,0.0,,6.1,220,11.5,
2026-08-19T23:45,15.5,96,16.2,0.0,0.0,,6.5,201,10.1,
2026-08-20T00:15,15.3,96,15.8,0.0,0.0,,7.6,204,11.2,
2026-08-20T00:30,15.5,97,16.0,0.0,0.0,,7.9,216,12.6,
2026-08-20T00:45,15.6,97,16.0,0.0,0.0,,8.6,227,14.0,
2026-08-20T01:00,15.6,97,16.1,0.0,0.0,,9.0,239,15.5,
2026-08-20T01:15,15.5,97,15.8,0.0,0.0,,9.7,232,16.6,
2026-08-20T01:30,15.3,97,15.4,0.0,0.0,,10.1,224,17.3,
2026-08-20T01:45,15.1,97,15.0,0.0,0.0,,10.8,217,18.0,
2026-08-20T02:00,15.0,97,14.8,0.0,0.0,,11.5,209,19.1,
2026-08-20T02:15,15.0,97,14.8,0.0,0.0,,12.2,212,20.5,
2026-08-20T02:30,15.2,96,14.8,0.0,0.0,,13.3,214,22.0,
2026-08-20T02:45,15.4,95,14.9,0.0,0.0,,14.0,217,23.8,
2026-08-20T03:00,15.6,95,15.0,0.0,0.0,,14.8,219,25.2,
2026-08-20T03:15,15.7,95,15.1,0.0,0.0,,15.5,220,26.3,
2026-08-20T03:30,15.9,95,15.3,0.0,0.0,,15.8,220,27.7,
2026-08-20T03:45,15.6,94,14.9,0.0,0.0,,15.5,229,26.6,
2026-08-20T04:00,15.4,94,14.5,0.0,0.0,,16.2,229,27.7,
2026-08-20T04:15,15.3,94,14.3,0.0,0.0,,16.6,226,28.1,
2026-08-20T04:30,14.9,96,14.1,0.0,0.0,,15.1,219,25.9,
2026-08-20T04:45,15.3,96,14.5,0.0,0.0,,16.6,219,28.1,
2026-08-20T05:00,15.5,96,14.6,0.0,0.0,,17.3,218,29.5,
2026-08-20T05:15,15.4,96,14.4,0.0,0.0,,17.3,215,29.5,
2026-08-20T05:30,15.1,96,14.2,0.0,0.0,,16.6,212,28.4,
2026-08-20T05:45,14.8,96,13.8,0.0,0.0,,15.8,209,27.0,
2026-08-20T06:00,14.5,96,13.6,0.0,0.0,,15.1,206,26.3,
2026-08-20T06:15,14.3,96,13.4,0.0,0.0,,14.8,205,25.9,
2026-08-20T06:30,14.1,97,13.3,0.0,0.0,,14.0,203,25.9,
2026-08-20T06:45,14.0,97,13.1,0.0,0.0,,13.7,202,25.9,
2026-08-20T07:00,13.9,97,13.1,0.0,0.0,,13.7,200,26.3,
2026-08-20T07:15,13.9,97,13.0,0.0,0.0,,14.0,203,26.6,
2026-08-20T07:30,14.0,97,13.0,0.0,0.0,,15.1,206,27.4,
2026-08-20T07:45,14.5,96,13.4,0.0,0.0,,16.2,210,28.4,
2026-08-20T08:00,14.7,95,13.6,0.0,0.0,,16.6,213,29.5,
2026-08-20T08:15,14.9,94,13.7,0.0,0.0,,16.6,212,30.6,
2026-08-20T08:30,15.0,94,13.9,0.0,0.0,,16.9,211,31.7,
2026-08-20T08:45,15.2,93,14.0,0.0,0.0,,16.9,209,32.4,
2026-08-20T09:00,15.4,92,14.3,0.0,0.0,,16.9,208,33.1,
2026-08-20T09:15,15.1,94,13.7,0.0,0.0,,19.1,211,34.2,
2026-08-20T09:30,15.3,94,13.9,0.0,0.0,,19.1,210,34.2,
2026-08-20T09:45,15.5,92,14.1,0.0,0.0,,19.1,208,34.2,
2026-08-20T10:00,15.8,91,14.4,0.0,0.0,,19.1,207,34.2,
2026-08-20T10:15,15.8,93,14.9,0.0,0.0,,16.9,217,31.3,
2026-08-20T10:30,16.3,91,15.4,0.0,0.0,,16.9,218,31.3,
2026-08-20T10:45,16.8,88,15.9,0.0,0.0,,17.3,218,31.7,
2026-08-20T11:00,17.3,86,16.4,0.0,0.0,,17.6,218,32.4,
2026-08-20T11:15,17.7,84,16.8,0.0,0.0,,18.4,218,33.5,
2026-08-20T11:30,18.5,77,17.2,0.0,0.0,,20.5,221,37.8,
2026-08-20T11:45,18.7,76,17.6,0.0,0.0,,20.9,223,38.2,
2026-08-20T12:00,19.0,76,18.0,0.0,0.0,,19.8,222,37.1,
2026-08-20T12:15,19.1,75,17.8,0.0,0.0,,20.2,223,37.4,
2026-08-20T12:30,19.3,74,17.8,0.0,0.0,,20.5,223,37.4,
2026-08-20T12:45,19.4,73,17.8,0.0,0.0,,20.9,224,37.8,
2026-08-20T13:00,19.0,78,17.8,0.0,0.0,,19.4,214,36.0,
2026-08-20T13:15,18.9,78,17.8,0.0,0.0,,19.4,220,37.1,
2026-08-20T13:30,18.9,77,17.7,0.0,0.0,,19.4,226,38.9,
2026-08-20T13:45,19.0,74,17.8,0.0,0.0,,18.4,225,33.5,
2026-08-20T14:00,19.1,73,17.9,0.0,0.0,,18.0,228,33.5,
2026-08-20T14:15,19.4,73,18.3,0.1,0.1,,17.6,228,34.6,
2026-08-20T14:30,19.7,73,19.1,0.1,0.1,,17.6,228,36.4,
2026-08-20T14:45,20.1,73,19.7,0.1,0.1,,17.3,228,37.8,
2026-08-20T15:00,20.4,72,19.8,0.1,0.1,,17.3,228,38.9,
2026-08-20T15:15,19.6,79,18.9,0.2,0.2,,19.1,236,34.9,
2026-08-20T15:30,19.9,76,18.8,0.2,0.2,,20.5,238,36.7,
2026-08-20T15:45,20.2,73,18.7,0.2,0.2,,22.0,239,38.9,
2026-08-20T16:00,20.2,73,18.6,0.2,0.2,,22.7,240,41.0,
2026-08-20T16:15,19.7,76,18.3,0.3,0.3,,22.3,240,43.9,
2026-08-20T16:30,19.0,81,17.8,0.3,0.3,,21.6,240,47.5,
2026-08-20T16:45,18.3,86,17.4,0.3,0.3,,20.2,239,50.4,
2026-08-20T17:00,17.7,89,16.9,0.3,0.3,,19.1,239,51.5,
2026-08-20T17:15,20.4,72,19.5,0.4,0.4,,18.4,236,36.0,
2026-08-20T17:30,19.1,80,18.2,0.4,0.4,,19.1,251,39.6,
2026-08-20T17:45,17.7,88,16.9,0.4,0.4,,19.4,266,43.2,
2026-08-20T18:00,16.9,93,16.1,0.4,0.4,,19.1,281,44.6,
2026-08-20T18:15,16.9,93,16.3,0.0,0.0,,17.3,271,43.2,
2026-08-20T18:30,19.8,75,19.3,0.0,0.0,,15.5,264,27.4,
2026-08-20T18:45,19.9,75,19.4,0.0,0.0,,16.2,259,28.4,
2026-08-20T19:00,19.9,75,19.3,0.0,0.0,,16.6,254,29.2,
2026-08-20T19:15,17.0,89,17.1,0.0,0.0,,11.2,242,20.9,
2026-08-20T19:30,17.1,89,17.2,0.0,0.0,,11.2,241,22.0,
2026-08-20T19:45,17.2,89,17.4,0.0,0.0,,11.2,241,22.7,
2026-08-20T20:00,17.2,89,17.5,0.0,0.0,,10.8,240,23.0,
2026-08-20T20:15,17.0,90,17.4,0.0,0.0,,10.1,233,22.3,
2026-08-20T20:30,17.9,88,19.0,0.0,0.0,,6.1,225,10.4,
2026-08-20T20:45,17.4,89,18.4,0.0,0.0,,6.1,224,10.1,
2026-08-20T21:00,17.1,89,17.9,0.0,0.0,,6.5,224,10.1,
2026-08-20T21:15,16.7,90,17.4,0.0,0.0,,6.8,216,10.1,
2026-08-20T21:30,16.4,91,17.0,0.0,0.0,,7.2,209,10.4,
2026-08-20T21:45,16.0,91,16.4,0.0,0.0,,7.9,201,11.2,
2026-08-21T00:15,14.8,93,14.8,0.0,0.0,3,8.3,225,14.8,995.2
2026-08-20T22:00,15.8,92,16.1,0.0,0.0,,8.3,193,11.9,
2026-08-20T22:15,15.6,92,15.7,0.0,0.0,,9.0,193,13.0,
2026-08-20T22:30,14.8,96,14.9,0.0,0.0,,8.6,192,13.3,
2026-08-20T22:45,14.7,95,14.7,0.0,0.0,,8.6,195,13.7,
2026-08-20T23:00,14.6,95,14.6,0.0,0.0,,9.0,198,14.0,
2026-08-20T23:15,14.6,95,14.5,0.0,0.0,,9.0,203,14.4,
2026-08-20T23:30,14.8,91,14.8,0.0,0.0,,7.2,257,11.9,
2026-08-20T23:45,14.6,92,14.7,0.0,0.0,,6.8,254,12.2,
2026-08-21T03:00,13.4,94,12.6,0.0,0.0,3,10.4,216,15.8,995.7
2026-08-21T00:00,14.8,93,14.9,0.0,0.0,,7.9,248,12.2,
2026-08-21T00:30,14.5,94,14.5,0.0,0.0,,7.6,230,12.6,
2026-08-21T00:45,14.2,95,14.2,0.0,0.0,,7.6,220,12.6,
2026-08-21T01:00,14.1,95,14.0,0.0,0.0,,7.6,211,13.0,
2026-08-21T01:15,14.0,95,13.9,0.0,0.0,,7.6,210,11.5,
2026-08-21T01:30,13.9,95,13.8,0.0,0.0,,7.6,211,11.5,
2026-08-21T01:45,13.9,94,13.7,0.0,0.0,,7.6,211,11.5,
2026-08-21T02:00,13.9,94,13.8,0.0,0.0,,7.6,212,11.9,
2026-08-21T02:15,14.0,94,13.9,0.0,0.0,,7.9,213,12.6,
2026-08-21T02:30,14.2,93,14.0,0.0,0.0,,8.6,214,14.0,
2026-08-21T02:45,13.6,94,12.9,0.0,0.0,,10.1,210,15.5,
2026-08-21T03:15,13.5,94,12.7,0.0,0.0,,10.8,206,16.6,
2026-08-21T03:30,13.5,95,12.8,0.0,0.0,,10.4,204,16.6,
2026-08-21T03:45,13.5,95,13.0,0.0,0.0,,9.7,201,16.2,
2026-08-21T04:00,13.6,95,13.1,0.0,0.0,,9.4,198,16.2,
2026-08-21T04:15,13.6,95,13.2,0.0,0.0,,9.4,204,16.2,
2026-08-21T04:30,14.1,95,13.8,0.0,0.0,,9.4,210,16.6,
2026-08-21T04:45,14.1,94,13.9,0.0,0.0,,8.3,210,14.8,
2026-08-21T05:00,14.0,94,13.8,0.0,0.0,,7.6,210,13.7,
2026-08-21T05:15,13.8,94,13.6,0.0,0.0,,7.2,210,13.3,
2026-08-21T05:30,13.5,94,13.2,0.0,0.0,,7.6,209,13.3,
2026-08-21T05:45,13.2,95,12.9,0.0,0.0,,7.6,209,13.7,
2026-08-21T06:00,13.2,95,13.0,0.0,0.0,,7.2,200,12.2,
2026-08-21T06:15,13.0,95,12.6,0.0,0.0,,7.6,194,12.2,
2026-08-21T06:30,12.8,96,12.4,0.0,0.0,,7.6,188,12.6,
2026-08-21T06:45,12.6,96,12.1,0.0,0.0,,7.9,182,12.6,
2026-08-21T07:00,12.5,96,11.9,0.0,0.0,,8.3,176,13.0,
2026-08-21T07:15,12.5,96,11.9,0.0,0.0,,8.3,176,13.3,
2026-08-21T07:30,12.6,96,12.1,0.0,0.0,,8.3,177,13.7,
2026-08-21T07:45,13.0,96,12.5,0.0,0.0,,8.3,193,13.3,
2026-08-21T08:00,13.2,96,12.9,0.0,0.0,,8.3,192,13.7,
2026-08-21T08:15,13.1,95,13.0,0.0,0.0,,6.1,201,10.8,
2026-08-21T08:30,13.6,94,13.5,0.0,0.0,,6.5,209,11.9,
2026-08-21T08:45,14.1,93,14.1,0.0,0.0,,6.8,216,13.3,
2026-08-21T09:00,14.6,92,14.6,0.0,0.0,,6.8,223,14.0,
2026-08-21T09:15,15.5,90,15.9,0.0,0.0,,5.4,244,12.6,
2026-08-21T09:30,15.8,89,16.3,0.0,0.0,,6.1,263,13.3,
2026-08-21T09:45,16.2,87,16.5,0.0,0.0,,6.8,281,14.0,
2026-08-21T10:00,16.3,89,17.3,0.0,0.0,,3.6,284,11.2,
2026-08-21T10:15,16.6,88,17.8,0.0,0.0,,2.9,276,11.2,
2026-08-21T10:30,16.9,87,18.1,0.0,0.0,,2.2,268,11.2,
2026-08-21T10:45,17.2,86,18.5,0.0,0.0,,1.8,259,11.2,
2026-08-21T11:00,17.4,85,18.8,0.0,0.0,,1.4,251,11.2,
2026-08-21T11:15,17.5,84,18.9,0.0,0.0,,1.8,259,11.2,
2026-08-21T11:30,18.3,76,19.2,0.0,0.0,,2.9,335,13.0,
2026-08-21T11:45,18.5,74,19.7,0.0,0.0,,2.5,322,12.6,
2026-08-21T12:00,19.1,73,19.8,0.0,0.0,,5.4,306,15.1,
2026-08-21T12:15,19.2,72,19.7,0.0,0.0,,5.8,305,15.5,
2026-08-21T12:30,19.3,70,19.5,0.0,0.0,,6.5,304,15.8,
2026-08-21T12:45,19.5,73,19.9,0.0,0.0,,7.2,290,17.3,
2026-08-21T13:00,19.5,73,20.0,0.0,0.0,,7.2,284,17.6,
2026-08-21T13:15,19.6,72,20.1,0.0,0.0,,6.5,290,18.0,
2026-08-21T13:30,19.6,70,20.3,0.0,0.0,,4.7,297,18.4,
2026-08-21T13:45,19.6,68,20.3,0.0,0.0,,3.2,303,18.7,
2026-08-21T14:00,19.6,67,20.4,0.0,0.0,,2.2,309,18.4,
2026-08-21T14:15,19.6,68,20.6,0.1,0.1,,1.4,265,16.9,
2026-08-21T14:30,20.5,62,20.5,0.0,0.0,,9.4,344,20.5,
2026-08-21T14:45,20.5,61,20.3,0.0,0.0,,10.1,342,21.6,
2026-08-21T15:00,20.4,62,19.7,0.0,0.0,,11.5,341,23.4,
2026-08-21T18:30,16.9,89,16.5,0.1,0.1,51,14.0,334,27.0,996.5
2026-08-21T15:15,20.0,63,19.7,0.1,0.1,,8.3,304,18.7,
2026-08-21T15:30,19.6,67,18.9,0.1,0.1,,12.2,311,23.0,
2026-08-21T15:45,19.0,71,18.0,0.1,0.1,,15.5,318,27.7,
2026-08-21T16:00,18.5,75,17.2,0.1,0.1,,17.6,325,31.3,
2026-08-21T16:15,17.8,78,16.6,0.3,0.3,,17.3,322,33.8,
2026-08-21T16:30,17.1,81,16.1,0.3,0.3,,15.1,320,35.6,
2026-08-21T19:45,16.1,85,15.4,0.0,0.0,0,12.2,339,29.5,997.4
2026-08-21T16:45,15.7,89,14.1,0.0,0.0,,19.4,355,32.0,
2026-08-21T17:00,16.0,86,14.6,0.0,0.0,,18.4,355,31.3,
2026-08-21T17:15,16.3,84,14.9,0.0,0.0,,17.3,359,31.7,
2026-08-21T17:30,16.5,83,15.3,0.0,0.0,,16.2,3,32.8,
2026-08-21T17:45,16.8,82,15.8,0.0,0.0,,15.1,6,33.5,
2026-08-21T18:00,16.9,81,16.0,0.0,0.0,,14.4,10,33.8,
2026-08-21T18:15,17.0,81,16.1,0.0,0.0,,14.0,2,33.1,
2026-08-21T18:45,16.5,90,16.1,0.1,0.1,,13.7,356,23.8,
2026-08-21T19:00,16.3,90,15.8,0.1,0.1,,13.7,7,23.8,
2026-08-21T19:15,16.1,90,15.7,0.0,0.0,,13.0,5,24.1,
2026-08-21T19:30,16.0,89,15.7,0.0,0.0,,11.5,3,24.1,
2026-08-21T20:00,15.3,93,14.7,0.0,0.0,,13.7,336,26.6,
2026-08-21T20:15,15.1,93,14.4,0.0,0.0,,13.3,338,28.1,
2026-08-21T20:30,15.3,89,15.1,0.0,0.0,,9.0,328,14.4,
2026-08-21T20:45,15.1,90,15.1,0.0,0.0,,7.6,324,11.5,
2026-08-21T21:00,14.9,91,15.1,0.0,0.0,,6.8,321,10.1,
2026-08-21T21:15,14.8,92,14.9,0.0,0.0,,7.2,322,10.8,
2026-08-21T21:30,14.7,92,14.5,0.0,0.0,,8.6,323,13.0,
2026-08-21T21:45,14.6,93,14.2,0.0,0.0,,10.1,323,15.5,
2026-08-21T22:00,14.5,93,14.0,0.0,0.0,,10.8,324,17.3,
2026-08-21T22:15,14.4,92,13.9,0.0,0.0,,10.8,325,18.0,
2026-08-21T22:30,13.5,97,13.6,0.0,0.0,,6.5,324,11.9,
2026-08-21T22:45,13.5,97,13.6,0.0,0.0,,5.8,309,11.9,
2026-08-21T23:00,13.5,97,13.7,0.0,0.0,,5.4,293,11.9,
2026-08-21T23:15,13.5,97,13.7,0.0,0.0,,5.4,294,11.9,
2026-08-21T23:30,14.5,95,14.4,0.0,0.0,,9.4,311,16.2,
2026-08-21T23:45,14.5,95,14.4,0.0,0.0,,9.0,307,15.8,
2026-08-22T00:00,14.3,91,13.8,0.0,0.0,,9.7,327,15.1,
2026-08-22T00:15,14.0,91,13.4,0.0,0.0,,9.7,320,15.1,
2026-08-22T00:30,13.6,92,13.0,0.0,0.0,,9.4,313,15.5,
2026-08-22T00:45,13.2,93,12.5,0.0,0.0,,9.4,306,16.2,
2026-08-22T01:00,13.0,94,12.3,0.0,0.0,,9.4,299,16.6,
2026-08-22T01:15,13.7,96,13.3,0.0,0.0,,9.4,286,15.8,
2026-08-22T01:30,13.6,96,13.2,0.0,0.0,,9.4,291,17.6,
2026-08-22T01:45,13.6,96,13.1,0.0,0.0,,9.7,296,19.4,
2026-08-22T02:00,13.5,96,13.0,0.0,0.0,,9.7,301,20.2,
2026-08-22T02:15,13.4,96,12.9,0.0,0.0,,9.7,300,19.8,
2026-08-22T02:30,13.2,95,12.1,0.0,0.0,,13.3,302,22.3,
2026-08-22T02:45,13.2,95,12.0,0.0,0.0,,14.0,302,23.8,
2026-08-22T03:00,13.2,94,11.9,0.0,0.0,,14.0,302,24.8,
2026-08-22T03:15,13.2,93,11.9,0.0,0.0,,13.3,298,25.2,
2026-08-22T03:30,12.4,93,11.1,0.0,0.0,,11.5,306,24.8,
2026-08-22T03:45,12.0,94,10.9,0.0,0.0,,10.1,309,24.5,
2026-08-22T04:00,11.7,94,10.7,0.0,0.0,,8.6,311,23.8,
2026-08-22T06:45,10.2,99,9.4,0.0,0.0,0,5.8,239,8.3,1002.5
2026-08-22T04:15,12.8,97,12.3,0.0,0.0,,8.6,299,15.8,
2026-08-22T04:30,12.5,97,12.1,0.0,0.0,,7.2,300,16.2,
2026-08-22T04:45,12.2,97,11.9,0.0,0.0,,6.1,300,16.6,
2026-08-22T05:00,11.9,97,11.6,0.0,0.0,,5.4,300,16.2,
2026-08-22T05:15,11.7,97,11.3,0.0,0.0,,5.0,288,14.8,
2026-08-22T05:30,10.6,93,9.4,0.0,0.0,,7.6,284,11.2,
2026-08-22T05:45,10.1,93,8.8,0.0,0.0,,7.2,278,10.4,
2026-08-22T06:00,9.8,93,8.5,0.0,0.0,,6.8,272,10.1,
2026-08-22T06:15,9.5,93,8.2,0.0,0.0,,6.5,268,10.4,
2026-08-22T06:30,9.4,93,8.1,0.0,0.0,,5.8,264,11.2,
2026-08-22T07:00,9.3,92,8.1,0.0,0.0,,5.4,255,12.6,
2026-08-22T07:15,9.4,92,8.1,0.0,0.0,,5.8,252,12.6,
2026-08-22T07:30,10.3,97,9.3,0.0,0.0,,7.2,259,10.8,
2026-08-22T07:45,10.6,95,9.4,0.0,0.0,,7.9,261,12.6,
2026-08-22T08:00,10.9,94,9.7,0.0,0.0,,8.3,263,13.7,
2026-08-22T08:15,11.4,93,10.3,0.0,0.0,,8.3,265,14.4,
2026-08-22T08:30,12.2,90,11.2,0.0,0.0,,8.3,276,15.1,
2026-08-22T08:45,12.8,88,11.8,0.0,0.0,,8.6,276,16.2,
2026-08-22T09:00,13.3,87,12.3,0.0,0.0,,9.0,277,17.3,
2026-08-22T09:15,13.8,86,12.9,0.0,0.0,,9.0,280,17.6,
2026-08-22T09:30,14.2,85,13.5,0.0,0.0,,9.0,284,18.0,
2026-08-22T09:45,14.3,88,13.7,0.0,0.0,,9.4,301,19.8,
2026-08-22T10:00,14.7,87,14.2,0.0,0.0,,9.4,305,20.2,
2026-08-22T10:15,15.1,86,14.7,0.0,0.0,,9.4,309,20.2,
2026-08-22T10:30,15.6,85,15.1,0.0,0.0,,9.7,306,19.4,
2026-08-22T10:45,15.7,84,15.0,0.0,0.0,,11.2,310,21.2,
2026-08-22T13:30,19.1,63,19.2,0.0,0.0,0,7.6,345,22.0,1005.7
2026-08-22T14:00,19.5,60,19.5,0.0,0.0,0,6.1,354,23.4,1005.8
2026-08-22T11:00,16.5,78,16.0,0.0,0.0,,9.7,315,20.5,
2026-08-22T11:15,16.8,77,16.2,0.0,0.0,,9.7,319,20.9,
2026-08-22T11:30,17.0,76,16.5,0.0,0.0,,9.7,322,21.2,
2026-08-22T11:45,17.2,75,16.8,0.0,0.0,,9.7,326,21.6,
2026-08-22T12:00,17.5,74,17.2,0.0,0.0,,9.7,329,21.6,
2026-08-22T12:15,17.6,73,16.8,0.0,0.0,,11.2,324,22.3,
2026-08-22T12:30,17.7,71,16.8,0.0,0.0,,11.2,328,22.7,
2026-08-22T12:45,17.7,70,16.7,0.0,0.0,,11.5,332,23.0,
2026-08-22T13:00,17.8,69,16.6,0.0,0.0,,12.2,336,24.1,
2026-08-22T13:15,18.2,71,18.4,0.0,0.0,,9.0,334,20.5,
2026-08-22T13:45,18.6,68,19.0,0.0,0.0,,11.2,317,23.0,
2026-08-22T14:15,19.7,58,19.7,0.0,0.0,,5.8,346,18.0,
2026-08-22T14:30,19.9,57,19.4,0.0,0.0,,5.8,335,20.5,
2026-08-22T14:45,20.0,57,19.4,0.0,0.0,,6.5,323,23.8,
2026-08-22T15:00,17.3,76,17.3,0.0,0.0,,6.5,91,15.5,
2026-08-22T15:15,16.8,79,17.0,0.2,0.2,,6.1,63,19.4,
2026-08-22T15:30,16.4,82,16.7,0.2,0.2,,5.0,36,25.2,
2026-08-22T15:45,16.1,83,16.5,0.2,0.2,,4.3,8,30.6,
2026-08-22T16:00,16.1,83,16.6,0.2,0.2,,4.0,340,33.1,
2026-08-22T16:15,19.2,61,17.5,0.0,0.0,,14.8,347,27.4,
2026-08-22T16:30,19.2,62,17.8,0.0,0.0,,14.8,356,27.4,
2026-08-22T16:45,19.1,63,17.7,0.0,0.0,,14.4,4,27.4,
2026-08-22T17:00,19.0,64,17.6,0.0,0.0,,14.4,12,27.4,
2026-08-22T17:15,20.4,49,18.4,0.0,0.0,,13.0,5,27.4,
2026-08-22T17:30,20.5,50,18.6,0.0,0.0,,12.2,9,27.0,
2026-08-22T17:45,20.4,51,18.7,0.0,0.0,,11.9,12,27.0,
2026-08-22T18:00,20.2,53,18.5,0.0,0.0,,12.2,15,27.7,
2026-08-22T18:15,19.6,56,17.8,0.0,0.0,,13.7,9,29.9,
2026-08-22T18:30,17.0,78,17.1,0.0,0.0,,6.5,94,10.4,
2026-08-22T18:45,17.4,77,17.0,0.0,0.0,,9.7,56,15.8,
2026-08-22T19:00,17.5,77,17.0,0.0,0.0,,11.5,17,19.4,
2026-08-22T19:15,18.5,62,16.9,0.0,0.0,,13.7,11,25.2,
2026-08-22T19:30,18.3,63,16.6,0.0,0.0,,14.0,9,25.6,
2026-08-22T19:45,18.0,64,16.3,0.0,0.0,,13.7,6,24.8,
2026-08-22T20:00,17.6,66,16.1,0.0,0.0,,13.3,4,24.5,
2026-08-22T20:15,17.2,67,15.7,0.0,0.0,,13.0,4,24.1,
2026-08-22T20:30,16.3,82,16.0,0.0,0.0,,9.0,15,19.1,
2026-08-22T20:45,16.0,83,15.8,0.0,0.0,,7.9,15,19.4,
2026-08-22T21:00,16.1,81,15.0,0.0,0.0,,13.3,6,22.7,
2026-08-22T21:15,15.7,82,14.6,0.0,0.0,,13.0,8,23.0,
2026-08-22T21:30,15.1,83,14.1,0.0,0.0,,12.2,11,23.4,
2026-08-22T21:45,14.6,84,13.6,0.0,0.0,,11.5,13,23.0,
2026-08-22T22:00,14.2,85,13.1,0.0,0.0,,10.8,15,22.7,
2026-08-22T22:15,13.7,83,13.0,0.0,0.0,,7.2,16,10.8,
2026-08-22T22:30,13.4,84,12.6,0.0,0.0,,7.2,13,10.8,
2026-08-22T22:45,13.1,86,12.4,0.0,0.0,,7.2,9,11.2,
2026-08-22T23:00,12.8,87,12.0,0.0,0.0,,7.2,6,11.5,
2026-08-22T23:15,12.5,88,11.7,0.0,0.0,,6.8,9,11.5,
2026-08-22T23:30,12.3,88,11.5,0.0,0.0,,6.5,11,11.5,
2026-08-22T23:45,12.6,91,11.7,0.0,0.0,,8.3,11,14.4,
2026-08-23T00:00,12.3,89,11.2,0.0,0.0,,9.0,27,13.3,
2026-08-23T00:15,12.2,89,11.1,0.0,0.0,,9.0,26,13.7,
2026-08-23T00:30,12.1,90,11.0,0.0,0.0,,9.0,26,14.0,
2026-08-23T00:45,12.1,91,11.0,0.0,0.0,,9.0,25,14.4,
2026-08-23T01:00,12.0,91,10.9,0.0,0.0,,9.0,24,14.8,
2026-08-23T01:15,11.2,91,10.0,0.0,0.0,,7.6,21,10.8,
2026-08-23T01:30,11.2,92,10.1,0.0,0.0,,7.2,21,10.8,
2026-08-23T01:45,11.2,92,10.1,0.0,0.0,,7.2,20,11.2,
2026-08-23T02:00,11.2,92,10.1,0.0,0.0,,7.2,20,11.2,
2026-08-23T02:15,11.2,92,10.2,0.0,0.0,,6.8,25,11.2,
2026-08-23T02:30,11.2,91,10.2,0.0,0.0,,6.5,29,11.2,
2026-08-23T02:45,11.1,92,10.2,0.0,0.0,,6.1,31,9.0,
2026-08-23T03:00,11.1,92,10.2,0.0,0.0,,5.8,34,8.3,
2026-08-23T03:15,11.0,92,10.1,0.0,0.0,,5.4,36,7.9,
2026-08-23T03:30,10.9,92,10.0,0.0,0.0,,5.4,38,8.3,
2026-08-23T03:45,11.0,90,10.1,0.0,0.0,,5.4,75,7.2,
2026-08-23T04:00,10.8,90,9.9,0.0,0.0,,5.0,89,6.8,
2026-08-23T04:15,10.6,90,9.6,0.0,0.0,,4.7,77,6.5,
2026-08-23T04:30,10.2,91,9.3,0.0,0.0,,4.3,65,5.8,
2026-08-23T04:45,9.9,92,9.0,0.0,0.0,,4.0,53,5.4,
2026-08-23T05:00,9.5,93,8.6,0.0,0.0,,3.6,41,5.0,
2026-08-23T05:15,9.3,94,8.4,0.0,0.0,,3.2,46,5.0,
2026-08-23T05:30,9.0,95,8.1,0.0,0.0,,3.2,51,4.7,
2026-08-23T05:45,8.8,95,7.8,0.0,0.0,,3.2,56,5.0,
2026-08-23T06:00,8.6,96,7.6,0.0,0.0,,3.2,61,5.0,
2026-08-23T06:15,8.4,96,7.3,0.0,0.0,,3.6,66,5.4,
2026-08-23T06:30,8.2,96,6.9,0.0,0.0,,4.7,102,5.8,
2026-08-23T06:45,8.0,96,6.6,0.0,0.0,,5.0,92,6.1,
2026-08-23T07:00,8.0,96,6.5,0.0,0.0,,5.4,82,6.8,
2026-08-23T07:15,8.2,95,6.7,0.0,0.0,,5.8,81,7.2,
2026-08-23T07:30,8.4,95,6.9,0.0,0.0,,6.1,83,7.9,
2026-08-23T07:45,8.8,95,7.4,0.0,0.0,,6.1,85,8.6,
2026-08-23T08:00,9.2,95,7.9,0.0,0.0,,6.1,87,9.4,
2026-08-23T08:15,9.9,94,8.7,0.0,0.0,,6.5,84,10.4,
2026-08-23T08:30,11.0,91,9.8,0.0,0.0,,7.6,76,12.2,
2026-08-23T08:45,11.9,88,10.7,0.0,0.0,,8.3,76,14.0,
2026-08-23T09:00,12.7,85,11.5,0.0,0.0,,8.6,77,15.8,
2026-08-23T09:15,13.4,82,12.2,0.0,0.0,,9.0,73,16.9,
2026-08-23T09:30,14.0,79,12.9,0.0,0.0,,9.0,69,18.0,
2026-08-23T09:45,14.3,81,13.3,0.0,0.0,,9.0,67,18.0,
2026-08-23T10:00,14.8,78,13.7,0.0,0.0,,9.4,67,18.7,
2026-08-23T10:15,15.3,75,14.1,0.0,0.0,,9.7,61,19.8,
2026-08-23T10:30,15.7,72,14.4,0.0,0.0,,10.4,54,21.2,
2026-08-23T10:45,16.3,67,14.7,0.0,0.0,,11.5,44,23.4,
2026-08-23T11:00,16.7,64,14.9,0.0,0.0,,12.2,42,24.8,
2026-08-23T11:15,17.0,62,15.2,0.0,0.0,,12.2,44,25.2,
2026-08-23T11:30,17.3,60,15.6,0.0,0.0,,12.2,46,25.2,
2026-08-23T11:45,17.3,60,15.6,0.0,0.0,,15.5,36,29.5,
2026-08-23T12:00,17.4,61,15.8,0.0,0.0,,15.1,34,28.8,
2026-08-23T12:15,17.6,61,15.9,0.0,0.0,,15.1,36,28.8,
2026-08-23T12:30,17.8,60,16.0,0.0,0.0,,15.1,39,29.2,
2026-08-23T12:45,18.0,58,16.2,0.0,0.0,,14.8,41,29.5,
2026-08-23T13:00,18.2,57,16.4,0.0,0.0,,14.8,43,29.5,
2026-08-23T13:15,18.4,56,16.7,0.0,0.0,,14.4,43,29.5,
2026-08-23T13:30,19.1,53,17.8,0.0,0.0,,13.7,45,29.9,
2026-08-23T13:45,19.3,53,18.2,0.0,0.0,,13.0,44,29.9,
2026-08-23T14:00,19.5,52,18.4,0.0,0.0,,12.6,44,29.9,
2026-08-23T14:15,19.6,51,18.5,0.0,0.0,,13.0,46,29.9,
2026-08-23T14:30,20.3,46,18.4,0.0,0.0,,13.0,42,30.2,
2026-08-23T14:45,20.4,46,18.6,0.0,0.0,,12.6,41,30.2,
2026-08-23T15:00,20.5,46,18.8,0.0,0.0,,12.6,41,30.2,
2026-08-23T15:15,20.6,46,18.9,0.0,0.0,,13.3,41,30.6,
2026-08-23T15:30,20.5,47,19.0,0.0,0.0,,13.3,40,29.2,
2026-08-23T15:45,20.6,47,19.1,0.0,0.0,,13.0,40,29.2,
2026-08-23T16:00,20.6,47,19.0,0.0,0.0,,13.0,40,29.5,
2026-08-23T16:15,20.6,48,18.8,0.0,0.0,,13.7,39,30.2,
2026-08-23T16:30,20.1,50,18.2,0.0,0.0,,14.0,54,30.2,
2026-08-23T16:45,20.2,50,18.1,0.0,0.0,,13.3,53,30.6,
2026-08-23T17:00,20.5,48,17.7,0.0,0.0,,17.6,34,33.5,
2026-08-23T17:15,20.5,48,17.7,0.0,0.0,,17.3,34,33.8,
2026-08-23T17:30,20.4,48,17.7,0.0,0.0,,16.6,35,34.2,
2026-08-23T17:45,20.2,48,17.6,0.0,0.0,,15.8,35,34.2,
2026-08-23T18:00,20.1,48,17.5,0.0,0.0,,15.1,35,33.8,
2026-08-23T18:15,19.8,50,17.0,0.0,0.0,,17.3,33,33.5,
2026-08-23T18:30,19.7,50,17.0,0.0,0.0,,16.6,33,33.8,
2026-08-23T18:45,19.5,50,17.0,0.0,0.0,,15.5,34,33.8,
2026-08-23T19:00,19.4,50,16.9,0.0,0.0,,14.4,34,33.5,
2026-08-23T19:15,18.9,59,17.1,0.0,0.0,,14.0,35,27.7,
2026-08-23T19:30,18.8,60,17.2,0.0,0.0,,12.6,33,28.1,
2026-08-23T19:45,18.6,60,17.2,0.0,0.0,,11.2,32,28.4,
2026-08-23T20:00,18.3,61,17.0,0.0,0.0,,10.1,30,27.7,
2026-08-23T20:15,17.9,62,16.6,0.0,0.0,,9.7,28,25.6,
2026-08-23T20:30,18.1,57,16.3,0.0,0.0,,11.5,28,24.1,
2026-08-23T20:45,17.6,60,16.0,0.0,0.0,,10.4,24,24.1,
2026-08-23T21:00,17.1,62,15.6,0.0,0.0,,9.7,19,23.8,
2026-08-23T21:15,16.6,63,15.1,0.0,0.0,,9.7,19,22.3,
2026-08-23T21:30,15.8,65,14.2,0.0,0.0,,10.1,30,15.1,
2026-08-23T21:45,15.5,66,13.8,0.0,0.0,,10.4,27,15.8,
2026-08-23T22:00,15.2,66,13.4,0.0,0.0,,10.8,24,16.6,
2026-08-23T22:15,15.0,66,13.0,0.0,0.0,,11.5,25,17.6,
2026-08-23T22:30,14.2,69,12.4,0.0,0.0,,10.4,29,16.2,
2026-08-23T22:45,14.0,68,11.9,0.0,0.0,,11.2,31,17.6,
2026-08-23T23:00,13.8,68,11.6,0.0,0.0,,11.5,32,18.7,
2026-08-23T23:15,13.5,68,11.2,0.0,0.0,,11.9,32,19.1,
2026-08-23T23:30,13.7,69,11.6,0.0,0.0,,11.2,31,18.7,
2026-08-23T23:45,13.4,70,11.4,0.0,0.0,,10.8,37,18.0,
2026-08-24T00:00,13.1,71,11.1,0.0,0.0,,10.4,43,17.3,
2026-08-24T00:15,12.8,72,10.8,0.0,0.0,,10.1,44,16.9,
2026-08-24T00:30,12.5,73,10.5,0.0,0.0,,10.1,45,16.2,
2026-08-24T00:45,12.2,74,10.2,0.0,0.0,,9.7,46,15.8,
2026-08-24T01:00,12.0,75,10.0,0.0,0.0,,9.7,47,15.5,
2026-08-24T01:15,11.8,76,9.8,0.0,0.0,,9.7,48,15.5,
2026-08-24T01:30,11.7,76,9.6,0.0,0.0,,10.1,50,16.2,
2026-08-24T01:45,11.6,77,9.5,0.0,0.0,,10.1,51,16.6,
2026-08-24T02:00,11.7,78,9.7,0.0,0.0,,10.1,51,15.8,
2026-08-24T02:15,11.5,79,9.5,0.0,0.0,,10.4,57,16.6,
2026-08-24T02:30,11.3,80,9.1,0.0,0.0,,11.2,63,17.6,
2026-08-24T02:45,11.1,81,8.8,0.0,0.0,,11.9,68,18.7,
2026-08-24T03:00,10.9,81,8.5,0.0,0.0,,12.6,74,19.8,
2026-08-24T03:15,10.9,81,8.4,0.0,0.0,,13.3,74,21.2,
2026-08-24T03:30,10.8,81,8.2,0.0,0.0,,14.0,75,22.7,
2026-08-24T03:45,10.8,80,8.0,0.0,0.0,,14.8,75,24.1,
2026-08-24T04:00,10.8,80,8.0,0.0,0.0,,15.1,75,25.2,
2026-08-24T04:15,10.7,79,7.9,0.0,0.0,,14.4,75,24.1,
2026-08-24T04:30,10.7,80,7.8,0.0,0.0,,15.1,75,24.8,
2026-08-24T04:45,10.7,81,7.8,0.0,0.0,,15.5,74,25.6,
2026-08-24T05:00,10.7,82,7.8,0.0,0.0,,15.8,74,25.9,
2026-08-24T05:15,10.6,82,7.7,0.0,0.0,,16.2,76,26.3,
2026-08-24T05:30,10.6,81,7.6,0.0,0.0,,16.2,78,26.3,
2026-08-24T05:45,10.6,81,7.5,0.0,0.0,,16.6,79,26.3,
2026-08-24T06:00,10.5,80,7.4,0.0,0.0,,16.6,81,26.6,
2026-08-24T06:15,10.5,80,7.3,0.0,0.0,,16.6,80,27.0,
2026-08-24T06:30,10.4,80,7.3,0.0,0.0,,16.6,79,27.4,
2026-08-24T06:45,10.4,80,7.2,0.0,0.0,,16.6,78,27.7,
2026-08-24T07:00,10.3,82,7.6,0.0,0.0,,14.0,66,24.1,
2026-08-24T07:15,10.4,82,7.7,0.0,0.0,,14.4,68,25.2,
2026-08-24T07:30,10.7,81,7.9,0.0,0.0,,15.5,70,26.6,
2026-08-24T07:45,11.0,80,8.1,0.0,0.0,,16.2,71,28.4,
2026-08-24T08:00,11.3,79,8.3,0.0,0.0,,16.9,73,29.5,
2026-08-24T08:15,12.2,74,9.3,0.0,0.0,,15.8,73,29.5,
2026-08-24T08:30,12.5,73,9.5,0.0,0.0,,16.6,71,30.6,
2026-08-24T08:45,12.7,71,9.6,0.0,0.0,,17.3,70,31.7,
2026-08-24T09:00,13.1,70,9.9,0.0,0.0,,17.6,68,32.4,
2026-08-24T09:15,13.5,69,10.3,0.0,0.0,,18.0,69,32.8,
2026-08-24T09:30,13.9,67,10.7,0.0,0.0,,18.4,71,33.1,
2026-08-24T09:45,14.4,66,11.3,0.0,0.0,,18.4,72,33.5,
2026-08-24T10:00,14.9,65,11.8,0.0,0.0,,18.4,73,33.5,
2026-08-24T10:15,15.3,64,12.3,0.0,0.0,,18.0,74,33.8,
2026-08-24T10:30,15.3,67,12.7,0.0,0.0,,16.9,76,31.0,
2026-08-24T10:45,15.8,66,13.2,0.0,0.0,,17.3,75,31.7,
2026-08-24T11:00,16.3,65,13.8,0.0,0.0,,17.3,75,32.0,
2026-08-24T11:15,17.8,55,15.0,0.0,0.0,,16.6,76,31.0,
2026-08-24T11:30,17.9,55,15.2,0.0,0.0,,16.6,76,31.0,
2026-08-24T11:45,18.0,55,15.3,0.0,0.0,,16.6,75,31.3,
2026-08-24T12:00,18.2,54,15.5,0.0,0.0,,16.6,75,31.7,
2026-08-24T12:15,18.0,58,15.5,0.0,0.0,,16.6,72,30.2,
2026-08-24T12:30,18.5,57,16.0,0.0,0.0,,16.9,72,31.0,
2026-08-24T12:45,19.0,57,16.6,0.0,0.0,,17.3,73,31.7,
2026-08-24T13:00,19.3,56,16.9,0.0,0.0,,17.3,73,32.4,
2026-08-24T13:15,19.4,55,17.0,0.0,0.0,,17.3,73,32.8,
2026-08-24T13:30,19.4,55,17.0,0.0,0.0,,17.3,74,33.1,
2026-08-24T13:45,19.4,54,16.8,0.0,0.0,,17.6,74,33.5,
2026-08-24T14:00,19.4,53,16.8,0.0,0.0,,17.6,74,33.8,
2026-08-24T14:15,21.4,41,18.2,0.0,0.0,,18.7,76,36.4,
2026-08-24T14:30,21.4,41,18.0,0.0,0.0,,18.7,73,36.4,
2026-08-24T14:45,21.3,41,18.0,0.0,0.0,,18.4,70,36.0,
2026-08-24T15:00,21.2,42,17.9,0.0,0.0,,18.4,67,36.0,
2026-08-24T15:15,19.0,55,16.6,0.0,0.0,,15.8,65,28.8,
2026-08-24T15:30,19.5,54,17.1,0.0,0.0,,16.2,65,30.6,
2026-08-24T15:45,20.0,52,17.5,0.0,0.0,,17.3,64,32.4,
2026-08-24T16:00,20.5,51,17.9,0.0,0.0,,17.6,64,33.5,
2026-08-24T16:15,20.7,51,18.2,0.0,0.0,,17.6,65,33.8,
2026-08-24T16:30,20.9,50,18.4,0.0,0.0,,17.6,66,33.8,
2026-08-24T16:45,21.0,51,18.6,0.0,0.0,,17.6,67,33.5,
2026-08-24T17:00,21.0,51,18.6,0.0,0.0,,17.6,68,33.5,
2026-08-24T17:15,21.0,52,18.6,0.0,0.0,,18.0,70,33.5,
2026-08-24T17:30,21.1,45,18.5,0.0,0.0,,15.5,66,28.8,
2026-08-24T17:45,21.4,44,18.7,0.0,0.0,,15.8,66,29.9,
2026-08-24T18:00,21.5,44,18.8,0.0,0.0,,16.2,66,30.6,
2026-08-24T18:15,20.5,51,18.0,0.0,0.0,,17.6,67,35.3,
2026-08-24T18:30,20.4,52,18.0,0.0,0.0,,16.6,68,35.6,
2026-08-24T18:45,20.2,53,18.1,0.0,0.0,,15.5,69,35.3,
2026-08-24T19:00,20.0,54,18.1,0.0,0.0,,14.4,70,34.6,
2026-08-24T19:15,19.9,55,18.0,0.0,0.0,,14.0,67,32.4,
2026-08-24T19:30,19.8,60,18.2,0.0,0.0,,14.4,73,28.8,
2026-08-24T19:45,19.5,60,17.9,0.0,0.0,,14.4,69,29.5,
2026-08-24T20:00,19.3,61,17.7,0.0,0.0,,14.4,64,29.5,
2026-08-24T20:15,19.0,62,17.4,0.0,0.0,,14.4,64,28.8,
2026-08-24T20:30,18.6,63,16.9,0.0,0.0,,14.4,63,27.4,
2026-08-24T20:45,18.9,54,16.5,0.0,0.0,,15.1,65,27.4,
2026-08-24T21:00,18.5,56,16.2,0.0,0.0,,14.8,67,27.4,
2026-08-24T21:15,17.4,62,15.5,0.0,0.0,,13.3,70,23.0,
2026-08-24T21:30,17.1,62,15.0,0.0,0.0,,14.0,72,23.8,
2026-08-25T00:00,15.1,66,12.7,0.0,0.0,0,14.8,73,25.6,998.5
2026-08-24T21:45,17.0,65,14.8,0.0,0.0,,15.5,73,26.6,
2026-08-24T22:00,16.8,66,14.6,0.0,0.0,,16.2,74,27.7,
2026-08-24T22:15,16.7,66,14.4,0.0,0.0,,16.6,74,28.4,
2026-08-24T22:30,16.6,66,14.3,0.0,0.0,,16.6,73,29.2,
2026-08-24T22:45,16.5,65,14.2,0.0,0.0,,16.2,73,29.5,
2026-08-24T23:00,16.4,65,14.0,0.0,0.0,,16.2,72,29.5,
2026-08-24T23:15,16.7,65,14.3,0.0,0.0,,16.6,71,27.7,
2026-08-24T23:30,16.7,64,14.3,0.0,0.0,,16.6,72,28.1,
2026-08-24T23:45,15.4,66,12.9,0.0,0.0,,15.5,70,25.6,
2026-08-25T00:15,14.8,66,12.3,0.0,0.0,,14.8,70,25.6,
2026-08-25T00:30,14.7,67,12.2,0.0,0.0,,14.8,70,25.9,
2026-08-25T00:45,14.6,67,12.1,0.0,0.0,,14.8,69,26.6,
2026-08-25T01:00,14.6,67,12.0,0.0,0.0,,14.8,69,27.0,
2026-08-25T01:15,14.5,67,11.9,0.0,0.0,,15.1,68,27.0,
2026-08-25T01:30,14.4,67,11.8,0.0,0.0,,15.5,67,27.0,
2026-08-25T01:45,15.3,66,13.0,0.0,0.0,,14.0,68,23.8,
2026-08-25T02:00,15.3,66,12.9,0.0,0.0,,14.4,67,24.5,
2026-08-25T02:15,15.0,66,12.6,0.0,0.0,,14.8,68,24.8,
2026-08-25T02:30,14.7,67,12.2,0.0,0.0,,14.8,70,24.8,
2026-08-25T02:45,14.3,67,11.6,0.0,0.0,,15.1,71,24.8,
2026-08-25T03:00,14.0,67,11.3,0.0,0.0,,15.1,72,25.2,
2026-08-25T03:15,13.9,67,11.2,0.0,0.0,,15.1,71,25.6,
2026-08-25T03:30,14.0,67,11.3,0.0,0.0,,14.8,71,25.9,
2026-08-25T03:45,14.0,66,11.3,0.0,0.0,,14.8,70,26.6,
2026-08-25T04:00,14.0,66,11.4,0.0,0.0,,14.4,69,26.6,
2026-08-25T04:15,14.0,66,11.4,0.0,0.0,,14.0,70,26.6,
2026-08-25T04:30,13.8,68,11.5,0.0,0.0,,12.2,63,21.2,
2026-08-25T04:45,13.7,68,11.4,0.0,0.0,,12.2,64,21.6,
2026-08-25T05:00,13.6,68,11.2,0.0,0.0,,12.2,64,21.6,
2026-08-25T05:15,14.0,66,11.7,0.0,0.0,,12.2,69,21.2,
2026-08-25T05:30,13.8,67,11.4,0.0,0.0,,12.2,70,21.6,
2026-08-25T05:45,13.5,68,11.2,0.0,0.0,,12.2,70,22.0,
2026-08-25T06:00,13.3,68,10.9,0.0,0.0,,12.2,71,22.3,
2026-08-25T06:15,13.2,68,10.7,0.0,0.0,,12.2,75,22.3,
2026-08-25T06:30,13.1,69,10.7,0.0,0.0,,12.6,79,22.3,
2026-08-25T06:45,13.0,69,10.5,0.0,0.0,,12.6,83,22.3,
2026-08-25T07:00,13.0,69,10.5,0.0,0.0,,12.6,87,22.3,
2026-08-25T07:15,13.1,69,10.6,0.0,0.0,,12.6,85,22.3,
2026-08-25T07:30,13.1,69,10.7,0.0,0.0,,12.6,82,22.3,
2026-08-25T07:45,13.5,67,11.0,0.0,0.0,,12.6,76,22.0,
2026-08-25T08:00,13.6,67,11.2,0.0,0.0,,12.6,78,22.3,
2026-08-25T08:15,13.8,67,11.4,0.0,0.0,,12.6,79,22.7,
2026-08-25T08:30,14.0,66,12.1,0.0,0.0,,9.4,76,17.3,
2026-08-25T08:45,14.3,65,12.3,0.0,0.0,,9.7,78,18.0,
2026-08-25T09:00,14.5,64,12.4,0.0,0.0,,10.1,81,18.4,
2026-08-25T11:45,16.7,65,15.4,0.0,0.0,3,9.4,95,22.0,997.2
2026-08-25T09:15,14.3,66,11.9,0.0,0.0,,12.6,85,23.0,
2026-08-25T09:30,14.5,65,12.2,0.0,0.0,,12.6,86,24.1,
2026-08-25T09:45,14.8,65,12.6,0.0,0.0,,12.6,86,24.8,
2026-08-25T10:00,14.6,67,12.3,0.0,0.0,,13.3,94,22.3,
2026-08-25T10:15,15.0,66,12.8,0.0,0.0,,13.3,94,22.7,
2026-08-25T10:30,15.6,64,13.3,0.0,0.0,,13.7,93,23.4,
2026-08-25T10:45,16.2,62,13.9,0.0,0.0,,13.7,93,24.1,
2026-08-25T11:00,16.7,60,14.4,0.0,0.0,,13.7,92,24.8,
2026-08-25T11:15,17.0,59,14.8,0.0,0.0,,13.3,94,25.2,
2026-08-25T11:30,17.3,59,15.3,0.0,0.0,,12.6,95,25.6,
2026-08-25T12:00,17.9,58,16.1,0.0,0.0,,11.5,98,25.6,
2026-08-25T12:15,17.0,66,16.2,0.0,0.0,,6.8,90,15.1,
2026-08-25T12:30,17.3,68,16.7,0.0,0.0,,6.8,87,15.5,
2026-08-25T12:45,17.6,69,17.1,0.0,0.0,,7.2,84,16.2,
2026-08-25T13:00,17.8,70,17.4,0.0,0.0,,7.6,81,16.9,
2026-08-25T13:15,18.0,71,17.7,0.0,0.0,,7.9,73,17.3,
2026-08-25T13:30,18.2,71,17.9,0.0,0.0,,8.6,65,17.6,
2026-08-25T13:45,18.4,71,18.1,0.0,0.0,,9.0,56,18.4,
2026-08-25T14:00,18.7,71,18.3,0.0,0.0,,9.7,48,19.1,
2026-08-25T14:15,19.1,71,18.8,0.0,0.0,,10.4,53,20.2,
2026-08-25T14:30,19.5,71,19.3,0.0,0.0,,11.2,59,21.6,
2026-08-25T14:45,20.0,70,19.7,0.0,0.0,,11.9,64,23.0,
2026-08-25T15:00,20.4,70,20.1,0.0,0.0,,13.0,69,24.5,
2026-08-25T15:15,18.4,69,17.7,0.0,0.0,,10.4,57,18.4,
2026-08-25T15:30,18.6,68,17.9,0.0,0.0,,10.8,60,19.1,
2026-08-25T15:45,18.9,68,18.3,0.0,0.0,,10.8,62,19.8,
2026-08-25T16:00,19.2,68,18.6,0.0,0.0,,11.2,65,20.5,
2026-08-25T16:15,21.8,66,21.1,0.0,0.0,,16.9,88,32.8,
2026-08-25T16:30,21.9,66,21.3,0.0,0.0,,16.6,89,32.8,
2026-08-25T16:45,21.9,66,21.3,0.0,0.0,,15.8,91,32.0,
2026-08-25T17:00,21.8,66,21.3,0.0,0.0,,15.5,92,31.7,
2026-08-25T17:15,21.7,66,21.2,0.0,0.0,,15.1,93,31.7,
2026-08-25T17:30,21.5,67,21.1,0.0,0.0,,14.4,94,31.3,
2026-08-25T17:45,21.9,62,21.5,0.0,0.0,,12.2,73,23.4,
2026-08-25T18:00,21.9,61,21.4,0.0,0.0,,13.0,75,24.5,
2026-08-25T18:15,21.3,64,21.0,0.0,0.0,,11.9,67,22.0,
2026-08-25T18:30,21.5,65,21.2,0.0,0.0,,12.2,73,22.0,
2026-08-25T18:45,21.6,66,21.4,0.0,0.0,,12.6,79,22.3,
2026-08-25T19:00,21.6,67,21.5,0.0,0.0,,13.0,85,22.7,
2026-08-25T19:15,21.5,67,21.3,0.0,0.0,,13.7,94,23.8,
2026-08-25T19:30,21.4,67,21.0,0.0,0.0,,14.0,102,24.8,
2026-08-25T19:45,21.4,75,22.2,0.0,0.0,,11.5,83,22.7,
2026-08-25T20:00,21.2,76,21.9,0.0,0.0,,11.5,82,22.7,
2026-08-25T20:15,21.6,66,22.1,0.0,0.0,,8.6,85,15.8,
2026-08-25T20:30,21.3,67,21.5,0.0,0.0,,10.1,98,16.9,
2026-08-25T20:45,20.8,68,20.8,0.0,0.0,,11.2,110,18.4,
2026-08-25T21:00,20.4,69,20.2,0.0,0.0,,12.2,122,19.8,
2026-08-25T21:15,19.0,73,18.2,0.0,0.0,,15.1,125,25.9,
2026-08-25T21:30,18.7,74,17.8,0.0,0.0,,14.8,126,26.3,
2026-08-25T21:45,18.4,75,17.5,0.0,0.0,,14.4,126,26.3,
2026-08-25T22:00,18.2,80,17.8,0.0,0.0,,13.3,104,22.0,
2026-08-25T22:15,17.9,82,17.6,0.0,0.0,,12.6,105,22.0,
2026-08-25T22:30,17.6,83,17.4,0.0,0.0,,11.9,107,22.0,
2026-08-25T22:45,17.3,85,17.2,0.0,0.0,,11.2,108,22.3,
2026-08-25T23:00,17.8,82,17.7,0.0,0.0,,11.9,113,19.4,
2026-08-25T23:15,17.6,83,17.5,0.0,0.0,,11.9,118,19.1,
2026-08-25T23:30,17.4,84,17.3,0.0,0.0,,11.5,123,19.1,
2026-08-25T23:45,17.2,85,17.0,0.0,0.0,,11.9,128,19.1,
2026-08-26T00:00,17.0,86,16.8,0.0,0.0,,11.9,133,19.4,
2026-08-26T00:15,16.2,86,15.9,0.0,0.0,,10.8,120,18.0,
2026-08-26T00:30,15.9,89,15.7,0.0,0.0,,10.4,122,17.3,
2026-08-26T00:45,15.7,91,15.5,0.0,0.0,,10.4,124,16.6,
2026-08-26T01:00,15.5,93,15.5,0.0,0.0,,10.4,126,16.6,
2026-08-26T01:15,15.5,93,15.4,0.0,0.0,,10.8,132,17.3,
2026-08-26T01:30,15.7,92,15.4,0.0,0.0,,11.9,138,18.7,
2026-08-26T01:45,15.9,91,15.5,0.0,0.0,,12.6,144,20.5,
2026-08-26T02:00,16.8,86,15.8,0.0,0.0,,17.3,140,29.9,
2026-08-26T02:15,16.6,87,15.5,0.0,0.0,,17.3,138,29.9,
2026-08-26T02:30,16.1,89,15.1,0.0,0.0,,16.9,137,28.1,
2026-08-26T02:45,15.6,91,14.6,0.0,0.0,,16.2,135,26.3,
2026-08-26T03:00,15.3,92,14.4,0.0,0.0,,14.8,133,24.8,
2026-08-26T03:15,15.2,92,14.7,0.0,0.0,,12.6,132,24.5,
2026-08-26T03:30,15.4,92,15.3,0.0,0.0,,9.7,131,24.8,
2026-08-26T03:45,15.6,91,15.8,0.0,0.0,,7.6,129,25.2,
2026-08-26T04:00,15.7,91,16.2,0.0,0.0,,6.1,128,24.8,
2026-08-26T04:15,16.1,90,15.8,0.0,0.0,,11.9,142,20.2,
2026-08-26T04:30,16.1,90,15.8,0.0,0.0,,12.2,143,20.9,
2026-08-26T04:45,16.1,90,15.7,0.0,0.0,,13.0,145,21.6,
2026-08-26T05:00,15.7,92,15.3,0.0,0.0,,12.2,149,20.9,
2026-08-26T05:15,15.7,92,15.3,0.0,0.0,,12.6,149,21.6,
2026-08-26T05:30,15.8,91,15.3,0.0,0.0,,13.3,149,22.7,
2026-08-26T05:45,15.8,91,15.2,0.0,0.0,,14.0,148,23.4,
2026-08-26T06:00,15.9,91,15.3,0.0,0.0,,14.0,148,23.8,
2026-08-26T06:15,15.9,92,15.4,0.0,0.0,,13.7,149,22.7,
2026-08-26T06:30,15.8,93,15.6,0.0,0.0,,12.6,151,21.2,
2026-08-26T06:45,15.8,95,15.7,0.0,0.0,,11.9,152,19.4,
2026-08-26T07:00,15.8,96,15.9,0.0,0.0,,11.2,153,18.4,
2026-08-26T07:15,15.8,96,16.0,0.0,0.0,,10.8,153,18.0,
2026-08-26T07:30,15.9,96,16.1,0.0,0.0,,10.8,153,18.4,
2026-08-26T07:45,15.9,96,16.1,0.0,0.0,,11.2,153,18.7,
2026-08-26T08:00,16.1,96,16.3,0.0,0.0,,11.2,153,19.4,
2026-08-26T08:15,16.5,91,16.6,0.0,0.0,,10.8,163,19.4,
2026-08-26T08:30,16.8,90,17.0,0.0,0.0,,10.8,161,20.2,
2026-08-26T08:45,17.2,88,17.4,0.0,0.0,,10.8,158,21.2,
2026-08-26T09:00,17.2,88,17.2,0.0,0.0,,11.5,137,22.0,
2026-08-26T09:15,17.8,86,18.0,0.0,0.0,,11.2,144,22.3,
2026-08-26T09:30,18.5,84,18.8,0.0,0.0,,11.2,150,22.3,
2026-08-26T09:45,19.2,81,19.7,0.0,0.0,,10.4,157,22.3,
2026-08-26T10:00,19.9,79,20.6,0.0,0.0,,10.1,163,22.0,
2026-08-26T10:15,20.5,77,21.4,0.0,0.0,,9.4,167,21.6,
2026-08-26T10:30,18.0,94,18.8,0.1,0.1,,11.9,146,22.7,
2026-08-26T10:45,18.4,93,19.3,0.1,0.1,,11.2,149,22.7,
2026-08-26T11:00,18.8,92,19.9,0.1,0.1,,10.4,153,22.7,
2026-08-26T11:15,23.0,66,24.2,0.0,0.0,,7.2,162,18.0,
2026-08-26T11:30,23.5,64,24.5,0.0,0.0,,8.3,166,19.4,
2026-08-26T11:45,23.8,63,25.0,0.0,0.0,,9.0,171,20.9,
2026-08-26T12:00,24.1,62,25.5,0.0,0.0,,9.7,175,22.0,
2026-08-26T12:15,24.5,61,25.9,0.0,0.0,,9.7,176,22.7,
2026-08-26T12:30,24.6,61,26.1,0.0,0.0,,9.4,176,19.8,
2026-08-26T12:45,25.0,59,26.3,0.0,0.0,,9.0,177,20.9,
2026-08-26T13:00,25.3,57,26.3,0.0,0.0,,8.6,177,21.6,
2026-08-26T13:15,25.5,55,26.3,0.0,0.0,,8.3,179,21.6,
2026-08-26T13:30,25.7,54,26.4,0.0,0.0,,8.3,181,20.9,
2026-08-26T13:45,25.7,57,27.7,0.0,0.0,,8.3,165,19.8,
2026-08-26T14:00,26.3,53,27.7,0.0,0.0,,8.6,171,20.9,
2026-08-26T14:15,26.1,54,27.0,0.0,0.0,,9.7,201,22.0,
2026-08-26T14:30,25.6,57,26.2,0.0,0.0,,11.2,231,23.0,
2026-08-26T14:45,24.9,61,25.6,0.0,0.0,,12.2,261,24.1,
2026-08-26T15:00,24.5,63,25.1,0.0,0.0,,13.0,291,24.8,
2026-08-26T15:15,24.5,63,25.2,0.0,0.0,,12.6,314,25.6,
2026-08-26T15:30,24.8,63,25.7,0.0,0.0,,11.5,336,25.9,
2026-08-26T15:45,25.0,62,26.1,0.0,0.0,,10.4,359,26.3,
2026-08-26T16:00,25.1,61,26.2,0.0,0.0,,10.1,21,27.0,
2026-08-26T16:15,22.7,82,24.4,0.2,0.2,,13.3,292,21.6,
2026-08-26T16:30,22.5,84,24.1,0.2,0.2,,14.4,332,23.8,
2026-08-26T16:45,22.3,85,23.8,0.2,0.2,,15.1,11,25.9,
2026-08-26T17:00,22.8,79,25.4,0.2,0.2,,5.8,6,10.4,
2026-08-26T17:15,23.3,75,25.8,0.0,0.0,,5.4,323,10.1,
2026-08-26T17:30,24.0,70,26.3,0.0,0.0,,5.4,280,11.2,
2026-08-26T17:45,24.7,65,26.6,0.0,0.0,,6.1,236,12.6,
2026-08-26T18:00,25.1,62,26.8,0.0,0.0,,6.5,193,14.8,
2026-08-26T18:15,25.1,63,26.7,0.1,0.1,,7.2,173,18.4,
2026-08-26T18:30,24.7,67,26.5,0.1,0.1,,7.9,153,23.4,
2026-08-26T18:45,24.3,71,26.3,0.1,0.1,,8.6,132,27.7,
2026-08-26T19:00,23.9,74,26.0,0.1,0.1,,9.0,112,30.2,
2026-08-26T19:15,23.1,83,25.0,0.0,0.0,,13.7,60,23.4,
2026-08-26T19:30,23.0,83,25.1,0.0,0.0,,12.2,59,20.5,
2026-08-26T19:45,23.0,82,25.3,0.0,0.0,,10.4,58,17.6,
2026-08-26T20:00,23.0,81,25.3,0.0,0.0,,9.0,57,15.5,
2026-08-26T20:15,22.8,81,25.2,0.0,0.0,,8.3,60,14.4,
2026-08-26T20:30,22.7,82,25.1,0.0,0.0,,7.9,63,14.0,
2026-08-26T20:45,22.5,83,25.1,0.0,0.0,,7.6,65,14.0,
2026-08-26T21:00,22.4,83,24.8,0.0,0.0,,7.6,68,14.4,
2026-08-26T21:15,22.2,83,24.6,0.0,0.0,,7.9,73,14.8,
2026-08-26T21:30,22.1,83,24.2,0.0,0.0,,9.0,77,15.8,
2026-08-26T21:45,21.9,83,23.8,0.0,0.0,,10.1,82,16.9,
2026-08-26T22:00,21.0,90,23.0,0.0,0.0,,10.4,74,19.1,
2026-08-26T22:15,21.1,88,22.9,0.0,0.0,,10.8,76,19.1,
2026-08-26T22:30,21.3,84,22.9,0.0,0.0,,10.8,77,18.7,
2026-08-26T22:45,21.6,80,23.0,0.0,0.0,,10.8,79,18.0,
2026-08-26T23:00,21.8,78,23.0,0.0,0.0,,10.8,80,18.0,
2026-08-26T23:15,21.7,78,22.9,0.0,0.0,,11.2,83,18.7,
2026-08-26T23:30,21.6,79,22.7,0.0,0.0,,11.5,86,20.2,
2026-08-26T23:45,21.4,81,22.6,0.0,0.0,,11.9,88,21.2,
2026-08-27T00:00,21.2,82,22.3,0.0,0.0,,12.2,91,22.0,
2026-08-27T00:15,21.0,83,22.1,0.0,0.0,,12.6,92,22.0,
2026-08-27T00:30,20.8,84,21.8,0.0,0.0,,13.0,93,21.2,
2026-08-27T00:45,20.5,85,21.5,0.0,0.0,,13.0,93,20.5,
2026-08-27T01:00,20.3,86,21.3,0.0,0.0,,13.0,94,20.5,
2026-08-27T01:15,19.6,92,20.8,0.0,0.0,,12.2,95,18.7,
2026-08-27T01:30,19.6,90,20.8,0.0,0.0,,11.5,99,17.6,
2026-08-27T01:45,19.5,88,20.7,0.0,0.0,,10.8,102,16.9,
2026-08-27T02:00,19.5,87,20.6,0.0,0.0,,10.4,105,16.2,
2026-08-27T02:15,19.5,87,20.6,0.0,0.0,,10.4,106,16.2,
2026-08-27T02:30,19.4,87,20.5,0.0,0.0,,10.4,108,16.6,
2026-08-27T02:45,19.3,87,20.3,0.0,0.0,,10.8,109,17.3,
2026-08-27T03:00,19.3,87,20.2,0.0,0.0,,11.2,110,17.6,
2026-08-27T03:15,19.3,87,20.1,0.0,0.0,,11.5,111,18.0,
2026-08-27T03:30,19.3,86,20.0,0.0,0.0,,11.5,112,18.7,
2026-08-27T03:45,19.2,85,19.8,0.0,0.0,,11.9,112,19.1,
2026-08-27T04:00,19.2,85,19.7,0.0,0.0,,12.2,113,19.8,
2026-08-27T04:15,19.0,85,19.4,0.0,0.0,,12.6,110,20.5,
2026-08-27T04:30,18.8,85,19.0,0.0,0.0,,13.3,107,20.9,
2026-08-27T04:45,18.6,84,18.5,0.0,0.0,,14.0,104,21.6,
2026-08-27T05:00,18.5,84,18.3,0.0,0.0,,14.4,101,22.0,
2026-08-27T05:15,18.5,84,18.4,0.0,0.0,,14.4,102,22.3,
2026-08-27T05:30,18.7,83,18.6,0.0,0.0,,14.4,103,22.3,
2026-08-27T05:45,18.9,82,18.7,0.0,0.0,,14.4,103,22.3,
2026-08-27T06:00,19.0,82,18.9,0.0,0.0,,14.4,104,22.3,
2026-08-27T06:15,19.0,82,18.8,0.0,0.0,,14.8,130,22.3,
2026-08-27T06:30,18.9,82,18.7,0.0,0.0,,14.8,156,22.0,
2026-08-27T06:45,18.8,82,18.5,0.0,0.0,,15.1,181,22.0,
2026-08-27T07:00,18.6,83,18.4,0.0,0.0,,15.1,207,22.0,
2026-08-27T07:15,18.4,86,18.4,1.2,1.2,,14.8,186,22.0,
2026-08-27T07:30,18.2,90,18.4,1.2,1.2,,14.0,164,22.3,
2026-08-27T07:45,18.0,94,18.6,1.2,1.2,,13.3,143,22.3,
2026-08-27T08:00,18.0,96,18.8,1.2,1.2,,12.6,121,22.3,
2026-08-27T08:15,18.2,96,19.2,0.0,0.0,,11.9,130,21.2,
2026-08-27T08:30,18.5,94,19.7,0.0,0.0,,10.8,139,20.2,
2026-08-27T08:45,18.9,91,20.1,0.0,0.0,,10.1,147,18.7,
2026-08-27T09:00,19.3,89,20.6,0.0,0.0,,9.7,156,18.7,
2026-08-27T09:15,19.7,88,20.9,0.0,0.0,,10.4,155,20.2,
2026-08-27T09:30,20.1,86,21.2,0.0,0.0,,11.5,153,22.3,
2026-08-27T09:45,20.4,85,21.4,0.0,0.0,,13.0,152,25.2,
2026-08-27T10:00,20.8,84,21.7,0.0,0.0,,14.0,150,27.4,
2026-08-27T10:15,21.2,83,22.1,0.0,0.0,,15.1,157,29.2,
2026-08-27T10:30,21.7,81,22.3,0.0,0.0,,16.6,165,31.3,
2026-08-27T10:45,22.1,79,22.6,0.0,0.0,,17.6,172,32.8,
2026-08-27T11:00,22.5,78,22.9,0.0,0.0,,18.4,179,33.8,
2026-08-27T11:15,22.8,77,23.5,0.0,0.0,,18.4,181,34.2,
2026-08-27T11:30,23.5,77,24.9,0.0,0.0,,15.8,168,30.6,
2026-08-27T11:45,23.8,74,25.2,0.0,0.0,,15.8,170,30.6,
2026-08-27T12:00,24.1,72,25.6,0.0,0.0,,15.8,172,30.2,
2026-08-27T12:15,24.4,70,26.0,0.0,0.0,,15.5,180,29.9,
2026-08-27T12:30,24.7,69,26.6,0.0,0.0,,15.1,188,29.2,
2026-08-27T12:45,25.0,68,27.0,0.0,0.0,,14.8,195,28.4,
2026-08-27T13:00,25.2,67,27.3,0.0,0.0,,14.4,203,27.7,
2026-08-27T13:15,25.4,67,27.6,0.0,0.0,,14.4,211,27.4,
2026-08-27T13:30,25.5,67,27.8,0.0,0.0,,14.4,219,26.6,
2026-08-27T13:45,25.6,68,28.0,0.0,0.0,,14.0,227,26.3,
2026-08-27T14:00,25.7,68,28.0,0.0,0.0,,14.0,235,25.9,
2026-08-27T14:15,25.9,67,28.1,0.0,0.0,,13.7,237,25.2,
2026-08-27T14:30,26.1,66,28.1,0.0,0.0,,13.0,239,24.5,
2026-08-27T14:45,26.3,65,28.1,0.0,0.0,,12.6,241,24.1,
2026-08-27T15:00,26.3,65,28.1,0.0,0.0,,12.2,243,23.8,
2026-08-27T15:15,26.0,65,27.6,0.0,0.0,,12.6,245,24.1,
2026-08-27T15:30,25.5,66,26.8,0.0,0.0,,13.7,247,25.2,
2026-08-27T15:45,25.1,67,26.2,0.0,0.0,,14.4,248,26.3,
2026-08-27T16:00,24.9,67,25.9,0.0,0.0,,14.4,250,25.9,
2026-08-27T16:15,25.0,66,26.1,0.0,0.0,,13.0,240,24.1,
2026-08-27T16:30,25.3,65,26.7,0.0,0.0,,11.2,231,21.2,
2026-08-27T16:45,25.7,64,27.5,0.0,0.0,,9.0,221,18.0,
2026-08-27T17:00,25.9,63,27.8,0.0,0.0,,7.6,211,16.2,
2026-08-27T17:15,25.9,63,27.9,0.0,0.0,,7.2,224,15.5,
2026-08-27T17:30,25.8,63,27.8,0.0,0.0,,7.2,237,15.1,
2026-08-27T17:45,25.6,64,27.6,0.0,0.0,,7.6,250,15.8,
2026-08-27T18:00,25.2,65,27.0,0.0,0.0,,8.6,263,16.9,
2026-08-27T18:15,24.5,67,26.0,0.0,0.0,,10.1,271,19.1,
2026-08-27T18:30,23.5,69,24.5,0.0,0.0,,12.2,278,22.0,
2026-08-27T18:45,22.6,71,23.0,0.0,0.0,,14.4,286,25.2,
2026-08-27T19:00,21.9,74,22.0,0.0,0.0,,16.2,293,27.7,
2026-08-27T19:15,21.6,78,21.8,0.0,0.0,,17.6,283,29.2,
2026-08-27T19:30,21.6,82,22.0,0.0,0.0,,18.7,272,30.2,
2026-08-27T19:45,21.6,86,22.3,0.0,0.0,,19.1,262,31.3,
2026-08-27T20:00,21.4,89,22.3,0.0,0.0,,19.1,251,32.8,
2026-08-27T20:15,20.8,91,21.7,2.2,2.2,,17.6,256,36.0,
2026-08-27T20:30,19.9,93,20.9,2.2,2.2,,15.5,261,40.3,
2026-08-27T20:45,19.1,95,20.2,2.2,2.2,,13.0,265,43.6,
2026-08-27T21:00,18.4,96,19.7,2.2,2.2,,10.8,270,44.3,
2026-08-27T21:15,20.3,70,20.3,0.0,0.0,,11.2,342,17.3,
2026-08-27T21:30,19.3,79,19.9,0.0,0.0,,9.4,348,14.0,
2026-08-27T21:45,18.3,89,19.4,0.0,0.0,,7.6,355,11.2,
2026-08-27T22:00,17.6,95,19.1,0.0,0.0,,6.1,1,9.0,
2026-08-27T22:15,17.4,97,19.1,0.0,0.0,,5.4,32,7.6,
2026-08-27T22:30,17.6,97,19.4,0.0,0.0,,5.0,62,6.8,
2026-08-27T22:45,17.8,97,19.7,0.0,0.0,,4.7,93,7.2,
2026-08-27T23:00,17.9,96,19.8,0.0,0.0,,5.4,123,7.9,
2026-08-27T23:15,17.9,96,19.5,0.0,0.0,,7.2,122,10.4,
2026-08-27T23:30,17.9,96,19.2,0.0,0.0,,9.4,121,14.4,
2026-08-27T23:45,17.9,95,18.7,0.0,0.0,,11.9,119,18.0,
2026-08-28T00:00,17.8,95,18.4,0.0,0.0,,13.0,118,19.8,
2026-08-28T00:15,17.7,95,18.3,0.0,0.0,,12.2,135,19.1,
2026-08-28T00:30,17.5,95,18.3,0.0,0.0,,10.4,151,16.6,
2026-08-28T00:45,17.2,96,18.3,0.0,0.0,,8.6,168,13.7,
2026-08-28T01:00,17.0,96,18.3,0.0,0.0,,6.8,184,11.2,
2026-08-28T01:15,16.8,96,18.1,0.0,0.0,,5.8,191,9.4,
2026-08-28T01:30,16.6,97,18.1,0.0,0.0,,4.3,197,7.6,
2026-08-28T01:45,16.4,97,17.9,0.0,0.0,,3.6,204,6.5,
2026-08-28T02:00,16.3,97,17.8,0.0,0.0,,3.2,210,5.8,
2026-08-28T02:15,16.4,97,17.9,0.0,0.0,,3.6,203,6.5,
2026-08-28T02:30,16.6,96,17.9,0.0,0.0,,4.7,196,7.9,
2026-08-28T02:45,16.8,96,18.1,0.0,0.0,,5.4,188,9.7,
2026-08-28T03:00,16.9,96,18.2,0.0,0.0,,6.1,181,10.4,
2026-08-28T03:15,16.8,96,18.1,0.0,0.0,,5.8,188,9.7,
2026-08-28T03:30,16.6,97,17.9,0.0,0.0,,5.4,195,8.3,
2026-08-28T03:45,16.4,98,17.8,0.0,0.0,,4.7,201,6.8,
2026-08-28T04:00,16.2,98,17.6,0.0,0.0,,4.3,208,6.1,
2026-08-28T04:15,16.2,98,17.5,0.0,0.0,,4.7,193,6.5,
2026-08-28T04:30,16.2,98,17.4,0.0,0.0,,5.8,179,7.9,
2026-08-28T04:45,16.2,98,17.3,0.0,0.0,,6.5,164,9.0,
2026-08-28T05:00,16.2,98,17.2,0.0,0.0,,6.8,149,10.1,
2026-08-28T05:15,16.1,98,17.2,0.0,0.0,,6.5,168,10.4,
2026-08-28T05:30,16.2,98,17.3,0.0,0.0,,6.1,128,10.1,
2026-08-28T05:45,16.5,98,18.0,0.0,0.0,,5.0,113,8.3,
2026-08-28T06:00,16.8,98,18.4,0.0,0.0,,4.7,99,7.6,
2026-08-28T06:15,16.8,98,18.3,0.0,0.0,,5.4,120,8.6,
2026-08-28T06:30,16.7,98,18.0,0.0,0.0,,6.5,140,10.4,
2026-08-28T06:45,16.7,97,17.7,0.0,0.0,,7.6,161,12.6,
2026-08-28T07:00,16.6,97,17.6,0.0,0.0,,8.3,181,13.7,
2026-08-28T07:15,16.7,97,17.7,0.0,0.0,,7.9,180,13.3,
2026-08-28T07:30,16.8,98,18.0,0.0,0.0,,6.8,179,12.2,
2026-08-28T07:45,16.9,98,18.3,0.0,0.0,,5.8,177,10.8,
2026-08-28T08:00,17.0,98,18.7,0.0,0.0,,5.0,176,10.1,
2026-08-28T08:15,17.2,97,18.9,0.0,0.0,,5.0,169,9.7,
2026-08-28T08:30,17.5,97,19.3,0.0,0.0,,5.4,163,10.1,
2026-08-28T08:45,17.8,96,19.4,0.0,0.0,,6.1,156,10.4,
2026-08-28T09:00,18.0,95,19.5,0.0,0.0,,6.8,149,11.5,
2026-08-28T09:15,18.1,94,19.5,0.1,0.1,,7.9,159,13.7,
2026-08-28T09:30,18.2,94,19.4,0.1,0.1,,9.7,170,16.6,
2026-08-28T09:45,18.3,94,19.3,0.1,0.1,,11.2,180,19.4,
2026-08-28T10:00,18.2,94,19.0,0.1,0.1,,12.2,190,21.2,
2026-08-28T10:15,18.1,95,18.9,0.1,0.1,,12.2,185,21.2,
2026-08-28T10:30,17.8,97,18.8,0.1,0.1,,11.2,180,20.2,
2026-08-28T10:45,17.6,98,18.7,0.1,0.1,,10.4,175,19.1,
2026-08-28T11:00,17.3,98,18.2,0.1,0.1,,10.8,170,19.8,
2026-08-28T11:15,17.1,96,17.6,0.9,0.9,,12.6,175,23.4,
2026-08-28T11:30,17.0,93,16.8,0.9,0.9,,15.1,180,28.8,
2026-08-28T11:45,16.8,90,16.0,0.9,0.9,,17.6,184,33.8,
2026-08-28T12:00,16.7,88,15.4,0.9,0.9,,19.4,189,37.1,
2026-08-28T12:15,16.5,88,15.2,0.0,0.0,,19.4,194,37.1,
2026-08-28T12:30,16.4,88,15.1,0.0,0.0,,18.7,198,34.9,
2026-08-28T12:45,16.3,89,15.2,0.0,0.0,,18.0,203,32.4,
2026-08-28T13:00,16.4,89,15.3,0.0,0.0,,17.6,207,31.3,
2026-08-28T13:15,16.7,89,15.6,0.0,0.0,,18.4,207,32.0,
2026-08-28T13:30,17.1,89,16.1,0.0,0.0,,19.4,208,33.5,
2026-08-28T13:45,17.6,88,16.5,0.0,0.0,,20.9,208,35.3,
2026-08-28T14:00,18.0,87,16.8,0.0,0.0,,22.0,208,37.1,
2026-08-28T14:15,18.4,84,16.9,0.4,0.4,,23.0,215,39.2,
2026-08-28T14:30,18.7,80,17.0,0.4,0.4,,24.1,221,41.4,
2026-08-28T14:45,19.0,76,16.9,0.4,0.4,,25.2,228,43.6,
2026-08-28T15:00,19.1,74,16.8,0.4,0.4,,25.6,234,44.6,
2026-08-28T15:15,19.0,75,16.8,0.0,0.0,,25.6,236,45.0,
2026-08-28T15:30,18.9,77,16.8,0.0,0.0,,25.2,238,44.3,
2026-08-28T15:45,18.6,80,16.7,0.0,0.0,,24.8,240,43.2,
2026-08-28T16:00,18.3,83,16.6,0.0,0.0,,23.8,242,41.8,
2026-08-28T16:15,17.8,85,16.3,0.5,0.5,,22.3,243,39.2,
2026-08-28T16:30,17.2,88,16.0,0.5,0.5,,20.2,245,35.6,
2026-08-28T16:45,16.6,90,15.7,0.5,0.5,,18.0,246,32.4,
2026-08-28T17:00,16.4,91,15.7,0.5,0.5,,16.6,247,30.2,
2026-08-28T17:15,16.8,90,16.1,0.0,0.0,,16.2,244,29.9,
2026-08-28T17:30,17.4,87,16.8,0.0,0.0,,16.2,241,30.2,
2026-08-28T17:45,18.2,84,17.7,0.0,0.0,,16.2,238,31.0,
2026-08-28T18:00,18.7,82,18.2,0.0,0.0,,16.2,235,31.0,
2026-08-28T18:15,18.9,82,18.5,0.0,0.0,,15.8,231,29.9,
2026-08-28T18:30,18.9,82,18.6,0.0,0.0,,15.1,227,28.4,
2026-08-28T18:45,18.8,83,18.8,0.0,0.0,,14.4,223,26.6,
2026-08-28T19:00,18.7,84,18.7,0.0,0.0,,13.7,219,25.2,
2026-08-28T19:15,18.4,85,18.6,0.0,0.0,,13.0,214,23.8,
2026-08-28T19:30,18.1,87,18.3,0.0,0.0,,12.6,210,22.3,
2026-08-28T19:45,17.8,89,18.0,0.0,0.0,,12.2,205,21.2,
2026-08-28T20:00,17.5,90,17.7,0.0,0.0,,11.9,200,20.5,
2026-08-28T20:15,17.3,91,17.6,0.0,0.0,,11.9,198,20.2,
2026-08-28T20:30,17.2,91,17.4,0.0,0.0,,12.2,195,20.5,
2026-08-28T20:45,17.1,91,17.2,0.0,0.0,,13.0,193,20.9,
2026-08-28T21:00,17.0,91,17.0,0.0,0.0,,13.0,190,20.9,
2026-08-28T21:15,16.9,91,16.9,0.0,0.0,,12.6,191,20.5,
2026-08-28T21:30,16.7,91,16.7,0.0,0.0,,12.2,192,19.8,
2026-08-28T21:45,16.6,91,16.7,0.0,0.0,,11.5,192,19.1,
2026-08-28T22:00,16.5,91,16.5,0.0,0.0,,11.5,193,19.1,
2026-08-28T22:15,16.4,92,16.3,0.0,0.0,,12.2,194,20.2,
2026-08-28T22:30,16.3,93,16.1,0.0,0.0,,13.3,196,22.0,
2026-08-28T22:45,16.2,94,16.0,0.0,0.0,,14.0,197,23.8,
2026-08-28T23:00,16.1,94,15.7,0.0,0.0,,14.8,198,24.8,
2026-08-28T23:15,15.8,94,15.3,0.0,0.0,,14.8,193,24.5,
2026-08-28T23:30,15.5,93,14.9,0.0,0.0,,14.0,188,23.4,
2026-08-28T23:45,15.2,92,14.5,0.0,0.0,,13.3,183,22.0,
2026-08-29T00:00,15.0,92,14.2,0.0,0.0,,13.3,178,21.6,
2026-08-29T00:15,14.9,92,14.1,0.0,0.0,,13.7,180,22.3,
2026-08-29T00:30,14.8,93,13.9,0.0,0.0,,14.8,181,23.8,
2026-08-29T00:45,14.8,94,13.8,0.0,0.0,,15.5,183,25.6,
2026-08-29T01:00,14.8,94,13.7,0.0,0.0,,16.2,184,26.6,
2026-08-29T01:15,15.1,93,14.4,0.0,0.0,,13.7,185,23.4,
2026-08-29T01:30,14.9,91,13.6,0.0,0.0,,16.6,187,27.7,
2026-08-29T01:45,14.7,88,12.8,0.0,0.0,,19.1,188,31.7,
2026-08-29T02:00,14.6,87,12.4,0.0,0.0,,20.9,190,34.2,
2026-08-29T02:15,14.6,88,12.4,0.0,0.0,,20.9,190,34.2,
2026-08-29T02:30,14.6,90,12.6,0.0,0.0,,19.8,191,32.4,
2026-08-29T02:45,14.6,92,13.0,0.0,0.0,,18.7,191,30.2,
2026-08-29T03:00,14.7,94,13.3,0.0,0.0,,17.6,191,28.8,
2026-08-29T03:15,14.8,95,13.6,0.0,0.0,,17.3,192,28.1,
2026-08-29T03:30,14.9,95,13.7,0.0,0.0,,17.3,193,27.7,
2026-08-29T03:45,15.0,95,13.9,0.0,0.0,,16.9,194,27.7,
2026-08-29T04:00,15.0,95,13.9,0.0,0.0,,16.9,195,27.4,
2026-08-29T04:15,14.8,95,13.7,0.0,0.0,,16.9,193,27.4,
2026-08-29T04:30,14.6,96,13.5,0.0,0.0,,16.6,191,27.0,
2026-08-29T04:45,14.4,97,13.3,0.0,0.0,,16.6,189,27.0,
2026-08-29T05:00,14.3,97,13.2,0.0,0.0,,16.2,187,26.6,
2026-08-29T05:15,14.3,97,13.2,0.0,0.0,,15.8,186,25.9,
2026-08-29T05:30,14.4,97,13.5,0.0,0.0,,15.1,186,25.2,
2026-08-29T05:45,14.5,97,13.6,0.0,0.0,,14.8,185,24.5,
2026-08-29T06:00,14.5,97,13.8,0.0,0.0,,14.4,184,23.8,
2026-08-29T06:15,14.4,97,13.6,0.0,0.0,,14.4,184,23.4,
2026-08-29T06:30,14.2,98,13.4,0.0,0.0,,14.4,184,23.8,
2026-08-29T06:45,14.0,98,13.1,0.0,0.0,,14.4,183,23.8,
2026-08-29T07:00,14.0,98,13.1,0.0,0.0,,14.4,183,24.1,
2026-08-29T07:15,14.1,98,13.2,0.0,0.0,,14.4,182,24.5,
2026-08-29T07:30,14.2,98,13.4,0.0,0.0,,14.4,181,25.2,
2026-08-29T07:45,14.5,97,13.7,0.0,0.0,,14.4,180,25.9,
2026-08-29T08:00,14.7,97,14.2,0.0,0.0,,13.0,177,23.4,
2026-08-29T08:15,15.0,97,14.5,0.0,0.0,,13.3,175,24.1,
2026-08-29T08:30,15.3,96,14.8,0.0,0.0,,13.7,174,25.2,
2026-08-29T08:45,15.6,96,15.1,0.0,0.0,,14.4,172,26.6,
2026-08-29T09:00,15.8,95,15.3,0.0,0.0,,15.1,170,27.7,
2026-08-29T09:15,16.0,94,15.4,0.0,0.0,,15.8,170,28.4,
2026-08-29T09:30,16.1,93,15.4,0.0,0.0,,16.2,171,29.2,
2026-08-29T09:45,16.2,92,15.4,0.0,0.0,,16.9,171,29.9,
2026-08-29T10:00,16.4,91,15.6,0.0,0.0,,17.3,171,30.2,
2026-08-29T10:15,16.8,90,16.1,0.0,0.0,,17.3,174,30.6,
2026-08-29T10:30,17.3,88,16.6,0.0,0.0,,17.3,178,30.6,
2026-08-29T10:45,17.8,87,17.2,0.0,0.0,,17.3,181,31.0,
2026-08-29T11:00,18.1,86,17.6,0.0,0.0,,17.3,184,31.3,
2026-08-29T11:15,18.2,86,17.5,0.0,0.0,,18.0,186,32.4,
2026-08-29T11:30,18.1,85,17.2,0.0,0.0,,18.7,188,33.5,
2026-08-29T11:45,17.9,86,17.0,0.0,0.0,,19.4,190,34.6,
2026-08-29T12:00,17.8,86,16.7,0.0,0.0,,20.2,192,35.6,
2026-08-29T12:15,17.8,87,16.8,0.0,0.0,,20.5,192,36.0,
2026-08-29T12:30,17.8,88,16.8,0.0,0.0,,20.5,191,36.4,
2026-08-29T12:45,17.8,89,16.9,0.0,0.0,,20.9,191,36.4,
2026-08-29T13:00,17.8,90,16.9,0.0,0.0,,20.9,190,36.7,
2026-08-29T13:15,17.8,91,16.9,0.0,0.0,,20.9,190,37.1,
2026-08-29T13:30,17.7,91,16.7,0.0,0.0,,21.2,189,37.8,
2026-08-29T13:45,17.6,90,16.6,0.0,0.0,,20.9,186,36.0,
2026-08-29T14:00,17.6,90,16.6,0.0,0.0,,20.9,184,36.0,
2026-08-29T14:15,17.7,90,16.7,0.0,0.0,,21.2,182,36.4,
2026-08-29T14:30,17.8,89,16.7,0.0,0.0,,21.6,179,37.1,
2026-08-29T14:45,17.9,89,16.8,0.0,0.0,,22.0,177,38.2,
2026-08-29T15:00,18.0,89,16.9,0.0,0.0,,22.3,174,38.5,
2026-08-29T15:15,17.9,90,16.9,0.6,0.6,,22.0,172,38.5,
2026-08-29T15:30,17.8,92,17.0,0.6,0.6,,21.6,170,38.2,
2026-08-29T15:45,17.7,94,17.0,0.6,0.6,,21.2,167,37.8,
2026-08-29T16:00,17.7,95,17.0,0.6,0.6,,21.2,165,38.2,
2026-08-29T16:15,17.7,95,17.0,0.0,0.0,,21.6,166,38.9,
2026-08-29T16:30,17.8,96,17.1,0.0,0.0,,22.7,168,40.3,
2026-08-29T16:45,17.9,95,17.1,0.0,0.0,,23.4,169,41.8,
2026-08-29T17:00,18.1,95,17.2,0.0,0.0,,24.1,170,42.8,
2026-08-29T17:15,18.2,94,17.3,0.7,0.7,,24.5,176,43.9,
2026-08-29T17:30,18.4,94,17.5,0.7,0.7,,24.8,182,45.0,
2026-08-29T17:45,18.6,93,17.6,0.7,0.7,,25.2,187,46.1,
2026-08-29T18:00,18.7,92,17.7,0.7,0.7,,25.2,193,46.4,
2026-08-29T18:15,18.7,92,17.8,0.0,0.0,,24.8,194,46.1,
2026-08-29T18:30,18.7,91,17.8,0.0,0.0,,24.1,194,45.0,
2026-08-29T18:45,18.6,91,17.8,0.0,0.0,,23.4,195,43.9,
2026-08-29T19:00,18.6,91,17.7,0.0,0.0,,23.4,195,43.6,
2026-08-29T19:15,18.5,91,17.4,0.0,0.0,,24.5,193,44.6,
2026-08-29T19:30,18.4,91,17.0,0.0,0.0,,26.3,191,46.4,
2026-08-29T19:45,18.3,92,16.7,0.0,0.0,,28.1,189,48.2,
2026-08-29T20:00,18.2,93,16.4,0.0,0.0,,29.5,186,50.4,
2026-08-29T20:15,18.2,93,16.4,0.0,0.0,,29.9,187,50.8,
2026-08-29T20:30,18.2,93,16.5,0.0,0.0,,29.2,188,50.4,
2026-08-29T20:45,18.2,93,16.6,0.0,0.0,,28.8,189,49.7,
2026-08-29T21:00,18.2,93,16.7,0.0,0.0,,28.1,190,49.3,
2026-08-29T21:15,18.2,93,16.6,0.0,0.0,,27.7,192,49.3,
2026-08-29T21:30,18.1,94,16.7,0.0,0.0,,27.4,193,49.3,
2026-08-29T21:45,18.0,94,16.6,0.0,0.0,,27.0,195,49.3,
2026-08-29T22:00,18.0,94,16.6,0.0,0.0,,26.3,196,49.3,
2026-08-29T22:15,17.9,94,16.7,0.0,0.0,,25.2,199,49.3,
2026-08-29T22:30,18.0,93,17.1,0.0,0.0,,22.7,204,40.3,
2026-08-29T22:45,18.0,94,17.3,0.0,0.0,,21.6,206,38.9,
2026-08-29T23:00,18.0,94,17.4,0.0,0.0,,20.9,208,37.8,
2026-08-29T23:15,17.9,94,17.4,0.0,0.0,,20.9,211,37.4,
2026-08-29T23:30,17.9,95,17.2,0.0,0.0,,21.6,214,37.8,
2026-08-29T23:45,17.8,95,17.1,0.0,0.0,,22.3,216,38.5,
2026-08-30T00:00,17.8,95,16.9,0.0,0.0,,22.7,219,39.6,
2026-08-30T00:15,17.8,95,17.0,0.0,0.0,,22.3,221,41.0,
2026-08-30T00:30,17.8,95,17.1,0.0,0.0,,22.0,222,43.2,
2026-08-30T00:45,18.2,94,18.2,0.0,0.0,,18.0,224,33.5,
2026-08-30T01:00,18.2,93,18.0,0.0,0.0,,19.1,227,35.6,
2026-08-30T01:15,18.2,92,17.7,0.0,0.0,,19.8,229,36.7,
2026-08-30T01:30,18.1,92,17.5,0.0,0.0,,20.5,231,37.1,
2026-08-30T01:45,18.0,91,17.2,0.0,0.0,,20.9,232,37.4,
2026-08-30T02:00,17.9,91,17.0,0.0,0.0,,21.2,234,37.4,
2026-08-30T02:15,17.8,91,16.9,0.0,0.0,,21.2,236,37.1,
2026-08-30T02:30,17.8,90,16.9,0.0,0.0,,20.9,237,36.0,
2026-08-30T02:45,17.7,90,16.8,0.0,0.0,,20.5,239,35.3,
2026-08-30T03:00,17.6,90,16.6,0.0,0.0,,20.5,240,34.9,
2026-08-30T03:15,17.3,90,16.2,0.0,0.0,,20.9,238,35.3,
2026-08-30T03:30,16.9,90,15.6,0.0,0.0,,21.2,236,35.6,
2026-08-30T03:45,16.5,91,15.0,0.0,0.0,,22.0,233,36.4,
2026-08-30T04:00,16.3,91,14.7,0.0,0.0,,22.0,231,36.7,
2026-08-30T04:15,16.3,91,14.7,0.0,0.0,,21.6,229,36.4,
2026-08-30T04:30,16.4,92,15.0,0.0,0.0,,20.9,227,35.6,
2026-08-30T04:45,16.5,92,15.4,0.0,0.0,,20.2,225,34.9,
2026-08-30T05:00,16.6,92,15.5,0.0,0.0,,19.4,223,34.6,
2026-08-30T05:15,16.5,92,15.5,0.0,0.0,,19.1,223,34.6,
2026-08-30T05:30,16.5,92,15.4,0.0,0.0,,19.1,223,34.6,
2026-08-30T05:45,16.4,92,15.3,0.0,0.0,,19.1,222,34.6,
2026-08-30T06:00,16.4,91,15.4,0.0,0.0,,18.0,219,31.7,
2026-08-30T06:15,16.3,91,15.3,0.0,0.0,,18.0,220,31.3,
2026-08-30T06:30,16.2,91,15.2,0.0,0.0,,17.6,222,31.3,
2026-08-30T06:45,16.1,92,15.2,0.0,0.0,,17.6,223,31.0,
2026-08-30T07:00,16.1,92,15.1,0.0,0.0,,17.6,224,31.0,
2026-08-30T07:15,16.1,92,15.1,0.0,0.0,,17.6,225,31.0,
2026-08-30T07:30,16.1,92,15.2,0.0,0.0,,17.3,225,31.0,
2026-08-30T07:45,16.1,92,15.3,0.0,0.0,,16.9,226,30.6,
2026-08-30T08:00,16.2,92,15.4,0.0,0.0,,16.9,226,30.6,
2026-08-30T08:15,16.4,91,15.6,0.0,0.0,,16.9,226,30.6,
2026-08-30T08:30,16.5,90,15.8,0.0,0.0,,16.6,227,30.2,
2026-08-30T08:45,16.7,89,16.0,0.0,0.0,,16.6,227,29.9,
2026-08-30T09:00,16.9,88,16.1,0.0,0.0,,16.6,227,29.9,
2026-08-30T09:15,17.0,88,16.2,0.0,0.0,,16.6,226,29.9,
2026-08-30T09:30,17.0,88,16.3,0.0,0.0,,16.6,225,29.9,
2026-08-30T09:45,17.1,88,16.4,0.0,0.0,,16.6,224,30.2,
2026-08-30T10:00,17.2,88,16.6,0.0,0.0,,16.6,223,30.2,
2026-08-30T10:15,17.4,87,16.8,0.0,0.0,,16.6,222,30.2,
2026-08-30T10:30,17.7,86,17.1,0.0,0.0,,16.2,222,30.6,
2026-08-30T10:45,18.0,84,17.4,0.0,0.0,,16.2,221,30.6,
2026-08-30T11:00,18.2,83,17.6,0.0,0.0,,16.2,220,30.6,
2026-08-30T11:15,18.3,83,17.8,0.0,0.0,,16.2,218,30.6,
2026-08-30T17:15,20.5,75,20.5,0.0,0.0,3,14.4,188,25.6,997.6
2026-08-30T11:30,19.1,78,18.6,0.0,0.0,,15.8,224,29.9,
2026-08-30T11:45,19.4,75,18.8,0.0,0.0,,15.5,221,30.2,
2026-08-30T12:00,19.7,73,19.0,0.0,0.0,,15.5,218,30.2,
2026-08-30T12:15,19.8,73,19.2,0.0,0.0,,15.1,215,29.9,
2026-08-30T12:30,19.7,74,19.2,0.0,0.0,,15.1,211,29.2,
2026-08-30T12:45,19.6,76,19.3,0.0,0.0,,14.8,208,28.4,
2026-08-30T13:00,19.6,77,19.4,0.0,0.0,,14.4,204,27.7,
2026-08-30T13:15,19.7,77,19.5,0.0,0.0,,14.0,203,27.0,
2026-08-30T13:30,19.7,78,19.7,0.0,0.0,,14.0,203,26.6,
2026-08-30T13:45,19.8,77,19.7,0.0,0.0,,14.0,202,26.3,
2026-08-30T14:00,19.9,77,19.8,0.0,0.0,,13.7,201,25.9,
2026-08-30T14:15,20.0,76,20.0,0.0,0.0,,13.3,203,25.9,
2026-08-30T14:30,20.2,75,20.3,0.0,0.0,,13.0,204,26.3,
2026-08-30T14:45,20.4,73,20.4,0.0,0.0,,12.6,206,26.6,
2026-08-30T15:00,20.6,72,20.6,0.0,0.0,,12.6,207,26.6,
2026-08-30T15:15,20.7,71,20.7,0.0,0.0,,12.6,207,26.3,
2026-08-31T05:30,15.4,93,13.2,0.0,0.0,3,24.5,211,43.9,996.5
2026-08-30T15:30,21.5,63,21.2,0.0,0.0,,11.9,203,24.5,
2026-08-30T15:45,21.5,64,21.2,0.0,0.0,,11.9,198,23.4,
2026-08-30T16:00,21.4,65,21.3,0.0,0.0,,11.5,194,23.0,
2026-08-30T16:15,21.4,66,21.3,0.0,0.0,,11.5,192,22.7,
2026-08-30T16:30,21.3,68,21.4,0.0,0.0,,11.5,190,22.7,
2026-08-30T16:45,21.3,70,21.5,0.0,0.0,,11.5,187,22.7,
2026-08-30T17:00,21.1,71,21.4,0.0,0.0,,11.5,185,22.7,
2026-08-30T17:30,20.6,72,20.7,0.0,0.0,,11.9,194,22.7,
2026-08-30T17:45,20.4,72,20.3,0.0,0.0,,12.2,198,22.7,
2026-08-30T18:00,20.2,73,20.1,0.0,0.0,,12.2,202,22.3,
2026-08-30T18:15,20.1,74,20.1,0.0,0.0,,11.9,196,21.6,
2026-08-30T18:30,20.0,75,20.2,0.0,0.0,,11.5,189,20.2,
2026-08-30T18:45,20.0,76,20.3,0.0,0.0,,11.2,183,19.4,
2026-08-30T19:00,19.9,78,20.4,0.0,0.0,,10.8,176,18.7,
2026-08-30T19:15,19.7,80,20.2,0.0,0.0,,11.2,174,19.1,
2026-08-30T19:30,19.5,83,20.1,0.0,0.0,,11.9,172,20.5,
2026-08-30T19:45,19.3,86,19.9,0.0,0.0,,12.2,169,21.2,
2026-08-30T20:00,19.1,87,19.7,0.0,0.0,,12.2,167,21.2,
2026-08-30T20:15,19.0,86,19.7,0.0,0.0,,11.2,169,19.1,
2026-08-30T20:30,19.0,85,19.9,0.0,0.0,,9.4,171,15.8,
2026-08-30T20:45,18.9,83,19.8,0.0,0.0,,7.9,172,13.0,
2026-08-30T21:00,18.8,82,19.8,0.0,0.0,,6.8,174,11.2,
2026-08-30T21:15,18.6,83,19.5,0.0,0.0,,7.2,170,11.5,
2026-08-30T21:30,18.4,85,19.2,0.0,0.0,,7.9,167,13.7,
2026-08-30T21:45,18.1,88,18.9,0.0,0.0,,9.0,163,15.8,
2026-08-30T22:00,17.8,90,18.5,0.0,0.0,,10.1,159,17.3,
2026-08-30T22:15,17.5,92,18.2,0.0,0.0,,10.4,160,17.6,
2026-08-30T22:30,17.2,95,17.8,0.0,0.0,,10.8,160,17.3,
2026-08-30T22:45,16.9,97,17.5,0.0,0.0,,11.5,161,17.3,
2026-08-30T23:00,16.9,97,17.3,0.0,0.0,,12.2,161,18.4,
2026-08-30T23:15,17.1,95,17.3,0.6,0.6,,14.0,172,22.0,
2026-08-30T23:30,17.6,91,17.3,0.6,0.6,,16.6,184,27.4,
2026-08-30T23:45,18.1,87,17.4,0.6,0.6,,18.7,195,32.0,
2026-08-31T00:00,18.3,85,17.5,0.6,0.6,,19.4,206,33.8,
2026-08-31T00:15,18.2,85,17.5,0.0,0.0,,17.6,207,31.3,
2026-08-31T00:30,17.8,87,17.6,0.0,0.0,,14.4,207,25.6,
2026-08-31T00:45,17.3,89,17.5,0.0,0.0,,11.2,208,19.8,
2026-08-31T01:00,16.9,91,17.4,0.0,0.0,,9.4,208,16.9,
2026-08-31T01:15,16.7,92,17.1,0.0,0.0,,10.1,206,18.0,
2026-08-31T01:30,16.6,93,16.6,0.0,0.0,,12.2,203,21.2,
2026-08-31T01:45,16.4,94,16.1,0.0,0.0,,15.1,201,25.6,
2026-08-31T02:00,16.3,94,15.7,0.0,0.0,,16.9,198,28.4,
2026-08-31T02:15,16.2,94,15.3,0.0,0.0,,18.0,200,30.2,
2026-08-31T02:30,16.1,94,15.1,0.0,0.0,,18.4,202,31.3,
2026-08-31T02:45,15.9,93,14.8,0.0,0.0,,18.7,203,32.0,
2026-08-31T03:00,15.8,93,14.6,0.0,0.0,,19.1,205,32.8,
2026-08-31T03:15,15.7,93,14.5,0.0,0.0,,19.1,205,33.1,
2026-08-31T03:30,15.6,93,14.4,0.0,0.0,,18.7,205,33.5,
2026-08-31T03:45,15.8,91,14.6,0.0,0.0,,18.0,202,29.2,
2026-08-31T04:00,15.6,91,14.3,0.0,0.0,,18.4,203,29.9,
2026-08-31T04:15,15.6,91,14.0,0.0,0.0,,19.8,205,32.4,
2026-08-31T04:30,15.6,92,13.9,0.0,0.0,,21.6,207,36.4,
2026-08-31T04:45,15.7,92,13.8,0.0,0.0,,23.4,208,40.3,
2026-08-31T05:00,15.8,92,13.7,0.0,0.0,,24.5,210,42.8,
2026-08-31T05:15,15.8,92,13.6,0.0,0.0,,24.8,210,43.6,
2026-08-31T05:45,15.8,90,13.7,0.0,0.0,,23.8,209,42.5,
2026-08-31T06:00,15.8,89,13.7,0.0,0.0,,23.4,209,41.8,
2026-08-31T06:15,15.8,87,13.7,0.0,0.0,,23.0,209,41.4,
2026-08-31T06:30,15.9,85,13.7,0.0,0.0,,22.7,210,40.7,
2026-08-31T06:45,15.9,83,13.6,0.0,0.0,,22.3,210,40.0,
2026-08-31T07:00,15.9,82,13.6,0.0,0.0,,22.0,210,39.2,
2026-08-31T07:15,15.7,84,13.6,0.0,0.0,,21.6,207,38.5,
2026-08-31T07:30,15.6,87,13.6,0.0,0.0,,20.9,205,37.8,
2026-08-31T07:45,15.4,90,13.7,0.0,0.0,,20.5,202,37.1,
2026-08-31T08:00,15.4,91,13.7,0.0,0.0,,20.5,199,37.1,
2026-08-31T08:15,15.7,89,14.0,0.0,0.0,,20.9,201,38.2,
2026-08-31T08:30,16.3,86,14.4,0.0,0.0,,21.6,204,39.6,
2026-08-31T08:45,16.7,82,14.7,0.0,0.0,,22.3,206,41.4,
2026-08-31T09:00,17.0,80,14.8,0.0,0.0,,23.0,208,42.5,
2026-08-31T09:15,16.9,80,14.6,0.0,0.0,,23.4,209,42.8,
2026-08-31T09:30,16.6,82,14.3,0.0,0.0,,24.1,210,43.2,
2026-08-31T09:45,16.3,84,13.9,0.0,0.0,,24.5,211,42.8,
2026-08-31T10:00,16.2,85,13.8,0.0,0.0,,24.5,212,42.8,
2026-08-31T10:15,16.3,85,14.1,0.0,0.0,,24.1,212,42.5,
2026-08-31T10:30,16.7,85,14.6,0.0,0.0,,23.8,212,42.5,
2026-08-31T10:45,17.1,85,15.2,0.0,0.0,,23.0,212,41.8,
2026-08-31T11:00,17.3,84,15.6,0.0,0.0,,22.7,212,41.4,
2026-08-31T11:15,17.4,84,15.7,0.0,0.0,,22.0,214,40.7,
2026-08-31T11:30,17.3,83,15.6,0.0,0.0,,21.6,216,39.6,
2026-08-31T11:45,17.3,83,15.7,0.0,0.0,,20.9,217,38.9,
2026-08-31T12:00,17.4,81,15.7,0.0,0.0,,20.9,219,38.5,
2026-08-31T12:15,17.8,77,15.8,0.0,0.0,,21.6,226,39.6,
2026-08-31T12:30,18.3,72,16.1,0.0,0.0,,22.7,233,41.4,
2026-08-31T12:45,18.8,68,16.4,0.0,0.0,,23.4,240,43.2,
2026-08-31T13:00,18.9,67,16.4,0.0,0.0,,23.4,247,43.2,
2026-08-31T13:15,18.4,71,16.2,0.0,0.0,,22.0,244,40.3,
2026-08-31T13:30,17.6,79,16.0,0.0,0.0,,19.8,242,36.0,
2026-08-31T13:45,16.7,87,15.7,0.0,0.0,,17.3,239,31.3,
2026-08-31T14:00,16.2,92,15.5,0.0,0.0,,15.8,236,28.8,
2026-08-31T14:15,16.2,93,15.7,0.0,0.0,,15.5,244,28.8,
2026-08-31T14:30,16.6,93,17.0,0.0,0.0,,15.8,253,30.2,
2026-08-31T14:45,17.1,91,17.4,0.0,0.0,,16.9,261,32.4,
2026-08-31T15:00,17.7,88,17.2,0.0,0.0,,17.6,269,34.2,
2026-08-31T15:15,18.2,83,17.3,0.0,0.0,,18.7,266,36.0,
2026-08-31T15:30,18.9,77,17.6,0.0,0.0,,20.2,264,38.2,
2026-08-31T15:45,19.5,71,17.8,0.0,0.0,,21.2,261,40.3,
2026-08-31T16:00,19.9,67,17.8,0.0,0.0,,22.3,258,41.8,
2026-08-31T16:15,20.1,66,17.9,0.0,0.0,,23.0,261,42.5,
2026-08-31T16:30,20.0,68,18.0,0.0,0.0,,23.0,263,42.5,
2026-08-31T16:45,19.9,70,17.9,0.0,0.0,,23.4,266,42.5,
2026-08-31T17:00,19.8,72,18.0,0.0,0.0,,23.4,268,42.1,
2026-08-31T17:15,19.7,73,17.9,0.0,0.0,,23.4,270,42.1,
2026-08-31T17:30,19.6,74,17.8,0.0,0.0,,23.4,272,41.8,
2026-08-31T17:45,19.5,74,17.8,0.0,0.0,,23.0,274,41.4,
2026-08-31T18:00,19.4,74,17.7,0.0,0.0,,22.7,276,40.3,
2026-08-31T18:15,19.4,73,17.8,0.0,0.0,,21.6,279,38.5,
2026-08-31T18:30,19.5,71,17.9,0.0,0.0,,20.5,283,36.4,
2026-08-31T18:45,19.5,69,17.9,0.0,0.0,,19.1,286,33.8,
2026-08-31T19:00,19.4,69,18.0,0.0,0.0,,18.0,289,32.0,
2026-08-31T19:15,19.1,71,17.8,0.0,0.0,,17.6,286,31.3,
2026-08-31T19:30,18.7,74,17.5,0.0,0.0,,17.6,284,31.0,
2026-08-31T19:45,18.2,78,17.1,0.0,0.0,,17.3,281,30.6,
2026-08-31T20:00,17.8,81,16.9,0.0,0.0,,16.9,278,29.5,
2026-08-31T20:15,17.4,83,16.7,0.0,0.0,,15.5,277,27.4,
2026-08-31T20:30,17.1,84,16.5,0.0,0.0,,14.0,275,24.1,
2026-08-31T20:45,16.7,85,16.3,0.0,0.0,,12.2,274,21.2,
2026-08-31T21:00,16.4,86,16.1,0.0,0.0,,11.2,272,19.1,
2026-08-31T21:15,16.2,87,16.0,0.0,0.0,,10.8,269,18.4,
2026-08-31T21:30,16.1,87,15.7,0.0,0.0,,11.2,267,18.7,
2026-08-31T21:45,16.0,88,15.6,0.0,0.0,,11.5,264,19.1,
2026-08-31T22:00,15.9,88,15.4,0.0,0.0,,11.9,261,19.8,
2026-08-31T22:15,16.2,85,15.7,0.0,0.0,,11.5,252,19.8,
2026-08-31T22:30,15.7,88,15.4,0.0,0.0,,10.8,246,18.0,
2026-08-31T22:45,15.3,90,15.0,0.0,0.0,,9.7,241,16.6,
2026-08-31T23:00,15.0,92,14.8,0.0,0.0,,9.4,235,15.5,
2026-08-31T23:15,15.0,92,14.8,0.0,0.0,,9.4,238,15.8,
2026-08-31T23:30,15.1,91,14.9,0.0,0.0,,10.1,242,16.6,
2026-08-31T23:45,15.3,90,15.0,0.0,0.0,,10.4,245,17.6,
2026-09-01T00:00,15.3,89,14.9,0.0,0.0,,10.8,248,18.0,
2026-09-01T00:15,15.1,89,14.6,0.0,0.0,,10.8,241,17.6,
2026-09-01T00:30,14.7,90,14.2,0.0,0.0,,10.1,234,16.9,
2026-09-01T00:45,14.3,90,13.7,0.0,0.0,,9.7,227,16.2,
2026-09-01T01:00,14.0,91,13.4,0.0,0.0,,9.7,220,15.8,
2026-09-01T01:15,14.0,92,13.4,0.0,0.0,,10.1,220,16.2,
2026-09-01T01:30,14.2,93,13.6,0.0,0.0,,10.8,219,17.3,
2026-09-01T01:45,14.3,93,13.7,0.0,0.0,,11.5,219,18.4,
2026-09-01T02:00,14.4,94,13.8,0.0,0.0,,12.2,218,19.4,
2026-09-01T02:15,14.4,94,13.7,0.0,0.0,,12.6,219,20.5,
2026-09-01T02:30,14.2,95,13.4,0.0,0.0,,13.3,220,21.2,
2026-09-01T02:45,14.1,95,13.2,0.0,0.0,,13.7,221,22.0,
2026-09-01T03:00,14.0,95,13.0,0.0,0.0,,14.0,222,22.7,
2026-09-01T03:15,13.9,95,12.8,0.0,0.0,,14.4,222,23.0,
2026-09-01T03:30,13.8,95,12.6,0.0,0.0,,14.4,222,23.0,
2026-09-01T03:45,13.7,95,12.6,0.0,0.0,,14.4,221,22.7,
2026-09-01T04:00,13.6,95,12.4,0.0,0.0,,14.4,221,22.3,
2026-09-01T04:15,13.5,95,12.4,0.0,0.0,,13.7,219,21.6,
2026-09-01T04:30,13.4,96,12.4,0.0,0.0,,13.0,218,20.5,
2026-09-01T04:45,13.3,97,12.5,0.0,0.0,,12.2,216,19.4,
2026-09-01T05:00,13.2,97,12.4,0.0,0.0,,11.5,214,18.7,
2026-09-01T05:15,13.1,97,12.3,0.0,0.0,,11.5,213,18.7,
2026-09-01T05:30,13.0,97,12.0,0.0,0.0,,11.9,213,19.1,
2026-09-01T05:45,12.8,97,11.8,0.0,0.0,,12.2,212,19.4,
2026-09-01T06:00,12.7,97,11.7,0.0,0.0,,12.2,211,19.8,
2026-09-01T06:15,12.6,97,11.5,0.0,0.0,,12.2,211,19.8,
2026-09-01T06:30,12.5,97,11.4,0.0,0.0,,11.9,212,20.2,
2026-09-01T06:45,12.4,97,11.3,0.0,0.0,,11.5,212,20.2,
2026-09-01T07:00,12.3,97,11.2,0.0,0.0,,11.5,212,20.2,
2026-09-01T07:15,12.4,97,11.3,0.0,0.0,,11.5,214,20.2,
2026-09-01T07:30,12.4,97,11.3,0.0,0.0,,11.9,216,19.8,
2026-09-01T07:45,12.6,96,11.5,0.0,0.0,,11.9,217,19.8,
2026-09-01T08:00,12.7,96,11.7,0.0,0.0,,11.9,219,19.8,
2026-09-01T08:15,12.9,95,11.9,0.0,0.0,,11.9,220,20.2,
2026-09-01T08:30,13.2,95,12.3,0.0,0.0,,11.5,222,21.2,
2026-09-01T08:45,13.5,94,12.7,0.0,0.0,,11.2,223,21.6,
2026-09-01T09:00,13.8,93,13.1,0.0,0.0,,10.8,224,22.0,
2026-09-01T09:15,14.2,92,13.6,0.0,0.0,,10.4,226,21.2,
2026-09-01T09:30,14.6,91,14.1,0.0,0.0,,10.1,228,20.2,
2026-09-01T09:45,15.0,90,14.7,0.0,0.0,,9.7,230,19.4,
2026-09-01T10:00,15.5,88,15.2,0.0,0.0,,9.7,232,18.7,
2026-09-01T10:15,16.0,85,15.7,0.0,0.0,,9.7,237,18.7,
2026-09-01T10:30,16.6,82,16.2,0.0,0.0,,10.1,242,19.4,
2026-09-01T10:45,17.2,79,16.8,0.0,0.0,,10.1,246,20.2,
2026-09-01T11:00,17.7,76,17.3,0.0,0.0,,10.4,251,20.9,
2026-09-01T11:15,18.1,73,17.5,0.0,0.0,,10.8,254,21.6,
2026-09-01T11:30,18.4,70,17.7,0.0,0.0,,11.5,256,22.7,
2026-09-01T11:45,18.7,67,18.1,0.0,0.0,,11.9,259,23.8,
2026-09-01T12:00,19.0,65,18.3,0.0,0.0,,12.2,261,24.5,
2026-09-01T12:15,19.2,63,18.6,0.0,0.0,,11.9,262,24.1,
2026-09-01T12:30,19.3,61,18.7,0.0,0.0,,11.5,263,23.0,
2026-09-01T12:45,19.4,59,18.7,0.0,0.0,,11.2,264,22.0,
2026-09-01T13:00,19.6,57,18.9,0.0,0.0,,10.8,265,21.6,
2026-09-01T13:15,19.9,55,19.0,0.0,0.0,,10.8,265,22.3,
2026-09-01T13:30,20.3,54,19.3,0.0,0.0,,11.2,265,23.8,
2026-09-01T13:45,20.6,53,19.6,0.0,0.0,,11.5,265,24.8,
2026-09-01T14:00,20.9,52,19.8,0.0,0.0,,11.9,265,25.9,
2026-09-01T14:15,21.1,52,20.0,0.0,0.0,,12.2,272,26.3,
2026-09-01T14:30,21.3,51,20.1,0.0,0.0,,12.2,279,26.3,
2026-09-01T14:45,21.4,51,20.2,0.0,0.0,,12.2,285,26.3,
2026-09-01T15:00,21.5,51,20.3,0.0,0.0,,12.2,292,25.9,
2026-09-01T15:15,21.7,50,20.5,0.0,0.0,,11.9,289,25.2,
2026-09-01T15:30,21.8,49,20.6,0.0,0.0,,10.8,285,24.1,
2026-09-01T15:45,21.9,48,20.7,0.0,0.0,,10.1,282,23.0,
2026-09-01T16:00,22.0,47,20.6,0.0,0.0,,9.7,278,22.3,
2026-09-01T16:15,22.0,46,20.5,0.0,0.0,,9.7,274,22.3,
2026-09-01T16:30,22.0,46,20.5,0.0,0.0,,10.1,269,22.7,
2026-09-01T16:45,21.7,50,20.4,0.0,0.0,,10.8,272,22.3,
2026-09-01T17:00,21.6,50,20.2,0.0,0.0,,11.2,270,22.7,
2026-09-01T17:15,21.6,49,20.0,0.0,0.0,,11.5,278,23.0,
2026-09-01T17:30,21.7,48,20.1,0.0,0.0,,11.5,285,23.8,
2026-09-01T17:45,21.8,47,20.1,0.0,0.0,,11.9,293,24.5,
2026-09-01T18:00,21.7,47,19.9,0.0,0.0,,12.2,300,24.5,
2026-09-01T18:15,21.6,48,19.8,0.0,0.0,,12.6,300,23.8,
2026-09-01T18:30,21.3,49,19.5,0.0,0.0,,13.3,301,22.3,
2026-09-01T18:45,21.1,51,19.3,0.0,0.0,,13.7,301,20.9,
2026-09-01T19:00,20.8,52,18.9,0.0,0.0,,14.0,301,19.8,
2026-09-01T19:15,20.5,53,18.6,0.0,0.0,,14.0,303,19.8,
2026-09-01T19:30,20.2,54,18.3,0.0,0.0,,14.0,306,19.8,
2026-09-01T19:45,20.0,55,18.8,0.0,0.0,,9.7,293,15.8,
2026-09-01T20:00,19.6,57,18.5,0.0,0.0,,9.4,296,14.8,
2026-09-01T20:15,19.0,59,18.0,0.0,0.0,,9.0,301,14.0,
2026-09-01T20:30,18.4,62,17.4,0.0,0.0,,9.0,306,13.7,
2026-09-01T20:45,17.8,65,16.9,0.0,0.0,,8.6,311,13.3,
2026-09-01T21:00,17.2,67,16.4,0.0,0.0,,8.3,316,13.3,
2026-09-01T21:15,16.8,69,16.0,0.0,0.0,,7.6,317,13.3,
2026-09-01T21:30,16.4,71,15.7,0.0,0.0,,6.8,318,13.7,
2026-09-01T21:45,16.0,73,15.5,0.0,0.0,,6.1,319,13.7,
2026-09-01T22:00,15.7,75,15.3,0.0,0.0,,5.4,320,13.3,
2026-09-01T22:15,15.3,71,14.8,0.0,0.0,,4.0,267,5.8,
2026-09-01T22:30,15.2,71,14.7,0.0,0.0,,3.2,232,4.7,
2026-09-01T22:45,15.0,71,14.6,0.0,0.0,,2.5,196,4.0,
2026-09-01T23:00,14.9,72,14.6,0.0,0.0,,2.2,160,3.2,
2026-09-01T23:15,14.7,73,14.4,0.0,0.0,,2.2,162,3.2,
2026-09-01T23:30,14.6,74,14.3,0.0,0.0,,2.2,164,3.6,
2026-09-01T23:45,14.4,75,14.2,0.0,0.0,,2.2,166,4.3,
2026-09-02T00:00,14.3,76,14.0,0.0,0.0,,2.5,168,4.7,
2026-09-02T00:15,14.3,76,13.9,0.0,0.0,,2.9,170,4.7,
2026-09-02T00:30,12.4,88,12.0,0.0,0.0,,4.3,176,5.0,
2026-09-02T00:45,12.1,88,11.5,0.0,0.0,,4.7,172,5.0,
2026-09-02T01:00,12.0,88,11.4,0.0,0.0,,4.7,167,5.0,
2026-09-02T01:15,12.3,86,11.7,0.0,0.0,,4.7,175,5.4,
2026-09-02T01:30,12.9,83,12.3,0.0,0.0,,4.7,184,5.4,
2026-09-02T01:45,13.5,81,12.9,0.0,0.0,,4.7,192,5.8,
2026-09-02T02:00,13.7,80,13.1,0.0,0.0,,4.7,200,6.1,
2026-09-02T02:15,13.3,82,12.6,0.0,0.0,,5.0,190,6.5,
2026-09-02T02:30,12.5,85,11.8,0.0,0.0,,5.4,180,6.8,
2026-09-02T02:45,11.7,89,10.8,0.0,0.0,,5.8,170,6.8,
2026-09-02T03:00,11.1,92,10.2,0.0,0.0,,6.1,160,7.2,
2026-09-02T03:15,10.8,93,9.8,0.0,0.0,,6.1,161,7.2,
2026-09-02T03:30,10.6,93,9.6,0.0,0.0,,6.5,163,7.2,
2026-09-02T03:45,10.6,93,9.6,0.0,0.0,,6.5,164,6.8,
2026-09-02T04:00,10.6,93,9.6,0.0,0.0,,6.5,165,7.2,
2026-09-02T04:15,10.7,93,9.7,0.0,0.0,,6.5,170,7.9,
2026-09-02T04:30,10.9,93,9.9,0.0,0.0,,6.8,175,8.6,
2026-09-02T04:45,12.1,92,11.4,0.0,0.0,,6.8,179,9.0,
2026-09-02T05:00,12.5,92,11.9,0.0,0.0,,6.8,183,9.7,
2026-09-02T05:15,12.6,92,11.9,0.0,0.0,,7.2,186,10.4,
2026-09-02T05:30,12.5,91,11.8,0.0,0.0,,7.6,189,10.8,
2026-09-02T05:45,12.4,91,11.5,0.0,0.0,,7.9,191,11.5,
2026-09-02T06:00,12.2,91,11.3,0.0,0.0,,7.9,194,11.5,
2026-09-02T06:15,11.9,91,10.9,0.0,0.0,,7.6,193,11.2,
2026-09-02T06:30,11.4,92,10.5,0.0,0.0,,7.2,192,10.4,
2026-09-02T06:45,11.0,93,10.0,0.0,0.0,,6.8,190,9.7,
2026-09-02T07:00,10.9,93,9.9,0.0,0.0,,6.5,189,9.4,
2026-09-02T07:15,11.1,93,10.2,0.0,0.0,,6.5,191,9.7,
2026-09-02T07:30,11.5,92,10.6,0.0,0.0,,6.8,194,10.4,
2026-09-02T07:45,12.1,91,11.3,0.0,0.0,,6.8,196,11.2,
2026-09-02T08:00,12.5,90,11.7,0.0,0.0,,7.2,198,11.9,
2026-09-02T08:15,12.7,90,11.9,0.0,0.0,,7.6,202,12.2,
2026-09-02T08:30,12.8,89,12.0,0.0,0.0,,7.9,206,12.6,
2026-09-02T08:45,13.0,89,12.2,0.0,0.0,,7.9,210,13.0,
2026-09-02T09:00,13.3,88,12.6,0.0,0.0,,8.3,214,13.3,
2026-09-02T09:15,13.9,87,13.3,0.0,0.0,,8.3,218,14.0,
2026-09-02T09:30,14.7,86,14.2,0.0,0.0,,8.3,221,14.8,
2026-09-02T09:45,15.4,84,15.0,0.0,0.0,,8.6,225,15.5,
2026-09-02T10:00,16.1,82,15.8,0.0,0.0,,8.6,228,16.6,
2026-09-02T10:15,16.6,80,16.3,0.0,0.0,,9.0,234,17.6,
2026-09-02T10:30,17.0,77,16.6,0.0,0.0,,9.7,239,19.1,
2026-09-02T10:45,17.4,74,16.8,0.0,0.0,,10.1,245,20.2,
2026-09-02T11:00,17.7,72,17.0,0.0,0.0,,10.4,250,20.9,
2026-09-02T11:15,17.9,71,17.2,0.0,0.0,,10.4,250,21.2,
2026-09-02T11:30,17.9,71,17.2,0.0,0.0,,10.4,250,21.2,
2026-09-02T11:45,18.0,70,17.3,0.0,0.0,,10.1,249,20.9,
2026-09-02T12:00,18.1,69,17.4,0.0,0.0,,10.1,249,20.9,
2026-09-02T12:15,18.4,67,17.6,0.0,0.0,,10.1,253,20.9,
2026-09-02T12:30,18.6,64,17.7,0.0,0.0,,10.1,256,20.9,
2026-09-02T12:45,18.9,61,17.9,0.0,0.0,,10.1,260,20.9,
2026-09-02T13:00,19.2,58,18.0,0.0,0.0,,10.1,263,20.9,
2026-09-02T13:15,19.5,56,18.2,0.0,0.0,,10.1,264,20.9,
2026-09-02T13:30,19.8,55,18.6,0.0,0.0,,9.7,264,20.9,
2026-09-02T13:45,20.1,54,18.9,0.0,0.0,,9.7,265,21.2,
2026-09-02T14:00,20.4,53,19.2,0.0,0.0,,9.7,265,21.6,
2026-09-02T14:15,20.8,51,19.4,0.0,0.0,,10.1,265,22.3,
2026-09-02T14:30,21.1,49,19.8,0.0,0.0,,10.4,265,23.0,
2026-09-02T14:45,21.5,47,20.1,0.0,0.0,,11.2,264,24.1,
2026-09-02T15:00,21.7,46,20.1,0.0,0.0,,11.5,264,24.8,
2026-09-02T15:15,21.9,46,20.1,0.0,0.0,,11.9,262,25.2,
2026-09-02T15:30,22.0,46,20.2,0.0,0.0,,12.2,261,25.9,
2026-09-02T15:45,22.1,46,20.2,0.0,0.0,,12.6,259,25.9,
2026-09-02T16:00,22.1,46,20.3,0.0,0.0,,13.0,257,26.3,
2026-09-02T16:15,22.2,45,20.3,0.0,0.0,,13.0,260,26.6,
2026-09-02T16:30,22.3,43,20.2,0.0,0.0,,13.0,262,26.6,
2026-09-02T16:45,22.4,42,20.2,0.0,0.0,,13.0,265,26.6,
2026-09-02T17:00,22.4,41,20.1,0.0,0.0,,13.0,267,26.6,
2026-09-02T17:15,22.3,41,20.0,0.0,0.0,,13.0,271,26.6,
2026-09-02T17:30,22.6,37,19.9,0.0,0.0,,14.0,265,28.1,
2026-09-02T17:45,22.7,35,19.7,0.0,0.0,,14.8,263,28.4,
2026-09-02T18:00,22.7,34,19.5,0.0,0.0,,14.8,262,28.1,
2026-09-02T18:15,22.5,36,19.6,0.0,0.0,,14.0,256,26.6,
2026-09-02T18:30,22.2,39,19.6,0.0,0.0,,13.3,250,24.1,
2026-09-02T18:45,21.8,42,19.6,0.0,0.0,,11.9,244,21.2,
2026-09-02T19:00,21.5,45,19.7,0.0,0.0,,10.8,238,18.7,
2026-09-02T19:15,21.2,46,19.6,0.0,0.0,,9.7,264,16.6,
2026-09-02T19:30,21.0,47,19.6,0.0,0.0,,8.3,290,14.0,
2026-09-02T19:45,20.7,48,19.5,0.0,0.0,,7.2,316,11.9,
2026-09-02T20:00,20.4,48,19.2,0.0,0.0,,6.5,342,10.4,
2026-09-02T20:15,20.1,48,18.9,0.0,0.0,,6.1,301,9.4,
2026-09-02T20:30,19.8,49,18.6,0.0,0.0,,6.1,259,8.6,
2026-09-02T20:45,19.4,49,18.1,0.0,0.0,,6.1,218,8.3,
2026-09-02T21:00,19.1,49,17.7,0.0,0.0,,6.5,176,8.3,
2026-09-02T21:15,18.8,50,17.3,0.0,0.0,,7.2,175,9.0,
2026-09-02T21:30,18.6,50,16.9,0.0,0.0,,7.9,173,10.4,
2026-09-02T21:45,18.4,51,16.6,0.0,0.0,,8.6,172,11.9,
2026-09-02T22:00,18.2,51,16.3,0.0,0.0,,9.4,170,13.0,
2026-09-02T22:15,18.1,51,16.1,0.0,0.0,,9.7,172,13.7,
2026-09-02T22:30,18.0,51,16.0,0.0,0.0,,9.7,173,14.0,
2026-09-03T02:30,17.8,53,15.3,0.0,0.0,3,14.0,199,23.4,1005.3
2026-09-03T07:00,16.7,76,15.5,0.0,0.0,3,13.7,228,26.3,1004.6
2026-09-02T22:45,17.1,59,15.7,0.0,0.0,,7.6,152,10.1,
2026-09-02T23:00,17.0,60,15.7,0.0,0.0,,7.2,151,9.7,
2026-09-02T23:15,17.2,58,15.7,0.0,0.0,,7.9,157,11.2,
2026-09-02T23:30,17.6,53,15.7,0.0,0.0,,9.4,164,13.7,
2026-09-02T23:45,18.0,49,15.7,0.0,0.0,,10.8,170,16.6,
2026-09-03T00:00,18.2,46,15.6,0.0,0.0,,11.9,176,18.4,
2026-09-03T00:15,18.1,45,15.3,0.0,0.0,,12.2,177,19.1,
2026-09-03T00:30,17.7,46,14.9,0.0,0.0,,12.6,177,19.4,
2026-09-03T00:45,17.4,47,14.5,0.0,0.0,,12.6,178,19.4,
2026-09-03T01:00,17.2,48,14.4,0.0,0.0,,12.6,178,19.8,
2026-09-03T01:15,17.2,49,14.4,0.0,0.0,,13.0,181,20.5,
2026-09-03T01:30,17.3,51,14.6,0.0,0.0,,13.3,184,20.9,
2026-09-03T01:45,17.5,52,14.8,0.0,0.0,,13.7,187,21.6,
2026-09-03T02:00,17.7,53,15.1,0.0,0.0,,14.0,190,22.7,
2026-09-03T02:15,17.9,52,15.2,0.0,0.0,,14.8,190,24.1,
2026-09-03T02:45,18.5,48,15.4,0.0,0.0,,16.6,190,27.0,
2026-09-03T03:00,18.5,47,15.2,0.0,0.0,,16.9,190,27.7,
2026-09-03T03:15,18.1,48,14.9,0.0,0.0,,16.9,189,27.4,
2026-09-03T03:30,17.5,50,14.3,0.0,0.0,,16.2,188,26.3,
2026-09-03T03:45,16.9,52,13.8,0.0,0.0,,15.8,187,24.8,
2026-09-03T04:00,16.5,54,13.5,0.0,0.0,,15.1,186,23.8,
2026-09-03T04:15,16.5,55,13.7,0.0,0.0,,14.4,191,22.7,
2026-09-03T04:30,16.8,56,14.3,0.0,0.0,,13.7,197,21.6,
2026-09-03T04:45,17.0,57,14.7,0.0,0.0,,13.0,202,20.5,
2026-09-03T05:00,17.2,58,15.1,0.0,0.0,,12.2,207,19.8,
2026-09-03T05:15,17.1,58,15.0,0.0,0.0,,11.9,202,19.4,
2026-09-03T05:30,16.9,58,14.8,0.0,0.0,,11.9,197,19.1,
2026-09-03T05:45,16.6,58,14.5,0.0,0.0,,11.9,192,19.1,
2026-09-03T06:00,16.4,59,14.3,0.0,0.0,,11.5,187,18.7,
2026-09-03T06:15,16.1,61,14.1,0.0,0.0,,11.2,187,18.0,
2026-09-03T06:30,15.8,63,14.0,0.0,0.0,,10.4,187,17.3,
2026-09-03T06:45,15.6,66,14.0,0.0,0.0,,9.7,186,16.6,
2026-09-03T07:15,15.6,70,14.2,0.0,0.0,,10.1,190,17.6,
2026-09-03T07:30,15.8,72,14.5,0.0,0.0,,10.8,193,19.1,
2026-09-03T07:45,16.1,74,14.9,0.0,0.0,,11.9,197,20.9,
2026-09-03T08:00,16.4,76,15.3,0.0,0.0,,12.2,200,22.3,
2026-09-03T08:15,16.6,77,15.6,0.0,0.0,,12.2,206,23.0,
2026-09-03T08:30,16.8,78,16.0,0.0,0.0,,11.9,213,23.0,
2026-09-03T08:45,17.0,79,16.4,0.0,0.0,,11.9,219,23.4,
2026-09-03T09:00,17.2,80,16.7,0.0,0.0,,11.9,225,23.8,
2026-09-03T09:15,17.4,81,17.0,0.0,0.0,,12.6,224,24.8,
2026-09-03T09:30,17.7,82,17.2,0.0,0.0,,13.7,223,26.6,
2026-09-03T09:45,17.9,82,17.3,0.0,0.0,,14.8,222,28.1,
2026-09-03T10:00,18.0,83,17.4,0.0,0.0,,15.5,221,29.2,
2026-09-03T10:15,18.0,84,17.4,0.0,0.0,,16.2,221,29.9,
2026-09-03T10:30,17.8,84,17.1,0.0,0.0,,16.6,222,29.9,
2026-09-03T10:45,17.7,84,17.0,0.0,0.0,,16.6,222,29.9,
2026-09-03T11:00,17.8,84,17.0,0.0,0.0,,16.9,222,29.9,
2026-09-03T11:15,18.0,83,17.3,0.0,0.0,,16.9,225,29.9,
2026-09-03T11:30,18.4,81,17.7,0.0,0.0,,16.9,228,29.5,
2026-09-03T11:45,18.8,80,18.2,0.0,0.0,,16.9,231,29.2,
2026-09-03T12:00,19.1,79,18.5,0.0,0.0,,16.6,234,28.8,
2026-09-03T12:15,19.2,79,18.7,0.0,0.0,,16.2,236,27.7,
2026-09-03T12:30,19.3,80,19.0,0.0,0.0,,15.5,238,26.3,
2026-09-03T12:45,19.3,81,19.2,0.0,0.0,,14.8,240,25.2,
2026-09-03T13:00,19.4,81,19.4,0.0,0.0,,14.4,242,24.8,
2026-09-03T13:15,19.6,80,19.6,0.0,0.0,,14.8,243,25.9,
2026-09-03T13:30,19.9,79,19.8,0.0,0.0,,15.8,243,27.7,
2026-09-03T13:45,20.3,78,20.1,0.0,0.0,,16.6,244,29.5,
2026-09-03T14:00,20.6,77,20.3,0.0,0.0,,16.9,244,30.6,
2026-09-03T14:15,20.8,77,20.7,0.1,0.1,,16.6,244,29.9,
2026-09-03T14:30,20.9,76,21.0,0.1,0.1,,15.5,244,28.4,
2026-09-03T14:45,21.1,76,21.3,0.1,0.1,,14.4,244,27.0,
2026-09-03T15:00,21.2,76,21.6,0.1,0.1,,14.0,244,26.6,
2026-09-03T15:15,21.4,76,21.7,0.0,0.0,,14.8,245,27.7,
2026-09-03T15:30,21.5,76,21.6,0.0,0.0,,16.2,245,30.2,
2026-09-03T15:45,21.6,76,21.6,0.0,0.0,,17.3,246,32.4,
2026-09-03T16:00,21.7,76,21.6,0.0,0.0,,18.4,246,33.8,
2026-09-03T16:15,21.7,77,21.7,0.0,0.0,,18.7,249,34.2,
2026-09-03T16:30,21.7,78,21.8,0.0,0.0,,18.7,251,33.5,
2026-09-03T16:45,21.8,78,21.9,0.0,0.0,,18.4,254,32.8,
2026-09-03T17:00,21.9,78,22.1,0.0,0.0,,18.4,256,32.4,
2026-09-03T17:15,22.3,76,22.6,0.0,0.0,,18.0,256,32.4,
2026-09-03T17:30,22.8,72,23.0,0.0,0.0,,17.6,256,32.0,
2026-09-03T17:45,23.3,69,23.4,0.0,0.0,,17.3,256,32.0,
2026-09-03T18:00,23.6,67,23.6,0.0,0.0,,17.3,256,32.0,
2026-09-03T18:15,23.4,68,23.4,0.0,0.0,,17.6,254,32.0,
2026-09-03T18:30,23.1,71,23.2,0.0,0.0,,18.0,252,32.0,
2026-09-03T18:45,22.6,74,22.8,0.0,0.0,,18.4,249,32.0,
2026-09-03T19:00,22.3,76,22.5,0.0,0.0,,18.4,247,32.0,
2026-09-03T19:15,22.2,77,22.5,0.0,0.0,,17.6,248,32.4,
2026-09-03T19:30,22.0,78,22.5,0.0,0.0,,16.6,248,32.8,
2026-09-03T19:45,22.0,79,22.7,0.0,0.0,,15.5,249,32.8,
2026-09-03T20:00,21.9,79,22.7,0.0,0.0,,14.8,249,32.4,
2026-09-03T20:15,21.8,79,22.6,0.0,0.0,,14.0,250,31.0,
2026-09-03T20:30,21.7,80,22.7,0.0,0.0,,13.7,251,29.2,
2026-09-04T00:45,20.8,88,21.9,0.0,0.0,3,15.1,227,25.6,1004.9
2026-09-03T20:45,22.1,77,22.5,0.0,0.0,,16.9,242,29.9,
2026-09-03T21:00,22.1,77,22.5,0.0,0.0,,16.9,235,29.9,
2026-09-03T21:15,22.0,78,22.5,0.0,0.0,,16.6,236,29.2,
2026-09-03T21:30,21.8,79,22.4,0.0,0.0,,15.8,236,27.7,
2026-09-03T21:45,21.5,81,22.3,0.0,0.0,,15.1,237,26.3,
2026-09-03T22:00,21.4,82,22.3,0.0,0.0,,14.4,237,25.2,
2026-09-03T22:15,21.3,82,22.2,0.0,0.0,,14.0,238,24.8,
2026-09-03T22:30,21.2,83,22.3,0.0,0.0,,13.3,239,25.2,
2026-09-03T22:45,21.2,83,22.3,0.0,0.0,,13.3,239,25.2,
